Player,Position,Games Played,Rush,Rush Yds,Rush TD,Rush Yds Per Attempt,Rush Yds Per Game,Targets,Receptions,Catch Percentage,Reception Yds,Reception Yds Per Attempt,Reception Yds Per Game,Reception TD
AJ Dillon,RB,45,419,1815,14,4.33,40.33,82.0,64.0,78.05,540.0,8.44,1.42,2.0
Aaron Jones,RB,86,1035,5284,43,5.11,61.44,321.0,242.0,75.39,1843.0,7.62,2.81,17.0
Aaron Ripkowski,RB,32,39,163,2,4.18,5.09,21.0,17.0,80.95,103.0,6.06,0.36,1.0
Adam Prentice,FB,18,7,14,0,2.0,0.78,6.0,6.0,100.0,25.0,4.17,0.33,0.0
Adrian Killins,RB,1,1,-12,0,-12.0,-12.0,0.0,0.0,0.0,0.0,0.0,0.0,0.0
Adrian Peterson,RB,95,1476,6069,44,4.11,63.88,175.0,128.0,73.14,948.0,7.41,1.35,2.0
Ahmad Bradshaw,RB,19,162,696,4,4.3,36.63,69.0,55.0,79.71,406.0,7.38,2.89,9.0
Akeem Hunt,RB,30,45,228,0,5.07,7.6,21.0,13.0,61.9,99.0,7.62,0.43,0.0
Alec Ingold,FB,58,21,30,1,1.43,0.52,58.0,43.0,74.14,344.0,8.0,0.74,4.0
Alex Armah,FB,59,26,56,3,2.15,0.95,13.0,9.0,69.23,30.0,3.33,0.15,1.0
Alex Collins,RB,50,483,1997,18,4.13,39.94,80.0,59.0,73.75,467.0,7.92,1.18,1.0
Alex Green,RB,13,11,35,0,3.18,2.69,2.0,2.0,100.0,8.0,4.0,0.15,0.0
Alexander Mattison,RB,59,404,1670,11,4.13,28.31,84.0,70.0,83.33,526.0,7.51,1.19,3.0
Alfonso Smith,RB,22,25,73,1,2.92,3.32,17.0,13.0,76.47,79.0,6.08,0.59,0.0
Alfred Blue,RB,73,673,2407,8,3.58,32.97,86.0,69.0,80.23,470.0,6.81,0.95,2.0
Alfred Morris,RB,98,1094,4560,22,4.17,46.53,83.0,57.0,68.67,436.0,7.65,0.59,1.0
Alonzo Harris,RB,6,4,19,0,4.75,3.17,0.0,0.0,0.0,0.0,0.0,0.0,0.0
Alvin Kamara,RB,88,1135,5135,49,4.52,58.35,553.0,430.0,77.76,3753.0,8.73,4.89,22.0
Ameer Abdullah,RB,108,413,1594,6,3.86,14.76,197.0,144.0,73.1,1076.0,7.47,1.33,8.0
Andre Brown,RB,8,139,492,3,3.54,61.5,29.0,20.0,68.97,103.0,5.15,2.5,0.0
Andre Ellington,RB,65,418,1752,10,4.19,26.95,223.0,151.0,67.71,1368.0,9.06,2.32,3.0
Andre Williams,RB,41,332,1090,8,3.28,26.59,42.0,19.0,45.24,137.0,7.21,0.58,0.0
Andrew Beck,FB,13,2,0,0,0.0,0.0,11.0,5.0,45.45,69.0,13.8,0.38,0.0
Andy Janovich,FB,16,2,5,0,2.5,0.31,10.0,8.0,80.0,112.0,14.0,0.5,1.0
Andy Janovich,RB,61,15,50,4,3.33,0.82,27.0,19.0,70.37,143.0,7.53,0.31,0.0
Anthony Dixon,RB,48,154,532,5,3.45,11.08,19.0,17.0,89.47,123.0,7.24,0.35,0.0
Anthony McFarland Jr.,RB,14,42,146,0,3.48,10.43,12.0,9.0,75.0,76.0,8.44,0.64,0.0
Anthony Sherman,RB,109,27,70,1,2.59,0.64,71.0,53.0,74.65,441.0,8.32,0.42,4.0
Antone Smith,RB,33,39,347,4,8.9,10.52,27.0,21.0,77.78,309.0,14.71,0.75,3.0
Antonio Andrews,RB,30,145,535,3,3.69,17.83,31.0,23.0,74.19,185.0,8.04,1.28,0.0
Antonio Gibson,RB,45,577,2378,21,4.12,52.84,154.0,124.0,80.52,894.0,7.21,2.76,5.0
Antonio Williams,RB,1,12,63,2,5.25,63.0,0.0,0.0,0.0,0.0,0.0,0.0,0.0
Arian Foster,RB,29,466,2006,10,4.3,69.17,132.0,88.0,66.67,815.0,9.26,3.03,8.0
Armond Smith,RB,5,4,5,0,1.25,1.0,0.0,0.0,0.0,0.0,0.0,0.0,0.0
Artavis Pierce,RB,5,6,34,1,5.67,6.8,0.0,0.0,0.0,0.0,0.0,0.0,0.0
Austin Ekeler,RB,89,811,3727,34,4.6,41.88,482.0,389.0,80.71,3448.0,8.86,4.37,29.0
Austin Johnson,RB,17,12,31,1,2.58,1.82,10.0,7.0,70.0,45.0,6.43,0.41,1.0
Austin Walter,RB,8,27,104,1,3.85,13.0,4.0,3.0,75.0,36.0,12.0,0.38,0.0
Avery Williams,RB,17,22,109,1,4.95,6.41,14.0,13.0,92.86,61.0,4.69,0.76,0.0
Ben Tate,RB,25,300,1142,8,3.81,45.68,61.0,43.0,70.49,200.0,4.65,1.72,0.0
BenJarvus Green-Ellis,RB,16,220,756,7,3.44,47.25,8.0,4.0,50.0,22.0,5.5,0.25,0.0
Benny Cunningham,RB,86,191,797,4,4.17,9.27,147.0,114.0,77.55,1001.0,8.78,1.33,3.0
Benny Snell Jr.,RB,63,275,982,7,3.57,15.59,24.0,17.0,70.83,114.0,6.71,0.27,0.0
Bernard Pierce,RB,36,251,813,4,3.24,22.58,36.0,25.0,69.44,124.0,4.96,0.69,0.0
Bernard Scott,RB,2,4,14,0,3.5,7.0,2.0,2.0,100.0,10.0,5.0,1.0,0.0
Bilal Powell,RB,93,727,3217,11,4.43,34.59,272.0,193.0,70.96,1453.0,7.53,2.08,5.0
Bishop Sankey,RB,29,199,762,3,3.83,26.28,45.0,32.0,71.11,272.0,8.5,1.1,1.0
Bo Scarbrough,RB,7,95,408,1,4.29,58.29,0.0,0.0,0.0,0.0,0.0,0.0,0.0
Bobby Rainey,RB,65,267,1055,6,3.95,16.23,99.0,76.0,76.77,548.0,7.21,1.17,2.0
Boston Scott,RB,58,282,1209,16,4.29,20.84,84.0,67.0,79.76,514.0,7.67,1.16,1.0
Branden Oliver,RB,30,226,773,3,3.42,25.77,71.0,55.0,77.46,409.0,7.44,1.83,1.0
Brandon Bolden,RB,137,244,1089,10,4.46,7.95,145.0,107.0,73.79,948.0,8.86,0.78,7.0
Brandon Burks,RB,1,2,-4,0,-2.0,-4.0,0.0,0.0,0.0,0.0,0.0,0.0,0.0
Brandon Jacobs,RB,7,58,238,4,4.1,34.0,7.0,2.0,28.57,13.0,6.5,0.29,0.0
Brandon Wilds,RB,7,16,42,0,2.62,6.0,2.0,2.0,100.0,20.0,10.0,0.5,0.0
Breece Hall,RB,7,80,463,4,5.79,66.14,31.0,19.0,61.29,218.0,11.47,2.71,1.0
Brian Hill,RB,45,209,982,3,4.7,21.82,48.0,38.0,79.17,313.0,8.24,0.84,1.0
Brian Leonard,RB,16,47,182,0,3.87,11.38,38.0,30.0,78.95,194.0,6.47,1.76,0.0
Brian Robinson Jr.,RB,12,205,797,2,3.89,66.42,12.0,9.0,75.0,60.0,6.67,0.75,1.0
Bronson Hill,RB,5,3,9,0,3.0,1.8,0.0,0.0,0.0,0.0,0.0,0.0,0.0
Bruce Miller,RB,46,19,36,1,1.89,0.78,75.0,53.0,70.67,567.0,10.7,1.15,2.0
Bryce Brown,RB,26,136,512,3,3.76,19.69,40.0,24.0,60.0,260.0,10.83,0.92,0.0
Buddy Howell,RB,40,26,85,0,3.27,2.12,0.0,0.0,0.0,0.0,0.0,0.0,0.0
Byron Marshall,RB,13,31,105,0,3.39,8.08,19.0,13.0,68.42,76.0,5.85,1.0,0.0
C.J. Anderson,RB,71,776,3497,22,4.51,49.25,154.0,108.0,70.13,900.0,8.33,1.57,5.0
C.J. Ham,FB,65,23,76,2,3.3,1.17,69.0,52.0,75.36,457.0,8.79,0.8,2.0
C.J. Ham,RB,31,13,21,1,1.62,0.68,23.0,18.0,78.26,153.0,8.5,0.58,0.0
C.J. Prosise,RB,35,75,283,2,3.77,8.09,50.0,41.0,82.0,411.0,10.02,1.17,1.0
C.J. Spiller,RB,44,324,1363,2,4.21,30.98,122.0,92.0,75.41,599.0,6.51,2.09,4.0
Caleb Huntley,RB,12,76,366,1,4.82,30.5,2.0,2.0,100.0,3.0,1.5,0.17,0.0
Cam Akers,RB,29,338,1414,9,4.18,48.76,35.0,27.0,77.14,250.0,9.26,0.93,1.0
Cameron Artis-Payne,RB,32,118,491,5,4.16,15.34,11.0,10.0,90.91,86.0,8.6,0.31,0.0
Carlos Hyde,RB,102,1225,4979,37,4.06,48.81,225.0,157.0,69.78,867.0,5.52,1.54,3.0
Cedric Peerman,RB,38,29,75,0,2.59,1.97,6.0,3.0,50.0,27.0,9.0,0.14,0.0
Charcandrick West,RB,46,268,998,7,3.72,21.7,106.0,77.0,72.64,589.0,7.65,1.48,6.0
Charles Sims,RB,47,245,958,2,3.91,20.38,176.0,129.0,73.3,1190.0,9.22,2.74,6.0
Chase Edmonds,RB,70,401,1796,11,4.48,25.66,188.0,144.0,76.6,1078.0,7.49,2.06,6.0
Chris Carson,RB,49,769,3502,24,4.55,71.47,131.0,107.0,81.68,804.0,7.51,2.18,7.0
Chris Evans,RB,14,17,77,0,4.53,5.5,21.0,18.0,85.71,189.0,10.5,0.69,3.0
Chris Ivory,RB,84,971,3930,21,4.05,46.79,148.0,104.0,70.27,916.0,8.81,1.24,3.0
Chris Johnson,RB,51,700,2763,11,3.95,54.18,106.0,77.0,72.64,597.0,7.75,1.51,5.0
Chris Ogbonnaya,RB,23,63,290,1,4.6,12.61,75.0,48.0,64.0,343.0,7.15,2.09,2.0
Chris Polk,RB,44,156,604,8,3.87,13.73,36.0,22.0,61.11,186.0,8.45,0.5,1.0
Chris Thompson,RB,70,257,1214,5,4.72,17.34,307.0,232.0,75.57,1918.0,8.27,3.31,11.0
Christian McCaffrey,RB,75,1025,4726,38,4.61,63.01,547.0,442.0,80.8,3756.0,8.5,5.89,22.0
Christine Michael,RB,38,256,1089,7,4.25,28.66,37.0,26.0,70.27,135.0,5.19,0.79,1.0
Chuba Hubbard,RB,32,267,1078,7,4.04,33.69,54.0,39.0,72.22,345.0,8.85,1.22,1.0
Cierre Wood,RB,7,5,12,0,2.4,1.71,0.0,0.0,0.0,0.0,0.0,0.0,0.0
Clyde Edwards-Helaire,RB,33,371,1622,11,4.37,49.15,100.0,72.0,72.0,577.0,8.01,2.18,6.0
Cordarrelle Patterson,RB,29,297,1313,14,4.42,45.28,100.0,73.0,73.0,670.0,9.18,2.52,5.0
Corey Clement,RB,68,211,850,8,4.03,12.5,60.0,48.0,80.0,423.0,8.81,0.71,3.0
Corey Grant,RB,38,81,454,3,5.6,11.95,26.0,18.0,69.23,156.0,8.67,0.47,1.0
Craig Reynolds,RB,16,79,336,0,4.25,21.0,19.0,17.0,89.47,171.0,10.06,1.06,0.0
Cyrus Gray,RB,25,17,55,1,3.24,2.2,10.0,7.0,70.0,46.0,6.57,0.44,0.0
D'Andre Swift,RB,40,364,1680,18,4.62,42.0,205.0,156.0,76.1,1198.0,7.68,3.9,7.0
D'Ernest Johnson,RB,64,141,738,3,5.23,11.53,39.0,31.0,79.49,229.0,7.39,0.48,0.0
D'Onta Foreman,RB,43,443,1901,10,4.29,44.21,31.0,23.0,74.19,265.0,11.52,0.53,2.0
Da'Rel Scott,RB,5,20,73,0,3.65,14.6,19.0,11.0,57.89,102.0,9.27,2.2,1.0
Dalvin Cook,RB,73,1282,5993,47,4.67,82.1,287.0,221.0,77.0,1794.0,8.12,3.03,5.0
Dalyn Dawkins,RB,2,11,26,0,2.36,13.0,0.0,0.0,0.0,0.0,0.0,0.0,0.0
Damarea Crockett,RB,12,3,7,0,2.33,0.58,0.0,0.0,0.0,0.0,0.0,0.0,0.0
Dameon Pierce,RB,13,220,939,4,4.27,72.23,39.0,30.0,76.92,165.0,5.5,2.31,1.0
Damien Harris,RB,38,449,2094,20,4.66,55.11,51.0,40.0,78.43,281.0,7.02,1.11,0.0
Damien Williams,RB,98,336,1397,14,4.16,14.26,199.0,154.0,77.39,1209.0,7.85,1.59,11.0
Dan Herron,RB,32,108,463,1,4.29,14.47,37.0,31.0,83.78,277.0,8.94,0.97,0.0
Daniel Lasco,RB,7,11,32,0,2.91,4.57,4.0,2.0,50.0,11.0,5.5,0.29,0.0
Daniel Thomas,RB,27,153,574,6,3.75,21.26,36.0,28.0,77.78,184.0,6.57,1.04,2.0
Danny Vitale,RB,15,1,3,0,3.0,0.2,19.0,12.0,63.16,126.0,10.5,0.41,0.0
Danny Woodhead,RB,45,252,975,5,3.87,21.67,247.0,200.0,80.97,1629.0,8.14,4.44,13.0
Dare Ogunbowale,RB,64,128,422,4,3.3,6.59,113.0,78.0,69.03,558.0,7.15,1.22,1.0
Darius Jackson,RB,4,6,16,0,2.67,4.0,0.0,0.0,0.0,0.0,0.0,0.0,0.0
Darrel Williams,RB,57,258,1014,11,3.93,17.79,113.0,87.0,76.99,771.0,8.86,1.53,4.0
Darrel Young,RB,29,21,63,6,3.0,2.17,23.0,15.0,65.22,152.0,10.13,0.52,3.0
Darrell Henderson,RB,50,396,1742,13,4.4,34.84,92.0,66.0,71.74,474.0,7.18,1.32,4.0
Darren McFadden,RB,46,533,2087,10,3.92,45.37,139.0,96.0,69.06,665.0,6.93,2.13,0.0
Darren Sproles,RB,76,348,1551,14,4.46,20.41,350.0,246.0,70.29,2063.0,8.39,3.24,7.0
Darrin Reaves,RB,6,31,78,0,2.52,13.0,8.0,5.0,62.5,31.0,6.2,0.83,0.0
Darrynton Evans,RB,12,30,125,0,4.17,10.42,7.0,5.0,71.43,71.0,14.2,0.42,1.0
Darwin Thompson,RB,26,64,225,2,3.52,8.65,21.0,16.0,76.19,108.0,6.75,0.62,1.0
Daryl Richardson,RB,11,71,222,0,3.13,20.18,18.0,14.0,77.78,121.0,8.64,1.75,0.0
David Cobb,RB,7,52,146,1,2.81,20.86,0.0,0.0,0.0,0.0,0.0,0.0,0.0
David Fluellen,RB,23,8,37,0,4.62,1.61,0.0,0.0,0.0,0.0,0.0,0.0,0.0
David Johnson,RB,92,1007,4071,39,4.04,44.25,401.0,277.0,69.08,2805.0,10.13,3.01,18.0
David Montgomery,RB,60,915,3609,26,3.94,60.15,194.0,155.0,79.9,1240.0,8.0,2.58,4.0
David Williams,RB,6,8,36,0,4.5,6.0,0.0,0.0,0.0,0.0,0.0,0.0,0.0
David Wilson,RB,5,44,146,1,3.32,29.2,6.0,2.0,33.33,8.0,4.0,0.4,0.0
De'Angelo Henderson,RB,8,9,32,0,3.56,4.0,2.0,2.0,100.0,36.0,18.0,0.4,1.0
De'Anthony Thomas,RB,69,31,191,2,6.16,2.77,88.0,65.0,73.86,509.0,7.83,0.94,4.0
De'Lance Turner,RB,12,5,10,0,2.0,0.83,2.0,2.0,100.0,17.0,8.5,0.5,0.0
DeAndre Washington,RB,59,313,1213,7,3.88,20.56,120.0,93.0,77.5,643.0,6.91,1.58,1.0
DeAngelo Williams,RB,46,561,2312,18,4.12,50.26,116.0,89.0,76.72,862.0,9.69,1.93,3.0
DeMarco Murray,RB,76,1279,5614,43,4.39,73.87,299.0,246.0,82.27,1731.0,7.04,3.24,6.0
DeeJay Dallas,RB,44,102,432,4,4.24,9.82,62.0,55.0,88.71,370.0,6.73,1.25,1.0
Deji Karim,RB,7,12,51,0,4.25,7.29,0.0,0.0,0.0,0.0,0.0,0.0,0.0
Demetric Felton,RB,8,1,-4,0,-4.0,-0.5,4.0,2.0,50.0,8.0,4.0,0.25,0.0
Denard Robinson,RB,13,135,582,4,4.31,44.77,31.0,23.0,74.19,124.0,5.39,1.77,0.0
Dennis Johnson,RB,8,49,183,0,3.73,22.88,12.0,8.0,66.67,46.0,5.75,1.0,0.0
Deon Jackson,RB,25,81,267,2,3.3,10.68,34.0,30.0,88.24,209.0,6.97,1.88,1.0
Derek Watt,FB,33,13,32,1,2.46,0.97,6.0,6.0,100.0,13.0,2.17,0.18,1.0
Derek Watt,RB,65,16,39,1,2.44,0.6,15.0,12.0,80.0,165.0,13.75,0.18,0.0
Derrick Coleman,FB,16,2,8,0,4.0,0.5,7.0,2.0,28.57,20.0,10.0,0.12,0.0
Derrick Coleman,RB,42,12,38,0,3.17,0.9,14.0,13.0,92.86,108.0,8.31,0.28,2.0
Derrick Gore,RB,11,51,256,2,5.02,23.27,9.0,8.0,88.89,105.0,13.12,0.73,0.0
Derrick Henry,RB,55,720,3230,32,4.49,58.73,70.0,57.0,81.43,526.0,9.23,1.04,1.0
Derrick Henry ,RB,47,1030,5105,46,4.96,108.62,96.0,70.0,72.92,718.0,10.26,1.49,2.0
Derrius Guice,RB,5,42,245,2,5.83,49.0,9.0,7.0,77.78,79.0,11.29,1.4,1.0
Detrez Newsome,RB,9,11,49,0,4.45,5.44,2.0,2.0,100.0,19.0,9.5,0.22,0.0
Devante Mays,RB,8,4,1,0,0.25,0.12,3.0,3.0,100.0,0.0,0.0,0.38,0.0
Devin Singletary,RB,61,672,3151,16,4.69,51.66,193.0,145.0,75.13,971.0,6.7,2.38,4.0
Devine Ozigbo,RB,25,14,29,0,2.07,1.16,16.0,14.0,87.5,75.0,5.36,0.56,0.0
Devonta Freeman,RB,98,1138,4720,38,4.15,48.16,375.0,298.0,79.47,2263.0,7.59,3.04,12.0
Devontae Booker,RB,93,527,2119,11,4.02,22.78,209.0,162.0,77.51,1224.0,7.56,1.74,2.0
Dexter Williams,RB,7,7,19,0,2.71,2.71,0.0,0.0,0.0,0.0,0.0,0.0,0.0
Dion Lewis,RB,78,531,2254,11,4.24,28.9,238.0,188.0,78.99,1387.0,7.38,2.41,8.0
Don Jackson,RB,3,10,32,0,3.2,10.67,0.0,0.0,0.0,0.0,0.0,0.0,0.0
Donald Brown,RB,39,246,989,7,4.02,25.36,89.0,64.0,71.91,513.0,8.02,1.64,2.0
Dontrell Hilliard,RB,41,100,592,4,5.92,14.44,78.0,62.0,79.49,463.0,7.47,1.19,4.0
Doug Martin,RB,68,1003,3902,19,3.89,57.38,146.0,99.0,67.81,735.0,7.42,1.46,1.0
DuJuan Harris,RB,29,102,391,0,3.83,13.48,25.0,18.0,72.0,223.0,12.39,0.62,1.0
Duke Johnson,RB,97,532,2265,11,4.26,23.35,405.0,311.0,76.79,2870.0,9.23,3.24,12.0
Dwayne Washington,RB,83,168,592,1,3.52,7.13,21.0,16.0,76.19,101.0,6.31,0.27,0.0
Eddie Lacy,RB,60,857,3614,23,4.22,60.23,140.0,107.0,76.43,947.0,8.85,1.78,6.0
Edwin Baker,RB,6,44,173,2,3.93,28.83,9.0,8.0,88.89,57.0,7.12,2.67,0.0
Elijah McGuire,RB,24,180,591,4,3.28,24.62,57.0,36.0,63.16,370.0,10.28,1.5,2.0
Elijah Mitchell,RB,16,252,1242,7,4.93,77.62,24.0,22.0,91.67,144.0,6.55,1.38,1.0
Elijhaa Penny,RB,77,83,302,3,3.64,3.92,35.0,25.0,71.43,147.0,5.88,0.32,1.0
Eno Benjamin,RB,9,34,118,1,3.47,13.11,7.0,6.0,85.71,42.0,7.0,0.67,0.0
Erik Lorig,RB,10,3,4,0,1.33,0.4,24.0,20.0,83.33,74.0,3.7,0.8,1.0
Evan Royster,RB,10,2,0,0,0.0,0.0,0.0,0.0,0.0,0.0,0.0,0.0,0.0
Ezekiel Elliott,RB,103,1881,8262,68,4.39,80.21,402.0,305.0,75.87,2336.0,7.66,2.96,12.0
Felix Jones,RB,16,48,184,0,3.83,11.5,13.0,9.0,69.23,63.0,7.0,0.56,0.0
Fitzgerald Toussaint,RB,31,44,137,0,3.11,4.42,12.0,8.0,66.67,69.0,8.62,0.31,0.0
Fozzy Whittaker,RB,67,149,615,2,4.13,9.18,96.0,68.0,70.83,552.0,8.12,1.01,4.0
Frank Gore,RB,125,1824,7161,30,3.93,57.29,240.0,169.0,70.42,1354.0,8.01,1.35,8.0
Frank Summers,RB,25,18,63,2,3.5,2.52,16.0,12.0,75.0,88.0,7.33,0.48,1.0
Fred Jackson,RB,46,373,1515,11,4.06,32.93,196.0,145.0,73.98,1145.0,7.9,3.15,4.0
Gabe Nabers,FB,26,5,15,0,3.0,0.58,10.0,8.0,80.0,42.0,5.25,0.31,2.0
Gary Brightwell,RB,30,32,145,1,4.53,4.83,9.0,6.0,66.67,45.0,7.5,0.2,0.0
George Atkinson,RB,16,7,34,1,4.86,2.12,0.0,0.0,0.0,0.0,0.0,0.0,0.0
George Winn,RB,19,23,74,0,3.22,3.89,0.0,0.0,0.0,0.0,0.0,0.0,0.0
Giovani Bernard,RB,135,937,3783,22,4.04,28.02,488.0,367.0,75.2,2989.0,8.14,2.72,14.0
Glenn Winston,RB,3,1,-8,0,-8.0,-2.67,0.0,0.0,0.0,0.0,0.0,0.0,0.0
Godwin Igwebuike,RB,5,3,4,0,1.33,0.8,0.0,0.0,0.0,0.0,0.0,0.0,0.0
Greg Jones,RB,16,2,2,0,1.0,0.12,11.0,5.0,45.45,34.0,6.8,0.31,0.0
Gus Edwards,RB,52,501,2585,13,5.16,49.71,24.0,18.0,75.0,194.0,10.78,0.35,0.0
Hassan Haskins,RB,15,25,93,0,3.72,6.2,12.0,11.0,91.67,57.0,5.18,0.73,0.0
Henry Hynoski,RB,16,7,13,0,1.86,0.81,0.0,0.0,0.0,0.0,0.0,0.0,0.0
Isaac Redman,RB,3,10,12,0,1.2,4.0,5.0,4.0,80.0,14.0,3.5,1.33,0.0
Isaiah Crowell,RB,77,880,3803,27,4.32,49.39,159.0,117.0,73.58,922.0,7.88,1.52,1.0
Isaiah Pead,RB,15,17,46,0,2.71,3.07,16.0,12.0,75.0,84.0,7.0,0.92,0.0
Isaiah Spiller,RB,6,18,41,0,2.28,6.83,3.0,3.0,100.0,13.0,4.33,0.5,0.0
Isiah Pacheco,RB,17,170,830,5,4.88,48.82,14.0,13.0,92.86,130.0,10.0,0.76,0.0
Ito Smith,RB,36,176,693,7,3.94,19.25,72.0,55.0,76.39,314.0,5.71,1.57,0.0
J.D. McKissic,RB,24,107,460,1,4.3,19.17,150.0,107.0,71.33,762.0,7.12,4.46,2.0
J.J. Taylor,RB,12,52,156,2,3.0,13.0,7.0,6.0,85.71,20.0,3.33,0.5,0.0
J.K. Dobbins,RB,23,226,1325,11,5.86,57.61,32.0,25.0,78.12,162.0,6.48,1.09,1.0
JaQuan Hardy,RB,3,4,29,1,7.25,9.67,0.0,0.0,0.0,0.0,0.0,0.0,0.0
Jackie Battle,RB,32,41,151,2,3.68,4.72,10.0,9.0,90.0,64.0,7.11,0.28,0.0
Jacques Patrick,RB,2,2,12,0,6.0,6.0,0.0,0.0,0.0,0.0,0.0,0.0,0.0
Jacquizz Rodgers,RB,78,394,1500,7,3.81,19.23,178.0,142.0,79.78,1000.0,7.04,1.82,3.0
Jake Funk,RB,10,2,5,0,2.5,0.5,0.0,0.0,0.0,0.0,0.0,0.0,0.0
Jalen Parmele,RB,1,1,0,0,0.0,0.0,0.0,0.0,0.0,0.0,0.0,0.0,0.0
Jalen Richard,RB,87,264,1333,4,5.05,15.32,236.0,191.0,80.93,1590.0,8.32,2.2,3.0
Jalston Fowler,RB,42,10,20,2,2.0,0.48,9.0,6.0,66.67,58.0,9.67,0.14,1.0
Jamaal Charles,RB,54,623,3027,27,4.86,56.06,226.0,158.0,69.91,1311.0,8.3,2.93,13.0
Jamaal Williams,RB,90,915,3652,30,3.99,40.58,199.0,160.0,80.4,1191.0,7.44,1.78,8.0
James Conner,RB,78,917,3836,44,4.18,49.18,250.0,207.0,82.8,1638.0,7.91,2.65,8.0
James Cook,RB,16,89,507,2,5.7,31.69,32.0,21.0,65.62,180.0,8.57,1.31,1.0
James Develin,FB,16,6,8,4,1.33,0.5,27.0,18.0,66.67,99.0,5.5,0.56,0.0
James Develin,RB,18,5,8,0,1.6,0.44,14.0,9.0,64.29,61.0,6.78,0.28,0.0
James Robinson,RB,39,514,2262,18,4.4,58.0,120.0,91.0,75.83,617.0,6.78,2.33,5.0
James Starks,RB,54,385,1572,7,4.08,29.11,120.0,90.0,75.0,755.0,8.39,1.67,6.0
James White,RB,95,319,1278,11,4.01,13.45,511.0,381.0,74.56,3278.0,8.6,4.01,25.0
Jamize Olawale,FB,58,38,159,2,4.18,2.74,39.0,29.0,74.36,211.0,7.28,0.39,2.0
Jamize Olawale,RB,16,17,47,2,2.76,2.94,14.0,12.0,85.71,227.0,18.92,0.75,1.0
Jamycal Hasty,RB,36,101,410,4,4.06,11.39,63.0,50.0,79.37,316.0,6.32,1.39,1.0
Jaret Patterson,RB,20,85,344,2,4.05,17.2,11.0,10.0,90.91,73.0,7.3,0.59,0.0
Jarryd Hayne,RB,8,17,52,0,3.06,6.5,7.0,6.0,85.71,27.0,4.5,0.75,0.0
Jason Cabinda,FB,8,1,4,0,4.0,0.5,0.0,0.0,0.0,0.0,0.0,0.0,0.0
Jason Huntley,RB,6,18,70,0,3.89,11.67,0.0,0.0,0.0,0.0,0.0,0.0,0.0
Jason Snelling,RB,14,44,164,1,3.73,11.71,34.0,29.0,85.29,216.0,7.45,2.07,3.0
Javonte Williams,RB,21,250,1107,4,4.43,52.71,75.0,59.0,78.67,392.0,6.64,2.81,3.0
Javorius Allen,RB,64,350,1285,9,3.67,20.08,171.0,130.0,76.02,823.0,6.33,2.03,6.0
Jay Ajayi,RB,45,572,2546,13,4.45,56.58,87.0,63.0,72.41,419.0,6.65,1.4,1.0
Jay Prosch,RB,31,10,42,0,4.2,1.35,6.0,2.0,33.33,30.0,15.0,0.04,0.0
Jaylen Samuels,RB,45,136,468,1,3.44,10.4,104.0,85.0,81.73,564.0,6.64,1.89,4.0
Jaylen Warren,RB,16,77,379,1,4.92,23.69,33.0,28.0,84.85,214.0,7.64,1.75,0.0
Jed Collins,RB,32,23,64,1,2.78,2.0,23.0,19.0,82.61,93.0,4.89,0.59,1.0
Jeff Demps,RB,2,1,14,0,14.0,7.0,3.0,3.0,100.0,21.0,7.0,1.5,0.0
Jeff Wilson,RB,53,474,2125,18,4.48,40.09,93.0,57.0,61.29,481.0,8.44,1.08,5.0
Jeremy Hill,RB,55,708,2898,29,4.09,52.69,83.0,68.0,81.93,490.0,7.21,1.24,1.0
Jeremy Langford,RB,29,219,762,10,3.48,26.28,69.0,41.0,59.42,421.0,10.27,1.46,1.0
Jeremy McNichols,RB,31,90,364,1,4.04,11.74,55.0,40.0,72.73,295.0,7.38,1.33,1.0
Jeremy Stewart,RB,19,8,24,1,3.0,1.26,2.0,2.0,100.0,6.0,3.0,0.15,0.0
Jerick McKinnon,RB,104,639,2590,13,4.05,24.9,328.0,244.0,74.39,1856.0,7.61,2.35,16.0
Jermar Jefferson,RB,7,15,74,2,4.93,10.57,5.0,4.0,80.0,23.0,5.75,0.57,0.0
Jerome Felton,RB,47,13,42,0,3.23,0.89,21.0,13.0,61.9,106.0,8.15,0.22,0.0
Jerome Ford,RB,13,8,12,0,1.5,0.92,0.0,0.0,0.0,0.0,0.0,0.0,0.0
Joe Banyard,RB,16,23,95,0,4.13,5.94,12.0,10.0,83.33,73.0,7.3,0.56,0.0
Joe Kerridge,RB,8,1,0,0,0.0,0.0,0.0,0.0,0.0,0.0,0.0,0.0,0.0
Joe McKnight,RB,2,1,3,0,3.0,1.5,7.0,6.0,85.71,64.0,10.67,3.0,2.0
Joe Mixon,RB,80,1314,5378,40,4.09,67.22,283.0,231.0,81.63,1763.0,7.63,2.89,10.0
Joey Iosefa,RB,2,15,51,0,3.4,25.5,0.0,0.0,0.0,0.0,0.0,0.0,0.0
John Conner,RB,12,6,20,0,3.33,1.67,14.0,8.0,57.14,66.0,8.25,0.32,1.0
John Crockett,RB,2,9,21,0,2.33,10.5,0.0,0.0,0.0,0.0,0.0,0.0,0.0
John Kelly,RB,12,32,96,0,3.0,8.0,3.0,2.0,66.67,27.0,13.5,0.5,0.0
John Kuhn,FB,34,43,124,5,2.88,3.65,24.0,20.0,83.33,93.0,4.65,0.62,1.0
John Kuhn,RB,31,19,66,3,3.47,2.13,29.0,19.0,65.52,137.0,7.21,0.61,0.0
Johnathan Franklin,RB,11,19,107,1,5.63,9.73,5.0,4.0,80.0,30.0,7.5,0.36,0.0
Johnny Stanton,RB,4,3,5,0,1.67,1.25,2.0,2.0,100.0,7.0,3.5,0.5,1.0
Joique Bell,RB,51,482,1827,19,3.79,35.82,150.0,110.0,73.33,1153.0,10.48,2.16,1.0
Jon Hilliman,RB,3,30,91,0,3.03,30.33,4.0,3.0,75.0,1.0,0.33,1.0,0.0
Jonas Gray,RB,16,134,588,5,4.39,36.75,11.0,8.0,72.73,83.0,10.38,0.5,0.0
Jonathan Dwyer,RB,17,65,248,1,3.82,14.59,14.0,10.0,71.43,72.0,7.2,0.59,0.0
Jonathan Grimes,RB,42,139,613,2,4.41,14.6,63.0,51.0,80.95,429.0,8.41,1.21,1.0
Jonathan Stewart,RB,63,887,3499,24,3.94,55.54,95.0,64.0,67.37,436.0,6.81,1.07,3.0
Jonathan Taylor,RB,43,756,3841,33,5.08,89.33,130.0,104.0,80.0,802.0,7.71,2.42,3.0
Jonathan Ward,RB,13,9,33,0,3.67,2.54,5.0,4.0,80.0,45.0,11.25,0.15,1.0
Jonathan Williams,RB,46,134,565,3,4.22,12.28,28.0,22.0,78.57,149.0,6.77,0.48,0.0
Jordan Howard,RB,73,1019,4362,37,4.28,59.75,128.0,85.0,66.41,653.0,7.68,1.2,2.0
Jordan Mason,RB,16,43,258,1,6.0,16.12,0.0,0.0,0.0,0.0,0.0,0.0,0.0
Jordan Scarlett,RB,9,4,9,0,2.25,1.0,0.0,0.0,0.0,0.0,0.0,0.0,0.0
Jordan Todman,RB,59,121,523,3,4.32,8.86,66.0,39.0,59.09,314.0,8.05,0.66,2.0
Jordan Wilkins,RB,49,208,1009,4,4.85,20.59,52.0,41.0,78.85,262.0,6.39,0.84,0.0
Jorvorskie Lane,RB,9,3,58,0,19.33,6.44,0.0,0.0,0.0,0.0,0.0,0.0,0.0
Joseph Randle,RB,35,181,822,9,4.54,23.49,25.0,22.0,88.0,170.0,7.73,0.63,0.0
Josh Adams,RB,25,157,680,5,4.33,27.2,21.0,13.0,61.9,87.0,6.69,0.59,0.0
Josh Ferguson,RB,28,19,34,0,1.79,1.21,30.0,23.0,76.67,152.0,6.61,0.88,0.0
Josh Harris,RB,5,9,16,0,1.78,3.2,0.0,0.0,0.0,0.0,0.0,0.0,0.0
Josh Jacobs,RB,60,1072,4740,40,4.42,79.0,200.0,160.0,80.0,1152.0,7.2,2.67,0.0
Josh Robinson,RB,5,17,39,0,2.29,7.8,6.0,6.0,100.0,33.0,5.5,1.2,0.0
Josh Vaughan,RB,6,1,1,0,1.0,0.17,0.0,0.0,0.0,0.0,0.0,0.0,0.0
Joshua Kelley,RB,37,213,743,4,3.49,20.08,54.0,42.0,77.78,287.0,6.83,1.14,0.0
Julius Chestnut,RB,6,9,12,0,1.33,2.0,3.0,3.0,100.0,41.0,13.67,0.5,0.0
Justice Hill,RB,43,119,547,2,4.6,12.72,32.0,25.0,78.12,148.0,5.92,0.58,0.0
Justin Davis,RB,15,3,20,0,6.67,1.33,0.0,0.0,0.0,0.0,0.0,0.0,0.0
Justin Forsett,RB,44,479,2229,11,4.65,50.66,143.0,110.0,76.92,583.0,5.3,2.5,0.0
Justin Jackson,RB,59,248,1210,5,4.88,20.51,98.0,77.0,78.57,609.0,7.91,1.31,1.0
Juwan Thompson,RB,38,80,346,4,4.32,9.11,17.0,10.0,58.82,76.0,7.6,0.26,0.0
Ka'Deem Carey,RB,37,111,443,2,3.99,11.97,16.0,13.0,81.25,131.0,10.08,0.35,1.0
Kalen Ballage,RB,52,213,665,7,3.12,12.79,79.0,54.0,68.35,293.0,5.43,1.04,0.0
Kapri Bibbs,RB,27,71,311,3,4.38,11.52,44.0,32.0,72.73,318.0,9.94,1.19,3.0
Kareem Hunt,RB,76,895,4025,31,4.5,52.96,264.0,211.0,79.92,1806.0,8.56,2.78,17.0
Karlos Williams,RB,11,93,517,7,5.56,47.0,14.0,11.0,78.57,96.0,8.73,1.0,2.0
Ke'Shawn Vaughn,RB,37,79,342,2,4.33,9.24,22.0,12.0,54.55,79.0,6.58,0.32,1.0
Keaontay Ingram,RB,12,27,60,1,2.22,5.0,5.0,4.0,80.0,21.0,5.25,0.33,0.0
Keith Ford,RB,2,21,79,0,3.76,39.5,5.0,3.0,60.0,21.0,7.0,1.5,0.0
Keith Smith,FB,98,22,53,0,2.41,0.54,45.0,35.0,77.78,205.0,5.86,0.31,0.0
Kendall Gaskins,RB,9,16,38,0,2.38,4.22,10.0,8.0,80.0,69.0,8.62,0.89,0.0
Kendall Hunter,RB,18,79,360,3,4.56,20.0,4.0,2.0,50.0,13.0,6.5,0.12,0.0
Kene Nwangwu,RB,28,22,75,0,3.41,2.68,7.0,6.0,85.71,30.0,5.0,0.21,0.0
Kenjon Barner,RB,70,104,416,3,4.0,5.94,43.0,28.0,65.12,152.0,5.43,0.42,0.0
Kenneth Dixon,RB,18,148,715,4,4.83,39.72,48.0,36.0,75.0,213.0,5.92,2.0,1.0
Kenneth Farrow,RB,13,60,192,0,3.2,14.77,16.0,13.0,81.25,70.0,5.38,1.0,0.0
Kenneth Gainwell,RB,33,121,531,9,4.39,16.09,79.0,56.0,70.89,422.0,7.54,1.7,1.0
Kenneth Walker III,RB,15,228,1050,9,4.61,70.0,35.0,27.0,77.14,165.0,6.11,1.8,0.0
Kenyan Drake,RB,101,867,3866,33,4.46,38.28,296.0,216.0,72.97,1624.0,7.52,2.14,8.0
Kerrith Whyte Jr,RB,6,24,122,0,5.08,20.33,0.0,0.0,0.0,0.0,0.0,0.0,0.0
Kerryon Johnson,RB,34,283,1225,8,4.33,36.03,80.0,61.0,76.25,527.0,8.64,1.79,3.0
Kerwynn Williams,RB,37,218,971,4,4.45,26.24,25.0,15.0,60.0,126.0,8.4,0.41,0.0
Kevin Harris,RB,5,18,52,1,2.89,10.4,0.0,0.0,0.0,0.0,0.0,0.0,0.0
Khalil Herbert,RB,30,232,1164,6,5.02,38.8,28.0,23.0,82.14,153.0,6.65,0.77,1.0
Khari Blasingame,RB,11,3,6,0,2.0,0.55,7.0,6.0,85.71,58.0,9.67,0.35,0.0
Khiry Robinson,RB,29,194,788,8,4.06,27.17,31.0,25.0,80.65,178.0,7.12,1.39,0.0
Knile Davis,RB,57,250,805,11,3.22,14.12,50.0,34.0,68.0,271.0,7.97,0.6,1.0
Knowshon Moreno,RB,19,272,1186,11,4.36,62.42,75.0,61.0,81.33,556.0,9.11,3.21,3.0
Kyle Juszczyk,FB,91,50,180,4,3.6,1.98,197.0,151.0,76.65,1576.0,10.44,1.66,9.0
Kyle Juszczyk,RB,32,7,25,1,3.57,0.78,133.0,97.0,72.93,769.0,7.93,1.52,5.0
Kylin Hill,RB,10,11,31,0,2.82,3.1,0.0,0.0,0.0,0.0,0.0,0.0,0.0
Kyren Williams,RB,10,35,139,0,3.97,13.9,12.0,9.0,75.0,76.0,8.44,0.9,0.0
La'Mical Perine,RB,14,72,263,2,3.65,18.79,15.0,11.0,73.33,63.0,5.73,1.1,0.0
LaMichael James,RB,13,17,68,0,4.0,5.23,4.0,2.0,50.0,16.0,8.0,0.15,0.0
LaRod Stephens-Howling,RB,1,6,19,0,3.17,19.0,3.0,2.0,66.67,11.0,5.5,2.0,0.0
Lamar Miller,RB,92,1303,5614,31,4.31,61.02,265.0,205.0,77.36,1526.0,7.44,2.2,8.0
Lance Dunbar,RB,46,84,398,2,4.74,8.65,79.0,63.0,79.75,614.0,9.75,1.37,0.0
Larry Rountree,RB,16,49,106,1,2.16,6.62,2.0,2.0,100.0,14.0,7.0,0.5,0.0
Latavius Murray,RB,135,1481,6252,55,4.22,46.31,279.0,222.0,79.57,1501.0,6.76,1.64,2.0
Le'Ron McClain,RB,16,11,32,0,2.91,2.0,4.0,2.0,50.0,-7.0,-3.5,0.12,0.0
Le'Veon Bell,RB,96,1595,6554,42,4.11,68.27,502.0,399.0,79.48,3289.0,8.24,4.16,9.0
LeGarrette Blount,RB,92,1069,4367,43,4.09,47.47,55.0,43.0,78.18,290.0,6.74,0.47,2.0
LeSean McCoy,RB,112,1622,7236,43,4.46,64.61,384.0,298.0,77.6,2310.0,7.75,2.66,8.0
LeShun Daniels,RB,4,3,14,0,4.67,3.5,0.0,0.0,0.0,0.0,0.0,0.0,0.0
LeVante Bellamy,RB,5,4,11,0,2.75,2.2,0.0,0.0,0.0,0.0,0.0,0.0,0.0
Leon Washington,RB,23,14,58,0,4.14,2.52,32.0,22.0,68.75,159.0,7.23,0.96,2.0
Leonard Fournette,RB,79,1132,4478,34,3.96,56.68,388.0,312.0,80.41,2219.0,7.11,3.95,7.0
Lorenzo Taliaferro,RB,19,82,339,5,4.13,17.84,18.0,16.0,88.89,153.0,9.56,0.84,0.0
Malcolm Brown,RB,88,349,1394,13,3.99,15.84,72.0,51.0,70.83,374.0,7.33,0.58,1.0
Malik Davis,RB,12,38,161,1,4.24,13.42,7.0,6.0,85.71,63.0,10.5,0.5,0.0
Marcel Reece,RB,46,77,339,2,4.4,7.37,150.0,99.0,66.0,865.0,8.74,2.15,6.0
Marcus Murphy,RB,25,60,291,0,4.85,11.64,22.0,14.0,63.64,36.0,2.57,0.93,0.0
Marcus Thigpen,RB,25,7,17,0,2.43,0.68,12.0,8.0,66.67,97.0,12.12,0.32,1.0
Marion Grice,RB,10,15,41,1,2.73,4.1,11.0,7.0,63.64,29.0,4.14,0.7,0.0
Mark Ingram,RB,130,1539,7035,55,4.57,54.12,353.0,286.0,81.02,2050.0,7.17,2.2,10.0
Mark Walton,RB,21,67,235,0,3.51,11.19,29.0,20.0,68.97,130.0,6.5,0.95,0.0
Marlon Mack,RB,47,567,2484,20,4.38,52.85,84.0,57.0,67.86,448.0,7.86,1.21,2.0
Marshawn Lynch,RB,61,1001,4281,39,4.28,70.18,164.0,121.0,73.78,998.0,8.25,2.02,6.0
Matt Asiata,RB,58,358,1250,18,3.49,21.55,131.0,100.0,76.34,720.0,7.2,1.72,1.0
Matt Breida,RB,81,520,2501,8,4.81,30.88,133.0,103.0,77.44,847.0,8.22,1.27,6.0
Matt Forte,RB,71,1094,4469,28,4.09,62.94,371.0,287.0,77.36,2347.0,8.18,4.04,12.0
Matt Jones,RB,25,248,964,6,3.89,38.56,33.0,27.0,81.82,377.0,13.96,1.35,1.0
Matthew Dayes,RB,16,5,13,0,2.6,0.81,5.0,4.0,80.0,29.0,7.25,0.25,0.0
Maurice Jones-Drew,RB,27,277,899,5,3.25,33.3,76.0,54.0,71.05,385.0,7.13,2.0,0.0
Mekhi Sargent,RB,7,5,11,0,2.2,1.57,0.0,0.0,0.0,0.0,0.0,0.0,0.0
Melvin Gordon,RB,108,1567,6462,55,4.12,59.83,412.0,309.0,75.0,2467.0,7.98,2.86,14.0
Michael Burton,FB,17,5,7,0,1.4,0.41,3.0,2.0,66.67,11.0,5.5,0.12,0.0
Michael Burton,RB,47,19,53,1,2.79,1.13,14.0,10.0,71.43,73.0,7.3,0.12,0.0
Michael Bush,RB,15,63,197,3,3.13,13.13,8.0,4.0,50.0,48.0,12.0,0.27,1.0
Michael Carter,RB,30,261,1041,7,3.99,34.7,109.0,77.0,70.64,613.0,7.96,2.57,0.0
Michael Cox,RB,18,26,76,0,2.92,4.22,6.0,5.0,83.33,21.0,4.2,0.28,0.0
Michael Hill,RB,8,9,23,0,2.56,2.88,2.0,2.0,100.0,23.0,11.5,0.25,0.0
Mike Boone,RB,57,99,516,4,5.21,9.05,26.0,18.0,69.23,146.0,8.11,0.32,0.0
Mike Davis,RB,46,379,1403,9,3.7,30.5,148.0,120.0,81.08,767.0,6.39,2.61,3.0
Mike Gillislee,RB,36,274,1291,16,4.71,35.86,20.0,17.0,85.0,103.0,6.06,0.52,1.0
Mike Goodson,RB,2,7,61,0,8.71,30.5,3.0,2.0,66.67,19.0,9.5,1.0,0.0
Mike James,RB,23,83,351,0,4.23,15.26,16.0,15.0,93.75,60.0,4.0,0.65,0.0
Mike Tolbert,RB,68,301,1056,7,3.51,15.53,105.0,81.0,77.14,581.0,7.17,1.19,6.0
Mikel Leshoure,RB,3,2,9,0,4.5,3.0,0.0,0.0,0.0,0.0,0.0,0.0,0.0
Miles Sanders,RB,57,739,3708,20,5.02,65.05,175.0,124.0,70.86,942.0,7.6,2.18,3.0
Montee Ball,RB,21,175,731,5,4.18,34.81,40.0,29.0,72.5,207.0,7.14,1.38,0.0
Myles Gaskin,RB,38,361,1355,7,3.75,35.66,128.0,101.0,78.91,701.0,6.94,2.66,6.0
Najee Harris,RB,34,579,2234,14,3.86,65.71,147.0,115.0,78.23,696.0,6.05,3.38,6.0
Nate McCrary,RB,1,1,-1,0,-1.0,-1.0,0.0,0.0,0.0,0.0,0.0,0.0,0.0
Nathan Cottrell,RB,4,1,3,0,3.0,0.75,0.0,0.0,0.0,0.0,0.0,0.0,0.0
Nick Bellore,FB,14,1,0,0,0.0,0.0,4.0,4.0,100.0,15.0,3.75,0.29,0.0
Nick Chubb,RB,75,1210,6341,48,5.24,84.55,158.0,119.0,75.32,990.0,8.32,1.59,4.0
Nyheim Hines,RB,81,306,1202,10,3.93,14.84,309.0,240.0,77.67,1778.0,7.41,2.96,8.0
Orleans Darkwa,RB,52,246,1038,9,4.22,19.96,43.0,29.0,67.44,207.0,7.14,0.56,0.0
Patrick DiMarco,FB,48,6,14,0,2.33,0.29,21.0,15.0,71.43,131.0,8.73,0.31,0.0
Patrick DiMarco,RB,16,1,0,0,0.0,0.0,51.0,37.0,72.55,273.0,7.38,0.6,4.0
Patrick Laird,RB,37,76,244,1,3.21,6.59,45.0,36.0,80.0,289.0,8.03,0.97,0.0
Patrick Ricard,FB,45,10,19,0,1.9,0.42,49.0,36.0,73.47,229.0,6.36,0.59,3.0
Patrick Taylor,RB,23,33,120,1,3.64,5.22,3.0,3.0,100.0,20.0,6.67,0.13,0.0
Paul Lasike,RB,10,3,8,0,2.67,0.8,0.0,0.0,0.0,0.0,0.0,0.0,0.0
Paul Perkins,RB,29,165,575,0,3.48,19.83,35.0,24.0,68.57,217.0,9.04,0.83,0.0
Peyton Barber,RB,89,700,2457,21,3.51,27.61,98.0,71.0,72.45,428.0,6.03,0.8,2.0
Peyton Hillis,RB,16,99,362,2,3.66,22.62,37.0,23.0,62.16,183.0,7.96,1.44,0.0
Phillip Lindsay,RB,59,637,2848,18,4.47,48.27,122.0,87.0,71.31,529.0,6.08,1.47,2.0
Phillip Tanner,RB,16,9,12,1,1.33,0.75,4.0,3.0,75.0,33.0,11.0,0.19,0.0
Pierre Strong,RB,15,10,100,1,10.0,6.67,7.0,7.0,100.0,42.0,6.0,0.47,0.0
Pierre Thomas,RB,32,207,835,4,4.03,26.09,150.0,131.0,87.33,975.0,7.44,4.09,4.0
Qadree Ollison,RB,19,44,158,5,3.59,8.32,8.0,5.0,62.5,19.0,3.8,0.31,0.0
Rachaad White,RB,17,129,481,1,3.73,28.29,58.0,50.0,86.21,290.0,5.8,2.94,2.0
Raheem Blackshear,RB,13,23,77,3,3.35,5.92,12.0,10.0,83.33,93.0,9.3,0.77,0.0
Raheem Mostert,RB,64,465,2501,14,5.38,39.08,90.0,67.0,74.44,563.0,8.4,1.37,5.0
Rashaad Penny,RB,42,337,1918,13,5.69,45.67,36.0,27.0,75.0,222.0,8.22,0.69,1.0
Rashad Jennings,RB,55,706,2828,16,4.01,51.42,171.0,130.0,76.02,1015.0,7.81,2.36,2.0
Rashard Mendenhall,RB,15,217,687,8,3.17,45.8,21.0,18.0,85.71,134.0,7.44,1.2,0.0
Ray Agnew,RB,12,2,2,0,1.0,0.17,9.0,3.0,33.33,15.0,5.0,0.25,0.0
Ray Graham,RB,1,4,8,0,2.0,8.0,0.0,0.0,0.0,0.0,0.0,0.0,0.0
Ray Rice,RB,15,214,660,4,3.08,44.0,72.0,58.0,80.56,321.0,5.53,3.87,0.0
Reggie Bonnafon,RB,23,32,197,1,6.16,8.57,13.0,10.0,76.92,87.0,8.7,0.45,1.0
Reggie Bush,RB,43,319,1328,7,4.16,30.88,156.0,105.0,67.31,868.0,8.27,2.44,3.0
Reggie Gilliam,FB,16,3,3,0,1.0,0.19,17.0,13.0,76.47,108.0,8.31,0.29,2.0
Rex Burkhead,RB,114,488,1908,17,3.91,16.74,255.0,192.0,75.29,1534.0,7.99,1.68,9.0
Rhamondre Stevenson,RB,29,343,1646,10,4.8,56.76,106.0,83.0,78.3,544.0,6.55,2.86,1.0
Rico Dowdle,RB,15,7,24,0,3.43,1.6,0.0,0.0,0.0,0.0,0.0,0.0,0.0
Robert Hughes,RB,16,7,11,0,1.57,0.69,14.0,9.0,64.29,146.0,16.22,0.5,0.0
Robert Kelley,RB,24,234,906,9,3.87,37.75,25.0,16.0,64.0,100.0,6.25,0.73,1.0
Robert Turbin,RB,65,275,1000,9,3.64,15.38,90.0,67.0,74.44,507.0,7.57,1.03,3.0
Roc Thomas,RB,5,8,30,0,3.75,6.0,4.0,2.0,50.0,21.0,10.5,0.4,0.0
Rod Smith,RB,42,101,364,5,3.6,8.67,38.0,30.0,78.95,272.0,9.07,0.61,1.0
Rodney Smith,RB,7,41,156,1,3.8,22.29,16.0,14.0,87.5,107.0,7.64,1.56,0.0
Ronald Jones II,RB,61,505,2244,19,4.44,36.79,105.0,77.0,73.33,593.0,7.7,1.26,1.0
Ronnie Brown,RB,26,65,220,1,3.38,8.46,16.0,13.0,81.25,104.0,8.0,0.5,0.0
Ronnie Hillman,RB,42,409,1646,11,4.02,39.19,98.0,64.0,65.31,462.0,7.22,1.52,1.0
Ronnie Rivers,RB,8,9,21,0,2.33,2.62,5.0,5.0,100.0,29.0,5.8,0.62,0.0
Ronnie Wingo,RB,2,1,4,0,4.0,2.0,0.0,0.0,0.0,0.0,0.0,0.0,0.0
Roosevelt Nix,RB,32,4,4,1,1.0,0.12,17.0,12.0,70.59,69.0,5.75,0.2,1.0
Roy Helu,RB,39,119,529,5,4.45,13.56,105.0,82.0,78.1,803.0,9.79,2.1,3.0
Royce Freeman,RB,65,394,1473,8,3.74,22.66,107.0,85.0,79.44,519.0,6.11,1.31,1.0
Ryan Mathews,RB,48,620,2785,23,4.49,58.02,85.0,68.0,80.0,519.0,7.63,1.42,3.0
Ryan Nall,RB,33,6,12,0,2.0,0.36,10.0,9.0,90.0,71.0,7.89,0.36,1.0
Ryquell Armstead,RB,18,50,188,0,3.76,10.44,28.0,17.0,60.71,160.0,9.41,0.94,2.0
Salvon Ahmed,RB,30,141,532,4,3.77,17.73,34.0,24.0,70.59,186.0,7.75,0.8,0.0
Samaje Perine,RB,76,401,1592,7,3.97,20.95,122.0,101.0,82.79,736.0,7.29,1.46,6.0
Saquon Barkley,RB,60,954,4249,29,4.45,70.82,336.0,247.0,73.51,1820.0,7.37,4.12,8.0
Scottie Phillips,RB,11,8,22,0,2.75,2.0,4.0,3.0,75.0,16.0,5.33,0.27,0.0
Senorise Perry,RB,34,13,42,0,3.23,1.24,3.0,3.0,100.0,3.0,1.0,0.07,0.0
Shane Vereen,RB,61,279,1181,4,4.23,19.36,299.0,213.0,71.24,1715.0,8.05,3.49,10.0
Shaun Draughn,RB,40,166,490,5,2.95,12.25,74.0,56.0,75.68,439.0,7.84,2.07,2.0
Shaun Wilson,RB,5,6,29,0,4.83,5.8,5.0,3.0,60.0,5.0,1.67,0.6,0.0
Shonn Greene,RB,24,171,687,6,4.02,28.62,11.0,7.0,63.64,52.0,7.43,0.29,0.0
Silas Redd,RB,15,16,75,1,4.69,5.0,10.0,8.0,80.0,107.0,13.38,0.53,0.0
Snoop Conner,RB,8,12,42,1,3.5,5.25,0.0,0.0,0.0,0.0,0.0,0.0,0.0
Sony Michel,RB,65,779,3243,18,4.16,49.89,86.0,56.0,65.12,439.0,7.84,0.86,2.0
Spencer Brown,RB,2,9,43,0,4.78,21.5,4.0,2.0,50.0,10.0,5.0,1.0,0.0
Spencer Ware,RB,43,357,1631,11,4.57,37.93,78.0,64.0,82.05,698.0,10.91,1.56,2.0
Stanley Havili,RB,13,7,7,0,1.0,0.54,21.0,18.0,85.71,128.0,7.11,1.38,1.0
Stepfan Taylor,RB,61,120,393,1,3.28,6.44,27.0,20.0,74.07,154.0,7.7,0.43,3.0
Stevan Ridley,RB,41,366,1398,11,3.82,34.1,26.0,21.0,80.77,98.0,4.67,0.55,0.0
Steven Jackson,RB,29,368,1300,13,3.53,44.83,77.0,54.0,70.13,359.0,6.65,1.86,1.0
Storm Johnson,RB,6,29,86,2,2.97,14.33,0.0,0.0,0.0,0.0,0.0,0.0,0.0
T.J. Logan,FB,22,5,12,0,2.4,0.55,10.0,9.0,90.0,50.0,5.56,0.41,0.0
T.J. Yeldon,RB,60,492,2005,6,4.08,33.42,252.0,185.0,73.41,1448.0,7.83,3.08,7.0
Taiwan Jones,RB,52,31,129,0,4.16,2.48,19.0,15.0,78.95,224.0,14.93,0.25,1.0
Taquan Mizzell,RB,9,9,16,0,1.78,1.78,10.0,8.0,80.0,78.0,9.75,0.89,1.0
Tarik Cohen,RB,51,264,1101,5,4.17,21.59,275.0,209.0,76.0,1575.0,7.54,4.1,9.0
Tashard Choice,RB,15,46,170,0,3.7,11.33,9.0,5.0,55.56,15.0,3.0,0.33,0.0
Tauren Poole,RB,3,1,0,0,0.0,0.0,0.0,0.0,0.0,0.0,0.0,0.0,0.0
Terrance West,RB,43,465,1816,11,3.91,42.23,67.0,51.0,76.12,344.0,6.75,1.19,2.0
Terrell Watson,RB,11,14,36,1,2.57,3.27,0.0,0.0,0.0,0.0,0.0,0.0,0.0
Terrence Magee,RB,6,5,17,0,3.4,2.83,0.0,0.0,0.0,0.0,0.0,0.0,0.0
Terron Ward,RB,32,90,375,1,4.17,11.72,18.0,13.0,72.22,98.0,7.54,0.41,0.0
Tevin Coleman,RB,94,789,3319,25,4.21,35.31,188.0,131.0,69.68,1317.0,10.05,1.39,13.0
Theo Riddick,RB,88,294,1037,5,3.53,11.78,375.0,290.0,77.33,2281.0,7.87,3.3,14.0
Thomas Rawls,RB,34,314,1336,7,4.25,39.29,41.0,31.0,75.61,266.0,8.58,0.91,1.0
Tim Hightower,RB,24,229,923,8,4.03,38.46,39.0,34.0,87.18,329.0,9.68,1.42,1.0
Tion Green,RB,5,42,165,2,3.93,33.0,2.0,2.0,100.0,14.0,7.0,0.4,0.0
Toby Gerhart,RB,35,157,653,4,4.16,18.66,48.0,36.0,75.0,297.0,8.25,1.03,0.0
Todd Gurley,RB,88,1460,6082,67,4.17,69.11,336.0,243.0,72.32,2254.0,9.28,2.76,12.0
Tommy Bohanon,FB,32,6,5,2,0.83,0.16,20.0,12.0,60.0,84.0,7.0,0.38,1.0
Tommy Bohanon,RB,36,20,67,0,3.35,1.86,26.0,17.0,65.38,155.0,9.12,0.47,0.0
Tony Brooks-James,RB,4,11,11,0,1.0,2.75,0.0,0.0,0.0,0.0,0.0,0.0,0.0
Tony Jones,RB,18,67,179,0,2.67,9.94,16.0,10.0,62.5,59.0,5.9,0.59,0.0
Tony Pollard,RB,62,510,2616,17,5.13,42.19,161.0,121.0,75.16,1008.0,8.33,1.95,5.0
Tra Carson,RB,3,18,48,0,2.67,16.0,4.0,4.0,100.0,18.0,4.5,1.33,0.0
Travaris Cadet,RB,47,59,192,0,3.25,4.09,149.0,114.0,76.51,920.0,8.07,1.9,7.0
Travis Etienne,RB,17,220,1125,5,5.11,66.18,45.0,35.0,77.78,316.0,9.03,2.06,0.0
Travis Homer,RB,49,83,453,1,5.46,9.24,61.0,52.0,85.25,464.0,8.92,1.06,2.0
Trayveon Williams,RB,23,47,238,0,5.06,10.35,8.0,7.0,87.5,60.0,8.57,0.39,0.0
Tre Madden,RB,14,3,3,0,1.0,0.21,5.0,4.0,80.0,100.0,25.0,0.18,0.0
Tre Mason,RB,25,254,972,5,3.83,38.88,51.0,34.0,66.67,236.0,6.94,1.36,1.0
Trent Richardson,RB,31,347,1082,6,3.12,34.9,86.0,62.0,72.09,545.0,8.79,2.0,1.0
Trenton Cannon,RB,42,51,150,1,2.94,3.57,28.0,20.0,71.43,160.0,8.0,0.67,0.0
Trestan Ebner,RB,17,24,54,0,2.25,3.18,8.0,2.0,25.0,8.0,4.0,0.12,0.0
Trey Edmunds,RB,27,31,140,1,4.52,5.19,7.0,6.0,85.71,48.0,8.0,0.55,0.0
Trey Ragas,RB,1,1,9,0,9.0,9.0,2.0,2.0,100.0,6.0,3.0,2.0,0.0
Trey Sermon,RB,11,43,186,1,4.33,16.91,4.0,3.0,75.0,26.0,8.67,0.33,0.0
Trey Watts,RB,14,7,30,0,4.29,2.14,4.0,3.0,75.0,18.0,6.0,0.21,0.0
Trey Williams,RB,2,2,12,0,6.0,6.0,0.0,0.0,0.0,0.0,0.0,0.0,0.0
Troymaine Pope,RB,24,37,140,0,3.78,5.83,15.0,11.0,73.33,61.0,5.55,0.46,1.0
Ty Chandler,RB,3,6,20,0,3.33,6.67,0.0,0.0,0.0,0.0,0.0,0.0,0.0
Ty Johnson,RB,62,208,925,4,4.45,14.92,131.0,86.0,65.65,668.0,7.77,1.39,3.0
Ty Montgomery,RB,23,148,730,6,4.93,31.74,87.0,67.0,77.01,521.0,7.78,2.91,1.0
Ty'Son Williams,RB,13,35,185,1,5.29,14.23,13.0,10.0,76.92,89.0,8.9,0.71,0.0
Tyler Allgeier,RB,16,210,1035,3,4.93,64.69,17.0,16.0,94.12,139.0,8.69,1.0,1.0
Tyler Badie,RB,1,1,0,0,0.0,0.0,0.0,0.0,0.0,0.0,0.0,0.0,0.0
Tyler Ervin,RB,34,19,92,0,4.84,2.71,38.0,27.0,71.05,186.0,6.89,0.63,0.0
Tyler Varga,RB,3,1,2,0,2.0,0.67,0.0,0.0,0.0,0.0,0.0,0.0,0.0
Tyrion Davis-Price,RB,6,34,99,0,2.91,16.5,0.0,0.0,0.0,0.0,0.0,0.0,0.0
Vick Ballard,RB,1,13,63,0,4.85,63.0,0.0,0.0,0.0,0.0,0.0,0.0,0.0
Vonta Leach,RB,16,11,23,0,2.09,1.44,20.0,11.0,55.0,47.0,4.27,0.69,1.0
Wayne Gallman,RB,61,366,1548,9,4.23,25.38,115.0,81.0,70.43,519.0,6.41,1.33,2.0
Wendell Smallwood,RB,55,238,956,5,4.02,17.38,84.0,60.0,71.43,474.0,7.9,1.09,2.0
Wes Hills,RB,1,10,21,2,2.1,21.0,2.0,2.0,100.0,1.0,0.5,2.0,0.0
Will Johnson,FB,16,4,7,1,1.75,0.44,4.0,2.0,50.0,16.0,8.0,0.12,0.0
Will Johnson,RB,16,2,0,0,0.0,0.0,20.0,14.0,70.0,82.0,5.86,0.45,1.0
Will Ta'ufo'ou,RB,16,1,1,0,1.0,0.06,23.0,17.0,73.91,121.0,7.12,0.53,0.0
Will Tukuafu,FB,30,7,5,1,0.71,0.17,4.0,2.0,50.0,11.0,5.5,0.07,1.0
Willis McGahee,RB,12,138,377,2,2.73,31.42,11.0,8.0,72.73,20.0,2.5,0.67,0.0
Zac Stacy,RB,35,357,1355,9,3.8,38.71,70.0,53.0,75.71,358.0,6.75,1.51,1.0
Zach Line,RB,71,36,114,2,3.17,1.61,40.0,20.0,50.0,161.0,8.05,0.27,4.0
Zach Zenner,RB,41,177,683,8,3.86,16.66,40.0,29.0,72.5,282.0,9.72,0.71,0.0
Zack Moss,RB,39,301,1282,9,4.26,32.87,63.0,48.0,76.19,331.0,6.9,1.23,2.0
Zamir White,RB,14,17,70,0,4.12,5.0,0.0,0.0,0.0,0.0,0.0,0.0,0.0
Zander Horvath,FB,15,4,8,0,2.0,0.53,8.0,5.0,62.5,8.0,1.6,0.33,2.0
Zonovan Knight,RB,7,85,300,1,3.53,42.86,14.0,13.0,92.86,100.0,7.69,1.86,0.0
Zurlon Tipton,RB,16,15,38,0,2.53,2.38,14.0,11.0,78.57,125.0,11.36,0.69,1.0
