Rank,Player,Cl,Pos,G,Fum Rec
1,"Jordan Berner, Southern Ill. (MVFC)",Jr.,DL,12,4
1,"Mason King, Hampton (Big South)",Fr.,,12,4
3,"Brian Barry, Northern Ariz. (Big Sky)",Jr.,DB,12,3
3,"Monroe Beard III, Ark.-Pine Bluff (SWAC)",Fr.,LB,11,3
3,"Jacob  Bergstrom, San Diego (Pioneer)",Jr.,DL,12,3
3,"Ty Boeck, Chattanooga (SoCon)",So.,LB,12,3
3,"Omar Brown, UNI (MVFC)",Fr.,DB,15,3
3,"Jovon Burris, McNeese (Southland)",Sr.,DB,12,3
3,"Jeremiah Chambers, Abilene Christian (Southland)",Sr.,LB,12,3
3,"Dan DelGrosso, Butler (Pioneer)",Sr.,LB,12,3
3,"Jacob Dobbs, Holy Cross (Patriot)",Fr.,LB,13,3
3,"Dylan Draka, Illinois St. (MVFC)",Jr.,LB,15,3
3,"Brandon Easterling, Dayton (Pioneer)",Jr.,DB,11,3
3,"DJ Exilhomme, Central Conn. St. (NEC)",Jr.,DB,13,3
3,"Garret Fairman, Robert Morris (NEC)",So.,DB,12,3
3,"Tra Fluellen, Houston Christian (Southland)",Fr.,DB,12,3
3,"Jerry Garner, Mississippi Val. (SWAC)",Jr.,DB,11,3
3,"Malik Gavek, Rhode Island (CAA)",So.,DB,12,3
3,"Corey Glass, Eastern Ky. (OVC)",Sr.,LB,12,3
3,"Beau Griego, Morehead St. (Pioneer)",Sr.,LB,12,3
3,"Nick Griffin, UAlbany (CAA)",Jr.,DL,14,3
3,"Gavin Heslop, Stony Brook (CAA)",Sr.,DB,12,3
3,"Dimitri Holloway, James Madison (CAA)",Sr.,LB,16,3
3,"Chris  Jules, Northern Ariz. (Big Sky)",Sr.,DL,12,3
3,"Tyler Lovelace, Missouri St. (MVFC)",Jr.,LB,10,3
3,"Justin McIntire, Charleston So. (Big South)",Jr.,LB,12,3
3,"Eli Mencer, UAlbany (CAA)",Sr.,RB,14,3
3,"Eric Powell, Mississippi Val. (SWAC)",Sr.,DL,11,3
3,"Jarrod Richmond, VMI (SoCon)",Sr.,DL,12,3
3,"Royce See, Sam Houston (Southland)",Sr.,LB,12,3
3,"Collin Seymour, Drake (Pioneer)",Sr.,DB,11,3
3,"Joseph Stuckey, N.C. A&T (MEAC)",So.,LB,12,3
3,"Yasir Thomas, Lafayette (Patriot)",Sr.,DB,12,3
3,"Chris Tucker, Tennessee Tech (OVC)",Jr.,DL,12,3
3,"Malik Tyne, Towson (CAA)",Sr.,LB,11,3
3,"Gerrit Van Itallie, Bucknell (Patriot)",Jr.,DB,11,3
3,"Dorian Walker, Kennesaw St. (Big South)",Sr.,DB,13,3
3,"Mike Wilen, Sacred Heart (NEC)",Sr.,LB,11,3
39,"John Abercrombie, Weber St. (Big Sky)",Fr.,WR,12,2
39,"Charles Akanno, Idaho (Big Sky)",Jr.,LB,8,2
39,"JaQuez Akins, UT Martin (OVC)",Jr.,DB,12,2
39,"Jaelin Alburg, Yale (Ivy League)",Sr.,DB,10,2
39,"Nas Anesi, UC Davis (Big Sky)",Sr.,LB,12,2
39,"Tremayne Booker, Gardner-Webb (Big South)",So.,DL,12,2
39,"John Brannon III, Western Caro. (SoCon)",Sr.,DB,12,2
39,"Caden Brown, Central Ark. (Southland)",So.,DL,13,2
39,"Hunter Brown, Sam Houston (Southland)",Sr.,LB,12,2
39,"Airon Buick, Presbyterian (Big South)",So.,DL,8,2
39,"Justin Burns, Stony Brook (CAA)",Jr.,DB,9,2
39,"Makel Calhoun, Southern Ill. (MVFC)",So.,LB,11,2
39,"Tay Carothers, Murray St. (OVC)",Jr.,DL,11,2
39,"Tyler Carswell, UAlbany (CAA)",Sr.,DB,14,2
39,"Tai Carter, Tennessee Tech (OVC)",So.,DB,12,2
39,"Kendrick Catis, Murray St. (OVC)",Sr.,LB,12,2
39,"Jack Cochrane, South Dakota (MVFC)",Jr.,LB,12,2
39,"Mark Collins, South Dakota (MVFC)",Jr.,DB,8,2
39,"Mar'Kel Cooks, UIW (Southland)",Sr.,LB,12,2
39,"Tyler Crist, William & Mary (CAA)",Jr.,RB,12,2
39,"Glenn Cunningham, Fordham (Patriot)",Jr.,LB,12,2
39,"Drew Daniel, Wagner (NEC)",Sr.,DB,12,2
39,"Keonte' Daniels, Mississippi Val. (SWAC)",Jr.,DB,11,2
39,"Nasir Darnell, Harvard (Ivy League)",Jr.,DL,10,2
39,"Russell Davidson, Monmouth (Big South)",Sr.,DL,12,2
39,"Tadarius Davis, Mississippi Val. (SWAC)",Sr.,DL,11,2
39,"Adonis Davis, Abilene Christian (Southland)",Sr.,DB,12,2
39,"Christian Dixon, Towson (CAA)",Jr.,LB,12,2
39,"Bryson Donnell, Southeast Mo. St. (OVC)",Jr.,DL,12,2
39,"Daivon Ellison, Duquesne (NEC)",Sr.,DB,8,2
39,"Austin Evans, UNI (MVFC)",Jr.,DB,13,2
39,"Kyle Finnick, Dayton (Pioneer)",So.,DL,11,2
39,"Calum Foster, McNeese (Southland)",Sr.,DB,12,2
39,"Jerome Foster, N.C. Central (MEAC)",So.,LB,12,2
39,"Donald Freeman, Grambling (SWAC)",Sr.,LB,11,2
39,"Aidan Gaertner, Colgate (Patriot)",Sr.,DB,12,2
39,"D'Mitri George, Eastern Ill. (OVC)",So.,DL,10,2
39,"Cameron Gill, Wagner (NEC)",Sr.,LB,12,2
39,"Michael Griffin II, South Dakota St. (MVFC)",Jr.,DB,12,2
39,"Sean Hammonds, Stony Brook (CAA)",Sr.,DL,12,2
39,"Aaron Harris, Northern Colo. (Big Sky)",So.,DB,12,2
39,"Myles Harris, Jacksonville (Pioneer)",Jr.,DL,12,2
39,"Jordan Hill, Harvard (Ivy League)",Sr.,LB,10,2
39,"Nijuel Hill, Delaware (CAA)",Jr.,DB,12,2
39,"Luke Holloway, Idaho St. (Big Sky)",Sr.,LB,12,2
39,"Shawn Holton, UIW (Southland)",Fr.,DB,12,2
39,"Evan Horn, New Hampshire (CAA)",Jr.,DB,11,2
39,"Cameron Houston, Lamar University (Southland)",Jr.,DL,12,2
39,"Clayton Isbell, Illinois St. (MVFC)",Fr.,DB,15,2
39,"Eric Jackson, Mercer (SoCon)",Sr.,DB,12,2
39,"Kordell Jackson, Austin Peay (OVC)",Jr.,DB,15,2
39,"Khalil Johnson, Jackson St. (SWAC)",Sr.,DL,10,2
39,"Mitchell Johnson, Eastern Wash. (Big Sky)",So.,DL,12,2
39,"Caleb Johnson, Houston Christian (Southland)",Jr.,LB,10,2
39,"Dytarious Johnson, Eastern Ill. (OVC)",Jr.,LB,11,2
39,"Mike Johnson, South Dakota (MVFC)",Sr.,DB,11,2
39,"Gavin Johnson, William & Mary (CAA)",Sr.,LB,12,2
39,"Kama Kamaka, San Diego (Pioneer)",Jr.,DB,12,2
39,"Liam Kauthen, VMI (SoCon)",Fr.,LB,10,2
39,"Quantravis Kelly, Alabama A&M (SWAC)",Jr.,LB,12,2
39,"Chris Kershner, Central Ark. (Southland)",Jr.,DB,11,2
39,"Owen Kessler, Georgetown (Patriot)",Jr.,LB,11,2
39,"Hunter Kier, Abilene Christian (Southland)",Jr.,LB,12,2
39,"Keyron Kinsler, Alcorn (SWAC)",So.,DB,12,2
39,"Anthony Koclanakis, Murray St. (OVC)",Jr.,LB,12,2
39,"Brayden Konkol, Montana St. (Big Sky)",Sr.,DB,15,2
39,"Niko Kvietkus, New Hampshire (CAA)",So.,DL,11,2
39,"Jaleel Laguins, Samford (SoCon)",Jr.,LB,12,2
39,"Dylan Ledbetter, Eastern Wash. (Big Sky)",Sr.,DL,12,2
39,"Da'Jon Lee, Saint Francis (PA) (NEC)",Sr.,LB,12,2
39,"Jason Lewan, Illinois St. (MVFC)",So.,DL,15,2
39,"Franklin McCain III, N.C. A&T (MEAC)",Jr.,DB,9,2
39,"Sam McCloskey, Lehigh (Patriot)",Sr.,DB,11,2
39,"Jadrian McGraw, Texas Southern (SWAC)",Fr.,LB,9,2
39,"K.J. Milner, Western Caro. (SoCon)",So.,DL,11,2
39,"Devin Mines, Gardner-Webb (Big South)",Sr.,DB,8,2
39,"Cash Mitchell, Youngstown St. (MVFC)",Sr.,LB,11,2
39,"Inoke Moala, Indiana St. (MVFC)",Sr.,LB,12,2
39,"Chris Monroe, Alcorn (SWAC)",Jr.,DL,13,2
39,"Tyler Moore, Kennesaw St. (Big South)",So.,DL,12,2
39,"Solomon Muhammad, Alcorn (SWAC)",Sr.,LB,13,2
39,"Jarrett Nagy, Presbyterian (Big South)",So.,LB,12,2
39,"Drew Nickles, Delaware (CAA)",So.,LB,12,2
39,"George Obinna, Sacramento St. (Big Sky)",Sr.,DL,13,2
39,"Marco Olivas, Lafayette (Patriot)",Fr.,LB,12,2
39,"Adrian Otero, Maine (CAA)",So.,LB,12,2
39,"Isaac  Peppers, Ark.-Pine Bluff (SWAC)",So.,LB,11,2
39,"Camron Peterson, McNeese (Southland)",So.,DL,11,2
39,"D.J. Phillips, Florida A&M (MEAC)",Jr.,QB,8,2
39,"Allen Pittman, Nicholls (Southland)",Sr.,LB,12,2
39,"Evan Powell, Monmouth (Big South)",Sr.,LB,12,2
39,"Bobby Price, Norfolk St. (MEAC)",Sr.,DB,12,2
39,"Lecharles Pringle, Alcorn (SWAC)",Jr.,DB,13,2
39,"Izon Pulley, Robert Morris (NEC)",Jr.,DL,12,2
39,"Ethan Ray, Charleston So. (Big South)",Jr.,LS,12,2
39,"Darien Reynolds, Gardner-Webb (Big South)",Jr.,LB,12,2
39,"Daterraion Richardson, Southeast Mo. St. (OVC)",Jr.,DL,13,2
39,"Melvin Rouse II, Yale (Ivy League)",Jr.,DB,10,2
39,"Christian Rozeboom, South Dakota St. (MVFC)",Sr.,LB,13,2
39,"Delano Salgado, Georgetown (Patriot)",So.,DB,11,2
39,"Danzell Sims, Sam Houston (Southland)",Jr.,LB,12,2
39,"Marquis Smith, Western Ill. (MVFC)",Jr.,DB,10,2
39,"Makye Smith, Stony Brook (CAA)",So.,DL,12,2
39,"Ty Sponseller, Elon (CAA)",Jr.,LB,11,2
39,"Shawn Steele, Ark.-Pine Bluff (SWAC)",Jr.,DB,11,2
39,"Corey Stefanik, Holy Cross (Patriot)",Sr.,DB,13,2
39,"Matt Stephenson, Texas Southern (SWAC)",Jr.,CB,11,2
39,"Stephen Stokes, N.C. Central (MEAC)",Sr.,DB,12,2
39,"Chucky Sullivan, Southern Ill. (MVFC)",Jr.,DL,12,2
39,"Vaughn Taylor, Jr., Morehead St. (Pioneer)",Jr.,DL,12,2
39,"Seth Thomas, UNI (MVFC)",Sr.,DL,14,2
39,"Sedrick Thomas, Idaho (Big Sky)",Sr.,DB,10,2
39,"Donnelle Thomas, Alabama St. (SWAC)",So.,DB,5,2
39,"Tracy Thompkins, Mississippi Val. (SWAC)",Sr.,DB,11,2
39,"Matt Thompson, Indiana St. (MVFC)",Jr.,LB,12,2
39,"Brendan Thompson, Duquesne (NEC)",Sr.,LB,11,2
39,"Jonah Tibbs, Furman (SoCon)",Sr.,DL,13,2
39,"Jack Traynor, Dartmouth (Ivy League)",Sr.,LB,10,2
39,"Nigel Walton, Murray St. (OVC)",Sr.,DB,10,2
39,"Malachi Washington, Morgan St. (MEAC)",Sr.,DL,12,2
39,"Kayon Whitaker, Maine (CAA)",Sr.,DL,12,2
39,"Jamehl Wiley, Maine (CAA)",So.,DL,12,2
39,"Traco Williams, Jacksonville St. (OVC)",Sr.,DB,12,2
39,"Xavior Williams, UNI (MVFC)",Jr.,DB,15,2
39,"Anton Williams, Charleston So. (Big South)",Jr.,DL,10,2
39,"Jonah Williams, Weber St. (Big Sky)",Sr.,DL,15,2
39,"C.J. Winston, Chattanooga (SoCon)",Jr.,LB,12,2
