Rank,Player,Cl,Pos,G,Fum Rec
1,"Noah Fitzgerald, Fordham (Patriot)",So.,LB,11,4
1,"Xavier Stephens, Northern Ariz. (Big Sky)",Sr.,LB,9,4
3,"Mike Basile, Monmouth (Big South)",Jr.,DB,11,3
3,"Marshaun Cameron, Northern Colo. (Big Sky)",So.,DB,11,3
3,"Brendan Cole, Hampton (MEAC)",Jr.,DB,11,3
3,"Adrian Contreras, Sam Houston (Southland)",So.,DB,13,3
3,"Samson Ebukam, Eastern Wash. (Big Sky)",Sr.,DL,14,3
3,"Luke Ford, Holy Cross (Patriot)",Sr.,DB,11,3
3,"Alpha Jalloh, Liberty (Big South)",Sr.,DB,11,3
3,"Solomon Leaeno, Saint Francis (PA) (NEC)",Sr.,LB,12,3
3,"Max Lyons, Southeastern La. (Southland)",Jr.,DB,11,3
3,"Donovan McCray, Grambling (SWAC)",Sr.,DL,12,3
3,"Paul Mckeiver, South Carolina St. (MEAC)",---,,10,3
3,"Michael Nicastro, UAlbany (CAA)",Sr.,LB,11,3
3,"Myles Overton, Northern Colo. (Big Sky)",Sr.,DL,11,3
3,"Josh Poplar, Tennessee Tech (OVC)",So.,LB,11,3
3,"Derek Rivers, Youngstown St. (MVFC)",Sr.,DL,16,3
3,"Gee Stanley, Robert Morris (NEC)",Fr.,LB,11,3
3,"Bradley Street, Alabama St. (SWAC)",Sr.,DB,11,3
3,"Charles Tutt, James Madison (CAA)",So.,DB,15,3
3,"Zachary Wade, Murray St. (OVC)",Jr.,DB,10,3
3,"Jaison Williams, Austin Peay (OVC)",---,DE,10,3
3,"Avery Worsham, Western Caro. (SoCon)",Sr.,DL,11,3
24,"Darryl Adams, Nicholls (Southland)",So.,DB,11,2
24,"Pat Afriyie, Colgate (Patriot)",Jr.,DL,10,2
24,"Darien Anderson, Alcorn (SWAC)",Sr.,LB,11,2
24,"Aaquil Annoor, Furman (SoCon)",So.,DB,11,2
24,"Eldin Anu, Robert Morris (NEC)",---,WR,11,2
24,"Tolen Avery, Liberty (Big South)",So.,DL,11,2
24,"David Barletta, Fordham (Patriot)",Sr.,LB,11,2
24,"Lucas Bavaro, Dartmouth (Ivy League)",Sr.,DB,10,2
24,"Davion Belk, Stetson (Pioneer)",Sr.,DL,11,2
24,"Mac Bignell, Montana St. (Big Sky)",Jr.,LB,11,2
24,"Jamerson Blount, Samford (SoCon)",Sr.,DB,12,2
24,"Colt Briggs, Morehead St. (Pioneer)",Sr.,DL,11,2
24,"Shaquan Brock, South Carolina St. (MEAC)",Sr.,DB,11,2
24,"Braxton Brown, Florida A&M (MEAC)",---,RCB,11,2
24,"Antonio Brown, N.C. Central (MEAC)",Jr.,DL,12,2
24,"Jamespaul Bryant, Prairie View (SWAC)",Sr.,LB,11,2
24,"Elijah Campbell, UNI (MVFC)",So.,DB,11,2
24,"Nathan Campbell, Davidson (Pioneer)",So.,DB,11,2
24,"Percy Cargo, Grambling (SWAC)",So.,DB,11,2
24,"Hayden Carlson, Yale (Ivy League)",Jr.,DB,10,2
24,"Darrious Carter, James Madison (CAA)",So.,DL,15,2
24,"Maleek Catchings, Presbyterian (Big South)",So.,DL,11,2
24,"Sandy Chapman, Norfolk St. (MEAC)",Sr.,DB,11,2
24,"Rayshan Clark, UAlbany (CAA)",Sr.,DB,11,2
24,"Fletcher Collins, Montana St. (Big Sky)",Sr.,LB,11,2
24,"Ryan Cottrell, Sacred Heart (NEC)",Sr.,DL,11,2
24,"Joe Crochet, The Citadel (SoCon)",Sr.,LB,12,2
24,"Davion Davis, Sam Houston (Southland)",So.,WR,13,2
24,"Quinlen Dean, New Hampshire (CAA)",Fr.,LB,12,2
24,"D'Shawn Dexter, UNI (MVFC)",Sr.,DB,11,2
24,"Garrett Dolan, Houston Christian (Southland)",Jr.,LB,11,2
24,"Aaron Donalson, Delaware (CAA)",So.,DL,10,2
24,"Taquan Evans, Eastern Ky. (OVC)",So.,DL,10,2
24,"Tanner Evans, Drake (Pioneer)",Sr.,DL,11,2
24,"Jared Farley, UNI (MVFC)",Jr.,LB,11,2
24,"Jaylan Foster, Gardner-Webb (Big South)",Fr.,DB,11,2
24,"Ryan Francis, VMI (SoCon)",Jr.,LB,10,2
24,"Jai Franklin, Morgan St. (MEAC)",So.,DL,9,2
24,"John Franklin, SFA (Southland)",---,DE,11,2
24,"Kurt Frimel, Cornell (Ivy League)",Jr.,LB,10,2
24,"Treyon Garnett, Alabama St. (SWAC)",Jr.,DB,11,2
24,"Pierre Gee-Tucker, North Dakota St. (MVFC)",Sr.,LB,12,2
24,"Greg Gibson, Morgan St. (MEAC)",Jr.,LB,11,2
24,"Laron Glenn, Gardner-Webb (Big South)",Jr.,DL,8,2
24,"Jammerio Gross-Whitaker, McNeese (Southland)",Fr.,DL,11,2
24,"Chris Hagan, Dayton (Pioneer)",Sr.,DB,11,2
24,"Khalid Hagens, UT Martin (OVC)",Jr.,DB,12,2
24,"Dylan Hamilton, Alabama A&M (SWAC)",So.,DB,11,2
24,"Spencer Hammitt, San Diego (Pioneer)",Jr.,DL,12,2
24,"Aaron Harris, Samford (SoCon)",So.,LB,12,2
24,"Carter Henderson, Duquesne (NEC)",Jr.,LB,11,2
24,"Quaron Hillard, Savannah St. (MEAC)",Jr.,DL,8,2
24,"Syd Holt, Campbell (Pioneer)",Sr.,DL,10,2
24,"Skyler Hulse, Missouri St. (MVFC)",So.,DL,10,2
24,"Paul Hunter, ETSU (SoCon)",Jr.,DB,11,2
24,"Juan Jackson, Central Ark. (Southland)",So.,DB,13,2
24,"Darius Jackson, Jacksonville St. (OVC)",Jr.,LB,12,2
24,"David Johnson, Eastern Ill. (OVC)",Jr.,DL,8,2
24,"Caleb Kidder, Montana (Big Sky)",Sr.,DL,11,2
24,"Tanoh Kpassagnon, Villanova (CAA)",Sr.,DL,13,2
24,"Randall LaGuerrre, Central Conn. St. (NEC)",Jr.,LB,11,2
24,"Dave Lazear, Stetson (Pioneer)",Sr.,LB,11,2
24,"Darnell Leslie, Monmouth (Big South)",Sr.,DL,11,2
24,"Abner Logan, UAlbany (CAA)",Sr.,LB,11,2
24,"Charles Mack, Richmond (CAA)",Sr.,DB,14,2
24,"Ian McBorrough, Morgan St. (MEAC)",Fr.,LB,11,2
24,"Eric Meile, Dartmouth (Ivy League)",Jr.,LB,10,2
24,"Greg Menard, North Dakota St. (MVFC)",Jr.,DL,14,2
24,"Colin Mertlik, South Dakota (MVFC)",Sr.,DL,11,2
24,"Donald Mesier, Youngstown St. (MVFC)",Jr.,DL,16,2
24,"Tarri Mitchell, SFA (Southland)",---,CB,10,2
24,"Santiago Montoya, Sam Houston (Southland)",Fr.,LB,12,2
24,"Quentin Moon, Western Ill. (MVFC)",So.,LB,11,2
24,"Jet Moreland, South Dakota (MVFC)",Sr.,LB,11,2
24,"Alec Moreno, San Diego (Pioneer)",Jr.,LB,12,2
24,"Jordan Mynatt, Towson (CAA)",Sr.,LB,11,2
24,"Carlton Nash, Central Conn. St. (NEC)",Sr.,DB,11,2
24,"Matthew Nicholson, VMI (SoCon)",Sr.,DB,10,2
24,"Joe Njoku, Eastern Wash. (Big Sky)",Sr.,DB,12,2
24,"George Odum, Central Ark. (Southland)",Jr.,DB,13,2
24,"Ebenezer Ogundeko, Tennessee St. (OVC)",Jr.,DL,8,2
24,"Birk Olson, Princeton (Ivy League)",Sr.,LB,10,2
24,"Montrell Pardue, Chattanooga (SoCon)",So.,DB,13,2
24,"Corey Parker, William & Mary (CAA)",Fr.,DB,11,2
24,"Donald Payne, Stetson (Pioneer)",Sr.,DB,10,2
24,"Allen Perryman, Sacramento St. (Big Sky)",---,,10,2
24,"Allen Pittman, Nicholls (Southland)",Fr.,LB,11,2
24,"Kevin Prather, Jr., UT Martin (OVC)",So.,LB,12,2
24,"Tysen Prunty, Eastern Wash. (Big Sky)",Fr.,DB,13,2
24,"Jake Radziukinas, Duquesne (NEC)",Sr.,DL,11,2
24,"Dylan Renaker, Alabama St. (SWAC)",So.,OL,11,2
24,"Cole Reyes, North Dakota (Big Sky)",Jr.,DB,10,2
24,"Henry Schlossberg, Princeton (Ivy League)",Sr.,DL,10,2
24,"Immanuel Anderson, Sacramento St. (Big Sky)",So.,DL,11,2
24,"Savon Smith, Youngstown St. (MVFC)",So.,DL,15,2
24,"Drew Snouffer, Valparaiso (Pioneer)",So.,LB,11,2
24,"Ben Sorensen, Sacramento St. (Big Sky)",Jr.,DL,11,2
24,"Vince Speller, Eastern Ill. (OVC)",Jr.,DB,11,2
24,"Zack Starnes, SFA (Southland)",Sr.,DB,11,2
24,"George Stone III, SFA (Southland)",Sr.,LB,11,2
24,"Reggie Stubblefield, Prairie View (SWAC)",---,,9,2
24,"Justin Thomas-Thornton, Jacksonville St. (OVC)",So.,DL,12,2
24,"Jameer Thurman, Indiana St. (MVFC)",Sr.,DB,11,2
24,"Juwuan Tolbert, Savannah St. (MEAC)",Jr.,DB,9,2
24,"Roshaud Turner, Southern U. (SWAC)",Sr.,LB,11,2
24,"William Twyman, Brown (Ivy League)",Sr.,LB,10,2
24,"Dylan Weigel, ETSU (SoCon)",So.,LB,11,2
24,"Shayne White, Stetson (Pioneer)",Jr.,DL,11,2
24,"Adam Wollet, Robert Morris (NEC)",So.,LB,11,2
24,"Tyler Woodley, Florida A&M (MEAC)",So.,DB,7,2
24,"Trevor Wright, Chattanooga (SoCon)",Jr.,WR,12,2
24,"Diego Zubieta, Monmouth (Big South)",So.,LB,11,2
