Rank,Player,Cl,Pos,G,Fum Rec
1,"William Harris, Boston College (ACC)",Jr.,DB,13,4
1,"Brody Hoying, Eastern Mich. (MAC)",So.,DB,11,4
1,"Brian Keyes, UNLV (Mountain West)",Sr.,LB,12,4
4,"Cody Barton, Utah (Pac-12)",Jr.,LB,13,3
4,"Alex Briones, Central Mich. (MAC)",Jr.,LB,13,3
4,"T.J. Brunson, South Carolina (SEC)",So.,LB,13,3
4,"Bryce Canady, FIU (C-USA)",Sr.,DB,13,3
4,"Lorenzo Carter, Georgia (SEC)",Sr.,LB,15,3
4,"Stefan Claiborne, Western Mich. (MAC)",So.,DB,11,3
4,"Ben DeLuca, Charlotte (C-USA)",So.,DB,11,3
4,"Danny Ezechukwu, Purdue (Big Ten)",Sr.,LB,13,3
4,"Chris Frey, Michigan St. (Big Ten)",Sr.,LB,13,3
4,"Rashaan Gaulden, Tennessee (SEC)",Jr.,DB,12,3
4,"Brandon Harris, Bowling Green (MAC)",Jr.,DB,12,3
4,"Shamad Lomax, New Mexico St. (Independent)",So.,DB,11,3
4,"Cassh Maluia, Wyoming (Mountain West)",So.,LB,13,3
4,"D.J. Palmore, Navy (AAC)",Sr.,LB,13,3
4,"Jake Rothschiller, New Mexico (Mountain West)",Sr.,DB,12,3
4,"Sutton Smith, NIU (MAC)",So.,DL,13,3
4,"Robert Taylor, Washington St. (Pac-12)",Sr.,DB,13,3
4,"Jalen Thompson, Washington St. (Pac-12)",So.,DB,13,3
4,"Pat Toal, Old Dominion (C-USA)",Jr.,DL,12,3
4,"Drue Tranquill, Notre Dame (FBS Independent)",Sr.,DB,13,3
4,"Robert Windsor, Penn St. (Big Ten)",So.,DL,13,3
4,"Anthony Wint, FIU (C-USA)",Sr.,LB,12,3
26,"Ethan Aguayo, San Jose St. (Mountain West)",So.,LB,10,2
26,"Jeffrey Allison, Fresno St. (Mountain West)",So.,LB,14,2
26,"Ugochukwu Amadi, Oregon (Pac-12)",Jr.,DB,13,2
26,"Bradlee Anae, Utah (Pac-12)",So.,DL,13,2
26,"Baylen Baker, UTSA (C-USA)",So.,DL,11,2
26,"Jerome Baker, Ohio St. (Big Ten)",Jr.,LB,13,2
26,"Kyle Ball, Kansas St. (Big 12)",So.,DL,11,2
26,"Thomas Barber, Minnesota (Big Ten)",So.,LB,12,2
26,"La'Kel Bass, UTSA (C-USA)",Sr.,LB,11,2
26,"Zach Befort, South Alabama (Sun Belt)",Sr.,DL,12,2
26,"Mike Bell, Fresno St. (Mountain West)",So.,DB,12,2
26,"Keishawn Bierria, Washington (Pac-12)",Sr.,LB,13,2
26,"Kevin Bletzer, Boston College (ACC)",Jr.,LB,12,2
26,"Eric Boggs, App State (Sun Belt)",Sr.,LB,13,2
26,"John Bonney, Texas (Big 12)",Jr.,DB,13,2
26,"Kenneth Brinson, Army West Point (FBS Independent)",Jr.,LB,13,2
26,"Joe Brown, Western Ky. (C-USA)",Sr.,DB,11,2
26,"Malcolm Buggs, South Alabama (Sun Belt)",Jr.,DB,9,2
26,"Deshawn Capers-Smith, Texas A&M (SEC)",Jr.,DB,13,2
26,"TJ Carter, Memphis (AAC)",Fr.,DB,13,2
26,"Caleb Caston, Arkansas St. (Sun Belt)",Sr.,DL,12,2
26,"Javon Charleston, South Carolina (SEC)",So.,DB,13,2
26,"Douglas Coleman, Texas Tech (Big 12)",So.,DB,12,2
26,"Cayson Collins, North Carolina (ACC)",Sr.,LB,11,2
26,"Jonathan Cook, Memphis (AAC)",Sr.,DB,13,2
26,"Jashon Cornell, Ohio St. (Big Ten)",Jr.,DL,13,2
26,"James Crawford, Illinois (Big Ten)",Sr.,LB,9,2
26,"Shaun Crawford, Notre Dame (FBS Independent)",Jr.,DB,12,2
26,"Maxx Crosby, Eastern Mich. (MAC)",So.,DL,12,2
26,"Deshaun Davis, Auburn (SEC)",Jr.,LB,14,2
26,"Antwuan Davis, Texas (Big 12)",Sr.,DB,13,2
26,"Dion Dawson, Eastern Mich. (MAC)",Sr.,DL,10,2
26,"Chris DeLaRosa, Ga. Southern (Sun Belt)",Sr.,LB,12,2
26,"Malik Demby, New Mexico St. (Independent)",Jr.,DB,11,2
26,"Michael Divinity Jr., LSU (SEC)",So.,LB,11,2
26,"Devante Downs, California (Pac-12)",Sr.,LB,7,2
26,"Cooper Edmiston, Tulsa (AAC)",So.,LB,12,2
26,"Lui Fa'amasino, New Mexico St. (Independent)",Jr.,LB,10,2
26,"Joe Ferguson, Wisconsin (Big Ten)",Sr.,DB,14,2
26,"Damarcus Fields, Texas Tech (Big 12)",Fr.,DB,13,2
26,"Demetrius Flannigan-Fowles, Arizona (Pac-12)",Jr.,DB,13,2
26,"Noah Furbush, Michigan (Big Ten)",Sr.,LB,13,2
26,"Jonathan Garvin, Miami (FL) (ACC)",Fr.,DL,12,2
26,"Kyle Gibson, UCF (AAC)",Jr.,DB,13,2
26,"Tyrell Gilbert, Cincinnati (AAC)",Jr.,DB,12,2
26,"Denzel Goolsby, Kansas St. (Big 12)",So.,DB,13,2
26,"Frankie Griffin, Texas St. (Sun Belt)",Jr.,LB,12,2
26,"Shaquem Griffin, UCF (AAC)",Sr.,LB,13,2
26,"Briston Guidry, Arkansas (SEC)",Fr.,DL,11,2
26,"Austin Hall, Memphis (AAC)",So.,LB,13,2
26,"Chase Hancock, Marshall (C-USA)",Jr.,LB,13,2
26,"Armond Hawkins, Idaho (Sun Belt)",Sr.,DB,12,2
26,"Daelin Hayes, Notre Dame (FBS Independent)",So.,DL,13,2
26,"George Helmuth, Fresno St. (Mountain West)",Jr.,LB,14,2
26,"Nick Heninger, Utah (Pac-12)",Fr.,DL,13,2
26,"Farrell Hester II, UNLV (Mountain West)",Fr.,LB,11,2
26,"Trevon Hill, Virginia Tech (ACC)",So.,DL,13,2
26,"Boobie Hobbs, Utah (Pac-12)",Sr.,DB,13,2
26,"Jalen Hoover, Idaho (Sun Belt)",Fr.,DB,12,2
26,"Tyler Horton, Boise St. (Mountain West)",Jr.,DB,13,2
26,"Leon Jacobs, Wisconsin (Big Ten)",Sr.,LB,14,2
26,"Jaquan Johnson, Miami (FL) (ACC)",Jr.,DB,13,2
26,"Michael Johnson, Arkansas St. (Sun Belt)",Jr.,DB,12,2
26,"Tony Jones, Texas Tech (Big 12)",Jr.,DL,13,2
26,"Kingsley Keke, Texas A&M (SEC)",Jr.,DL,13,2
26,"Caleb Kelly, Oklahoma (Big 12)",So.,LB,14,2
26,"Javon Kinlaw, South Carolina (SEC)",So.,DL,13,2
26,"Micah Kiser, Virginia (ACC)",Sr.,LB,13,2
26,"Brad Koenig, Miami (OH) (MAC)",Jr.,DB,12,2
26,"Sky Logan, UTEP (C-USA)",Sr.,DL,11,2
26,"James Looney, California (Pac-12)",Sr.,DL,12,2
26,"Courtney Love, Kentucky (SEC)",Sr.,LB,13,2
26,"Sonatane Lui, Boise St. (Mountain West)",So.,DL,13,2
26,"Frankie Luvu, Washington St. (Pac-12)",Sr.,LB,13,2
26,"Sidney Malauulu, Wyoming (Mountain West)",Jr.,DL,7,2
26,"Jacob Martin, Temple (AAC)",Sr.,DL,13,2
26,"Kamal Martin, Minnesota (Big Ten)",So.,LB,12,2
26,"Jamal Milan, Illinois (Big Ten)",So.,DL,10,2
26,"Kyran Mitchell, SMU (AAC)",Jr.,LB,13,2
26,"Jarius Morehead, NC State (ACC)",So.,DB,13,2
26,"Navon Mosley, Purdue (Big Ten)",So.,DB,13,2
26,"Emeka Ndoh, Fresno St. (Mountain West)",Jr.,DL,12,2
26,"Dorian O'Daniel, Clemson (ACC)",Sr.,LB,14,2
26,"Ogbonnia Okoronkwo, Oklahoma (Big 12)",Sr.,LB,14,2
26,"Jalen Ortiz, Wyoming (Mountain West)",Sr.,DB,13,2
26,"Steven Parker, Oklahoma (Big 12)",Sr.,DB,14,2
26,"Brian Peavy, Iowa St. (Big 12)",Jr.,DB,13,2
26,"Harrison Phillips, Stanford (Pac-12)",Sr.,DL,14,2
26,"Quentin Poling, Ohio (MAC)",Sr.,LB,13,2
26,"Kevin Prosser, Wyoming (Mountain West)",Jr.,DL,12,2
26,"Jeremy Reaves, South Alabama (Sun Belt)",Sr.,DB,12,2
26,"Christian Rector, Southern California (Pac-12)",So.,DL,12,2
26,"D.J. Reed, Kansas St. (Big 12)",Jr.,DB,11,2
26,"J.R. Reed, Georgia (SEC)",So.,DB,15,2
26,"Tyree Robinson, Oregon (Pac-12)",Sr.,DB,12,2
26,"Delano Robinson, SMU (AAC)",Fr.,DB,12,2
26,"Isaiah Rodgers, Massachusetts (FBS Independent)",So.,DB,12,2
26,"Asauni Rufus, Nevada (Mountain West)",Jr.,DB,9,2
26,"Tegray Scales, Indiana (Big Ten)",Sr.,LB,12,2
26,"Hausia Sekona, Nevada (Mountain West)",So.,DB,12,2
26,"Gabe Sewell, Nevada (Mountain West)",So.,LB,11,2
26,"Anthony Sherrils, Missouri (SEC)",Sr.,DB,11,2
26,"Jeffery Simmons, Mississippi St. (SEC)",So.,DL,13,2
26,"Roquan Smith, Georgia (SEC)",Jr.,LB,15,2
26,"Kahani Smith, UTEP (C-USA)",Jr.,DB,12,2
26,"Marquiss Spencer, Mississippi St. (SEC)",So.,LB,13,2
26,"Mitch Stanitzek, Central Mich. (MAC)",Jr.,DL,13,2
26,"Robert Stanley, Fresno St. (Mountain West)",Sr.,DL,14,2
26,"Kentavius Street, NC State (ACC)",Sr.,DL,13,2
26,"Suli Tamaivena, Utah St. (Mountain West)",Jr.,LB,13,2
26,"Justus Te'i, Utah St. (Mountain West)",So.,LB,12,2
26,"Mychealon Thomas, Texas Tech (Big 12)",Sr.,DL,13,2
26,"Ambry Thomas, Michigan (Big Ten)",Fr.,DB,13,2
26,"Lamarques Thomas, Louisville (ACC)",So.,DB,13,2
26,"Wesley Thompson, ULM (Sun Belt)",Jr.,DB,12,2
26,"Jacob Tuioti-Mariner, UCLA (Pac-12)",Sr.,DL,13,2
26,"Kemoko Turay, Rutgers (Big Ten)",Sr.,DL,12,2
26,"A.J. Turner, South Carolina (SEC)",So.,RB,13,2
26,"Bright Ugwoegbu, Oregon St. (Pac-12)",Jr.,LB,12,2
26,"Denzil Ware, Kentucky (SEC)",Jr.,DL,12,2
26,"Armani Watts, Texas A&M (SEC)",Sr.,DB,13,2
26,"Damon Webb, Ohio St. (Big Ten)",Sr.,DB,14,2
26,"Kenny Willekes, Michigan St. (Big Ten)",So.,DL,13,2
26,"Darrell Williams, Auburn (SEC)",Jr.,LB,14,2
26,"Jaboree Williams, Wake Forest (ACC)",Sr.,LB,13,2
26,"Petera Wilson Jr., Tulsa (AAC)",Sr.,LB,11,2
26,"Chase Winovich, Michigan (Big Ten)",Sr.,DL,13,2
26,"Ja'Wuan Woodley, Toledo (MAC)",Sr.,LB,14,2
