Rank,Player,Cl,Pos,G,Fum Rec
1,"Kam Brinson, Furman (SoCon)",Jr.,DB,13,4
2,"Richard Akers, McNeese (Southland)",Fr.,DB,10,3
2,"Elijah Anderson-Taylor, Northern Colo. (Big Sky)",So.,LB,11,3
2,"Tahir Annoor, Wofford (SoCon)",Sr.,DB,11,3
2,"Edward Bobino, SFA (ASUN)",So.,DE,11,3
2,"Donnell Brown, Saint Francis (PA) (NEC)",So.,DL,12,3
2,"Cole Coleman, Elon (CAA)",Sr.,DB,7,3
2,"Dawson De Iuliis, Princeton (Ivy League)",Sr.,DB,10,3
2,"Kevin Ellis, Missouri St. (MVFC)",Sr.,DL,11,3
2,"Kavian Gaither, Sam Houston (WAC)",So.,LB,9,3
2,"Cooper Krezek, Morehead St. (Pioneer)",Jr.,DB,11,3
2,"Enos Lewis, McNeese (Southland)",Sr.,DB,9,3
2,"Stevonte Tullis, Jacksonville St. (ASUN)",Sr.,LB,11,3
14,"Ayodele Adeoye, Sacramento St. (Big Sky)",Sr.,DL,13,2
14,"Carlos Allen, Kennesaw St. (ASUN)",Jr.,DL,11,2
14,"Liam Anderson, Holy Cross (Patriot)",Sr.,LB,13,2
14,"Joe Andreessen, Bryant (Big South)",Sr.,LB,11,2
14,"E.J. Ane, Portland St. (Big Sky)",Sr.,DL,11,2
14,"Kelechi Anyalebechi, UIW (Southland)",Sr.,LB,14,2
14,"Sydney Audiger, Robert Morris (Big South)",Sr.,DB,11,2
14,"Cameron Baker, UNI (MVFC)",So.,LB,7,2
14,"Aaron Banks, Richmond (CAA)",Sr.,DB,13,2
14,"Jalen Bell, Mississippi Val. (SWAC)",Jr.,DL,11,2
14,"Demaurez Bellamy, Alabama St. (SWAC)",So.,S,11,2
14,"Garland Benyard, Kennesaw St. (ASUN)",So.,LB,11,2
14,"Ty Boeck, Chattanooga (SoCon)",Sr.,LB,11,2
14,"Kam Bowdry, Southern Ill. (MVFC)",So.,DL,10,2
14,"Marquis Britten, Grambling (SWAC)",Jr.,DB,4,2
14,"Jahlil Brown, Central Conn. St. (NEC)",Sr.,DB,11,2
14,"Jamari Brown, Gardner-Webb (Big South)",Sr.,DB,13,2
14,"Jihad Brown, Idaho St. (Big Sky)",So.,CB,10,2
14,"Tony Brown, Robert Morris (Big South)",So.,LB,11,2
14,"Malik Busby, Presbyterian (Pioneer)",Jr.,DT,11,2
14,"Antonio Carter II, Rhode Island (CAA)",So.,DB,11,2
14,"Demetrius Charles, Central Ark. (ASUN)",So.,LB,11,2
14,"Breylon Charles, Lamar University (Southland)",So.,DE,9,2
14,"Kaleb Coleman, Morgan St. (MEAC)",So.,S,11,2
14,"Dean Colton, Lehigh (Patriot)",Sr.,DL,11,2
14,"Ryan Crandall, Western Ill. (MVFC)",Fr.,LB,8,2
14,"Demetrius Crosby Jr., Eastern Wash. (Big Sky)",Sr.,DB,10,2
14,"Bryce Cross, Western Ill. (MVFC)",Sr.,DB,11,2
14,"Kohner Cullimore, Southern Utah (WAC)",Fr.,LB,11,2
14,"Dante Daniel, Delaware St. (MEAC)",Sr.,LB,10,2
14,"Rodney Dansby, Houston Christian (Southland)",So.,LB,11,2
14,"Daylan Dotson, UT Martin (OVC)",Jr.,DL,11,2
14,"Antonio Doyle Jr., Jackson St. (SWAC)",Jr.,DL,7,2
14,"Zach Drummond, Drake (Pioneer)",Sr.,DB,8,2
14,"Evan Eller, VMI (SoCon)",Jr.,LB,11,2
14,"Jayden Estes, Delaware St. (MEAC)",So.,DB,11,2
14,"Carson Evans, UT Martin (OVC)",So.,S,11,2
14,"Chavon Fields, Charleston So. (Big South)",Sr.,DT,10,2
14,"Jake Fire, Rhode Island (CAA)",Sr.,LB,11,2
14,"Caleb Flagg, Houston Christian (Southland)",Fr.,S,11,2
14,"Emmanuel Flowers, Samford (SoCon)",Sr.,DB,12,2
14,"Max Franco, Valparaiso (Pioneer)",So.,DB,11,2
14,"Chance Gamble, Kennesaw St. (ASUN)",So.,DB,10,2
14,"Owen Goss, Colgate (Patriot)",Jr.,DB,7,2
14,"Jeremiah Grant, Richmond (CAA)",Jr.,DL,13,2
14,"Joseph Greaney, UAlbany (CAA)",So.,DL,11,2
14,"Connor Groff, Drake (Pioneer)",So.,DL,8,2
14,"Davoan Hawkins, Tennessee St. (OVC)",Sr.,DL,11,2
14,"Marcus Hillman, Elon (CAA)",Sr.,LB,12,2
14,"Corley Hooper, Central Ark. (ASUN)",Jr.,LB,11,2
14,"Alex Howard, Youngstown St. (MVFC)",Jr.,LB,10,2
14,"Cameron Hudson, Tennessee Tech (OVC)",Jr.,DB,9,2
14,"Jamal Irby, Alabama A&M (SWAC)",Sr.,DL,10,2
14,"Matthew Jackson, Eastern Ky. (ASUN)",Sr.,LB,10,2
14,"Vaughn Jennings, Mississippi Val. (SWAC)",Sr.,DL,10,2
14,"Remi Johnson, Monmouth (CAA)",So.,LB,11,2
14,"Syncere Jones, Ark.-Pine Bluff (SWAC)",So.,DB,10,2
14,"Aidan Kaler, Stony Brook (CAA)",Jr.,LB,11,2
14,"Miles Kauderer, Marist (Pioneer)",So.,DL,9,2
14,"Keyron Kinsler Jr., Alcorn (SWAC)",Sr.,DB,10,2
14,"Jordan Knapke, Northern Colo. (Big Sky)",So.,DB,11,2
14,"Rahmiere Knight, Duquesne (NEC)",Jr.,WR,8,2
14,"Tahj Law, Prairie View (SWAC)",Sr.,LS,7,2
14,"Zane Lewis, Delaware (CAA)",So.,WR,11,2
14,"Micheal Mason, Wofford (SoCon)",Sr.,DL,11,2
14,"William McRainey, Gardner-Webb (Big South)",Jr.,LB,13,2
14,"Aubrey Miller Jr., Jackson St. (SWAC)",Sr.,LB,13,2
14,"Tyrell Mims, Villanova (CAA)",So.,DB,11,2
14,"Tyler Moore, Sam Houston (WAC)",Sr.,DL,9,2
14,"Caleb Nartey, LIU (NEC)",Jr.,DB,9,2
14,"Caylin Newton, William & Mary (CAA)",Sr.,WR,13,2
14,"Drew Nickles, Delaware (CAA)",Sr.,LB,13,2
14,"Philip O'Connor, Richmond (CAA)",Sr.,LB,13,2
14,"Callahan O'Reilly, Montana St. (Big Sky)",Sr.,LB,14,2
14,"Ty Okada, Montana St. (Big Sky)",Sr.,DB,14,2
14,"Marco Olivas, Lafayette (Patriot)",Sr.,LB,11,2
14,"Dominick Poole, The Citadel (SoCon)",Jr.,DB,10,2
14,"Level Price Jr., Montana St. (Big Sky)",Jr.,DB,12,2
14,"Terrell Prince, Holy Cross (Patriot)",Sr.,DB,10,2
14,"Patrick Quinlivan, Bucknell (Patriot)",So.,DL,9,2
14,"Caleb Rao, Valparaiso (Pioneer)",Fr.,DB,12,2
14,"Shahid Reece, Prairie View (SWAC)",Sr.,LB,11,2
14,"Jay Rogers, UT Martin (OVC)",Jr.,DT,11,2
14,"Loshiaka Roques, North Dakota St. (MVFC)",So.,DE,14,2
14,"Killian Rosko, Sacramento St. (Big Sky)",Sr.,DL,13,2
14,"Doug Schiess, Weber St. (Big Sky)",Jr.,DL,13,2
14,"Ben Seymour, Montana St. (Big Sky)",Jr.,DE,14,2
14,"Billy Shaeffer, Lafayette (Patriot)",Sr.,LB,4,2
14,"Tyler Smith, Alcorn (SWAC)",Jr.,DL,10,2
14,"Jett Smith, Jacksonville St. (ASUN)",Fr.,S,8,2
14,"Kendren Smith, Penn (Ivy League)",Sr.,DB,10,2
14,"Dorien Starnes, VMI (SoCon)",So.,DL,10,2
14,"Jake Stebbins, Cornell (Ivy League)",Sr.,LB,10,2
14,"Jamel Stewart, Howard (MEAC)",So.,DL,11,2
14,"Evan Stewart, Rhode Island (CAA)",So.,LB,10,2
14,"Zach Strand, Southern Utah (WAC)",Sr.,DL,10,2
14,"J-Rock Swain, Jacksonville St. (ASUN)",So.,DE,11,2
14,"Jordan Toles, Morgan St. (MEAC)",Jr.,DB,10,2
14,"Jacob Washington, Northwestern St. (Southland)",Jr.,S,11,2
14,"Alex Washington, William & Mary (CAA)",So.,LB,12,2
14,"Trey Watkins, William & Mary (CAA)",Sr.,LB,13,2
14,"Dawson Weber, North Dakota St. (MVFC)",Sr.,S,15,2
14,"Zach West, ETSU (SoCon)",So.,LB,11,2
14,"Chris Whittaker, UIW (Southland)",Sr.,DL,14,2
14,"Abraham Williams, Weber St. (Big Sky)",So.,CB,12,2
14,"Keenan Wolf, Morehead St. (Pioneer)",So.,LB,10,2
