Rank,Player,Cl,Pos,G,Fum Rec
1,"Keishawn Bierria, Washington (Pac-12)",Jr.,LB,14,5
2,"Jonathan Crawford, Indiana (Big Ten)",So.,WR,13,4
2,"Zach Cunningham, Vanderbilt (SEC)",Jr.,LB,13,4
2,"Chase Hansen, Utah (Pac-12)",So.,DB,13,4
2,"Patrick Levels, Baylor (Big 12)",Sr.,DB,13,4
2,"Elcee Refuge, Kent St. (MAC)",Sr.,LB,12,4
2,"Connor Strachan, Boston College (ACC)",Jr.,LB,12,4
8,"Micah Abernathy, Tennessee (SEC)",So.,DB,12,3
8,"Jonathan Allen, Alabama (SEC)",Sr.,DL,15,3
8,"Ryan Anderson, Alabama (SEC)",Sr.,LB,15,3
8,"Devante Averette, Oklahoma St. (Big 12)",Sr.,LB,13,3
8,"Dameon Baber, Nevada (Mountain West)",So.,DB,12,3
8,"Steve Casali, Massachusetts (FBS Independent)",Jr.,LB,12,3
8,"Koron Crump, Arizona St. (Pac-12)",Jr.,LB,12,3
8,"Haji Dunn, Air Force (Mountain West)",Sr.,LB,13,3
8,"Gaelin Elmore, Minnesota (Big Ten)",Jr.,DL,13,3
8,"Marcus Epps, Wyoming (Mountain West)",So.,DB,14,3
8,"Matt Galambos, Pittsburgh (ACC)",Sr.,LB,13,3
8,"Cameron Glenn, Wake Forest (ACC)",So.,DB,9,3
8,"Jeremiah Harris, Eastern Mich. (MAC)",So.,DL,13,3
8,"Chris Humes, Arkansas St. (Sun Belt)",Sr.,DB,13,3
8,"Manase Hungalu, Oregon St. (Pac-12)",Jr.,LB,11,3
8,"Charmeachealle Moore, Kansas St. (Big 12)",Sr.,LB,13,3
8,"Kenneth Olugbode, Colorado (Pac-12)",Sr.,LB,14,3
8,"M.J. Stewart, North Carolina (ACC)",Jr.,DB,13,3
8,"Robert Taylor, Washington St. (Pac-12)",Jr.,DB,12,3
8,"Sean Williams, Navy (AAC)",So.,DB,14,3
8,"Logan Wilson, Wyoming (Mountain West)",Fr.,LB,14,3
8,"Kenneth Young, UCLA (Pac-12)",Jr.,LB,12,3
30,"Montravius Adams, Auburn (SEC)",Sr.,DL,13,2
30,"Richard Allen, Tulane (AAC)",Sr.,DB,11,2
30,"Randy Allen, South Alabama (Sun Belt)",Sr.,DL,13,2
30,"Zach Allen, Boston College (ACC)",So.,DL,13,2
30,"Marcus Allen, Penn St. (Big Ten)",Jr.,DB,14,2
30,"Dorance Armstrong Jr., Kansas (Big 12)",So.,DL,12,2
30,"Ade Aruna, Tulane (AAC)",Jr.,DL,12,2
30,"Caleb Bailey, Western Mich. (MAC)",Jr.,LB,14,2
30,"Bobby Baker, Georgia St. (Sun Belt)",Sr.,DB,12,2
30,"Woody Baron, Virginia Tech (ACC)",Sr.,DL,14,2
30,"Mikey Bart, North Carolina (ACC)",Sr.,DL,13,2
30,"La'Kel Bass, UTSA (C-USA)",Jr.,LB,13,2
30,"Dillon Bates, Tennessee (SEC)",So.,LB,13,2
30,"Alex Bertando, Nevada (Mountain West)",Sr.,LB,11,2
30,"Dillon Birden, Houston (AAC)",Jr.,DB,12,2
30,"Shawn Boone, NC State (ACC)",Jr.,DB,13,2
30,"Kris Boyd, Texas (Big 12)",So.,DB,12,2
30,"Marvin Branch, Old Dominion (C-USA)",So.,LB,11,2
30,"Nathan Braster, Western Mich. (MAC)",Jr.,DL,12,2
30,"Bryson Bridges, San Jose St. (Mountain West)",So.,DL,11,2
30,"Juwan Briscoe, Georgia (SEC)",So.,DB,9,2
30,"Christian Brown, West Virginia (Big 12)",Sr.,DL,13,2
30,"Jayon Brown, UCLA (Pac-12)",Sr.,LB,12,2
30,"Torrence Brown, Penn St. (Big Ten)",So.,DL,14,2
30,"Taven Bryan, Florida (SEC)",So.,DL,13,2
30,"AJ Burdine, Miami (OH) (MAC)",Jr.,DL,13,2
30,"Chandler Burkett, Maryland (Big Ten)",Jr.,LB,13,2
30,"Mike Caprara, Pittsburgh (ACC)",Sr.,LB,10,2
30,"Lorenzo Carter, Georgia (SEC)",Jr.,LB,13,2
30,"Devin Chappell, Oregon St. (Pac-12)",Sr.,DB,12,2
30,"Jeremiah Clarke, North Carolina (ACC)",So.,DL,13,2
30,"Lavon Coleman, Washington (Pac-12)",Jr.,RB,14,2
30,"De'Andre Coley, Arkansas (SEC)",Jr.,DB,12,2
30,"Brandon Crawford, Buffalo (MAC)",Sr.,DL,12,2
30,"Aaron Davis, Georgia (SEC)",Jr.,DB,13,2
30,"Toran Davis, Ohio (MAC)",Sr.,DB,14,2
30,"Darnell Davis, Rutgers (Big Ten)",Jr.,DL,12,2
30,"Nick Dawson-Brents, Western Ky. (C-USA)",Sr.,DL,12,2
30,"Hunter Dimick, Utah (Pac-12)",Sr.,DL,13,2
30,"Isaac Dotson, Washington St. (Pac-12)",Jr.,LB,12,2
30,"Devon Earl, South Alabama (Sun Belt)",Sr.,DB,13,2
30,"Michael Edwards, Memphis (AAC)",Sr.,DL,5,2
30,"Duke Ejiofor, Wake Forest (ACC)",Jr.,DL,13,2
30,"Scott Ekpe, Minnesota (Big Ten)",Sr.,DL,13,2
30,"Deshon Elliott, Texas (Big 12)",So.,DB,11,2
30,"Kaden Elliss, Idaho (Sun Belt)",So.,LB,13,2
30,"Dwayne Eugene Jr., Arkansas (SEC)",Jr.,LB,13,2
30,"Jaylon Ferguson, Louisiana Tech (C-USA)",So.,DL,14,2
30,"Teron Fitzgerald, Texas St. (Sun Belt)",Sr.,LB,11,2
30,"Marcell Frazier, Missouri (SEC)",Jr.,DL,12,2
30,"Tipa Galeai, TCU (Big 12)",So.,DL,10,2
30,"Brandon Garner, North Texas (C-USA)",So.,LB,12,2
30,"Alohi Gilman, Navy (AAC)",Fr.,DB,14,2
30,"Frank Ginda, San Jose St. (Mountain West)",So.,LB,12,2
30,"Kevin Givens, Penn St. (Big Ten)",So.,DL,14,2
30,"Davon Godchaux, LSU (SEC)",Jr.,DL,12,2
30,"Niko Gonzalez, FIU (C-USA)",Jr.,DB,9,2
30,"James Gray, North Texas (C-USA)",Sr.,DB,13,2
30,"KJ Gray, Rutgers (Big Ten)",Fr.,DB,10,2
30,"Dre Greenlaw, Arkansas (SEC)",So.,LB,7,2
30,"Shaquem Griffin, UCF (AAC)",Jr.,LB,13,2
30,"Truman Gutapfel, Boston College (ACC)",Sr.,DL,13,2
30,"Daeshon Hall, Texas A&M (SEC)",Sr.,DL,13,2
30,"Ishmael Hargrove, Buffalo (MAC)",Jr.,LB,12,2
30,"Darius Harris, Middle Tenn. (C-USA)",Jr.,LB,13,2
30,"Ronnie Harrison, Alabama (SEC)",So.,DL,15,2
30,"Troy Hawthorne, UNLV (Mountain West)",Sr.,DB,12,2
30,"Z. Henderson, Texas A&M (SEC)",Jr.,DL,13,2
30,"Dalton Herrington, New Mexico St. (Sun Belt)",Jr.,LB,12,2
30,"B.J. Hill, NC State (ACC)",Jr.,DL,13,2
30,"Cody Hollister, Arkansas (SEC)",Sr.,WR,12,2
30,"Jalyn Holmes, Ohio St. (Big Ten)",Jr.,DL,13,2
30,"Travin Howard, TCU (Big 12)",Jr.,DB,13,2
30,"Darrien Howard, West Virginia (Big 12)",Sr.,DL,13,2
30,"Julian Huff, Minnesota (Big Ten)",So.,LB,13,2
30,"Ben Humphreys, Duke (ACC)",So.,LB,12,2
30,"Logan Hunt, Ga. Southern (Sun Belt)",So.,DL,12,2
30,"Money Hunter, Arkansas St. (Sun Belt)",Sr.,DB,13,2
30,"Cody Ippolito, Arizona (Pac-12)",Sr.,LB,6,2
30,"Adoree' Jackson, Southern California (Pac-12)",Jr.,DB,13,2
30,"Joe Jackson, Miami (FL) (ACC)",Fr.,DL,13,2
30,"Drico Johnson, UCF (AAC)",Sr.,DB,13,2
30,"John Johnson, Boston College (ACC)",Sr.,DB,13,2
30,"Tyler Johnson, ULM (Sun Belt)",So.,DL,12,2
30,"Jarron Jones, Notre Dame (FBS Independent)",---,,12,2
30,"Kevin Kavalec, Boston College (ACC)",Sr.,DL,13,2
30,"Andrew King, Army West Point (FBS Independent)",Sr.,LB,13,2
30,"Micah Kiser, Virginia (ACC)",Jr.,LB,12,2
30,"Chris Lammons, South Carolina (SEC)",Jr.,DB,13,2
30,"Tony Lashley, Idaho (Sun Belt)",So.,LB,13,2
30,"Dexter Lawrence, Clemson (ACC)",Fr.,DL,15,2
30,"Gabe Loyd, Texas St. (Sun Belt)",Jr.,LB,12,2
30,"Cameron Malveaux, Houston (AAC)",Sr.,DL,13,2
30,"Nico Marley, Tulane (AAC)",Sr.,LB,12,2
30,"Andrew Martel, UTSA (C-USA)",Fr.,DB,13,2
30,"Praise Martin-Oguike, Temple (AAC)",Sr.,DL,14,2
30,"Torren McGaster, Vanderbilt (SEC)",Sr.,DB,13,2
30,"Khalid McGee, South Fla. (AAC)",So.,DB,13,2
30,"Alonzo McGee, Georgia St. (Sun Belt)",Sr.,LB,12,2
30,"Mark McLaurin, Mississippi St. (SEC)",So.,DB,13,2
30,"Matt Milano, Boston College (ACC)",Sr.,LB,13,2
30,"Airius Moore, NC State (ACC)",Jr.,LB,13,2
30,"Damani Mosby, Kansas (Big 12)",Sr.,DL,12,2
30,"Andrew Motuapuaka, Virginia Tech (ACC)",Jr.,LB,14,2
30,"Najee Murray, Kent St. (MAC)",Sr.,DB,11,2
30,"Matt Nelson, Iowa (Big Ten)",So.,DL,13,2
30,"Parry Nickerson, Tulane (AAC)",Jr.,DB,11,2
30,"Joe Ostman, Central Mich. (MAC)",Sr.,DL,13,2
30,"Damien Packer, Hawaii (Mountain West)",Sr.,DB,14,2
30,"Peyton Pelluer, Washington St. (Pac-12)",Jr.,LB,13,2
30,"Otha Peters, Louisiana (Sun Belt)",Sr.,LB,13,2
30,"Jamiyus Pittman, UCF (AAC)",Jr.,DL,12,2
30,"Delvon Randall, Temple (AAC)",So.,DB,14,2
30,"Steven Richardson, Minnesota (Big Ten)",Jr.,DL,13,2
30,"TJ Ricks, Old Dominion (C-USA)",Sr.,LB,13,2
30,"Luke Rubenzer, California (Pac-12)",Jr.,DB,9,2
30,"Asauni Rufus, Nevada (Mountain West)",So.,DB,12,2
30,"Brandon Rutt, Arizona (Pac-12)",So.,LB,12,2
30,"Dominick Sanders, Georgia (SEC)",Jr.,DB,13,2
30,"Alonzo Saxton II, Duke (ACC)",Jr.,DB,12,2
30,"D.J. Smith, South Carolina (SEC)",Jr.,DB,13,2
30,"Maurice Smith, Georgia (SEC)",Sr.,DB,13,2
30,"Brandon Snyder, Iowa (Big Ten)",So.,DB,13,2
30,"Arnold Tarpley, Vanderbilt (SEC)",Jr.,DB,12,2
30,"Jahlani Tavai, Hawaii (Mountain West)",So.,LB,14,2
30,"Stacy Thomas, Louisville (ACC)",Jr.,LB,13,2
30,"Solomon Thomas, Stanford (Pac-12)",Jr.,DL,13,2
30,"Jaymon Thomas, South Fla. (AAC)",So.,DB,13,2
30,"Kendrick Trotter, Idaho (Sun Belt)",Sr.,DB,12,2
30,"Ty Tyler, Marshall (C-USA)",Fr.,DL,11,2
30,"Daumantas Venckus, Akron (MAC)",Sr.,DL,12,2
30,"Corey Vereen, Tennessee (SEC)",Sr.,DL,13,2
30,"Lucas Wacha, Wyoming (Mountain West)",Sr.,LB,14,2
30,"Reggie Walker, Kansas St. (Big 12)",Fr.,DL,13,2
30,"Demarcus Walker, Florida St. (ACC)",Sr.,DL,13,2
30,"Anthony Walker, Jr., Northwestern (Big Ten)",Jr.,LB,13,2
30,"Armani Watts, Texas A&M (SEC)",Jr.,DB,9,2
30,"Ladarius Wiley, Vanderbilt (SEC)",So.,DB,13,2
30,"Christian Wilkins, Clemson (ACC)",So.,DL,15,2
30,"Marcus Williams, Utah (Pac-12)",Jr.,DB,11,2
30,"Kris Williams, Texas Tech (Big 12)",Sr.,LB,11,2
30,"Chucky Williams, Louisville (ACC)",Jr.,DB,13,2
30,"Chris Williams, Louisville (ACC)",Jr.,DL,11,2
30,"Avery Williams, Temple (AAC)",Sr.,LB,14,2
30,"Howard Wilson, Houston (AAC)",So.,DB,13,2
30,"Eric Wilson, Cincinnati (AAC)",Sr.,LB,12,2
30,"Petera Wilson Jr., Tulsa (AAC)",Jr.,LB,13,2
30,"Antoine Winfield, Minnesota (Big Ten)",Fr.,DB,12,2
30,"Peter Woullard, Tulane (AAC)",So.,DL,8,2
30,"Dravious Wright, NC State (ACC)",Sr.,DB,13,2
30,"Oshane Ximines, Old Dominion (C-USA)",So.,DL,13,2
