Rank,Player,Cl,Pos,G,Fum Rec
1,"Alex Perry, Delaware St. (MEAC)",Sr.,LB,12,5
2,"Carlton Littlejohn, North Dakota St. (MVFC)",Sr.,LB,16,4
2,"Jordan Miles, N.C. Central (MEAC)",So.,LB,11,4
2,"Cody Muller, New Hampshire (CAA)",Sr.,DL,14,4
2,"Tim Wienclaw, Rhode Island (CAA)",Jr.,DB,11,4
6,"Bryan Anderson, Southern U. (SWAC)",Fr.,DB,13,3
6,"Mike Banks, Illinois St. (MVFC)",Sr.,DB,15,3
6,"Chance Barney, SFA ()",Fr.,LB,13,3
6,"Mitch Beckstead, Idaho St. (Big Sky)",Sr.,LB,12,3
6,"Tony Bell, UT Martin (OVC)",Sr.,LB,12,3
6,"Aaron Benson, Houston Christian (Southland)",---,LB,9,3
6,"Odell Benton, Elon (CAA)",Sr.,LB,12,3
6,"Kourtney Berry, Alabama St. (SWAC)",So.,LB,11,3
6,"Wayne Capers, Duquesne (NEC)",Jr.,WR,12,3
6,"Marion Chapman, Northwestern St. (Southland)",Sr.,LB,12,3
6,"Drew Cheripko, Towson (CAA)",Sr.,DL,12,3
6,"Imoan Claiborne, Northwestern St. (Southland)",Sr.,DB,11,3
6,"Justin Crull, Butler (Pioneer)",So.,DB,11,3
6,"Leroy Cummings, Coastal Carolina (Big South)",Jr.,DL,14,3
6,"Tavarus Dantzler, Bethune-Cookman (MEAC)",Sr.,LB,12,3
6,"Casey DeAndrade, New Hampshire (CAA)",So.,DB,14,3
6,"Justin Dixon, Savannah St. (MEAC)",Jr.,LB,12,3
6,"Christian Dorsey, UAlbany (CAA)",Sr.,LB,12,3
6,"John Forster, UAlbany (CAA)",So.,DL,11,3
6,"Rush Imhotep, Cornell (Ivy League)",Sr.,DB,10,3
6,"Deon King, Norfolk St. (MEAC)",Jr.,LB,12,3
6,"D. Mack, Wagner (NEC)",---,SS,11,3
6,"Rob Marshall, Montana St. (Big Sky)",Sr.,DB,13,3
6,"Steve Mercado, Lafayette (Patriot)",Jr.,DL,9,3
6,"Nick Miller, Furman (SoCon)",So.,DB,12,3
6,"C.J. Moore, N.C. Central (MEAC)",Sr.,DB,12,3
6,"Nick Newman, Liberty (Big South)",So.,LB,14,3
6,"Steve Orisakwe, Grambling (SWAC)",Sr.,LB,12,3
6,"Eric Pugh, Jr., Morehead St. (Pioneer)",Jr.,DB,12,3
6,"Taylor Reynolds, James Madison (CAA)",So.,DB,13,3
6,"George Riddick, Norfolk St. (MEAC)",Sr.,DL,12,3
6,"Kyle Sakowski, UAlbany (CAA)",Jr.,DB,12,3
6,"Kenny Scott, Liberty (Big South)",Sr.,DB,13,3
6,"Mark Sewall, Indiana St. (MVFC)",Jr.,DB,14,3
6,"Trey Thompson, Tennessee Tech (OVC)",So.,LB,11,3
6,"Kendrick Van Ackeren, Montana (Big Sky)",Jr.,LB,14,3
42,"Pat Afriyie, Colgate (Patriot)",Fr.,LB,12,2
42,"Toba Akinleye, Columbia (Ivy League)",Jr.,DL,10,2
42,"Kendell Anderson, William & Mary (CAA)",So.,RB,12,2
42,"Mike Armiento, Colgate (Patriot)",Sr.,DB,12,2
42,"Lemarkus Bailey, Mercer (SoCon)",Fr.,DB,10,2
42,"Chad Berry, Brown (Ivy League)",Jr.,LB,10,2
42,"Shawn Boone, Furman (SoCon)",Sr.,DL,8,2
42,"Kory Brown, South Carolina St. (MEAC)",---,,11,2
42,"Chris Brown, North Dakota (Big Sky)",Jr.,DB,12,2
42,"Max Busher, UNI (MVFC)",Sr.,LB,13,2
42,"Alec Carrothers, North Dakota (Big Sky)",So.,DL,12,2
42,"Matt Casey, Davidson (Pioneer)",Sr.,LB,12,2
42,"Jason Ceneus, Villanova (CAA)",So.,DB,14,2
42,"Blake Childress, Central Ark. (Southland)",Sr.,LB,12,2
42,"Rayshan Clark, UAlbany (CAA)",So.,DB,12,2
42,"Robert Copeland, Hampton (MEAC)",Sr.,DL,12,2
42,"Derek Crittenden, Montana (Big Sky)",Jr.,DL,14,2
42,"Joe Crochet, The Citadel (SoCon)",So.,LB,12,2
42,"Corey Crowder, Portland St. (Big Sky)",Sr.,LB,11,2
42,"Kionta Davis, Chattanooga (SoCon)",So.,DL,13,2
42,"Dominique Davis, Liberty (Big South)",Sr.,DL,14,2
42,"Chris Dever, Jr., Northwestern St. (Southland)",Sr.,TE,11,2
42,"Malik Diggs, The Citadel (SoCon)",So.,DB,12,2
42,"Aaron Dixon, Bryant (NEC)",Jr.,LB,11,2
42,"Brandon Dranka, North Dakota (Big Sky)",Fr.,DL,12,2
42,"Nick Drew, Campbell (Pioneer)",Jr.,DB,10,2
42,"Oshay Dunmore, Illinois St. (MVFC)",So.,LB,15,2
42,"Zach Elias, Dayton (Pioneer)",Sr.,DB,11,2
42,"Micah Eugene, Southeastern La. (Southland)",Jr.,DB,12,2
42,"Henry Fernandez, Sacramento St. (Big Sky)",Sr.,LB,12,2
42,"Ryan Francis, VMI (SoCon)",Fr.,LB,12,2
42,"Sean Fugate, Mississippi Val. (SWAC)",Sr.,DL,11,2
42,"Vinny Fuschetto, Marist (Pioneer)",Sr.,DB,11,2
42,"Ryan Gackle, Northern Colo. (Big Sky)",Sr.,LB,7,2
42,"Asante Gibson, Harvard (Ivy League)",Jr.,DB,10,2
42,"Christon Gill, Western Caro. (SoCon)",Sr.,DB,12,2
42,"Ashari Goins, McNeese (Southland)",---,,11,2
42,"Kamu Grugier-Hill, Eastern Ill. (OVC)",Jr.,LB,12,2
42,"Sertonuse Harris, Western Caro. (SoCon)",Jr.,LB,12,2
42,"Gordon Hill, Sacred Heart (NEC)",Sr.,DB,12,2
42,"Roderick Holder, Coastal Carolina (Big South)",Jr.,DL,14,2
42,"Micheal Holmes, Texas Southern (SWAC)",Sr.,DB,11,2
42,"Deandre Houston-Carson, William & Mary (CAA)",Jr.,DB,9,2
42,"Montez Hunter, Lamar University (Southland)",Sr.,DB,11,2
42,"Dayo Idowu, North Dakota (Big Sky)",Jr.,LB,12,2
42,"Alex James, VMI (SoCon)",Jr.,DB,12,2
42,"Peterson Janvier, Morgan St. (MEAC)",Jr.,DB,13,2
42,"Mitchell Jeter, The Citadel (SoCon)",Jr.,DL,12,2
42,"Ronnie Jones Jr., Lamar University (Southland)",Jr.,LB,12,2
42,"Evan Kelly, Richmond (CAA)",Sr.,DL,14,2
42,"Patrick Kenney, Bryant (NEC)",So.,LB,11,2
42,"Kevin King, Southern U. (SWAC)",Sr.,DB,9,2
42,"Joe LaBarbera, San Diego (Pioneer)",Sr.,DB,12,2
42,"Rondell Lane, Rhode Island (CAA)",Jr.,DB,9,2
42,"Donovan Layne, Indiana St. (MVFC)",Sr.,DB,12,2
42,"Solomon Leaeno, Saint Francis (PA) (NEC)",So.,LB,11,2
42,"Darius Leonard, South Carolina St. (MEAC)",---,SAM,11,2
42,"Theo Livingston, N.C. Central (MEAC)",Jr.,DB,12,2
42,"Jaleel Lorquet, Western Caro. (SoCon)",Jr.,DB,10,2
42,"Alec Lyons, Indiana St. (MVFC)",So.,DL,14,2
42,"Darius Manora, Yale (Ivy League)",So.,LB,10,2
42,"Dustin Martin, Weber St. (Big Sky)",Jr.,DL,12,2
42,"Demetrius Mason, Murray St. (OVC)",Jr.,DL,10,2
42,"Atavius Matthews, Howard (MEAC)",---,,4,2
42,"Ariane McCree, Jackson St. (SWAC)",Sr.,LB,12,2
42,"Ryan McDonald, Brown (Ivy League)",Jr.,LB,10,2
42,"Tevin McDonald, Eastern Wash. (Big Sky)",Sr.,DB,14,2
42,"Marcus McMorris, Furman (SoCon)",Sr.,LB,12,2
42,"Jovanta Mobley, Savannah St. (MEAC)",Jr.,DL,12,2
42,"Darien Moody, Alcorn (SWAC)",Jr.,DL,13,2
42,"Eriq Moore, Southeast Mo. St. (OVC)",So.,DB,12,2
42,"Martavis Moore, Central Ark. (Southland)",Jr.,DB,12,2
42,"Kyran Moore, Austin Peay (OVC)",Fr.,DL,10,2
42,"J. Moreland, James Madison (CAA)",---,,13,2
42,"Trey Morgan, Western Caro. (SoCon)",So.,DB,12,2
42,"Neil Morrison, UAlbany (CAA)",So.,RB,8,2
42,"Alex Mosley, James Madison (CAA)",Sr.,DL,13,2
42,"Sayyid Muhammad, N.C. Central (MEAC)",Sr.,DB,12,2
42,"Michael Nicastro, UAlbany (CAA)",So.,LB,12,2
42,"Andrew Opoku, Delaware (CAA)",Sr.,WR,12,2
42,"Joshua Patrick, N.C. A&T (MEAC)",Fr.,LB,12,2
42,"Donald Payne, Stetson (Pioneer)",So.,DB,12,2
42,"Terrence Pendleton, Jacksonville St. (OVC)",Sr.,DL,12,2
42,"Marquise Piton, Eastern Ky. (OVC)",Jr.,DL,13,2
42,"Garrett Powers, Georgetown (Patriot)",Jr.,DB,11,2
42,"Ryan Powers, Stetson (Pioneer)",So.,DB,12,2
42,"Will Ratelle, North Dakota (Big Sky)",Jr.,LB,12,2
42,"Harrison Reid, Tennessee Tech (OVC)",Jr.,DL,12,2
42,"Tevin Richard, South Carolina St. (MEAC)",Sr.,P,11,2
42,"Jordan Richardson, Georgetown (Patriot)",Sr.,DL,11,2
42,"Troy Roach, Grambling (SWAC)",Jr.,LB,10,2
42,"Deion Roberson, Alcorn (SWAC)",Sr.,DL,13,2
42,"Brian Ross, Furman (SoCon)",So.,DL,12,2
42,"Matthew Satchell, Georgetown (Patriot)",Jr.,LB,11,2
42,"Ryan Schwenke, Dayton (Pioneer)",Jr.,LB,10,2
42,"Joel Scott, Morgan St. (MEAC)",Fr.,LB,12,2
42,"Bret Shannon, Butler (Pioneer)",Sr.,DL,11,2
42,"Leshaun Sims, Southern Utah (Big Sky)",Jr.,DB,12,2
42,"Deandre Slate, Fordham (Patriot)",Sr.,DL,14,2
42,"Lajuan Smith, Eastern Ky. (OVC)",So.,DL,13,2
42,"Ka'Ra Stewart, Alabama St. (SWAC)",So.,DB,11,2
42,"Mike Stojkovic, Robert Morris (NEC)",Jr.,LB,11,2
42,"Nate Sudnick, Dayton (Pioneer)",So.,DB,11,2
42,"Dan Sullivan, Monmouth (Big South)",Sr.,LB,8,2
42,"Ivan Tagoe, William & Mary (CAA)",Sr.,DB,10,2
42,"Frank Tamakloe, William & Mary (CAA)",Sr.,DB,12,2
42,"Hendrick Taylor, Alcorn (SWAC)",Sr.,DB,13,2
42,"Omar Tebo, Lamar University (Southland)",So.,DL,12,2
42,"Jameer Thurman, Indiana St. (MVFC)",So.,DB,14,2
42,"Chris Urbaniak, Northern Colo. (Big Sky)",Jr.,DL,8,2
42,"Jared Velasquez, William & Mary (CAA)",Jr.,DB,12,2
42,"Marcus Wade, Hampton (MEAC)",Sr.,DB,12,2
42,"Zack Wagenmann, Montana (Big Sky)",Sr.,DL,14,2
42,"Cory Webber, Tennessee Tech (OVC)",Sr.,DB,12,2
42,"Tirell Wellmaker, Central Ark. (Southland)",So.,DB,12,2
42,"Damien Whitfield, Austin Peay (OVC)",So.,DB,12,2
42,"Dorian Williams, Princeton (Ivy League)",So.,DB,10,2
42,"Pat Williams, Villanova (CAA)",Sr.,DL,14,2
42,"Ian Williams, Fordham (Patriot)",Sr.,DB,14,2
42,"Tyler Williamson, Southern Ill. (MVFC)",Sr.,LB,12,2
42,"Eric Wright, Richmond (CAA)",Sr.,LB,14,2
42,"Khalil Young, Mississippi Val. (SWAC)",So.,DL,11,2
42,"Kyle Young, Holy Cross (Patriot)",So.,LB,12,2
