Rank,Player,Cl,Pos,G,Fum Rec
1,"Kashawn Butler, Florida A&M (MEAC)",Sr.,LB,11,4
1,"MJ Stumpf, North Dakota St. (MVFC)",Jr.,LB,15,4
1,"Brett Taylor, Western Ill. (MVFC)",So.,LB,13,4
4,"Isaac Ales, UNI (MVFC)",Sr.,DL,14,3
4,"Nick Brewer, Prairie View (SWAC)",Fr.,,10,3
4,"David Caldwell, Dartmouth (Ivy League)",Sr.,DB,10,3
4,"Connor Christian, Savannah St. (MEAC)",So.,DL,10,3
4,"James Cowser, Southern Utah (Big Sky)",Sr.,DL,12,3
4,"Marlon Crook, Jr., Fordham (Patriot)",Jr.,LB,12,3
4,"George Dawson, Fordham (Patriot)",Jr.,LB,12,3
4,"Jalen Day, Howard (MEAC)",Jr.,LB,11,3
4,"Erwin Dessources, Liberty (Big South)",Jr.,DL,10,3
4,"Makinton Dorleant, UNI (MVFC)",Sr.,DB,14,3
4,"Anthony Ellis, Charleston So. (Big South)",So.,DL,13,3
4,"Zack Fetters, William & Mary (CAA)",Sr.,LB,11,3
4,"Kamu Grugier-Hill, Eastern Ill. (OVC)",Sr.,LB,10,3
4,"Calvin Hollenhorst, Coastal Carolina (Big South)",Sr.,DL,9,3
4,"John Hugunin, Drake (Pioneer)",Sr.,LB,11,3
4,"Angelo Keyes, N.C. A&T (MEAC)",Jr.,LB,12,3
4,"Jaterious Pouncey, Grambling (SWAC)",---,,10,3
4,"Rashad Robinson, James Madison (CAA)",Fr.,DB,12,3
4,"Christian Robinson, Morehead St. (Pioneer)",So.,QB,11,3
4,"Wallace Scott, McNeese (Southland)",Sr.,DB,11,3
4,"Dimitrius Smith, Monmouth (Big South)",Sr.,DL,11,3
4,"Andrew Van Ginkel, South Dakota (MVFC)",Fr.,LB,11,3
26,"Tosin Aguebar, Mercer (SoCon)",Jr.,LB,11,2
26,"Chase Allen, Southern Ill. (MVFC)",Jr.,LB,11,2
26,"Keontre Anderson, Jackson St. (SWAC)",So.,DL,11,2
26,"Lamarvin Ashley, Alcorn (SWAC)",Sr.,WR,10,2
26,"Brandon Bailey, Savannah St. (MEAC)",So.,DB,10,2
26,"Zack Bamijoko, Texas Southern (SWAC)",Jr.,LB,9,2
26,"Rashawn Barrett, Delaware St. (MEAC)",Jr.,LB,11,2
26,"Chance Bearnson, Southern Utah (Big Sky)",So.,DL,12,2
26,"Lee Bennett, Mercer (SoCon)",So.,LB,11,2
26,"Kourtney Berry, Alabama St. (SWAC)",Jr.,LB,11,2
26,"Matt Bhaya, Holy Cross (Patriot)",Sr.,DB,11,2
26,"Marquis Boyan, N.C. A&T (MEAC)",Sr.,DB,11,2
26,"Solomon Brown, Charleston So. (Big South)",So.,LB,13,2
26,"Ethan Brunhofer, Butler (Pioneer)",So.,LB,11,2
26,"Isaiah Buehler, Mercer (SoCon)",Fr.,DL,11,2
26,"Cameron Buttermore, Colgate (Patriot)",Sr.,LB,14,2
26,"Glendrell Byrd, Mississippi Val. (SWAC)",Sr.,DL,9,2
26,"Charles Cairnie, Colgate (Patriot)",Jr.,LB,14,2
26,"Dewayne Cameron, Holy Cross (Patriot)",Jr.,DL,11,2
26,"Alex Campbell, Colgate (Patriot)",Jr.,DL,14,2
26,"Larry Carroll, Lamar University (Southland)",Jr.,DL,11,2
26,"Dustin Casey, Morehead St. (Pioneer)",Sr.,DL,11,2
26,"Tyler Cavenas, Lehigh (Patriot)",So.,DL,10,2
26,"Josh Celerin, Jacksonville (Pioneer)",Sr.,DB,11,2
26,"Joey Cicoria, Murray St. (OVC)",Sr.,LB,11,2
26,"Jessie Clark, Montana St. (Big Sky)",Jr.,DL,11,2
26,"Adrian Contreras, Sam Houston (Southland)",Fr.,DB,15,2
26,"Arkez Cooper, Grambling (SWAC)",Jr.,LB,12,2
26,"Cody Cotton, Valparaiso (Pioneer)",Sr.,DB,10,2
26,"Julian Cox, UAlbany (CAA)",Fr.,LB,11,2
26,"Joe Crochet, The Citadel (SoCon)",Jr.,DL,13,2
26,"Zane Cruz, Charleston So. (Big South)",So.,LB,13,2
26,"Eddie Curry, Stetson (Pioneer)",So.,DL,11,2
26,"Ian Dobbins, Penn (Ivy League)",Sr.,DB,9,2
26,"Demario Donnell, Tennessee Tech (OVC)",Sr.,DB,11,2
26,"Mikhail Dubose, Northern Colo. (Big Sky)",Sr.,DL,10,2
26,"Gabriel Echols, Southern U. (SWAC)",Sr.,DL,11,2
26,"Rodney Edwards, Tennessee St. (OVC)",Jr.,DL,10,2
26,"Jared Farley, UNI (MVFC)",So.,LB,13,2
26,"Ryan Farrell, New Hampshire (CAA)",Jr.,LB,12,2
26,"Ryan Felice, Davidson (Pioneer)",Jr.,DB,9,2
26,"Stephon Font-Toomer, Wagner (NEC)",Sr.,LB,11,2
26,"Jack Forster, UAlbany (CAA)",Jr.,DL,11,2
26,"Eric Foster, Alcorn (SWAC)",Jr.,DB,12,2
26,"Cody Fulleton, Dartmouth (Ivy League)",Sr.,DL,10,2
26,"Marcus Gray, Indiana St. (MVFC)",Sr.,DB,11,2
26,"Raven Greene, James Madison (CAA)",Jr.,DB,12,2
26,"Mike Gunter, Eastern Ill. (OVC)",Sr.,DB,12,2
26,"Gabe Hammer, McNeese (Southland)",Sr.,DB,11,2
26,"Sertonuse Harris, Western Caro. (SoCon)",Sr.,DB,11,2
26,"Dale Harris, Yale (Ivy League)",Jr.,RB,10,2
26,"Spencer Havird, Gardner-Webb (Big South)",So.,DB,11,2
26,"Kyre Hawkins, James Madison (CAA)",So.,LB,12,2
26,"Matt Holley, Southern Utah (Big Sky)",Sr.,LB,12,2
26,"Seth Hope, Cornell (Ivy League)",So.,LB,10,2
26,"Jamal Hundley, Ark.-Pine Bluff (SWAC)",Sr.,DB,10,2
26,"Travon Hunt, Howard (MEAC)",Jr.,DB,11,2
26,"Caleb Jenkins, Texas Southern (SWAC)",So.,DL,10,2
26,"Ryan Johnson, Montana (Big Sky)",Jr.,DL,13,2
26,"Brannon Jones, Princeton (Ivy League)",Jr.,LB,10,2
26,"David Jones, Richmond (CAA)",Jr.,DB,14,2
26,"Erik Jones, McNeese (Southland)",So.,DB,10,2
26,"Adam Jones, Northwestern St. (Southland)",Jr.,DB,9,2
26,"Patrick Kenney, Bryant (NEC)",Jr.,LB,11,2
26,"Hunter Kiselick, Georgetown (Patriot)",Sr.,DL,11,2
26,"Will Konstant, Dartmouth (Ivy League)",Sr.,DB,10,2
26,"Matt Koran, Harvard (Ivy League)",Sr.,LB,10,2
26,"Shayne Lawless, Stony Brook (CAA)",Fr.,LB,10,2
26,"Theo Livingston, N.C. Central (MEAC)",Sr.,DB,11,2
26,"Jontrell Lockett, Ark.-Pine Bluff (SWAC)",Sr.,DL,10,2
26,"Derrick Lyles, Texas Southern (SWAC)",Jr.,DL,10,2
26,"Jon Maag, South Dakota (MVFC)",Jr.,DL,11,2
26,"Jemarcus Marshall, Northwestern St. (Southland)",Jr.,DL,11,2
26,"Sam Martello, Duquesne (NEC)",Sr.,LB,12,2
26,"Teddie Martinez, Monmouth (Big South)",Jr.,DB,11,2
26,"Demetrius Mason, Murray St. (OVC)",Sr.,DL,11,2
26,"Greg Menard, North Dakota St. (MVFC)",So.,DL,15,2
26,"Warren Messer, Elon (CAA)",Fr.,LB,11,2
26,"Richard Mitchell, N.C. Central (MEAC)",Sr.,DL,11,2
26,"E.J. Moss, Jacksonville St. (OVC)",Fr.,DL,13,2
26,"Mike Needham, Southern Utah (Big Sky)",Sr.,LB,12,2
26,"Taylor Nelson, Southern Utah (Big Sky)",So.,LB,12,2
26,"Matthew Nicholson, VMI (SoCon)",Jr.,WR,9,2
26,"Grant Polofsky, Davidson (Pioneer)",Jr.,DL,9,2
26,"Darius Poullard, Northwestern St. (Southland)",Jr.,DB,11,2
26,"Julian Quintin, Stony Brook (CAA)",Sr.,LB,10,2
26,"Devohn Reed, Prairie View (SWAC)",Jr.,DL,10,2
26,"Tevin Richard, South Carolina St. (MEAC)",Sr.,LB,11,2
26,"Jay Rudwall, Tennessee Tech (OVC)",Sr.,LB,11,2
26,"Miguel Sandoval, Marist (Pioneer)",Sr.,LB,11,2
26,"AJ Schlatter, Portland St. (Big Sky)",Fr.,LB,11,2
26,"Ryan Schwenke, Dayton (Pioneer)",Sr.,LB,12,2
26,"Joel Scott, Morgan St. (MEAC)",Sr.,LB,9,2
26,"Sean Scullen, Cornell (Ivy League)",So.,DB,10,2
26,"Garrett Sharp, Central Ark. (Southland)",Jr.,LB,10,2
26,"Gabe Sherrod, Delaware St. (MEAC)",Sr.,DL,11,2
26,"Cam Shorey, New Hampshire (CAA)",Jr.,DL,12,2
26,"Hunter Simino, Yale (Ivy League)",Fr.,DL,10,2
26,"Lance Skyler, SFA (Southland)",Sr.,DL,11,2
26,"Zach Slafsky, Dartmouth (Ivy League)",Sr.,LB,10,2
26,"Trevon Smith, SFA (Southland)",Fr.,DB,10,2
26,"Noah Spence, Eastern Ky. (OVC)",Jr.,DL,11,2
26,"Bradley Street, Alabama St. (SWAC)",Sr.,DB,11,2
26,"Cameron Stubbs, Dayton (Pioneer)",Sr.,DB,12,2
26,"Austin Taps, Penn (Ivy League)",Sr.,DL,9,2
26,"Kendrick Van Ackeren, Montana (Big Sky)",Sr.,LB,11,2
26,"Oral Varcciann, Hampton (MEAC)",Fr.,DB,11,2
26,"Tyler Vaughn, Wofford (SoCon)",So.,DL,11,2
26,"Keyon Washington, Colgate (Patriot)",So.,DB,14,2
26,"Robert Way, Bethune-Cookman (MEAC)",Sr.,LB,11,2
26,"Moses Webb, Sacred Heart (NEC)",Sr.,WR,11,2
26,"Dylan Weigel, ETSU (FCS Independent)",Fr.,LB,11,2
26,"Brandon Wiggs, Grambling (SWAC)",---,,10,2
26,"Terrell Williams, Alcorn (SWAC)",Sr.,LB,10,2
26,"Jevonta Williams, Grambling (SWAC)",Sr.,DL,12,2
26,"Kailik Williams, The Citadel (SoCon)",So.,DB,13,2
26,"Charles Wingate, Bryant (NEC)",Jr.,DB,9,2
26,"William Wowkanyn, Lamar University (Southland)",Jr.,DL,10,2
26,"Zach Zidian, Duquesne (NEC)",Sr.,DL,12,2
26,"A.J. Zuttah, Dartmouth (Ivy League)",Sr.,DL,10,2
