Rank,Player,Cl,Pos,G,Fum Rec
1,"Danny Shelton, Washington (Pac-12)",Sr.,DL,14,5
2,"Michael Caputo, Wisconsin (Big Ten)",Jr.,DB,14,4
2,"Tylor Harris, Wake Forest (ACC)",Jr.,DL,10,4
2,"Darius Kilgo, Maryland (Big Ten)",Sr.,DL,13,4
2,"Richard Leonard, FIU (C-USA)",Sr.,DB,12,4
2,"Jeff Luc, Cincinnati (AAC)",Sr.,LB,13,4
2,"Taylor Royster, Bowling Green (MAC)",Jr.,DL,14,4
2,"Shaq Thompson, Washington (Pac-12)",Jr.,LB,14,4
2,"Jihad Ward, Illinois (Big Ten)",Jr.,DL,13,4
10,"Ja'Whaun Bentley, Purdue (Big Ten)",Fr.,LB,12,3
10,"Tra'Mayne Bondurant, Arizona (Pac-12)",Sr.,DB,14,3
10,"De'Vondre Campbell, Minnesota (Big Ten)",Jr.,LB,13,3
10,"Devin Centers, Utah St. (Mountain West)",So.,DB,13,3
10,"Davison Colimon, FIU (C-USA)",Jr.,LB,12,3
10,"Paul Dawson, TCU (Big 12)",Sr.,LB,13,3
10,"Sharif Finch, Temple (AAC)",So.,DL,12,3
10,"Markus Golden, Missouri (SEC)",Sr.,DL,13,3
10,"B.J. Goodson, Clemson (ACC)",Jr.,LB,12,3
10,"Dominquie Green, North Carolina (ACC)",So.,DB,12,3
10,"Cody Grice, Akron (MAC)",Jr.,DL,12,3
10,"Nigel Haikins, Nevada (Mountain West)",Sr.,DB,13,3
10,"Jimmy Hall, Northwestern (Big Ten)",Sr.,LB,12,3
10,"Maleki Harris, South Alabama (Sun Belt)",Sr.,LB,12,3
10,"Terrell Hartsfield, Cincinnati (AAC)",Sr.,DL,13,3
10,"J'Terius Jones, Miami (OH) (MAC)",---,DE,12,3
10,"Jarrell Jones, Miami (OH) (MAC)",Sr.,DB,9,3
10,"Adrian McDonald, Houston (AAC)",Jr.,DB,13,3
10,"Benardrick McKinney, Mississippi St. (SEC)",Jr.,LB,13,3
10,"Jonathan McNeal, Nevada (Mountain West)",Sr.,LB,13,3
10,"Mike Moore, Virginia (ACC)",Jr.,DL,12,3
10,"Quayshawn Nealy, Georgia Tech (ACC)",Sr.,LB,14,3
10,"Shawn Oakman, Baylor (Big 12)",Jr.,DL,13,3
10,"Darius Philon, Arkansas (SEC)",So.,DL,13,3
10,"Reggie Ragland, Alabama (SEC)",Jr.,LB,14,3
10,"Averee Robinson, Temple (AAC)",So.,DL,11,3
10,"Mike Tuaua, TCU (Big 12)",Jr.,DB,12,3
10,"Siuea Vaesau, UNLV (Mountain West)",Sr.,DL,13,3
10,"Tanner Vallejo, Boise St. (Mountain West)",So.,LB,14,3
10,"Trey Wafford, Middle Tenn. (C-USA)",Jr.,LB,12,3
10,"Michael Wakefield, FIU (C-USA)",Jr.,DL,12,3
10,"Tony Washington, Oregon (Pac-12)",Sr.,LB,15,3
10,"Eric Wilson, Cincinnati (AAC)",So.,LB,13,3
43,"Brandon Alexander, UCF (AAC)",Sr.,DB,13,2
43,"Zaire Anderson, Nebraska (Big Ten)",Sr.,LB,13,2
43,"Nate Andrews, Florida St. (ACC)",So.,DB,14,2
43,"Tony Annese, Central Mich. (MAC)",Jr.,DB,13,2
43,"Arik Armstead, Oregon (Pac-12)",Jr.,DL,13,2
43,"Boye Aromire, Temple (AAC)",Jr.,DB,12,2
43,"Michael Ayers, Ball St. (MAC)",Sr.,DL,12,2
43,"Khary Bailey-Smith, Massachusetts (MAC)",Jr.,DB,12,2
43,"Alex Balducci, Oregon (Pac-12)",Jr.,DL,15,2
43,"Reggis Ball, Memphis (AAC)",Jr.,LB,13,2
43,"Kendell Beckwith, LSU (SEC)",So.,LB,13,2
43,"V'Angelo Bentley, Illinois (Big Ten)",Jr.,DB,12,2
43,"Charles Bertoli, Boise St. (Mountain West)",So.,RB,14,2
43,"Vince Biegel, Wisconsin (Big Ten)",So.,LB,14,2
43,"Dexter Blackmon, Arkansas St. (Sun Belt)",Sr.,DL,13,2
43,"Ben Boulware, Clemson (ACC)",So.,LB,13,2
43,"Paul Boyette Jr., Texas (Big 12)",So.,DL,13,2
43,"Latarius Brady, Memphis (AAC)",So.,DL,13,2
43,"Terrell Brigham, South Alabama (Sun Belt)",Sr.,DB,13,2
43,"Blair Burns, Wyoming (Mountain West)",Sr.,DB,12,2
43,"Todd Chandler, South Fla. (AAC)",Sr.,DL,12,2
43,"Demetrius Cherry, Arizona St. (Pac-12)",Jr.,DL,12,2
43,"Anthony Chickillo, Miami (FL) (ACC)",Sr.,DL,13,2
43,"Cayson Collins, North Carolina (ACC)",Fr.,LB,13,2
43,"Landon Collins, Alabama (SEC)",Jr.,DB,14,2
43,"Quintin Cooper, Ball St. (MAC)",Sr.,DB,10,2
43,"Pudge Cotton, Eastern Mich. (MAC)",Sr.,DB,12,2
43,"Cortez Crosby, Memphis (AAC)",Fr.,DL,13,2
43,"Nik D'Avanzo, New Mexico (Mountain West)",So.,DL,11,2
43,"Robertson Daniel, BYU (FBS Independent)",Sr.,DB,12,2
43,"Steven Daniels, Boston College (ACC)",Jr.,LB,13,2
43,"Reggie Daniels, Oregon (Pac-12)",So.,DB,15,2
43,"Josh Dawson, Georgia (SEC)",Jr.,DL,13,2
43,"Sheldon Day, Notre Dame (FBS Independent)",Jr.,DL,11,2
43,"Derek Di Nardo, Virginia Tech (ACC)",Sr.,DB,13,2
43,"Laquintus Dowell, UTEP (C-USA)",Jr.,DB,13,2
43,"Shannon Edwards, Fresno St. (Mountain West)",Jr.,DB,13,2
43,"Sam Eguavoen, Texas Tech (Big 12)",Sr.,LB,10,2
43,"Corn Elder, Miami (FL) (ACC)",So.,DB,13,2
43,"Cole Farrand, Maryland (Big Ten)",Sr.,LB,13,2
43,"Scott Felix, Southern California (Pac-12)",So.,LB,13,2
43,"Beau Fitte, Louisiana Tech (C-USA)",Jr.,LB,13,2
43,"Sean Folliard, NIU (MAC)",So.,LB,14,2
43,"Quentin Gause, Rutgers (Big Ten)",Jr.,LB,13,2
43,"Deonte Gibson, Northwestern (Big Ten)",Jr.,DL,12,2
43,"L.A. Goree, Maryland (Big Ten)",Sr.,LB,12,2
43,"Jabari Gorman, Florida (SEC)",Sr.,DB,12,2
43,"Jermaine Grace, Miami (FL) (ACC)",So.,LB,13,2
43,"Hayden Greenbauer, SMU (AAC)",Sr.,DB,12,2
43,"David Guthrie, New Mexico (Mountain West)",Sr.,DB,12,2
43,"Vernon Hargreaves, Florida (SEC)",So.,DB,12,2
43,"Eli Harold, Virginia (ACC)",Jr.,DL,12,2
43,"De'Vante Harris, Texas A&M (SEC)",Jr.,DB,10,2
43,"Nigel Harris, South Fla. (AAC)",So.,LB,11,2
43,"Devyn Harris, Wyoming (Mountain West)",Sr.,LB,12,2
43,"Davin Hawkins, South Alabama (Sun Belt)",Sr.,LB,10,2
43,"Will Hayes, Temple (AAC)",Jr.,DB,12,2
43,"Khalid Henderson, Kentucky (SEC)",Jr.,LB,12,2
43,"Dalton Herrington, New Mexico St. (Sun Belt)",Fr.,DB,12,2
43,"Demetrius Hill, South Fla. (AAC)",Jr.,DL,11,2
43,"Branden Jackson, Texas Tech (Big 12)",Jr.,DL,12,2
43,"Ryan Janvion, Wake Forest (ACC)",So.,DB,12,2
43,"Jimmy Jean, UAB (C-USA)",Sr.,DB,12,2
43,"Jordan Jenkins, Georgia (SEC)",Jr.,LB,13,2
43,"Jens Jeters, UTSA (C-USA)",Jr.,LB,12,2
43,"Austin Johnson, Penn St. (Big Ten)",So.,DL,13,2
43,"Chris Johnson, Navy (FBS Independent)",Sr.,LB,12,2
43,"Isaiah Johnson, Georgia Tech (ACC)",Sr.,DB,13,2
43,"Taiwan Johnson, Arkansas (SEC)",So.,DL,13,2
43,"C.J. Johnson, Ole Miss ()",Jr.,DL,13,2
43,"Taiwan Jones, Michigan St. (Big Ten)",Sr.,LB,13,2
43,"James Jones, North Texas (C-USA)",Sr.,DB,12,2
43,"Lenny Jones, Nevada (Mountain West)",Jr.,DL,13,2
43,"Junior Joseph, UConn (AAC)",Fr.,LB,11,2
43,"Derrick Kindred, TCU (Big 12)",Jr.,DB,13,2
43,"Quanzell Lambert, Rutgers (Big Ten)",So.,DL,13,2
43,"Darron Lee, Ohio St. (Big Ten)",So.,LB,15,2
43,"Trey Lomax, San Diego St. (Mountain West)",Fr.,DB,12,2
43,"Alex Lyons, Rice (C-USA)",So.,LB,13,2
43,"Matthew Lyons, Nevada (Mountain West)",Jr.,LB,12,2
43,"Greg Mabin, Iowa (Big Ten)",So.,DB,13,2
43,"Derrick Malone Jr., Oregon (Pac-12)",Sr.,LB,15,2
43,"Nico Marley, Tulane (AAC)",So.,LB,12,2
43,"Michael Martin, Hawaii (Mountain West)",Sr.,DB,13,2
43,"Tyler Matakevich, Temple (AAC)",Jr.,LB,12,2
43,"Dior Mathis, Oregon (Pac-12)",Sr.,DB,15,2
43,"Patrick Mertens, Wyoming (Mountain West)",Sr.,DL,12,2
43,"Matt Milano, Boston College (ACC)",So.,LB,12,2
43,"C.J. Mizell, Akron (MAC)",Sr.,LB,12,2
43,"Darion Monroe, Tulane (AAC)",Jr.,DB,12,2
43,"Devonte Morgan, Akron (MAC)",Sr.,DB,12,2
43,"Demarco Nelson, Tulsa (AAC)",Sr.,DB,12,2
43,"Justis Nelson, Texas Tech (Big 12)",So.,DB,11,2
43,"M. Nicholson, Michigan St. (Big Ten)",---,,13,2
43,"Kenneth Olugbode, Colorado (Pac-12)",So.,LB,12,2
43,"Davion Orphey, Utah (Pac-12)",Sr.,DB,13,2
43,"Leviticus Payne, Cincinnati (AAC)",Jr.,DB,13,2
43,"Jamaal Payton, NIU (MAC)",So.,LB,14,2
43,"Denzell Perine, FIU (C-USA)",Jr.,DL,12,2
43,"Dan Pettinato, Arizona (Pac-12)",Sr.,DL,14,2
43,"Dale Pierson, Iowa St. (Big 12)",Jr.,DL,12,2
43,"Terrell Pinson, Louisiana Tech (C-USA)",Sr.,DB,12,2
43,"Terrance Plummer, UCF (AAC)",Sr.,LB,13,2
43,"Jimmy Pruitt, San Jose St. (Mountain West)",Jr.,DB,11,2
43,"Adam Redden, Buffalo (MAC)",Sr.,DB,11,2
43,"Jalen Reeves-Maybin, Tennessee (SEC)",So.,LB,13,2
43,"Christian Ringo, Louisiana (Sun Belt)",Sr.,DL,13,2
43,"Trevor Roach, Nebraska (Big Ten)",Sr.,LB,12,2
43,"Kendall Roberson, Buffalo (MAC)",Sr.,DL,10,2
43,"Daquan Romero, Virginia (ACC)",Sr.,LB,12,2
43,"Mike Rose, NC State (ACC)",Jr.,DL,13,2
43,"Michael Scherer, Missouri (SEC)",So.,LB,14,2
43,"Gus Schwieterman, Bowling Green (MAC)",So.,DL,14,2
43,"Travis Seefeldt, Utah St. (Mountain West)",Jr.,DL,14,2
43,"T.J. Semke, Kansas (Big 12)",Jr.,DL,12,2
43,"Victor Simmons, Kansas (Big 12)",Sr.,LB,12,2
43,"Jordan Simone, Arizona St. (Pac-12)",Jr.,DB,12,2
43,"Jared Singletary, Middle Tenn. (C-USA)",Jr.,DB,12,2
43,"Lee Skinner, Buffalo (MAC)",Sr.,LB,11,2
43,"Robert Smith, Clemson (ACC)",Sr.,DB,13,2
43,"Derron Smith, Fresno St. (Mountain West)",Sr.,DB,14,2
43,"D'Joun Smith, Fla. Atlantic (C-USA)",Sr.,DB,11,2
43,"Jamal Stadom, Troy (Sun Belt)",Fr.,DL,12,2
43,"Weston Steelhammer, Air Force (Mountain West)",So.,DB,13,2
43,"Eric Striker, Oklahoma (Big 12)",Jr.,LB,13,2
43,"Brian Sutton, Bowling Green (MAC)",Sr.,DB,14,2
43,"Tui Talia, Oregon (Pac-12)",Jr.,DL,15,2
43,"Vince Taylor, Vanderbilt (SEC)",Sr.,DL,12,2
43,"Aaron Taylor, Ball St. (MAC)",Jr.,DB,12,2
43,"Derrick Teegarden, North Texas (C-USA)",Sr.,WR,12,2
43,"Troy Timmerman, Air Force (Mountain West)",Sr.,DL,13,2
43,"Triston Wade, UTSA (C-USA)",Sr.,DB,12,2
43,"Kody Walker, Arkansas (SEC)",Jr.,RB,13,2
43,"Sir Calvin Wallace, North Texas (C-USA)",So.,DL,12,2
43,"Lorenzo Waters, Rutgers (Big Ten)",Sr.,DB,13,2
43,"Braylon Webb, Missouri (SEC)",Sr.,DB,14,2
43,"Broc Westlake, Idaho (Sun Belt)",Jr.,LB,10,2
43,"Duke Wheeler, UTSA (C-USA)",Jr.,DB,11,2
43,"Sean Wiggins, Ball St. (MAC)",So.,LB,12,2
43,"Hunter Williams, Wake Forest (ACC)",Jr.,LB,12,2
43,"Damien Wilson, Minnesota (Big Ten)",Sr.,LB,13,2
