Rank,Player,Cl,Pos,G,Fum Rec
1,"Kyler Fackrell, Utah St. (Mountain West)",Sr.,LB,13,5
2,"Jah'Shawn Johnson, Texas Tech (Big 12)",Fr.,DB,13,4
2,"Gionni Paul, Utah (Pac-12)",Sr.,LB,13,4
2,"Trevon Stewart, Houston (AAC)",Sr.,DB,14,4
2,"Stevie Tu'ikolovatu, Utah (Pac-12)",Jr.,DL,13,4
2,"Fred Warner, BYU (FBS Independent)",So.,LB,13,4
7,"Bryson Albright, Miami (OH) (MAC)",Sr.,DL,12,3
7,"Bobby Baker, Georgia St. (Sun Belt)",Jr.,DB,13,3
7,"Ryan Bee, Marshall (C-USA)",Fr.,DL,12,3
7,"Josh Carraway, TCU (Big 12)",Jr.,DL,13,3
7,"Zach Cunningham, Vanderbilt (SEC)",So.,LB,12,3
7,"D.J. Dunn, Air Force (Mountain West)",Jr.,LB,13,3
7,"Emmanuel Ellerbe, Rice (C-USA)",So.,LB,12,3
7,"J.J. Gaines, Texas Tech (Big 12)",Sr.,DB,13,3
7,"T.J. Holloman, South Carolina (SEC)",Jr.,LB,10,3
7,"Nick Holt, Western Ky. (C-USA)",Sr.,LB,14,3
7,"Marrell Jackson, Hawaii (Mountain West)",Sr.,DB,10,3
7,"Kwontie Moore, Virginia (ACC)",Sr.,LB,12,3
7,"T.J. Mutcherson, UCF (AAC)",Jr.,DB,9,3
7,"Marcellus Pippins, Washington St. (Pac-12)",So.,DB,13,3
7,"Justin Simmons, Boston College (ACC)",Sr.,DB,12,3
7,"Chris Stone, Arkansas St. (Sun Belt)",Sr.,DL,12,3
7,"Connor Strachan, Boston College (ACC)",So.,LB,12,3
7,"Josh Sweat, Florida St. (ACC)",Fr.,DL,13,3
7,"Anthony Walker, Northwestern (Big Ten)",So.,LB,13,3
26,"Derrick Alexander, Tulsa (AAC)",Sr.,DL,13,2
26,"Dashaun Amos, East Carolina (AAC)",Jr.,DB,11,2
26,"Ryan Anderson, Alabama (SEC)",Jr.,LB,15,2
26,"Will Anthony, Navy (AAC)",Sr.,DL,13,2
26,"Stefon Armstead, Central Mich. (MAC)",Sr.,DB,12,2
26,"Zik Asiegbu, Tulsa (AAC)",Sr.,LB,13,2
26,"Jered Bell, Colorado (Pac-12)",Sr.,DB,13,2
26,"Travon Blanchard, Baylor (Big 12)",So.,LB,13,2
26,"Tyus Bowser, Houston (AAC)",Jr.,DL,14,2
26,"Marvin Branch, Old Dominion (C-USA)",Fr.,LB,12,2
26,"Gino Bresolin, UTEP (C-USA)",Jr.,DL,12,2
26,"Demarrion Buford-Hughes, South Alabama (Sun Belt)",Sr.,TE,10,2
26,"Riley Bullough, Michigan St. (Big Ten)",Jr.,RB,14,2
26,"James Burgess, Louisville (ACC)",Sr.,LB,13,2
26,"Deon Bush, Miami (FL) (ACC)",Sr.,DB,13,2
26,"Demetrius Cain, Troy (Sun Belt)",Jr.,LB,12,2
26,"Grant Campbell, Baylor (Big 12)",Sr.,LB,13,2
26,"Luke Carrezola, UConn (AAC)",So.,LB,13,2
26,"Sean Carter, Old Dominion (C-USA)",Fr.,DB,12,2
26,"Jerard Carter, Houston (AAC)",Fr.,DL,13,2
26,"Matt Cincotta, Marshall (C-USA)",Sr.,LB,13,2
26,"Dorian Clark, Idaho (Sun Belt)",So.,DB,11,2
26,"Steven Clark, Syracuse (ACC)",Fr.,DL,12,2
26,"Trevon Coley, Fla. Atlantic (C-USA)",Sr.,DL,12,2
26,"Antwan Cordy, Syracuse (ACC)",So.,DB,12,2
26,"Bryan Cox, Jr., Florida (SEC)",Jr.,DL,14,2
26,"Aaron Davis, Georgia (SEC)",So.,DB,13,2
26,"Nate DeRider, Washington St. (Pac-12)",So.,LB,13,2
26,"Jackson Dillon, Memphis (AAC)",Jr.,LB,13,2
26,"Devon Earl, South Alabama (Sun Belt)",Jr.,DB,12,2
26,"Jermaine Edmondson, Michigan St. (Big Ten)",Jr.,DB,14,2
26,"Aiavion Edwards, Baylor (Big 12)",Jr.,LB,13,2
26,"Cortney Finney, North Texas (C-USA)",Jr.,LB,12,2
26,"Beau Fitte, Louisiana Tech (C-USA)",Sr.,LB,13,2
26,"Junior Gnonkonde, North Carolina (ACC)",Jr.,LB,12,2
26,"B.J. Goodson, Clemson (ACC)",Sr.,LB,15,2
26,"Adam Gotsis, Georgia Tech (ACC)",Sr.,DL,9,2
26,"Nardo Govan, Ga. Southern (Sun Belt)",Sr.,DL,11,2
26,"Tyler Gray, Boise St. (Mountain West)",Sr.,LB,12,2
26,"Chris Hawkins, Southern California (Pac-12)",So.,DB,14,2
26,"George Helmuth, Fresno St. (Mountain West)",Fr.,LB,12,2
26,"Daniel Henry, New Mexico (Mountain West)",Jr.,DB,13,2
26,"Darius Hillary, Wisconsin (Big Ten)",Sr.,DB,13,2
26,"Marqez Hodge, Syracuse (ACC)",Jr.,LB,12,2
26,"Deon Hollins, UCLA (Pac-12)",Jr.,LB,13,2
26,"Tyler Horn, Boise St. (Mountain West)",Sr.,DL,13,2
26,"Sam Hubbard, Ohio St. (Big Ten)",Fr.,DL,13,2
26,"Matt Ioannidis, Temple (AAC)",Sr.,DL,14,2
26,"Derwin James, Florida St. (ACC)",Fr.,DB,13,2
26,"Michael Johnson, ULM (Sun Belt)",Sr.,LB,13,2
26,"Josh Jones, NC State (ACC)",So.,DB,13,2
26,"Jonathan Jones, Auburn (SEC)",Sr.,DB,13,2
26,"Sidney Jones, Washington (Pac-12)",So.,DB,13,2
26,"R. Jones, Ga. Southern (Sun Belt)",---,,11,2
26,"Andrew King, Army West Point (FBS Independent)",Jr.,LB,12,2
26,"Micah Kiser, Virginia (ACC)",So.,LB,12,2
26,"Elijah Lee, Kansas St. (Big 12)",So.,LB,13,2
26,"Cavellis Luckett, Middle Tenn. (C-USA)",Sr.,LB,13,2
26,"Luke Maclean, Eastern Mich. (MAC)",Jr.,DL,11,2
26,"Trent Matthews, Colorado St. (Mountain West)",Sr.,DB,12,2
26,"Marcus Maye, Florida (SEC)",Jr.,DB,13,2
26,"Adrian McDonald, Houston (AAC)",Sr.,DB,14,2
26,"Demetri McGill, East Carolina (AAC)",Jr.,DL,12,2
26,"Trey McGowen, Texas St. (Sun Belt)",Sr.,LB,12,2
26,"Stephen Meredith, New Mexico St. (Sun Belt)",Sr.,DL,12,2
26,"Jackson Mitchell, SMU (AAC)",Jr.,LB,12,2
26,"Darion Monroe, Tulane (AAC)",Sr.,DB,11,2
26,"A.J. Moore, Ole Miss (SEC)",So.,DB,13,2
26,"Andrew Motuapuaka, Virginia Tech (ACC)",So.,LB,11,2
26,"Calvin Munson, San Diego St. (Mountain West)",Jr.,LB,14,2
26,"Nick Newton, Western Ky. (C-USA)",Sr.,LB,12,2
26,"Dadi Nicolas, Virginia Tech (ACC)",Sr.,DL,13,2
26,"Jordan Nielsen, Utah St. (Mountain West)",Sr.,DL,13,2
26,"Emmanuel Ogbah, Oklahoma St. (Big 12)",Jr.,DL,13,2
26,"Nick Orr, TCU (Big 12)",So.,DB,13,2
26,"Shug Oyegunle, FIU (C-USA)",So.,WR,11,2
26,"D.J. Palmore, Navy (AAC)",So.,LB,13,2
26,"Garrett Peek, Troy (Sun Belt)",Jr.,DL,12,2
26,"Davion Pierson, TCU (Big 12)",Sr.,DL,10,2
26,"Darrin Reddick, Troy (Sun Belt)",Sr.,DB,12,2
26,"Kalan Reed, Southern Miss. (C-USA)",Sr.,DL,14,2
26,"Jalen Reeves-Maybin, Tennessee (SEC)",Jr.,LB,13,2
26,"Mook Reynolds, Virginia Tech (ACC)",Fr.,DB,12,2
26,"TJ Ricks, Old Dominion (C-USA)",Jr.,LB,12,2
26,"Hassan Ridgeway, Texas (Big 12)",Jr.,DL,11,2
26,"Marcquis Roberts, Kansas (Big 12)",Jr.,LB,12,2
26,"Deric Robertson, Oklahoma St. (Big 12)",Jr.,DB,12,2
26,"Dejuan Rogers, Toledo (MAC)",Jr.,DB,11,2
26,"Ocie Rose, Fla. Atlantic (C-USA)",Fr.,DB,12,2
26,"Jon Sanchez, San Diego St. (Mountain West)",Sr.,DL,14,2
26,"Joe Schobert, Wisconsin (Big Ten)",Sr.,LB,13,2
26,"Jeff Schoettmer, North Carolina (ACC)",Sr.,LB,14,2
26,"Fred Scott, North Texas (C-USA)",Jr.,LB,12,2
26,"John Senter, Akron ()",Sr.,DB,13,2
26,"Anthony Shegog, Virginia Tech (ACC)",So.,DB,13,2
26,"Garrett Sickels, Penn St. (Big Ten)",So.,DL,12,2
26,"Deondre Singleton, Duke (ACC)",Jr.,DB,13,2
26,"Jaylon Smith, Notre Dame (FBS Independent)",Jr.,LB,13,2
26,"Dawuane Smoot, Illinois (Big Ten)",Jr.,DL,12,2
26,"Orion Stewart, Baylor (Big 12)",Jr.,DB,10,2
26,"Solomon Thomas, Stanford (Pac-12)",So.,DL,14,2
26,"Nick Thurman, Houston (AAC)",So.,DL,14,2
26,"Nigel Tribune, Iowa St. (Big 12)",Jr.,DB,11,2
26,"Peni Vea, UNLV (Mountain West)",Sr.,DB,12,2
26,"Nick Vigil, Utah St. (Mountain West)",Jr.,LB,13,2
26,"Trent Voss, Toledo (MAC)",Sr.,LB,12,2
26,"Wilfred Wahee, Virginia (ACC)",Jr.,DB,12,2
26,"Joe Walker, Oregon (Pac-12)",Sr.,LB,12,2
26,"Nick Washington, Florida (SEC)",So.,DB,14,2
26,"Stephen Weatherly, Vanderbilt (SEC)",Jr.,LB,12,2
26,"Ben Weaver, Boise St. (Mountain West)",Jr.,LB,13,2
26,"Reece White, New Mexico (Mountain West)",Sr.,TE,13,2
26,"Sean Wiggins, Ball St. (MAC)",Jr.,LB,12,2
26,"Eric Wilson, Cincinnati (AAC)",Jr.,LB,13,2
26,"Donovan Wilson, Texas A&M (SEC)",So.,DB,13,2
26,"Anthony Wint, FIU (C-USA)",So.,LB,12,2
