Rank,Player,Cl,Pos,G,Fum Rec
1,"Tavante Beckett, Marshall (C-USA)",Sr.,LB,9,4
1,"Zach VanValkenburg, Iowa (Big Ten)",Sr.,DL,8,4
3,"Justin Hilliard, Ohio St. (Big Ten)",Sr.,LB,6,3
3,"Christian Izien, Rutgers (Big Ten)",Jr.,DB,9,3
3,"Drew Jordan, Duke (ACC)",Sr.,DL,11,3
3,"Isaiah Kaufusi, BYU (FBS Independent)",Sr.,LB,12,3
3,"Elijah Morris, East Carolina (AAC)",Fr.,DL,9,3
3,"Isaiah Pola-Mao, Southern California (Pac-12)",Jr.,S,6,3
3,"Quincy Roche, Miami (FL) (ACC)",Sr.,DL,10,3
3,"JaCoby Stevens, LSU (SEC)",Sr.,DB,10,3
3,"Devon Witherspoon, Illinois (Big Ten)",So.,DB,7,3
12,"Christian Albright, Ball St. (MAC)",Sr.,LB,8,2
12,"JaQuan Bailey, Iowa St. (Big 12)",Sr.,DE,12,2
12,"Caliph Brice, Fla. Atlantic (C-USA)",Sr.,LB,8,2
12,"Larry Brooks, Tulane (AAC)",Jr.,DB,12,2
12,"Baron Browning, Ohio St. (Big Ten)",Sr.,LB,7,2
12,"Percy Butler, Louisiana (Sun Belt)",Jr.,DB,10,2
12,"Blake Carroll, Georgia St. (Sun Belt)",Jr.,LB,10,2
12,"Amari Carter, Miami (FL) (ACC)",Sr.,DB,10,2
12,"Elijah Chatman, SMU (AAC)",So.,DL,10,2
12,"Christian Clayton, UTSA (C-USA)",Fr.,DL,12,2
12,"Riley Cole, South Alabama (Sun Belt)",Sr.,LB,10,2
12,"Markeveon Coleman, Texas St. (Sun Belt)",Sr.,LB,8,2
12,"Jordan Domineck, Georgia Tech (ACC)",Sr.,LB,9,2
12,"Tye Evans, Ball St. (MAC)",So.,RB,8,2
12,"Olakunle Fatukasi, Rutgers (Big Ten)",Sr.,LB,9,2
12,"Tucker Finkelston, Virginia (ACC)",So.,,10,2
12,"Quentin Frazier, Hawaii (Mountain West)",Sr.,DB,9,2
12,"Eriq Gilyard, UCF (AAC)",Jr.,LB,9,2
12,"Jalen Graham, Purdue (Big Ten)",So.,DB,5,2
12,"Richie Grant, UCF (AAC)",Sr.,DB,9,2
12,"Jaylen Griffin, Virginia Tech (ACC)",Jr.,DL,9,2
12,"Jake Hansen, Illinois (Big Ten)",Sr.,LB,8,2
12,"Camron Harrell, Southern Miss. (C-USA)",Jr.,DB,10,2
12,"Ayden Hector, Washington St. (Pac-12)",Fr.,,3,2
12,"Charles Hicks, Wyoming (Mountain West)",So.,LB,5,2
12,"Zi'Yon Hill, Louisiana (Sun Belt)",Sr.,DL,10,2
12,"Jalen Jackson, Ga. Southern (Sun Belt)",Fr.,LB,13,2
12,"Tre Jenkins, San Jose St. (Mountain West)",So.,DB,7,2
12,"Tyler Johnson, Arizona St. (Pac-12)",Jr.,DL,4,2
12,"Nazeeh Johnson, Marshall (C-USA)",Sr.,S,8,2
12,"Jeffery Johnson, Tulane (AAC)",Jr.,DL,12,2
12,"Deon Jones, Boston College (ACC)",Sr.,DB,9,2
12,"Wayne Jones, Kansas St. (Big 12)",So.,DB,10,2
12,"Mikel Jones, Syracuse (ACC)",So.,LB,11,2
12,"Jacoby Jones, Texas (Big 12)",Sr.,DL,9,2
12,"Jamal Ligon, UTSA (C-USA)",Fr.,LB,11,2
12,"Brock Martin, Oklahoma St. (Big 12)",Jr.,DE,11,2
12,"Cole Mashburn, Memphis (AAC)",Fr.,DL,11,2
12,"Brayden Matts, Coastal Carolina (Sun Belt)",Jr.,S,12,2
12,"Duece Mayberry, Kansas (Big 12)",Fr.,CB,9,2
12,"Nick McCloud, Notre Dame (ACC)",Sr.,CB,12,2
12,"Zech McPhearson, Texas Tech (Big 12)",Sr.,DB,10,2
12,"Forrest Merrill, Arkansas St. (Sun Belt)",Sr.,DL,11,2
12,"Terry Myrick, Eastern Mich. (MAC)",Sr.,LB,6,2
12,"Amen Ogbongbemiga, Oklahoma St. (Big 12)",Sr.,LB,11,2
12,"Jeremiah Owusu-Koramoah, Notre Dame (ACC)",Sr.,LB,12,2
12,"David Perales, Fresno St. (Mountain West)",Jr.,DL,6,2
12,"Bryson Powers, Tulsa (AAC)",Jr.,DB,9,2
12,"Willie Reid, Central Mich. (MAC)",So.,DB,6,2
12,"Jon Rhattigan, Army West Point (FBS Independent)",Sr.,LB,11,2
12,"Terry Roberts, Iowa (Big Ten)",So.,DB,8,2
12,"Jake Saltonstall, New Mexico (Mountain West)",So.,DL,7,2
12,"Asante Samuel, Florida St. (ACC)",Jr.,DB,8,2
12,"Nephi Sewell, Utah (Pac-12)",Jr.,DB,5,2
12,"Michael Shawcroft, San Diego St. (Mountain West)",So.,LB,8,2
12,"Jamien Sherwood, Auburn (SEC)",Jr.,DB,11,2
12,"Antjuan Simmons, Michigan St. (Big Ten)",Sr.,LB,7,2
12,"Myles Slusher, Arkansas (SEC)",Fr.,DB,6,2
12,"Tim Smith, Alabama (SEC)",Fr.,DL,9,2
12,"Alex Spillum, Coastal Carolina (Sun Belt)",Jr.,S,12,2
12,"Tre Sterling, Oklahoma St. (Big 12)",Jr.,S,10,2
12,"Jordan Strachan, Georgia St. (Sun Belt)",Jr.,LB,10,2
12,"Tre Swilling, Georgia Tech (ACC)",Jr.,DB,6,2
12,"Keilos Swinney, ULM (Sun Belt)",Sr.,S,9,2
12,"Myron Tagovailoa-Amosa, Notre Dame (ACC)",Sr.,DL,11,2
12,"Isaiah Thomas, Oklahoma (Big 12)",Jr.,DL,11,2
12,"Jaetavian Toles, Tulane (AAC)",Sr.,WR,12,2
12,"Isaiah Tufaga, Hawaii (Mountain West)",So.,LB,9,2
12,"Amir Tyler, Temple (AAC)",Sr.,S,6,2
12,"Edefuan Ulofoshio, Washington (Pac-12)",So.,LB,4,2
12,"Marcus Valdez, Boston College (ACC)",Jr.,DL,11,2
12,"O'Rien Vance, Iowa St. (Big 12)",Jr.,LB,12,2
12,"Lamont Wade, Penn St. (Big Ten)",Sr.,DB,9,2
12,"Traveion Webster, ULM (Sun Belt)",Sr.,LB,10,2
12,"Tyrus Wheat, Mississippi St. (SEC)",Jr.,LB,9,2
12,"Jordan Wright, Kentucky (SEC)",Jr.,LB,11,2
12,"Russ Yeast, Louisville (ACC)",Sr.,DB,11,2
89,"Duron  Lowe, UTEP (C-USA)",Sr.,DB,7,1
89,"Derek ATWATERS, Navy (AAC)",So.,DB,9,1
89,"Will Adams, Cincinnati (AAC)",So.,DB,5,1
89,"Armani Adams, Fla. Atlantic (C-USA)",So.,DB,9,1
89,"Elery Alexander, Arkansas St. (Sun Belt)",Sr.,DB,10,1
89,"Benjamin Alexander, Liberty (FBS Independent)",Sr.,S,11,1
89,"Omari Alexander, Western Ky. (C-USA)",Sr.,DB,12,1
89,"Deslin Alexandre, Pittsburgh (ACC)",Jr.,DL,11,1
89,"Christopher Allen, Alabama (SEC)",Jr.,LB,13,1
89,"Jaylon Allen, Memphis (AAC)",So.,DL,11,1
89,"Cam Allen, Purdue (Big Ten)",So.,DB,6,1
89,"Mandy Alonso, Virginia (ACC)",Sr.,DL,10,1
89,"Andrew Alves, San Diego St. (Mountain West)",So.,TE,8,1
89,"Praise Amaewhule, UTEP (C-USA)",So.,DL,8,1
89,"Darren Anders, Bowling Green (MAC)",So.,LB,5,1
89,"Nick Andersen, Wake Forest (ACC)",Fr.,DB,9,1
89,"Evan Anderson, Fla. Atlantic (C-USA)",Fr.,DL,8,1
89,"Adam Anderson, Georgia (SEC)",Jr.,LB,10,1
89,"Ryder Anderson, Ole Miss (SEC)",Sr.,DL,10,1
89,"Kevin Anderson, Texas St. (Sun Belt)",So.,DB,12,1
89,"E.J. Ane, San Jose St. (Mountain West)",Jr.,DL,8,1
89,"Daniel Archibong, Temple (AAC)",Sr.,DT,7,1
89,"Bubba Arslanian, Akron (MAC)",Jr.,LB,6,1
89,"Alex Austin, Oregon St. (Pac-12)",Fr.,DB,7,1
89,"Zikerrion Baker, Ole Miss (SEC)",Jr.,LB,9,1
89,"Sevyn Banks, Ohio St. (Big Ten)",Jr.,DB,8,1
89,"Keshawn Banks, San Diego St. (Mountain West)",Jr.,DL,7,1
89,"Brandon Barlow, Boston College (ACC)",Sr.,DL,11,1
89,"Tarique Barnes, Illinois (Big Ten)",So.,LB,5,1
89,"Dennis Barnes, UTEP (C-USA)",Jr.,DB,6,1
89,"Amaré Barno, Virginia Tech (ACC)",Sr.,LB,11,1
89,"Michael Barrett, Michigan (Big Ten)",Jr.,LB,6,1
89,"Clark Barrington, BYU (FBS Independent)",So.,OL,10,1
89,"Adam Bay, Wisconsin (Big Ten)",Sr.,LS,7,1
89,"Kivon Bennett, Tennessee (SEC)",Jr.,LB,7,1
89,"Luc Bequette, Boston College (ACC)",Sr.,DL,11,1
89,"Myles Berry, East Carolina (AAC)",Jr.,DB,9,1
89,"Jordan Bertagnole, Wyoming (Mountain West)",Fr.,DT,6,1
89,"Corey Bethley, TCU (Big 12)",Sr.,DT,4,1
89,"Nate Betts, Kansas (Big 12)",Sr.,DB,9,1
89,"Paul Blackwell , Mississippi St. (SEC)",Sr.,LS,11,1
89,"Joshuah Bledsoe, Missouri (SEC)",Sr.,DB,10,1
89,"Jahquan Bloomfield, ULM (Sun Belt)",So.,WR,10,1
89,"Connor Blumrick, Texas A&M (SEC)",Jr.,TE,8,1
89,"Gavin Blunt, Akron (MAC)",So.,WR,4,1
89,"Blake Bogan, Eastern Mich. (MAC)",Jr.,DB,2,1
89,"Aaron Bolinsky, Syracuse (ACC)",Jr.,LS,11,1
89,"Nick Bolton, Missouri (SEC)",Jr.,LB,10,1
89,"Thomas Booker, Stanford (Pac-12)",Jr.,DE,6,1
89,"Andrew Booth Jr., Clemson (ACC)",So.,CB,11,1
89,"Evan Boozer, Temple (AAC)",So.,DT,7,1
89,"Earl Bostick Jr., Kansas (Big 12)",Sr.,OL,9,1
89,"Joshua Bowers, Marshall (C-USA)",Jr.,DB,10,1
89,"William Bradley-King, Baylor (Big 12)",Sr.,LB,9,1
89,"A.J. Brathwaite, Jr., Western Ky. (C-USA)",So.,DB,11,1
89,"Brett Brenton, Wyoming (Mountain West)",So.,RB,4,1
89,"C.J Brewer, Coastal Carolina (Sun Belt)",Sr.,DT,12,1
89,"Josiah Bronson, Washington (Pac-12)",Sr.,DL,4,1
89,"Djimon Brooks, Georgia Tech (ACC)",Sr.,DL,10,1
89,"Marquel Broughton, Army West Point (FBS Independent)",So.,DB,12,1
89,"JaTravis  Broughton, Utah (Pac-12)",So.,DB,5,1
89,"John Broussard, Memphis (AAC)",Sr.,DB,9,1
89,"Kurtis Brown, Fresno St. (Mountain West)",Jr.,DL,4,1
89,"Aamaris Brown, Kansas St. (Big 12)",Fr.,DB,6,1
89,"Chris Brown, Texas (Big 12)",Sr.,DB,9,1
89,"Shakel Brown, Troy (Sun Belt)",Jr.,DT,9,1
89,"Earnest Brown IV, Northwestern (Big Ten)",Sr.,DL,9,1
89,"Aaron Brule, Mississippi St. (SEC)",So.,LB,11,1
89,"Jordan Burch, South Carolina (SEC)",Fr.,DL,8,1
89,"Noah Burks, Wisconsin (Big Ten)",Sr.,LB,7,1
89,"Lorenzo Burns, Arizona (Pac-12)",Sr.,DB,5,1
89,"Tyler Burns, Kansas St. (Big 12)",Sr.,RB,9,1
89,"Darien Butler, Arizona St. (Pac-12)",Jr.,LB,4,1
89,"Johnathan Butler, Middle Tenn. (C-USA)",Jr.,LB,8,1
89,"Rashad Byrd, Ga. Southern (Sun Belt)",Sr.,LB,13,1
89,"Chevin Calloway, SMU (AAC)",Jr.,DB,10,1
89,"Chance Campbell, Maryland (Big Ten)",Jr.,LB,4,1
89,"Phil Campbell, Pittsburgh (ACC)",Sr.,LB,11,1
89,"Jack Camper, Michigan St. (Big Ten)",Jr.,DL,7,1
89,"Derrick Canteen, Ga. Southern (Sun Belt)",Fr.,DB,13,1
89,"Geoff Cantin-Arku, Syracuse (ACC)",So.,LB,11,1
89,"Matt Carrick, Michigan St. (Big Ten)",Jr.,OL,7,1
89,"Cam'ron Carter, Colorado St. (Mountain West)",Jr.,LB,4,1
89,"Zachary Carter, Florida (SEC)",Jr.,DL,12,1
89,"TJ Carter, Memphis (AAC)",Sr.,DB,7,1
89,"Ja'Had Carter, Syracuse (ACC)",Fr.,DB,11,1
89,"Jalen Catalon, Arkansas (SEC)",Fr.,DB,10,1
89,"Josh Celiscar, UCF (AAC)",Fr.,DL,10,1
89,"Zion Childress, Texas St. (Sun Belt)",Fr.,S,12,1
89,"Kei'Trel Clark, Louisville (ACC)",So.,DB,10,1
89,"Justin Clark, Toledo (MAC)",Sr.,CB,6,1
89,"Macon Clark, Tulane (AAC)",Jr.,DB,12,1
89,"Antonio Clary, Virginia (ACC)",So.,DB,8,1
89,"Randy Cochran, Jr., Akron (MAC)",So.,DB,6,1
89,"Andrew Cole, Southern Miss. (C-USA)",Jr.,DL,6,1
89,"Brandon Coleman, Kent St. (MAC)",Fr.,LB,4,1
89,"Antwan Collier, UCF (AAC)",Sr.,DB,5,1
89,"Zaven Collins, Tulsa (AAC)",Jr.,LB,8,1
89,"Jabril Cox, LSU (SEC)",Sr.,LB,10,1
89,"LeDarrius Cox, Ole Miss (SEC)",Fr.,DL,10,1
89,"Brenton Cox Jr., Florida (SEC)",So.,LB,12,1
89,"Londyn Craft , Mississippi St. (SEC)",Jr.,DB,10,1
89,"Shaun Crawford, Notre Dame (ACC)",Sr.,CB,12,1
89,"Roger Cray, Western Ky. (C-USA)",Sr.,DB,9,1
89,"David Curry, Georgia Tech (ACC)",Sr.,LB,10,1
89,"Noah Curtis, FIU (C-USA)",Sr.,DL,5,1
89,"Emanuel Dabney, Liberty (FBS Independent)",Sr.,CB,9,1
89,"DJ Dale, Alabama (SEC)",So.,DL,13,1
89,"Mac Dalena, Fresno St. (Mountain West)",Fr.,WR,6,1
89,"Marvin Dallas, Louisville (ACC)",Fr.,LB,5,1
89,"Levani Damuni, Stanford (Pac-12)",So.,LB,6,1
89,"Dae'Shawn Davis, Iowa St. (Big 12)",Fr.,LB,11,1
89,"Jamin Davis, Kentucky (SEC)",Jr.,LB,10,1
89,"A.J. Davis, Pittsburgh (ACC)",Sr.,RB,10,1
89,"Daevion Davis, Vanderbilt (SEC)",So.,DL,8,1
89,"Jimmy Daw, Ball St. (MAC)",Jr.,LB,8,1
89,"Josh DeBerry, Boston College (ACC)",So.,DB,11,1
89,"Chris DeLoach, UCF (AAC)",Sr.,DL,10,1
89,"Trey Dean III, Florida (SEC)",Jr.,DB,11,1
89,"Reid Dedman, Ga. Southern (Sun Belt)",Fr.,LB,13,1
89,"Dontay  Demus, Maryland (Big Ten)",Jr.,WR,5,1
89,"Leroy Deshazor, Arkansas St. (Sun Belt)",Jr.,WR,7,1
89,"Parker Devine, Ga. Southern (Sun Belt)",So.,DL,13,1
89,"Tre'shon Devones, Rice (C-USA)",So.,DB,3,1
89,"Mohamed Diallo, Central Mich. (MAC)",Sr.,DL,5,1
89,"Joren Dickey, Louisiana Tech (C-USA)",Jr.,LB,9,1
89,"Kenneth Dicks III, Wake Forest (ACC)",So.,DB,6,1
89,"Victor Dimukeje, Duke (ACC)",Sr.,DL,11,1
89,"Johnny Dixon, South Carolina (SEC)",So.,DB,10,1
89,"JoJo Domann, Nebraska (Big Ten)",Sr.,LB,8,1
89,"Tykeem Doss, Southern Miss. (C-USA)",Jr.,OL,9,1
89,"George Douglas, Central Mich. (MAC)",Jr.,LB,6,1
89,"Ja'Khi Douglas, Florida St. (ACC)",Fr.,RB,8,1
89,"Dillon Doyle, Baylor (Big 12)",So.,LB,9,1
89,"Joel Dublanko, Cincinnati (AAC)",Sr.,LB,10,1
89,"Max Duggan, TCU (Big 12)",So.,QB,10,1
89,"Ryan Duran III, Army West Point (FBS Independent)",Jr.,DL,12,1
89,"Jordon Earle, App State (Sun Belt)",So.,DL,12,1
89,"Arnold Ebiketie, Temple (AAC)",Jr.,DE,6,1
89,"Deon Edwards, Arkansas (SEC)",Sr.,LB,5,1
89,"Sam Ehlinger, Texas (Big 12)",Sr.,QB,10,1
89,"Greg Eisworth, Iowa St. (Big 12)",Sr.,DB,12,1
89,"Kaiir Elam, Florida (SEC)",So.,DB,12,1
89,"Josh Ellison, Oklahoma (Big 12)",So.,DL,11,1
89,"Hunter Escorcia, Washington St. (Pac-12)",Fr.,DB,4,1
89,"Desmond Evans, North Carolina (ACC)",Fr.,LB,12,1
89,"Jack Fagot, Louisville (ACC)",Sr.,DB,10,1
89,"Diego Fagot, Navy (AAC)",Jr.,LB,9,1
89,"Tony Fair, UAB (C-USA)",Sr.,DL,9,1
89,"Viliami Fehoko, San Jose St. (Mountain West)",So.,DL,8,1
89,"Jordan Ferguson, Middle Tenn. (C-USA)",Sr.,DL,9,1
89,"Seleti Fevaleaki, BYU (FBS Independent)",So.,DL,10,1
89,"Booker Ficklin, Arkansas St. (Sun Belt)",Fr.,DB,8,1
89,"Damarcus Fields, Texas Tech (Big 12)",Sr.,DB,8,1
89,"A.J.  Finley, Ole Miss (SEC)",So.,DB,10,1
89,"Paddy Fisher, Northwestern (Big Ten)",Sr.,LB,9,1
89,"Corey Flagg, Jr., Miami (FL) (ACC)",Fr.,LB,8,1
89,"Thomas Fletcher, Alabama (SEC)",Sr.,LS,13,1
89,"Devyn Ford, Penn St. (Big Ten)",So.,RB,6,1
89,"Zachary Ford, Toledo (MAC)",So.,S,4,1
89,"Stephen Forester, UTEP (C-USA)",Sr.,LB,8,1
89,"Sean Foster, Iowa St. (Big 12)",Sr.,OL,12,1
89,"Joe Foucha, Arkansas (SEC)",Jr.,DB,10,1
89,"Miles Fox, Wake Forest (ACC)",Sr.,DL,9,1
89,"Tywan Francis, Colorado St. (Mountain West)",Jr.,DB,3,1
89,"Gilbert Frierson, Miami (FL) (ACC)",So.,DB,11,1
89,"Jacob Fuqua, UAB (C-USA)",Sr.,LS,8,1
89,"Esaias Furdge, Mississippi St. (SEC)",So.,DB,10,1
89,"Matt Gahm, Virginia (ACC)",Sr.,LB,10,1
89,"Amari Gainer, Florida St. (ACC)",So.,LB,9,1
89,"Teddy  Gallagher, Coastal Carolina (Sun Belt)",Sr.,LB,12,1
89,"Blake Gallagher, Northwestern (Big Ten)",Sr.,LB,9,1
89,"Dallas Gant, Ohio St. (Big Ten)",Jr.,LB,8,1
89,"Ferrod Gardner, Louisiana (Sun Belt)",Sr.,LB,10,1
89,"Isaiah Gay, Illinois (Big Ten)",Sr.,DL,7,1
89,"Ali Gaye, LSU (SEC)",Jr.,DE,10,1
89,"Kenneth George Jr., Tennessee (SEC)",Sr.,DB,8,1
89,"Kalon Gervin, Michigan St. (Big Ten)",So.,DB,6,1
89,"Seth Glausier, Georgia St. (Sun Belt)",So.,LS,10,1
89,"Jared Goldwire, Louisville (ACC)",Sr.,DL,10,1
89,"Cameron Goode, California (Pac-12)",Sr.,LB,4,1
89,"Mario Goodrich, Clemson (ACC)",Jr.,CB,8,1
89,"O'Bryon Goodson, Memphis (AAC)",Sr.,DL,9,1
89,"Ta'Quon Graham, Texas (Big 12)",Sr.,DL,9,1
89,"Nick Grant, Virginia (ACC)",Sr.,DB,10,1
89,"Gregory Grate, Middle Tenn. (C-USA)",Jr.,DB,9,1
89,"Allie Green IV, Tulsa (AAC)",Sr.,DB,9,1
89,"Kyle Greenwell, UAB (C-USA)",Jr.,P,9,1
89,"Shaine Hailey, SMU (AAC)",Sr.,LB,10,1
89,"Troy Hairston, Central Mich. (MAC)",Sr.,LB,6,1
89,"Cade Hall, San Jose St. (Mountain West)",Jr.,DL,7,1
89,"Aaron Hamilton, Eastern Mich. (MAC)",Fr.,DL,3,1
89,"Nick Hampton, App State (Sun Belt)",So.,LB,10,1
89,"Jarren Hampton, Ohio (MAC)",Sr.,DB,3,1
89,"Mike Hampton, South Fla. (AAC)",Sr.,DB,9,1
89,"Rob Hanna, Syracuse (ACC)",Fr.,DB,9,1
89,"Zach Hannibal, Louisiana Tech (C-USA)",Sr.,DB,9,1
89,"Trevor Harmanson, UTSA (C-USA)",Jr.,LB,12,1
89,"Micah Harper, BYU (FBS Independent)",Fr.,DB,11,1
89,"Thomas Harper, Oklahoma St. (Big 12)",So.,S,11,1
89,"Broderick Harrell, UTEP (C-USA)",Jr.,DB,7,1
89,"Marcus Harris, Kansas (Big 12)",So.,DL,8,1
89,"Justus Harris, Minnesota (Big Ten)",Sr.,DB,7,1
89,"Zach  Harrison, Ohio St. (Big Ten)",So.,DL,7,1
89,"Drew Hartlaub, Penn St. (Big Ten)",Jr.,DB,8,1
89,"Jakorey Hawkins, Ole Miss (SEC)",So.,DB,8,1
89,"Daelin Hayes, Notre Dame (ACC)",Sr.,DL,12,1
89,"James Head Jr., Indiana (Big Ten)",Jr.,DL,8,1
89,"Houston Heimuli, Stanford (Pac-12)",Sr.,FB,5,1
89,"K.J. Henry, Clemson (ACC)",So.,DE,12,1
89,"Nick Herbig, Wisconsin (Big Ten)",Fr.,LB,7,1
89,"Keenan Hester, UCF (AAC)",So.,DL,6,1
89,"Kevin Hester Jr., North Carolina (ACC)",So.,DL,7,1
89,"Shaka Heyward, Duke (ACC)",So.,LB,11,1
89,"Ja'von Hicks, Cincinnati (AAC)",Jr.,DB,9,1
89,"Jamal Hines, Toledo (MAC)",Jr.,DE,6,1
89,"John Hines, Troy (Sun Belt)",Sr.,DE,10,1
89,"Darius Hodge, Marshall (C-USA)",Jr.,DL,10,1
89,"Darius Hodges, Tulane (AAC)",Fr.,DB,9,1
89,"Jimmy Holiday, Tennessee (SEC)",Fr.,WR,8,1
89,"Christian Hood, Duke (ACC)",Fr.,LB,5,1
89,"David Hood, Toledo (MAC)",Sr.,DT,6,1
89,"Marcus Hooker, Ohio St. (Big Ten)",Jr.,DB,7,1
89,"Cam Horsley, Boston College (ACC)",Fr.,DL,11,1
89,"Jontrey Hunter, Georgia St. (Sun Belt)",So.,LB,8,1
89,"Mason Husmann, ULM (Sun Belt)",Sr.,DL,8,1
89,"Mo Iosefa, California (Pac-12)",Fr.,LB,4,1
89,"Tyren Irby, Oklahoma St. (Big 12)",Jr.,DE,4,1
89,"Audley Isaacs, Temple (AAC)",Jr.,LB,2,1
89,"D'Marco Jackson, App State (Sun Belt)",Jr.,LB,12,1
89,"Tarron Jackson, Coastal Carolina (Sun Belt)",Sr.,DE,12,1
89,"Dequan Jackson, Colorado St. (Mountain West)",Jr.,LB,4,1
89,"Teylor Jackson, East Carolina (AAC)",Fr.,LB,9,1
89,"Quez Jackson, Georgia Tech (ACC)",Jr.,LB,10,1
89,"Theo Jackson, Tennessee (SEC)",Sr.,DB,10,1
89,"Bryce Jackson, UNLV (Mountain West)",Jr.,DB,6,1
89,"Javontae Jean-Baptiste, Ohio St. (Big Ten)",Jr.,DL,6,1
89,"Dashaun Jerkins, Vanderbilt (SEC)",Jr.,DB,8,1
89,"Donovan Jeter, Michigan (Big Ten)",Sr.,DL,6,1
89,"Emeka Jillani, Ball St. (MAC)",Jr.,DL,4,1
89,"Samy Johnson, Arkansas St. (Sun Belt)",So.,DB,9,1
89,"Leonard Johnson, Duke (ACC)",Jr.,DB,10,1
89,"Jerome Johnson, Indiana (Big Ten)",Sr.,DL,8,1
89,"Josiah Johnson, Massachusetts (FBS Independent)",Jr.,QB,4,1
89,"Gerrell Johnson, Massachusetts (FBS Independent)",Fr.,DL,4,1
89,"Quindell Johnson, Memphis (AAC)",So.,DB,11,1
89,"Kelvin Johnson, South Alabama (Sun Belt)",Jr.,LB,10,1
89,"Freddie Johnson, Temple (AAC)",Sr.,CB,4,1
89,"Amari Johnson, UCF (AAC)",So.,WR,9,1
89,"Caleb Johnson, UCLA (Pac-12)",Jr.,LB,7,1
89,"Tyler Johnson, ULM (Sun Belt)",Sr.,OT,8,1
89,"Raymond Johnson III, Ga. Southern (Sun Belt)",Sr.,DL,13,1
89,"Johnny Johnson III, Oregon (Pac-12)",Sr.,WR,7,1
89,"Quentin Johnston, TCU (Big 12)",Fr.,WR,9,1
89,"Will Jones, Ball St. (MAC)",Jr.,RB,6,1
89,"Jaylon Jones, Georgia St. (Sun Belt)",Jr.,DB,10,1
89,"Buddha Jones, Kent St. (MAC)",So.,DL,2,1
89,"Naquan Jones, Michigan St. (Big Ten)",Sr.,DL,7,1
89,"Ernest Jones, South Carolina (SEC)",Jr.,LB,9,1
89,"Isaiah Jones, Syracuse (ACC)",So.,WR,10,1
89,"Jonathan Jones, Toledo (MAC)",Sr.,LB,6,1
89,"Patrick Jones II, Pittsburgh (ACC)",Sr.,DL,11,1
89,"Jalen Jordan, Ole Miss (SEC)",So.,DB,9,1
89,"Bruce Jordan-Swilling, Georgia Tech (ACC)",Sr.,RB,8,1
89,"Quincy Jountti, Southern California (Pac-12)",Sr.,RB,6,1
89,"Devin Kaufusi, Utah (Pac-12)",Jr.,DL,5,1
89,"Zion Keith, Wake Forest (ACC)",So.,DB,6,1
89,"Silas Kelly, Coastal Carolina (Sun Belt)",Sr.,LB,12,1
89,"Dean Kelvin, Fla. Atlantic (C-USA)",So.,RB,9,1
89,"Derion Kendrick, Clemson (ACC)",Jr.,CB,9,1
89,"Michael Kennedy, NIU (MAC)",Jr.,DL,6,1
89,"Trevor Kent, Northwestern (Big Ten)",Jr.,DL,4,1
89,"Terry Keys III, SMU (AAC)",So.,DB,1,1
89,"Isaiah King, Buffalo (MAC)",Jr.,DB,7,1
89,"J.D. King, Ga. Southern (Sun Belt)",Sr.,RB,7,1
89,"Qwuantrezz Knight, UCLA (Pac-12)",Sr.,DB,7,1
89,"Chase Kuerschen, Tulane (AAC)",Sr.,DB,11,1
89,"Noski LaFleur, Eastern Mich. (MAC)",Sr.,DB,6,1
89,"Nate Landman, Colorado (Pac-12)",Sr.,LB,5,1
89,"Malachi Langley, Fresno St. (Mountain West)",Fr.,LB,6,1
89,"Tyler Lavine, SMU (AAC)",So.,RB,10,1
89,"Richard LeCounte, Georgia (SEC)",Sr.,DB,6,1
89,"Andrew Leak, Middle Tenn. (C-USA)",So.,LB,8,1
89,"Demarvin Leal, Texas A&M (SEC)",So.,DL,10,1
89,"Jordan Lee, Nevada (Mountain West)",Jr.,DB,9,1
89,"Mark Lee Jr. , Eastern Mich. (MAC)",Fr.,DB,6,1
89,"Jay Lenard, San Jose St. (Mountain West)",Sr.,DB,5,1
89,"Deane Leonard, Ole Miss (SEC)",Sr.,DB,8,1
89,"Dyllon Lester, UCF (AAC)",So.,DB,10,1
89,"Shaun Lewis, Houston (AAC)",Jr.,CB,7,1
89,"Donte Lindsey, Massachusetts (FBS Independent)",Jr.,DB,3,1
89,"Tyrez Lindsey, Memphis (AAC)",Sr.,DB,11,1
89,"Steve Linton, Syracuse (ACC)",Fr.,LB,8,1
89,"Hassan Littles, Ball St. (MAC)",Sr.,WR,8,1
89,"Marist Liufau, Notre Dame (ACC)",So.,LB,10,1
89,"Jermayne Lole, Arizona St. (Pac-12)",Jr.,DL,4,1
89,"Kordell Looney, Kentucky (SEC)",Sr.,DL,10,1
89,"Jesse Luketa, Penn St. (Big Ten)",Jr.,LB,9,1
89,"Bralyn Lux, Fresno St. (Mountain West)",Fr.,DB,6,1
89,"Nafees Lyon, Charlotte (C-USA)",Sr.,DB,6,1
89,"Spencer Lytle, Wisconsin (Big Ten)",So.,LB,5,1
89,"Tyreek Maddox-Williams, Rutgers (Big Ten)",Sr.,LB,9,1
89,"Jordan Magee, Temple (AAC)",So.,LB,5,1
89,"Sean Mahone, West Virginia (Big 12)",Sr.,DB,10,1
89,"Jaylen Mahoney, Vanderbilt (SEC)",So.,DB,8,1
89,"Kina Maile, Utah St. (Mountain West)",Fr.,LB,4,1
89,"Enock Makonzo, Coastal Carolina (Sun Belt)",Jr.,LB,12,1
89,"Tavis  Malakius, UNLV (Mountain West)",Sr.,DL,6,1
89,"Dominic Mammarelli, Miami (FL) (ACC)",Fr.,TE,10,1
89,"Thad Mangum, South Fla. (AAC)",Sr.,DL,9,1
89,"Hayes Maples, Southern Miss. (C-USA)",So.,LB,10,1
89,"Kejuan Markham, Arizona St. (Pac-12)",So.,DB,4,1
89,"John Marshall, Navy (AAC)",So.,DB,10,1
89,"TD Marshall, UAB (C-USA)",Sr.,CB,9,1
89,"Duane Martin, Louisville (ACC)",Fr.,TE,3,1
89,"Xavier Martin, Texas Tech (Big 12)",Jr.,DB,4,1
89,"Justin Mascoll, Clemson (ACC)",So.,DE,12,1
89,"Ochaun Mathis, TCU (Big 12)",So.,DE,10,1
89,"Michael Matus, Arizona St. (Pac-12)",So.,DL,3,1
89,"Trey McBride, Colorado St. (Mountain West)",Jr.,TE,4,1
89,"Marquan McCall, Kentucky (SEC)",Jr.,DL,10,1
89,"Lorenzo McCaskill, Louisiana (Sun Belt)",Jr.,LB,11,1
89,"Zach McCloud, Miami (FL) (ACC)",Sr.,LB,9,1
89,"Alonzo McCoy, Central Mich. (MAC)",Sr.,DB,6,1
89,"Bru McCoy, Southern California (Pac-12)",Fr.,WR,6,1
89,"Isaiah McDuffie, Boston College (ACC)",Sr.,LB,11,1
89,"Freddie McGee, Eastern Mich. (MAC)",Sr.,DB,4,1
89,"Verone McKinley III, Oregon (Pac-12)",So.,DB,7,1
89,"Lance McMillan, Charlotte (C-USA)",So.,DB,6,1
89,"Dishon McNary, Central Mich. (MAC)",Jr.,DB,6,1
89,"Alim McNeill, NC State (ACC)",Jr.,DL,11,1
89,"Max Melton, Rutgers (Big Ten)",Fr.,DB,9,1
89,"Bo Melton, Rutgers (Big Ten)",Sr.,WR,9,1
89,"Alex Merritt, Eastern Mich. (MAC)",Fr.,DL,6,1
89,"Ventrell Miller, Florida (SEC)",Jr.,LB,11,1
89,"James Miller, Indiana (Big Ten)",So.,LB,8,1
89,"Kendre Miller, TCU (Big 12)",Fr.,RB,9,1
89,"Andre Mintze, Vanderbilt (SEC)",Sr.,LB,9,1
89,"Juwan Mitchell, Texas (Big 12)",Jr.,LB,10,1
89,"Nick Mobley, South Alabama (Sun Belt)",Jr.,LB,11,1
89,"Eric Monroe, Texas Tech (Big 12)",Sr.,DB,10,1
89,"Anthony Montalvo, UCF (AAC)",Jr.,DL,10,1
89,"Jamar Montgomery, Colorado (Pac-12)",Sr.,LB,6,1
89,"Jaylen Moody, Alabama (SEC)",Jr.,LB,13,1
89,"Malachi Moore, Alabama (SEC)",Fr.,DB,12,1
89,"Jabari Moore, Army West Point (FBS Independent)",So.,DB,10,1
89,"Isaiah Moore, NC State (ACC)",Jr.,LB,12,1
89,"Marcellus Moore, Purdue (Big Ten)",Fr.,WR,1,1
89,"Isaiah Morris, Army West Point (FBS Independent)",So.,DB,11,1
89,"Alex Morris, North Texas (C-USA)",Jr.,DB,6,1
89,"Jarron Morris, Texas St. (Sun Belt)",Jr.,DB,12,1
89,"Tre'mon Morris-Brash, UCF (AAC)",So.,DL,10,1
89,"Lamar Mullins, Tulsa (AAC)",Sr.,DB,9,1
89,"Chad Muma, Wyoming (Mountain West)",Jr.,LB,6,1
89,"Thayer Munford, Ohio St. (Big Ten)",Sr.,OL,7,1
89,"Connor Murphy, Southern California (Pac-12)",Sr.,DL,6,1
89,"Tyler Murray, Charlotte (C-USA)",Jr.,DB,6,1
89,"Eli Neal, Marshall (C-USA)",So.,LB,10,1
89,"Terrance Newman, SMU (AAC)",Jr.,DL,10,1
89,"T.Q. Newsome, Southern Miss. (C-USA)",Fr.,LB,10,1
89,"Brock Nichols, South Fla. (AAC)",Sr.,DB,8,1
89,"Nick Niemann, Iowa (Big Ten)",Sr.,LB,8,1
89,"Kyle Nixon, Troy (Sun Belt)",Sr.,S,10,1
89,"Joey Noble, New Mexico (Mountain West)",Sr.,DL,7,1
89,"Parker Noren, Air Force (Mountain West)",Sr.,LB,6,1
89,"Adetokunbo Ogundeji, Notre Dame (ACC)",Sr.,DL,12,1
89,"Azeez Ojulari, Georgia (SEC)",So.,LB,10,1
89,"BJ Ojulari, LSU (SEC)",Fr.,LB,10,1
89,"Kaleb Oliver, Georgia Tech (ACC)",Jr.,DB,9,1
89,"Kenneth Orji, Rice (C-USA)",Jr.,DL,4,1
89,"Joseph Ossai, Texas (Big 12)",Jr.,LB,9,1
89,"DeMarvion Overshown, Texas (Big 12)",Jr.,DB,10,1
89,"Antwan Owens, Georgia Tech (ACC)",Sr.,DL,6,1
89,"Mike Palmer, Boston College (ACC)",Sr.,DB,7,1
89,"Noah Palmer, Pittsburgh (ACC)",So.,DL,2,1
89,"Owen Pappoe, Auburn (SEC)",So.,LB,11,1
89,"Derek Parish, Houston (AAC)",Jr.,DL,8,1
89,"Wayne Parks, Middle Tenn. (C-USA)",Jr.,DB,9,1
89,"Antonio Parks, UTSA (C-USA)",Sr.,DB,12,1
89,"Kane Patterson, Clemson (ACC)",So.,LB,12,1
89,"Decorian Patterson, Middle Tenn. (C-USA)",So.,DB,8,1
89,"Nelson Paul, SMU (AAC)",So.,DL,9,1
89,"Patrick Peek, New Mexico (Mountain West)",Sr.,DB,7,1
89,"Jayden Peevy, Texas A&M (SEC)",Sr.,DL,10,1
89,"Alec Pell, Colorado (Pac-12)",Fr.,TE,5,1
89,"Jackson Perkins, Navy (AAC)",Sr.,DL,10,1
89,"Kalawai'a Pescaia, Air Force (Mountain West)",So.,DL,4,1
89,"Fred Peters, Mississippi St. (SEC)",Sr.,DB,4,1
89,"Clark Phillips, Utah (Pac-12)",Fr.,DB,5,1
89,"Deandre Pierce, Arizona St. (Pac-12)",Sr.,DB,4,1
89,"Aaron Pierre, Liberty (FBS Independent)",Jr.,LB,11,1
89,"Keenan Pili, BYU (FBS Independent)",So.,LB,10,1
89,"Nyles Pinckney, Clemson (ACC)",Sr.,DT,12,1
89,"Jake Pitcher, Utah St. (Mountain West)",Sr.,DL,6,1
89,"Jaxon Player, Tulsa (AAC)",Jr.,DL,9,1
89,"Dom Polizzi, Buffalo (MAC)",So.,DT,6,1
89,"Carl Poole, Liberty (FBS Independent)",Fr.,LB,10,1
89,"Cam Porter, Northwestern (Big Ten)",Fr.,RB,7,1
89,"Justin Prince, UTEP (C-USA)",Jr.,DB,8,1
89,"Josh Proctor, Ohio St. (Big Ten)",Jr.,DB,7,1
89,"Kyle Pugh, NIU (MAC)",Sr.,LB,5,1
89,"Morgan Pyper, BYU (FBS Independent)",So.,RB,12,1
89,"Derrion Rakestraw, Colorado (Pac-12)",Sr.,DB,6,1
89,"Jerrick Reed II, New Mexico (Mountain West)",Jr.,DB,7,1
89,"George Reid, Temple (AAC)",Jr.,LB,6,1
89,"Monty Rice, Georgia (SEC)",Sr.,LB,9,1
89,"Max Richardson, Boston College (ACC)",Sr.,LB,11,1
89,"Nate Ritchie, Utah (Pac-12)",Fr.,DB,5,1
89,"Merlin Robertson, Arizona St. (Pac-12)",Jr.,LB,4,1
89,"Berdale Robins, Nevada (Mountain West)",Sr.,DB,8,1
89,"Curtis Robinson, Stanford (Pac-12)",Sr.,LB,6,1
89,"Aaron Robinson, UCF (AAC)",Sr.,DB,9,1
89,"Kordell Rodgers, Texas St. (Sun Belt)",Sr.,DB,7,1
89,"Malcolm Rodriguez, Oklahoma St. (Big 12)",Sr.,LB,11,1
89,"Cody Roscoe, Syracuse (ACC)",Sr.,DL,11,1
89,"Gunnar Royer, Baylor (Big 12)",Sr.,LS,9,1
89,"Dionté Ruffin, Western Ky. (C-USA)",Sr.,DB,12,1
89,"Chris Rumph II, Duke (ACC)",Jr.,DL,11,1
89,"Thomas Rush, Minnesota (Big Ten)",Jr.,LB,7,1
89,"Kody Russey, Louisiana Tech (C-USA)",Sr.,OL,10,1
89,"Matthew Sams, Rice (C-USA)",So.,DB,5,1
89,"Makyle Sanders, North Texas (C-USA)",Sr.,DB,10,1
89,"Alefosio Sapaia, Navy (AAC)",So.,DL,7,1
89,"Grant Sawyer, Tulsa (AAC)",Jr.,LB,9,1
89,"Brandon Sebastian, Boston College (ACC)",Jr.,DB,11,1
89,"Ryan Selig, Western Mich. (MAC)",So.,LB,6,1
89,"Nehemiah Shelton, San Jose St. (Mountain West)",Jr.,DB,8,1
89,"Ian Shewell, New Mexico (Mountain West)",Fr.,DL,6,1
89,"Kempton Shine, Eastern Mich. (MAC)",So.,DB,6,1
89,"Avery Showell, Georgia Tech (ACC)",Jr.,DB,8,1
89,"Antonio Showers, Troy (Sun Belt)",Jr.,DE,8,1
89,"Treon Sibley, Liberty (FBS Independent)",Fr.,WR,9,1
89,"Jackson Sirmon, Washington (Pac-12)",So.,LB,4,1
89,"James Skalski, Clemson (ACC)",Sr.,LB,9,1
89,"Quentin Skinner, LSU (SEC)",Fr.,LS,10,1
89,"DeVonta Smith, Alabama (SEC)",Sr.,WR,13,1
89,"Xavier Smith, East Carolina (AAC)",Jr.,LB,9,1
89,"Anthony Smith, NC State (ACC)",Fr.,WR,8,1
89,"Brandon Smith, Penn St. (Big Ten)",So.,LB,9,1
89,"Cameron Smith, Wyoming (Mountain West)",Fr.,DE,4,1
89,"Baylon Spector, Clemson (ACC)",Jr.,LB,12,1
89,"DeAndre Square, Kentucky (SEC)",Jr.,LB,11,1
89,"Darrell Starling, Troy (Sun Belt)",Fr.,S,9,1
89,"Brandon Stephens, SMU (AAC)",Sr.,RB,10,1
89,"Josh Stewart, Tulsa (AAC)",Sr.,WR,8,1
89,"Hunter Stewart, Virginia (ACC)",Fr.,LB,10,1
89,"Dante Stills, West Virginia (Big 12)",Jr.,DL,10,1
89,"Derek  Stingley Jr., LSU (SEC)",So.,DB,7,1
89,"Jaylen Stinson, Duke (ACC)",Fr.,S,11,1
89,"Jarrion Street, UAB (C-USA)",Sr.,LB,3,1
89,"Dorian Strong, Virginia Tech (ACC)",Fr.,DB,11,1
89,"Maurice Strong Jr., South Alabama (Sun Belt)",So.,DL,11,1
89,"Grant Stuard, Houston (AAC)",Sr.,LB,7,1
89,"Doug Sullivan, South Alabama (Sun Belt)",Fr.,LB,11,1
89,"Chazz Surratt, North Carolina (ACC)",Sr.,LB,11,1
89,"Patrick Surtain, Alabama (SEC)",Jr.,DB,13,1
89,"T'Vondre Sweat, Texas (Big 12)",So.,DL,10,1
89,"Derrick Tangelo, Duke (ACC)",Sr.,DL,11,1
89,"Justus Tavai, Hawaii (Mountain West)",Jr.,DL,9,1
89,"Caleb Taylor, Kansas (Big 12)",Fr.,DL,3,1
89,"Dadrian Taylor, UTSA (C-USA)",Jr.,DB,10,1
89,"Jason Taylor II, Oklahoma St. (Big 12)",So.,S,11,1
89,"Tim Terry, Buffalo (MAC)",Jr.,LB,7,1
89,"Brennan Thieneman, Purdue (Big Ten)",Sr.,DB,6,1
89,"Devin Thomas, Southern Miss. (C-USA)",Jr.,LB,10,1
89,"Corey Thomas, Jr., Akron (MAC)",Fr.,DB,5,1
89,"Nate Thompson, Duke (ACC)",So.,DB,11,1
89,"Tariq Thompson, San Diego St. (Mountain West)",Sr.,DB,8,1
89,"Bryce Thompson, Tennessee (SEC)",Jr.,DB,10,1
89,"Cameron Tidd, Vanderbilt (SEC)",Sr.,DL,7,1
89,"Alan Tisdale, Virginia Tech (ACC)",So.,LB,9,1
89,"Rico Tolefree, San Jose St. (Mountain West)",Jr.,LB,6,1
89,"Khalan Tolson, Illinois (Big Ten)",Jr.,LB,7,1
89,"Kameron Toomer, Nevada (Mountain West)",Sr.,DE,9,1
89,"Will Trawick, Air Force (Mountain West)",Sr.,LB,4,1
89,"Ethan Tucky, Cincinnati (AAC)",Sr.,DL,10,1
89,"Sione Tupou, Texas St. (Sun Belt)",Jr.,LB,12,1
89,"Zion Tupuola-Fetui, Washington (Pac-12)",So.,LB,4,1
89,"Tyree Turner, UAB (C-USA)",Sr.,DL,9,1
89,"Christian Tutt, Auburn (SEC)",Jr.,DB,9,1
89,"Mike Tverdov, Rutgers (Big Ten)",Sr.,DL,9,1
89,"Brayden Utley, Baylor (Big 12)",So.,DL,6,1
89,"Ty Van Fossen, Cincinnati (AAC)",So.,LB,10,1
89,"La'Kendrick VanZandt, TCU (Big 12)",Jr.,S,10,1
89,"Gerry Vaughn, Iowa St. (Big 12)",So.,LB,12,1
89,"Noah Vedral, Rutgers (Big Ten)",Sr.,QB,7,1
89,"Jordan Veneziale, Georgia St. (Sun Belt)",So.,LB,10,1
89,"Hal Vinson, Texas St. (Sun Belt)",Sr.,LB,11,1
89,"Keon Voisin, South Alabama (Sun Belt)",So.,DB,11,1
89,"Dalyn Wade-Perry, Stanford (Pac-12)",Sr.,DT,5,1
89,"Zamari Walton, Georgia Tech (ACC)",So.,DB,10,1
89,"Jarvis Ware, Missouri (SEC)",Jr.,DB,7,1
89,"Jaylen Watson, Washington St. (Pac-12)",Jr.,DB,3,1
89,"Marlowe Wax, Syracuse (ACC)",Fr.,LB,11,1
89,"Rashad Weaver, Pittsburgh (ACC)",Sr.,DL,9,1
89,"Lawrence White, Iowa St. (Big 12)",Sr.,DB,12,1
89,"Brendon White, Rutgers (Big Ten)",Sr.,DB,5,1
89,"Andre White, Texas A&M (SEC)",So.,LB,10,1
89,"Kobie Whiteside, Missouri (SEC)",Sr.,DL,5,1
89,"Marcus Wiggins, Navy (AAC)",Sr.,DB,4,1
89,"Kamar Wilcoxson, Florida (SEC)",Fr.,DB,2,1
89,"Drew Wiley, Kansas St. (Big 12)",Sr.,DT,10,1
89,"Gary Wiley, SMU (AAC)",Jr.,DL,10,1
89,"Charles Wiley, UTSA (C-USA)",Sr.,LB,12,1
89,"Raashaan Wilkins, Vanderbilt (SEC)",Jr.,DL,9,1
89,"Will Williams, Baylor (Big 12)",So.,DB,3,1
89,"Milton Williams, Louisiana Tech (C-USA)",Jr.,DL,10,1
89,"Deontai Williams, Nebraska (Big Ten)",Sr.,DB,8,1
89,"Chase Williams, Southern California (Pac-12)",So.,S,5,1
89,"De'Andre Williams, Tulane (AAC)",Sr.,DL,11,1
89,"Cristian Williams, Tulsa (AAC)",Sr.,DB,8,1
89,"Nohl Williams, UNLV (Mountain West)",Fr.,DB,5,1
89,"Chris Willis, East Carolina (AAC)",Sr.,DL,8,1
89,"Malik Willis, Liberty (FBS Independent)",Jr.,QB,10,1
89,"Jireh Wilson, East Carolina (AAC)",So.,DB,9,1
89,"Marco Wilson, Florida (SEC)",Jr.,DB,10,1
89,"Dontae Wilson, Georgia St. (Sun Belt)",Sr.,DL,8,1
89,"Dee Winters, TCU (Big 12)",So.,LB,10,1
89,"Raymond Woodie III, Florida St. (ACC)",So.,DB,9,1
89,"Cam Wright, Louisiana Tech (C-USA)",Fr.,RB,7,1
89,"Justin Wright, Tulsa (AAC)",So.,LB,9,1
89,"De'Rickey Wright, Vanderbilt (SEC)",Fr.,RB,5,1
89,"Cannon York, Missouri (SEC)",So.,DL,9,1
89,"Byron Young, Alabama (SEC)",So.,DL,13,1
89,"Avery Young, Rutgers (Big Ten)",Jr.,DB,9,1
89,"Eddie Zinn-Turner, Buffalo (MAC)",Sr.,DL,1,1
