Rank,Player,Cl,Pos,G,Fum Rec
1,"Jordan Lee, Nevada (Mountain West)",Sr.,DB,13,5
2,"Jaylen Watson, Washington St. (Pac-12)",Sr.,DB,12,4
3,"Zaire Barnes, Western Mich. (MAC)",Jr.,LB,13,3
3,"Ezekiel Barnett, Louisiana Tech (C-USA)",Sr.,LB,12,3
3,"Marqez Bimage, California (Pac-12)",Sr.,LB,12,3
3,"Reed Blankenship, Middle Tenn. (C-USA)",Sr.,S,13,3
3,"Nik Bonitto, Oklahoma (Big 12)",Jr.,LB,12,3
3,"Jordan Brown, North Texas (C-USA)",So.,LB,13,3
3,"Quadric Bullard, UCF (AAC)",So.,DB,13,3
3,"Chance Campbell, Ole Miss (SEC)",Sr.,LB,13,3
3,"Lorenzo Dantzler, UTSA (C-USA)",Sr.,DL,12,3
3,"Jordan Helm, Fla. Atlantic (C-USA)",Sr.,S,12,3
3,"Daiyan Henley, Nevada (Mountain West)",Sr.,LB,12,3
3,"Andre Jones, Louisiana (Sun Belt)",Jr.,DL,14,3
3,"Kerby Joseph, Illinois (Big Ten)",Jr.,DB,12,3
3,"Santrell Latham, Southern Miss. (C-USA)",Jr.,LB,11,3
3,"Jalen Pitre, Baylor (Big 12)",Sr.,S,14,3
3,"Traveon Redd, Wake Forest (ACC)",Sr.,DB,14,3
3,"JL Skinner, Boise St. (Mountain West)",Jr.,S,12,3
3,"Ja'Sir Taylor, Wake Forest (ACC)",Sr.,DB,14,3
3,"Justin Walley, Minnesota (Big Ten)",Fr.,DB,13,3
22,"Elery Alexander, Arkansas St. (Sun Belt)",Sr.,DB,12,2
22,"Jordan Anderson, Bowling Green (MAC)",Jr.,DB,12,2
22,"Kevin Atkins, Fresno St. (Mountain West)",Sr.,DL,13,2
22,"Levelle Bailey, Fresno St. (Mountain West)",Jr.,LB,13,2
22,"Chad Bailey, Missouri (SEC)",Jr.,LB,13,2
22,"Aaron Beasley, Tennessee (SEC)",Jr.,LB,13,2
22,"Darrian Beavers, Cincinnati (AAC)",Sr.,LB,14,2
22,"Keeanu Benton, Wisconsin (Big Ten)",Jr.,DL,13,2
22,"Rondell Bothroyd, Wake Forest (ACC)",So.,DL,14,2
22,"Dwayne Boyles, South Fla. (AAC)",Jr.,LB,12,2
22,"Justin Broiles, Oklahoma (Big 12)",Sr.,DB,13,2
22,"Greg Brooks, Jr., Arkansas (SEC)",Jr.,DB,13,2
22,"Marcus Brown, Cincinnati (AAC)",Sr.,DL,13,2
22,"Ji'Ayir Brown, Penn St. (Big Ten)",Sr.,S,13,2
22,"Baylen Buchanan, Louisiana Tech (C-USA)",Sr.,DB,12,2
22,"Percy Butler, Louisiana (Sun Belt)",Jr.,S,13,2
22,"Jerron Cage, Ohio St. (Big Ten)",Sr.,DL,11,2
22,"Jack Campbell, Iowa (Big Ten)",Jr.,LB,14,2
22,"Josh Celiscar, UCF (AAC)",So.,DL,13,2
22,"Elijah Chatman, SMU (AAC)",Jr.,DT,12,2
22,"Ronald Clarke, App State (Sun Belt)",Fr.,DB,14,2
22,"Trey Cobb, App State (Sun Belt)",Sr.,LB,14,2
22,"Nolan Cockrill, Army West Point (FBS Independent)",Sr.,DL,13,2
22,"Caleb Colvin, North Texas (C-USA)",Sr.,DL,13,2
22,"Jeremy Darvin, Western Ky. (C-USA)",Sr.,DT,13,2
22,"Jurriente Davis, Middle Tenn. (C-USA)",So.,LB,12,2
22,"KD Davis, North Texas (C-USA)",Sr.,LB,13,2
22,"Javon Denis, Georgia St. (Sun Belt)",So.,DL,13,2
22,"Gervon Dexter Sr., Florida (SEC)",So.,DL,13,2
22,"George Douglas, Central Mich. (MAC)",Jr.,LB,12,2
22,"Wardalis Ducksworth, Memphis (AAC)",Sr.,DL,12,2
22,"Justin Eboigbe, Alabama (SEC)",Jr.,DL,15,2
22,"Andrew Edson, Washington St. (Pac-12)",Fr.,DE,13,2
22,"Jabari Ellis, South Carolina (SEC)",Sr.,DL,13,2
22,"Jonah Elliss, Utah (Pac-12)",Fr.,LB,14,2
22,"Jordan Ferguson, Middle Tenn. (C-USA)",Jr.,DL,13,2
22,"Zachary Ford, Toledo (MAC)",Jr.,S,13,2
22,"Isaiah Foskey, Notre Dame (FBS Independent)",Jr.,DL,13,2
22,"Ben Frye, Duke (ACC)",Sr.,DE,12,2
22,"Jordan Gandy, NIU (MAC)",Jr.,DB,14,2
22,"Haskell Garrett, Ohio St. (Big Ten)",Sr.,DL,12,2
22,"Isaiah Gay, Illinois (Big Ten)",Sr.,LB,12,2
22,"Jordan Genmark Heath, UCLA (Pac-12)",Sr.,LB,12,2
22,"Daniel Green, Kansas St. (Big 12)",Jr.,LB,13,2
22,"A.J. Hampton, Jr., Northwestern (Big Ten)",Jr.,DB,12,2
22,"Aaron Hansford, Texas A&M (SEC)",Sr.,LB,12,2
22,"Devin Harper, Oklahoma St. (Big 12)",Sr.,LB,14,2
22,"Justus Harris, Minnesota (Big Ten)",Sr.,DB,13,2
22,"Nick Heninger, Utah St. (Mountain West)",Sr.,DE,14,2
22,"Kobe Hilton, Miami (OH) (MAC)",So.,DL,11,2
22,"Christopher Hinton, Michigan (Big Ten)",Jr.,DL,14,2
22,"Jaden Hunter, Western Ky. (C-USA)",Jr.,DE,13,2
22,"Quez Jackson, Georgia Tech (ACC)",Jr.,LB,12,2
22,"Tyler Johnson, Arizona St. (Pac-12)",Sr.,DL,13,2
22,"Kyron Johnson, Kansas (Big 12)",Sr.,DE,12,2
22,"Gerrell Johnson, Massachusetts (FBS Independent)",Fr.,LB,12,2
22,"Jett Johnson, Mississippi St. (SEC)",Jr.,LB,13,2
22,"Chase Jones, Wake Forest (ACC)",So.,LB,14,2
22,"George Karlaftis, Purdue (Big Ten)",Jr.,DE,12,2
22,"Antwon Kincade, Western Ky. (C-USA)",Sr.,DB,14,2
22,"Jay Lenard, San Jose St. (Mountain West)",Sr.,DB,12,2
22,"Ifeanyi Maijeh, Rutgers (Big Ten)",Sr.,DL,13,2
22,"Phidarian Mathis, Alabama (SEC)",Sr.,DL,15,2
22,"Scott Matlock, Boise St. (Mountain West)",Jr.,DT,12,2
22,"Cory McCoy, Marshall (C-USA)",Sr.,S,13,2
22,"Ja'Quan McMillian, East Carolina (AAC)",So.,CB,12,2
22,"Arron Mosby, Fresno St. (Mountain West)",Sr.,DE,13,2
22,"Malik Mustapha, Wake Forest (ACC)",Fr.,DB,13,2
22,"Eli Neal, Marshall (C-USA)",So.,LB,13,2
22,"Ezekiel Noa, Boise St. (Mountain West)",Sr.,LB,12,2
22,"Kelechi Nwachuku, UTSA (C-USA)",Jr.,S,14,2
22,"DeMarvion Overshown, Texas (Big 12)",Sr.,LB,11,2
22,"Jacub Panasiuk, Michigan St. (Big Ten)",Sr.,DL,13,2
22,"Tysyn Parker, San Jose St. (Mountain West)",Sr.,LB,12,2
22,"Trey Paster, California (Pac-12)",So.,LB,8,2
22,"Scott Patchan, Colorado St. (Mountain West)",Sr.,DL,12,2
22,"Caeveon Patton, Texas St. (Sun Belt)",Sr.,DL,11,2
22,"Keyshawn Paul, Temple (AAC)",Sr.,DB,11,2
22,"Jalen Redmond, Oklahoma (Big 12)",So.,DL,8,2
22,"Malcolm Rodriguez, Oklahoma St. (Big 12)",Sr.,LB,14,2
22,"Jaquelin Roy, LSU (SEC)",So.,DL,13,2
22,"Eric Scott, Southern Miss. (C-USA)",Jr.,DB,12,2
22,"Ryan Selig, Western Mich. (MAC)",So.,LB,11,2
22,"Myles Sims, Georgia Tech (ACC)",So.,DB,11,2
22,"Javon Solomon, Troy (Sun Belt)",Fr.,DE,12,2
22,"Omar Speights, Oregon St. (Pac-12)",So.,LB,13,2
22,"Tarheeb Still, Maryland (Big Ten)",So.,DB,13,2
22,"Derrick Tangelo, Penn St. (Big Ten)",Sr.,DT,12,2
22,"Justus Tavai, Hawaii (Mountain West)",Sr.,DL,13,2
22,"Corvan Taylor, Air Force (Mountain West)",Sr.,DB,13,2
22,"Derek Thomas, Hawaii (Mountain West)",Sr.,DL,7,2
22,"Raishein Thomas, NIU (MAC)",So.,DE,14,2
22,"Deontre Thomas, Nebraska (Big Ten)",Jr.,DL,12,2
22,"Wy'Kevious Thomas, South Alabama (Sun Belt)",Fr.,DL,12,2
22,"Sione Tupou, Texas St. (Sun Belt)",Jr.,LB,12,2
22,"Poukesi Vakauta, Utah St. (Mountain West)",So.,DT,14,2
22,"Aapri Washington, Buffalo (MAC)",Sr.,DB,12,2
22,"Drew White, Notre Dame (FBS Independent)",Sr.,LB,12,2
22,"Charles Wiley, UTSA (C-USA)",Sr.,LB,14,2
22,"Evan Williams, Fresno St. (Mountain West)",Jr.,DB,13,2
22,"Mark Williams, ULM (Sun Belt)",Sr.,CB,7,2
22,"Dontae Wilson, Georgia St. (Sun Belt)",Sr.,DL,12,2
22,"Jaiden Woodbey, Boston College (ACC)",Jr.,S,12,2
22,"Charles Woods, West Virginia (Big 12)",Jr.,S,11,2
