Rank,Player,Cl,Pos,G,Fum Rec
1,"Chapelle Russell, Temple (AAC)",Jr.,LB,13,5
2,"Tahjea Chambers, Arkansas St. (Sun Belt)",So.,LB,13,4
2,"Emeke Egbule, Houston (AAC)",Sr.,LB,13,4
2,"Dayan Ghanwoloku, BYU (FBS Independent)",Jr.,DB,10,4
2,"Tyler Horton, Boise St. (Mountain West)",Sr.,DB,11,4
6,"Adewale Adeoye, Utah St. (Mountain West)",Sr.,DL,13,3
6,"Ben Burr-Kirven, Washington (Pac-12)",Sr.,LB,14,3
6,"Mike Danna, Central Mich. (MAC)",Jr.,DL,12,3
6,"Cooper Edmiston, Tulsa (AAC)",Jr.,LB,12,3
6,"Chauncey Golston, Iowa (Big Ten)",So.,DL,13,3
6,"Jake Hall, SMU (AAC)",Sr.,DL,12,3
6,"Frankie Hernandez, Marshall (C-USA)",Sr.,LB,13,3
6,"Raymond Johnson III, Ga. Southern (Sun Belt)",So.,DL,13,3
6,"Dre'Mont Jones, Ohio St. (Big Ten)",Sr.,DL,14,3
6,"Cameron Jones, Army West Point (FBS Independent)",Jr.,DB,10,3
6,"Julian Love, Notre Dame (FBS Independent)",Jr.,DB,13,3
6,"Jesse Osuna, San Jose St. (Mountain West)",Jr.,LB,12,3
6,"Taylor Rapp, Washington (Pac-12)",Jr.,DB,13,3
6,"Hunter Reese, Troy (Sun Belt)",Sr.,DL,13,3
6,"Sutton Smith, NIU (MAC)",Jr.,DL,14,3
6,"Adebayo Soremekun, New Mexico (Mountain West)",Jr.,DL,11,3
6,"Charlie Thomas, Georgia Tech (ACC)",Fr.,LB,10,3
6,"Rashad Weaver, Pittsburgh (ACC)",So.,DL,14,3
24,"Zach Abercrumbia, Rice (C-USA)",Jr.,DL,13,2
24,"Dakota Allen, Texas Tech (Big 12)",Sr.,LB,11,2
24,"Zach Allen, Boston College (ACC)",Sr.,DL,12,2
24,"Josh Allen, Kentucky (SEC)",Sr.,LB,13,2
24,"Hunter Andrews, Eastern Mich. (MAC)",Jr.,TE,13,2
24,"Andrew Armstrong, Syracuse (ACC)",Jr.,LB,13,2
24,"Trajan Bandy, Miami (FL) (ACC)",So.,DB,13,2
24,"Ben Banogu, TCU (Big 12)",Sr.,DL,13,2
24,"Thomas Barber, Minnesota (Big Ten)",Jr.,LB,13,2
24,"Bryton Barr, Massachusetts (FBS Independent)",Sr.,LB,12,2
24,"Sean Barton, Stanford (Pac-12)",Sr.,LB,13,2
24,"Carlos Basham, Jr., Wake Forest (ACC)",So.,DL,12,2
24,"Patrick Belony, Fresno St. (Mountain West)",Sr.,DL,14,2
24,"Chris Bergin, Northwestern (Big Ten)",So.,LB,13,2
24,"Dereck Boles, Arizona (Pac-12)",Sr.,DL,12,2
24,"Curtis Bolton, Oklahoma (Big 12)",Sr.,LB,14,2
24,"Racheem Boothe, Southern Miss. (C-USA)",So.,LB,11,2
24,"Nick Bosa, Ohio St. (Big Ten)",Jr.,DL,3,2
24,"Marlin Brooks, Ohio (MAC)",So.,DB,11,2
24,"Juwuan Brown, South Fla. (AAC)",Sr.,DL,13,2
24,"Jalin Burrell, New Mexico (Mountain West)",Sr.,DB,12,2
24,"Darien Butler, Arizona St. (Pac-12)",Fr.,LB,13,2
24,"Jake Byczko, Massachusetts (FBS Independent)",So.,DL,12,2
24,"Akial Byers, Missouri (SEC)",So.,DL,13,2
24,"Chevin Calloway, Arkansas (SEC)",So.,DB,2,2
24,"Tyson Campbell, Georgia (SEC)",Fr.,DB,14,2
24,"Malik Carney, North Carolina (ACC)",Sr.,DL,8,2
24,"Justin Clifton, Arkansas St. (Sun Belt)",Sr.,DB,13,2
24,"Kholbe Coleman, Bowling Green (MAC)",So.,LB,12,2
24,"Xavier Crawford, Central Mich. (MAC)",Jr.,DB,11,2
24,"Jonathan Crawford, Indiana (Big Ten)",Sr.,DB,12,2
24,"Tre' Crawford, UAB (C-USA)",Sr.,LB,12,2
24,"Gus Cumberlander, Oregon (Pac-12)",Jr.,DL,12,2
24,"DJ Daniels, South Alabama (Sun Belt)",Jr.,DB,12,2
24,"Ishmael Davis, Texas St. (Sun Belt)",Jr.,DL,11,2
24,"Alvin Davis, Akron (MAC)",Jr.,DB,11,2
24,"Joe Dineen Jr., Kansas (Big 12)",Sr.,LB,12,2
24,"Michael Divinity Jr., LSU (SEC)",Jr.,LB,12,2
24,"Jomon Dotson, Nevada (Mountain West)",Sr.,DB,13,2
24,"Rhashaun Epting, New Mexico (Mountain West)",So.,LB,12,2
24,"Dorian Etheridge, Louisville (ACC)",So.,LB,10,2
24,"Nate Evans, UCF (AAC)",Jr.,LB,13,2
24,"Will Evans, Ohio (MAC)",So.,DL,13,2
24,"Austin Exford, App State (Sun Belt)",Sr.,DB,13,2
24,"Javahn Fergurson, New Mexico St. (FBS Independent)",Jr.,LB,10,2
24,"Omar Fortt, UConn (AAC)",So.,LB,11,2
24,"Tomon Fox, North Carolina (ACC)",So.,DL,8,2
24,"Jordan Fuller, Ohio St. (Big Ten)",Jr.,DB,13,2
24,"Houshun Gaines, Virginia Tech (ACC)",Jr.,DL,9,2
24,"Jonathan Garvin, Miami (FL) (ACC)",So.,DL,13,2
24,"Demitrious Gibbs, UNLV (Mountain West)",Jr.,DB,12,2
24,"Ulysees Gilbert, Akron (MAC)",Sr.,LB,12,2
24,"Drell Greene, Western Ky. (C-USA)",Sr.,DB,12,2
24,"Jordan Griffin, Vanderbilt (SEC)",Sr.,LB,13,2
24,"Ryan Guthrie, Syracuse (ACC)",Sr.,LB,13,2
24,"Austin Hall, Memphis (AAC)",Jr.,LB,14,2
24,"Eli Hanback, Virginia (ACC)",Jr.,DL,13,2
24,"William Harris, Boston College (ACC)",Sr.,DB,12,2
24,"Taylor Heflin, Navy (AAC)",Sr.,LB,13,2
24,"Farrell Hester II, UNLV (Mountain West)",So.,LB,12,2
24,"Tyrone Hill, Buffalo (MAC)",So.,DB,14,2
24,"Julian Huff, Minnesota (Big Ten)",Sr.,LB,13,2
24,"Ben Humphreys, Duke (ACC)",Sr.,LB,11,2
24,"London Iakopo, Louisville (ACC)",Sr.,DB,11,2
24,"James Jackson, Louisiana Tech (C-USA)",Jr.,DB,13,2
24,"Shane Jackson, New Mexico St. (FBS Independent)",Jr.,LB,11,2
24,"Dane Jackson, Pittsburgh (ACC)",Jr.,DB,13,2
24,"Zaire Jacobs, Akron (MAC)",So.,DB,8,2
24,"Cameron Jefferies, Cincinnati (AAC)",Jr.,DB,13,2
24,"Anfernee Jennings, Alabama (SEC)",Jr.,LB,15,2
24,"Davon'Te Jest, Akron (MAC)",Jr.,DL,12,2
24,"Brenndan Johnson, UTSA (C-USA)",So.,DB,11,2
24,"Artis Johnson, Marshall (C-USA)",Sr.,LB,10,2
24,"PJ Johnson, Arizona (Pac-12)",Jr.,DL,10,2
24,"Jawuan  Johnson, TCU (Big 12)",Sr.,LB,13,2
24,"Brandon Jones, Texas (Big 12)",Jr.,DB,10,2
24,"Zaire Jones, Vanderbilt (SEC)",So.,DB,7,2
24,"Antonio Jones-Davis, NIU (MAC)",Jr.,LB,14,2
24,"Kyle Junior, Bowling Green (MAC)",Jr.,DL,11,2
24,"A.J. Krawczyk, Texas St. (Sun Belt)",Sr.,WR,8,2
24,"Khalil Ladler, Virginia Tech (ACC)",So.,DB,13,2
24,"Richard LeCounte, Georgia (SEC)",So.,DB,14,2
24,"Exree Loe, West Virginia (Big 12)",So.,DB,11,2
24,"Roy Lopez, New Mexico St. (FBS Independent)",Jr.,DL,12,2
24,"Keisean Lucier-South, UCLA (Pac-12)",Jr.,DL,12,2
24,"Andrew Martel, UTSA (C-USA)",Jr.,DB,11,2
24,"Les Maruo, UTSA (C-USA)",Sr.,LB,12,2
24,"Jerry McBride III, Bowling Green (MAC)",Jr.,DB,12,2
24,"Michael  McMorris, Navy (AAC)",Fr.,DB,11,2
24,"Junior McMullen, Miami (OH) (MAC)",Sr.,LB,6,2
24,"Sam Miller, ULM (Sun Belt)",Sr.,DL,11,2
24,"Kyran Mitchell, SMU (AAC)",Sr.,LB,12,2
24,"C.J. Moore, Ole Miss (SEC)",Sr.,DB,5,2
24,"Tyler Murray, Troy (Sun Belt)",So.,DB,13,2
24,"Kekoa Nawahine, Boise St. (Mountain West)",Jr.,DB,13,2
24,"Joseph Norwood, Massachusetts (FBS Independent)",Fr.,DB,12,2
24,"Chris Oats, Kentucky (SEC)",Fr.,LB,13,2
24,"Dayo Odeyingbo, Vanderbilt (SEC)",So.,DL,12,2
24,"Chris Orr, Wisconsin (Big Ten)",Jr.,LB,13,2
24,"Wunmi Oyetuga, Army West Point (FBS Independent)",Sr.,DB,13,2
24,"Penei Pavihi, Hawaii (Mountain West)",So.,LB,14,2
24,"Peyton Pelluer, Washington St. (Pac-12)",Sr.,LB,13,2
24,"Cepeda Phillips, Kent St. (MAC)",So.,LB,12,2
24,"Justin Phillips, Oklahoma St. (Big 12)",Sr.,LB,13,2
24,"Jarvis Polu, Navy (AAC)",Sr.,DL,13,2
24,"Kyle Pugh, NIU (MAC)",Sr.,LB,13,2
24,"Hauati Pututau, Utah (Pac-12)",So.,DL,14,2
24,"Chandler Ramirez, Army West Point (FBS Independent)",Sr.,LB,13,2
24,"Malik Reed, Nevada (Mountain West)",Sr.,LB,13,2
24,"Myles Reid, Miami (OH) (MAC)",Jr.,DB,12,2
24,"Davonte Robinson, Kentucky (SEC)",Jr.,DB,13,2
24,"Alton Robinson, Syracuse (ACC)",Jr.,DL,12,2
24,"Shemarr Robinson, Tulsa (AAC)",Jr.,DL,10,2
24,"Quincy Roche, Temple (AAC)",So.,DL,13,2
24,"Justin Rohrwasser, Marshall (C-USA)",Jr.,K,13,2
24,"Deebo Samuel, South Carolina (SEC)",Sr.,WR,12,2
24,"Gabe Sewell, Nevada (Mountain West)",Jr.,LB,13,2
24,"Tuzar Skipper, Toledo (MAC)",Sr.,DL,13,2
24,"Enoch Smith, Oklahoma St. (Big 12)",Sr.,DL,13,2
24,"Damani Staley, South Carolina (SEC)",So.,LB,13,2
24,"Nile Sykes, Indiana (Big Ten)",Sr.,LB,12,2
24,"Davion Taylor, Colorado (Pac-12)",Jr.,LB,12,2
24,"Darrell Taylor, Tennessee (SEC)",Jr.,DL,12,2
24,"DQ Thomas, Middle Tenn. (C-USA)",So.,LB,14,2
24,"Tyriq Thompson, Michigan St. (Big Ten)",Jr.,LB,12,2
24,"Evahelotu Tohi, New Mexico (Mountain West)",Sr.,LB,8,2
24,"Bryce Torneden, Kansas (Big 12)",Jr.,DB,12,2
24,"Mykal Walker, Fresno St. (Mountain West)",Sr.,LB,14,2
24,"Jalen Walker, Boise St. (Mountain West)",So.,DB,10,2
24,"Josh Watson, Colorado St. (Mountain West)",Sr.,LB,12,2
24,"Josh Webb, Navy (AAC)",Sr.,DL,11,2
24,"Travis Whillock, Northwestern (Big Ten)",So.,DB,10,2
24,"Devin White, LSU (SEC)",Jr.,LB,13,2
24,"Jacob White, Ball St. (MAC)",Jr.,LB,12,2
24,"McKinley Whitfield, Tulsa (AAC)",Sr.,DB,12,2
24,"Rachad Wildgoose, Wisconsin (Big Ten)",Fr.,DB,11,2
24,"Christian Wilkins, Clemson (ACC)",Sr.,DL,15,2
24,"Kainoa Wilson, Washington St. (Pac-12)",Jr.,WR,12,2
24,"Michael Witherspoon, East Carolina (AAC)",Jr.,DB,12,2
24,"Zedrick Woods, Ole Miss (SEC)",Sr.,DB,12,2
24,"Jahad Woods, Washington St. (Pac-12)",So.,LB,13,2
