Rank,Player,Cl,Pos,G,Fum Rec
1,"Jevon Leon, Sam Houston (Southland)",So.,DL,10,3
2,"Jack Agnew, Bryant (NEC)",Sr.,DB,4,2
2,"JaQuez Akins, UT Martin (OVC)",Sr.,DB,7,2
2,"Jordan Berner, Southern Ill. (MVFC)",Sr.,DL,10,2
2,"Ty Boeck, Chattanooga (SoCon)",Jr.,LB,5,2
2,"Seth Carlisle, Tennessee Tech (OVC)",Jr.,LB,7,2
2,"Nick D'Ambra, Western Ill. (MVFC)",Jr.,LB,5,2
2,"Karon Delince, ETSU (SoCon)",Sr.,DB,6,2
2,"Ga'Marcus Freeman, Gardner-Webb (Big South)",So.,DE,4,2
2,"Jeremy Garth, Samford (SoCon)",Jr.,DL,7,2
2,"Jack Gibbens, Abilene Christian (Southland)",Sr.,LB,6,2
2,"Jonathan Hammond, Davidson (Pioneer)",Fr.,DL,7,2
2,"Ryan Humphries, Sam Houston (Southland)",So.,WR,10,2
2,"Matthew Jackson, Eastern Ky. (OVC)",Jr.,LB,8,2
2,"Storey Jackson, Prairie View (SWAC)",Sr.,,3,2
2,"Logan Jessup, Central Ark. (Southland)",So.,DL,8,2
2,"Tre'Von Jones, Elon (CAA)",So.,DB,6,2
2,"Dom Jones, North Dakota St. (MVFC)",Fr.,S,10,2
2,"Barron King, Mercer (SoCon)",Jr.,DL,10,2
2,"Tyler King, Stony Brook (CAA)",Fr.,LB,4,2
2,"Devon Krzanowski, North Dakota (MVFC)",Jr.,LB,7,2
2,"Deandre Lamont, Central Ark. (Southland)",Jr.,DB,8,2
2,"Jacob Matthew, South Dakota (MVFC)",Sr.,LB,4,2
2,"Cory McCoy, McNeese (Southland)",Sr.,DB,7,2
2,"Yahsyn McKee, Mercer (SoCon)",So.,DB,7,2
2,"Quincy Mitchell, Grambling (SWAC)",So.,DB,4,2
2,"Desmond Obi, Prairie View (SWAC)",So.,DE,3,2
2,"Dellary Oubre, Nicholls (Southland)",So.,LB,7,2
2,"Brevin Randle, SFA (Southland)",So.,LB,10,2
2,"Marje Smith, SFA (Southland)",So.,DL,8,2
2,"Elijah Taylor, Eastern Ky. (OVC)",Sr.,DL,9,2
2,"Kareem Taylor, Kennesaw St. (Big South)",Sr.,LB,5,2
2,"Jamaal Thompson, Tennessee Tech (OVC)",Jr.,DB,7,2
2,"Keyon Turner, Valparaiso (Pioneer)",Fr.,DB,6,2
2,"Morgan Vest, Northern Ariz. (Big Sky)",Sr.,DB,5,2
2,"Donniel Ward-Magee, Southeastern La. (Southland)",Jr.,DB,7,2
2,"Kolby Watts, Ark.-Pine Bluff (SWAC)",Sr.,LB,5,2
2,"Kedrick Whitehead, Delaware (CAA)",Jr.,DB,8,2
2,"Trevor Williams, Sam Houston (Southland)",Jr.,LB,10,2
2,"Desmond Williams, Weber St. (Big Sky)",Jr.,DB,5,2
2,"Jhasi Wilson, Northern Ariz. (Big Sky)",So.,LB,5,2
2,"Solomon Zubairu, Mercer (SoCon)",So.,DL,11,2
43,"Ricco Aaron, Jr., LIU (NEC)",Sr.,LB,4,1
43,"Dylan Abernethy, Western Caro. (SoCon)",Fr.,WR,8,1
43,"Temi Ajirotutu, Villanova (CAA)",Fr.,OL,2,1
43,"Charles Akanno, Idaho (Big Sky)",Sr.,LB,6,1
43,"Timon Akins, Ark.-Pine Bluff (SWAC)",So.,LB,5,1
43,"Marquese Albert, Nicholls (Southland)",Fr.,RB,7,1
43,"Frank Alfano, Sacred Heart (NEC)",Sr.,DB,5,1
43,"Josh Alford, Idaho St. (Big Sky)",Fr.,CB,6,1
43,"Terrell Allen, Austin Peay (OVC)",Fr.,DT,8,1
43,"Lamar Anderson, Samford (SoCon)",Sr.,DB,5,1
43,"Quan Ardoin, Sam Houston (Southland)",Jr.,WR,7,1
43,"Elisha Armstrong, Fordham (Patriot)",So.,DL,3,1
43,"Ryland Ayers, The Citadel (SoCon)",Jr.,DB,7,1
43,"John Bachus III, UT Martin (OVC)",So.,QB,7,1
43,"Elijah Ball, Wofford (SoCon)",So.,DL,5,1
43,"Cameron Barrett, Morehead St. (Pioneer)",Sr.,LB,7,1
43,"John Beckley, Wofford (SoCon)",Sr.,LB,5,1
43,"Harrison Beemiller, Northern Ariz. (Big Sky)",Sr.,LB,5,1
43,"Jalen Bell, Mississippi Val. (SWAC)",So.,DL,3,1
43,"Markail Benton, Jacksonville St. (OVC)",Jr.,LB,13,1
43,"Greg Benton Jr., Western Ill. (MVFC)",So.,LB,6,1
43,"Zack Bernard, Nicholls (Southland)",Fr.,DL,7,1
43,"Kyle Bilchik, San Diego (Pioneer)",Sr.,LB,6,1
43,"Herschel Blankenship, Western Ill. (MVFC)",Jr.,LB,6,1
43,"Zach Bone, Morehead St. (Pioneer)",Fr.,OL,6,1
43,"Gerald Bowie III, UIW (Southland)",Jr.,LB,6,1
43,"James Boyle, Davidson (Pioneer)",Sr.,LB,7,1
43,"Montrae Braswell, Missouri St. (MVFC)",So.,CB,7,1
43,"Chandler Brayboy, Elon (CAA)",So.,WR,6,1
43,"Ben Brewton, Chattanooga (SoCon)",So.,DL,3,1
43,"Ryan Brida, Bucknell (Patriot)",Sr.,LB,4,1
43,"Ke'Shawn Brinkley, Jackson St. (SWAC)",Jr.,DE,5,1
43,"Jared Brinkman, UNI (MVFC)",Sr.,DL,7,1
43,"Kanstin Brooks, Tennessee Tech (OVC)",Fr.,DL,2,1
43,"Braylen Brooks, Western Ill. (MVFC)",Fr.,DB,6,1
43,"A'Javius Brown, Central Ark. (Southland)",Sr.,DL,9,1
43,"Brandon Brown, Wofford (SoCon)",Sr.,LB,5,1
43,"Gabriel Bryan, Wagner (NEC)",So.,WR,2,1
43,"Shane Burks, Eastern Ky. (OVC)",Jr.,DL,9,1
43,"Jamel Byrd, Southern U. (SWAC)",Fr.,WR,4,1
43,"Roderick Campbell, Southern Ill. (MVFC)",Sr.,DB,9,1
43,"Declan Carr, Drake (Pioneer)",Jr.,LB,4,1
43,"Joshua Carter, Samford (SoCon)",Sr.,DB,7,1
43,"Tyler Casby, Jackson St. (SWAC)",Sr.,,3,1
43,"James Ceasar, Southern Ill. (MVFC)",Sr.,DB,9,1
43,"Trimarcus Cheeks, Samford (SoCon)",So.,LB,6,1
43,"Nic Cheeley, Eastern Ky. (OVC)",Fr.,DB,9,1
43,"Tyler Chisholm, Davidson (Pioneer)",Sr.,DB,4,1
43,"Cally Chizik, Furman (SoCon)",So.,DB,5,1
43,"Herman Christophe, Southeastern La. (Southland)",So.,LB,7,1
43,"Braiden Clopton, Sam Houston (Southland)",Fr.,DB,10,1
43,"Tyren Cloyd, VMI (SoCon)",Sr.,LB,8,1
43,"DJ Coleman, Jacksonville St. (OVC)",Jr.,DL,13,1
43,"Nick Coomer, Delaware (CAA)",Fr.,DL,8,1
43,"Jaumonie Crain, Jackson St. (SWAC)",Jr.,,6,1
43,"Rahsaan Crawford, Idaho (Big Sky)",Sr.,DL,4,1
43,"Michael Crawford, Tennessee St. (OVC)",Jr.,LB,7,1
43,"Dae'Lun Darien, Delaware (CAA)",Sr.,LB,8,1
43,"Darin Davenport, Central Ark. (Southland)",So.,LB,8,1
43,"Jeremiah Davis, SFA (Southland)",So.,S,5,1
43,"Andy Davis, The Citadel (SoCon)",So.,LB,11,1
43,"Giovanni Davis, UT Martin (OVC)",Fr.,DL,7,1
43,"Dorian Davis, Western Caro. (SoCon)",Fr.,S,9,1
43,"Jayden Dawson, Idaho St. (Big Sky)",So.,DB,6,1
43,"Graham DeVore, North Dakota (MVFC)",Jr.,DL,7,1
43,"Tyler Delgado, Monmouth (Big South)",So.,LB,4,1
43,"Grant Dixon, Youngstown St. (MVFC)",Sr.,LB,7,1
43,"Jacob Dobbs, Holy Cross (Patriot)",So.,LB,4,1
43,"Bryson Donnell, Southeast Mo. St. (OVC)",Sr.,DL,8,1
43,"Justin Dumas, Southeastern La. (Southland)",Fr.,,5,1
43,"Trenton Dunn, Central Ark. (Southland)",Sr.,DB,9,1
43,"Lucas Eatman, Missouri St. (MVFC)",So.,LB,10,1
43,"Chris Edmonds, Samford (SoCon)",So.,WR,7,1
43,"Ethan Edmondson, Murray St. (OVC)",Jr.,DL,7,1
43,"Dakar Edwards, Stony Brook (CAA)",Jr.,DL,4,1
43,"Ryan Erickson, Drake (Pioneer)",Jr.,DL,3,1
43,"Rey Estes, Grambling (SWAC)",Jr.,,4,1
43,"Jessie Evans, Prairie View (SWAC)",Fr.,,2,1
43,"Lamar Evans, Sacred Heart (NEC)",Sr.,DB,5,1
43,"Keon Fogg, Southern U. (SWAC)",Fr.,S,1,1
43,"Eric Felts, Alabama St. (SWAC)",So.,DB,4,1
43,"Dallas Foard, South Carolina St. (MEAC)",So.,OL,2,1
43,"Jaquan Foote, Alabama St. (SWAC)",Fr.,LB,2,1
43,"DeVante Ford, UAlbany (CAA)",Jr.,DB,2,1
43,"Christian Fredrickson, Idaho St. (Big Sky)",Fr.,WR,6,1
43,"Ty French, Gardner-Webb (Big South)",Fr.,DE,4,1
43,"Kolbi Fuqua, Jacksonville St. (OVC)",So.,LB,7,1
43,"Michael Gadinis, San Diego (Pioneer)",Jr.,TE,6,1
43,"Eman Garrison, SFA (Southland)",Fr.,LB,8,1
43,"Dillon Gearhart, Illinois St. (MVFC)",Fr.,S,4,1
43,"Ben Gerdes, Drake (Pioneer)",Jr.,DL,4,1
43,"Aaron Gethers, Western Caro. (SoCon)",So.,CB,9,1
43,"Braden Gilby, Furman (SoCon)",So.,LB,7,1
43,"Chad Gilchrist, South Carolina St. (MEAC)",Jr.,,4,1
43,"Cameron Godfrey, Central Ark. (Southland)",So.,DB,9,1
43,"Maurio Goings, Delaware St. (MEAC)",Fr.,LB,4,1
43,"Parrish Gordon, The Citadel (SoCon)",Sr.,DB,12,1
43,"Aubrey Grace, Alabama St. (SWAC)",Fr.,K,5,1
43,"Bryce Graves, Elon (CAA)",So.,LB,6,1
43,"Accord Green, McNeese (Southland)",Jr.,DL,6,1
43,"Jalen Greene, Elon (CAA)",Sr.,DB,6,1
43,"Pete Haffner, Lehigh (Patriot)",Sr.,LB,3,1
43,"Eli Hairston, Eastern Ky. (OVC)",So.,LB,9,1
43,"Keonte Hampton, Jackson St. (SWAC)",Jr.,LB,6,1
43,"MJ Hampton, James Madison (CAA)",Sr.,S,8,1
43,"Bryon Hanspard, Jackson St. (SWAC)",Fr.,,1,1
43,"Nicario Harper, Jacksonville St. (OVC)",So.,DB,13,1
43,"Davis Harrison, Central Ark. (Southland)",Sr.,DB,9,1
43,"Michael Hawkins, San Diego (Pioneer)",Sr.,DB,6,1
43,"Davoan Hawkins, Tennessee St. (OVC)",So.,DL,7,1
43,"Tre'Jon Henderson, SFA (Southland)",So.,RB,7,1
43,"Giovanni Herrera, Morehead St. (Pioneer)",Jr.,LB,7,1
43,"PJ Herrington, Northwestern St. (Southland)",Jr.,S,6,1
43,"Gabe Hicks, Butler (Pioneer)",Fr.,LB,5,1
43,"Josh Hicks, Holy Cross (Patriot)",Sr.,DB,4,1
43,"Chris Hill, Mercer (SoCon)",Fr.,DL,9,1
43,"Ross Hinders, North Dakota (MVFC)",Jr.,LS,6,1
43,"Trai Hodges, Southeast Mo. St. (OVC)",Jr.,DB,8,1
43,"Zach Hopkins, Mercer (SoCon)",So.,LB,7,1
43,"Brian Horn, The Citadel (SoCon)",Jr.,LB,12,1
43,"Caden Houghtelling, UNI (MVFC)",Jr.,DL,6,1
43,"DJ Hutcherson, Valparaiso (Pioneer)",Jr.,DB,6,1
43,"Jeshon Ingraham, Tennessee St. (OVC)",Fr.,CB,3,1
43,"Clayton Isbell, Illinois St. (MVFC)",So.,DB,4,1
43,"Eli Jackson, Alabama A&M (SWAC)",So.,DL,3,1
43,"Kordell Jackson, Austin Peay (OVC)",Sr.,DB,9,1
43,"Brent Jackson, Bucknell (Patriot)",So.,DB,4,1
43,"Jamiran James, Nicholls (Southland)",So.,DL,3,1
43,"Jalen Jefferson, Davidson (Pioneer)",Jr.,LB,7,1
43,"Carter Jenke, McNeese (Southland)",So.,,5,1
43,"Joshua Jerome, Eastern Wash. (Big Sky)",So.,DL,7,1
43,"Kadren Johnson, Abilene Christian (Southland)",So.,DT,4,1
43,"Dytarious Johnson, Eastern Ill. (OVC)",Sr.,DE,4,1
43,"Robert Johnson, Jacksonville St. (OVC)",Fr.,DL,11,1
43,"Eric Johnson, Missouri St. (MVFC)",Sr.,DL,10,1
43,"Hakeem Johnson, Samford (SoCon)",Jr.,DB,7,1
43,"Carter Johnson, VMI (SoCon)",Jr.,LB,4,1
43,"Tre Jolly, Western Caro. (SoCon)",Fr.,DE,9,1
43,"Austin Jones, Furman (SoCon)",Fr.,DB,7,1
43,"Terrance Jones, Idaho St. (Big Sky)",Jr.,DL,6,1
43,"Oistin Jones, Murray St. (OVC)",Jr.,OL,7,1
43,"Isaiah Jones, William & Mary (CAA)",So.,LB,3,1
43,"Muhindo Kapapa, San Diego (Pioneer)",Jr.,DL,6,1
43,"Jahari Kay, Sam Houston (Southland)",Sr.,DL,10,1
43,"Darius King, Alabama St. (SWAC)",Sr.,LB,4,1
43,"Antquan Kinsey, Delaware St. (MEAC)",Jr.,LB,5,1
43,"Lucas Kozlowski, Butler (Pioneer)",Fr.,DB,4,1
43,"Will Kulick, Drake (Pioneer)",Sr.,LB,4,1
43,"Tre Lanham, Presbyterian (Pioneer)",Jr.,DT,7,1
43,"Noah Larson, North Dakota (MVFC)",Jr.,LB,7,1
43,"Isaiah Latham, Mississippi Val. (SWAC)",Sr.,DB,2,1
43,"Seth Latham, UIW (Southland)",So.,DL,6,1
43,"Anthony Lavio, LIU (NEC)",Sr.,DL,4,1
43,"Jerrell Lawson, Chattanooga (SoCon)",Sr.,DB,4,1
43,"Cameron Leach, Eastern Ill. (OVC)",So.,DL,6,1
43,"Keenan Leachman, Northwestern St. (Southland)",So.,LB,6,1
43,"Andrew Lewis, The Citadel (SoCon)",Fr.,LB,3,1
43,"Griffin Lickfeldt, North Dakota (MVFC)",So.,DL,7,1
43,"Rassie Littlejohn, Stetson (Pioneer)",So.,DB,4,1
43,"Armond Lloyd, Samford (SoCon)",Sr.,DL,7,1
43,"Cade Loden, Kennesaw St. (Big South)",So.,DB,5,1
43,"Nigel Manns, Western Caro. (SoCon)",Fr.,LB,5,1
43,"Oleh Manzyk, New Hampshire (CAA)",So.,LB,1,1
43,"Cincere Mason, Kennesaw St. (Big South)",Jr.,DB,5,1
43,"Hunter Mason, Western Ill. (MVFC)",Jr.,LB,6,1
43,"Dre Matthews, Central Ark. (Southland)",Jr.,LB,7,1
43,"Mike Matthews, Southeast Mo. St. (OVC)",So.,LB,8,1
43,"Maverick McCaskill, UIW (Southland)",Sr.,DL,4,1
43,"Jack McDonald, Austin Peay (OVC)",Jr.,LB,9,1
43,"Kyriq McDonald, Missouri St. (MVFC)",Sr.,DB,7,1
43,"Jacob McGourin, Montana (Big Sky)",Fr.,DE,2,1
43,"Chase McGowan, Delaware (CAA)",So.,DL,8,1
43,"Robert McKnight, Abilene Christian (Southland)",Jr.,CB,6,1
43,"Marcus McMeans, Tennessee Tech (OVC)",Sr.,DB,7,1
43,"Josh McNeely, Campbell (Big South)",Jr.,DB,4,1
43,"Joseph Mera, Samford (SoCon)",So.,DL,7,1
43,"Connor Meyer, Colgate (Patriot)",So.,DL,2,1
43,"Javonte Middleton, The Citadel (SoCon)",So.,DB,10,1
43,"Xavier Mitchell, Ark.-Pine Bluff (SWAC)",Jr.,DL,5,1
43,"Eric Mooney, UNI (MVFC)",Jr.,LB,4,1
43,"Tyler Moore, Kennesaw St. (Big South)",Jr.,DL,5,1
43,"Kyle Moore, Northwestern St. (Southland)",Sr.,LB,6,1
43,"Eddie Morales III, Monmouth (Big South)",Jr.,DB,4,1
43,"Race Moser, Northwestern St. (Southland)",Jr.,LB,5,1
43,"Irvin Mulligan, Wofford (SoCon)",Fr.,RB,5,1
43,"Tariq Mulmore, Prairie View (SWAC)",So.,,3,1
43,"Nick Nakawaasah, Central Ark. (Southland)",So.,DB,8,1
43,"Thomas Neville, Samford (SoCon)",So.,LB,7,1
43,"Chase Norblade, South Dakota St. (MVFC)",So.,S,10,1
43,"Nate Norris, Lehigh (Patriot)",Sr.,LB,3,1
43,"Bryce Notree, Southern Ill. (MVFC)",Sr.,LB,10,1
43,"Willie O'Hara, South Dakota (MVFC)",Jr.,LB,4,1
43,"Peterson Octavien, Stony Brook (CAA)",Sr.,DL,4,1
43,"Caleb Oden, Lamar University (Southland)",Jr.,DL,6,1
43,"Tolu Ogunrinde, South Dakota St. (MVFC)",Sr.,DE,10,1
43,"Simeon Page, Bucknell (Patriot)",Sr.,LB,4,1
43,"Ricky Palao, Western Caro. (SoCon)",Sr.,DT,6,1
43,"Matt Palmer, Delaware (CAA)",So.,LB,8,1
43,"Jacob Parker, Nicholls (Southland)",So.,,7,1
43,"Darron Paschal, Wofford (SoCon)",Sr.,DB,5,1
43,"Jaden Pask, Davidson (Pioneer)",So.,DB,7,1
43,"Jordan Paup, Abilene Christian (Southland)",Jr.,DE,6,1
43,"Connor Payne, Bryant (NEC)",Jr.,DL,4,1
43,"Charles Peeler, Delaware St. (MEAC)",Sr.,DB,3,1
43,"Isaac Peppers, Ark.-Pine Bluff (SWAC)",Jr.,LB,5,1
43,"Koby Perry, Austin Peay (OVC)",Jr.,CB,9,1
43,"Markel Perry, Sam Houston (Southland)",Jr.,LB,10,1
43,"Hudson Petty, Jacksonville St. (OVC)",Fr.,DB,10,1
43,"Johnathan Phenix, Northern Ariz. (Big Sky)",So.,DB,1,1
43,"Jaylen Phillips, Sam Houston (Southland)",Fr.,LB,10,1
43,"Mason Pierce, McNeese (Southland)",Fr.,WR,7,1
43,"Malachi Pike, Butler (Pioneer)",So.,LB,4,1
43,"Bryant Pirtle, Southeast Mo. St. (OVC)",Sr.,LB,8,1
43,"Bryan Powell, Grambling (SWAC)",Jr.,LB,4,1
43,"Delvecchio Powell II, Presbyterian (Pioneer)",Fr.,RB,7,1
43,"Trejuan Purty, Valparaiso (Pioneer)",Sr.,DL,6,1
43,"Lucas Raber, Davidson (Pioneer)",So.,TE,2,1
43,"Justin Ragin, Jackson St. (SWAC)",Jr.,DL,6,1
43,"Alexis Ramos, Southeastern La. (Southland)",Sr.,LB,7,1
43,"Cameron Rampersaud, Alabama St. (SWAC)",Sr.,DL,5,1
43,"Hunter Raquet, Cal Poly (Big Sky)",Jr.,QB,3,1
43,"Jake Reed, Delaware (CAA)",Jr.,LS,8,1
43,"Elijah Reed, South Dakota (MVFC)",Sr.,DB,4,1
43,"Hunter Richardson, Morehead St. (Pioneer)",So.,WR,1,1
43,"Robby Riobe, Maine (CAA)",Fr.,DB,4,1
43,"Curtis Roach, Western Caro. (SoCon)",Jr.,DB,9,1
43,"Willie Roberts, SFA (Southland)",So.,DB,10,1
43,"Tyree Robinson, ETSU (SoCon)",Sr.,DB,6,1
43,"Robert Rochell, Central Ark. (Southland)",Sr.,DB,7,1
43,"Roberto Roena, UAlbany (CAA)",Sr.,DL,4,1
43,"Omar Rogers, Elon (CAA)",So.,DB,6,1
43,"Wyatt Rohmer, Lamar University (Southland)",Fr.,DB,6,1
43,"JJ Ross, Eastern Ill. (OVC)",So.,DB,6,1
43,"David Rowe, Idaho St. (Big Sky)",Fr.,DL,5,1
43,"Leandre Rucks, Central Ark. (Southland)",Sr.,DB,6,1
43,"Anthony Ruffin, Nicholls (Southland)",Fr.,DB,6,1
43,"James Sackie, Southeast Mo. St. (OVC)",Jr.,DL,8,1
43,"Eric Samuta, Murray St. (OVC)",Jr.,LB,7,1
43,"Josh Sanchez, Ark.-Pine Bluff (SWAC)",Jr.,K,5,1
43,"Benny Sapp, UNI (MVFC)",Jr.,DB,7,1
43,"Jared Schiess, Weber St. (Big Sky)",Sr.,DL,6,1
43,"Hayden Shaheen, Nicholls (Southland)",Fr.,WILL,6,1
43,"Ty Shannon, North Dakota (MVFC)",Sr.,DB,7,1
43,"Jamar Shegog, Robert Morris (Big South)",Fr.,LB,3,1
43,"Anthony Shockey, Eastern Ill. (OVC)",So.,LB,6,1
43,"Matt Shotwell, Cal Poly (Big Sky)",Sr.,LB,3,1
43,"Ben Silver, Bryant (NEC)",Fr.,LB,4,1
43,"Isaiah Singleton, Ark.-Pine Bluff (SWAC)",Jr.,LB,5,1
43,"Trey Smith, Sam Houston (Southland)",Jr.,DB,10,1
43,"Jeffrey Smyth, Presbyterian (Pioneer)",So.,DB,7,1
43,"Trey Sneed, Fordham (Patriot)",Sr.,RB,3,1
43,"Tyler Solomon, Davidson (Pioneer)",Jr.,DL,4,1
43,"Thomas Stacker, South Dakota St. (MVFC)",Sr.,DT,10,1
43,"Brayden Staib, William & Mary (CAA)",Fr.,LB,3,1
43,"Donovan Stanley, Duquesne (NEC)",Fr.,DB,3,1
43,"Jakari Starling, South Dakota (MVFC)",So.,LB,3,1
43,"George Steele, Jacksonville St. (OVC)",So.,DB,13,1
43,"D'Carrious Stephens, UT Martin (OVC)",Sr.,LB,7,1
43,"Chucky Sullivan, Southern Ill. (MVFC)",Sr.,DL,9,1
43,"Nate Sutton, Tennessee St. (OVC)",Jr.,DE,5,1
43,"Jaylen Thomas, Sam Houston (Southland)",Sr.,DB,9,1
43,"BJ Thompson, SFA (Southland)",Jr.,DE,10,1
43,"Karsten Threatt, Alabama St. (SWAC)",Fr.,LB,3,1
43,"CJ Tillman, Presbyterian (Pioneer)",Fr.,DL,6,1
43,"Colin Torres, Presbyterian (Pioneer)",Jr.,DL,4,1
43,"Stevonte Tullis, Jacksonville St. (OVC)",Jr.,RB,13,1
43,"Torren Union, South Dakota St. (MVFC)",Fr.,CB,9,1
43,"Khris Vaughn, UC Davis (Big Sky)",Sr.,WR,5,1
43,"Cade Vela, Davidson (Pioneer)",Jr.,DB,7,1
43,"Darnel Victor, Murray St. (OVC)",Jr.,LB,7,1
43,"Trey Vondenstein, McNeese (Southland)",Jr.,LS,1,1
43,"Titus Wall, Missouri St. (MVFC)",Sr.,DB,9,1
43,"Andrew Wallace, Bryant (NEC)",Sr.,DL,4,1
43,"Amir Wallace, San Diego (Pioneer)",So.,DB,6,1
43,"Xavier Ward, South Dakota St. (MVFC)",Sr.,DT,6,1
43,"Damon Washington, Lafayette (Patriot)",So.,DL,2,1
43,"Christian Watson, Tennessee Tech (OVC)",So.,DB,3,1
43,"Royce Wellington, UIW (Southland)",Jr.,DL,6,1
43,"Devalon Whitcomb, South Dakota (MVFC)",Sr.,DL,3,1
43,"Jordan White, Youngstown St. (MVFC)",Fr.,DB,5,1
43,"John Wesley Whiteside, Austin Peay (OVC)",Sr.,DL,5,1
43,"Torrence Williams, Elon (CAA)",Jr.,DL,6,1
43,"Jalen Williams, Missouri St. (MVFC)",So.,DL,8,1
43,"Denzel Williams, Villanova (CAA)",Sr.,DB,4,1
43,"Ziare Williams, Western Ill. (MVFC)",Jr.,DB,6,1
43,"Stephen Williams II, Fordham (Patriot)",So.,DB,3,1
43,"Ricky Williams Jr., Mississippi Val. (SWAC)",So.,LB,3,1
43,"Malik Wilson, Central Ark. (Southland)",Jr.,LB,6,1
43,"Tylar Wiltz, Missouri St. (MVFC)",Jr.,LB,10,1
43,"Vincent Winey, Morehead St. (Pioneer)",Sr.,LB,7,1
43,"Patrick Wolfe, Houston Christian (Southland)",Sr.,DB,4,1
43,"Jay Woods, UT Martin (OVC)",Sr.,DB,7,1
43,"Tyrese Wright, Monmouth (Big South)",So.,DB,4,1
43,"Dylan Wudke, Youngstown St. (MVFC)",Fr.,DL,6,1
43,"Shamar Zaragoza, Southern U. (SWAC)",Fr.,WR,2,1
