Rank,Player,Cl,Pos,G,Fum Rec
1,"Ben Bruni, Saint Francis (PA) (NEC)",Sr.,LB,11,4
1,"Caleb Johnson, Houston Christian (Southland)",Jr.,LB,11,4
1,"Taylor Nelson, Southern Utah (Big Sky)",Sr.,LB,11,4
1,"Spencer Williams, Sam Houston (Southland)",Sr.,DL,11,4
5,"Ayodeji Agbelese, Morgan St. (MEAC)",Sr.,DL,11,3
5,"Theron Bonds, Alcorn (SWAC)",Jr.,DL,13,3
5,"Ryan Brady, Holy Cross (Patriot)",Sr.,LB,11,3
5,"Andrew Butcher, Kennesaw St. (Big South)",Jr.,DL,13,3
5,"Kendrick Catis, Murray St. (OVC)",Jr.,LB,11,3
5,"Mar'Kel Cooks, UIW (Southland)",Jr.,LB,11,3
5,"Tristen Cox, Elon (CAA)",So.,DL,11,3
5,"Tadarius Davis, Mississippi Val. (SWAC)",Jr.,DL,11,3
5,"Kapri  Doucet , Hampton (FCS Independent)",Sr.,LB,9,3
5,"Omardrick Douglas, Southeast Mo. St. (OVC)",So.,LB,13,3
5,"DJ Exilhomme, Central Conn. St. (NEC)",So.,DB,11,3
5,"Danquarian Fields, Grambling (SWAC)",Jr.,DB,9,3
5,"Trenton Gordon, SFA (Southland)",So.,DB,9,3
5,"Dorian Jones, Campbell (Big South)",Fr.,DB,11,3
5,"Jamal Jones, Indiana St. (MVFC)",Sr.,DB,10,3
5,"King Kiaku, N.C. Central (MEAC)",Sr.,LB,11,3
5,"Brayden Konkol, Montana St. (Big Sky)",Jr.,DB,13,3
5,"Kim Mahoney, San Diego (Pioneer)",Sr.,LB,12,3
5,"Kyle Reisert, New Hampshire (CAA)",Sr.,DL,8,3
5,"Korby Sander, UNI (MVFC)",So.,DB,13,3
5,"Sterling Sheffield, Maine (CAA)",Sr.,LB,14,3
5,"Justin Swift, Southeast Mo. St. (OVC)",Jr.,LB,13,3
27,"D'Angelo Amos, James Madison (CAA)",So.,DB,13,2
27,"Linwood Banks, Grambling (SWAC)",Sr.,DL,11,2
27,"Charles Bell, Delaware (CAA)",Sr.,LB,12,2
27,"BJ Blunt, McNeese (Southland)",Sr.,DB,10,2
27,"Devon Booker, Alabama St. (SWAC)",Jr.,DB,10,2
27,"Hayden Bourgeois, Northwestern St. (Southland)",So.,DB,11,2
27,"Chaston Brooks, Lamar University (Southland)",Sr.,LB,12,2
27,"Qua Brown, Southern Ill. (MVFC)",So.,DB,6,2
27,"Robert Brown, Bryant (NEC)",Jr.,LB,11,2
27,"Josh Buss, Montana (Big Sky)",Sr.,LB,11,2
27,"Colby Campbell, Presbyterian (Big South)",So.,LB,10,2
27,"Joe Caputo, Eastern Ill. (OVC)",Jr.,LB,11,2
27,"Percy Cargo, Grambling (SWAC)",Sr.,DB,10,2
27,"Trent Carrington, Presbyterian (Big South)",Fr.,DB,10,2
27,"Tyler Carswell, UAlbany (CAA)",Jr.,DB,8,2
27,"Jeremy Carter, Grambling (SWAC)",Jr.,DB,11,2
27,"Cameren Carter, Columbia (Ivy League)",So.,LB,8,2
27,"Brian Cavicante, Delaware St. (MEAC)",Jr.,LB,11,2
27,"Jeremiah Chambers, Abilene Christian (Southland)",Jr.,LB,11,2
27,"Nigel Chavis, Norfolk St. (MEAC)",Jr.,DL,11,2
27,"Andrew Clyde, Richmond (CAA)",Sr.,DL,11,2
27,"Thomas Costigan, Bryant (NEC)",Sr.,LB,11,2
27,"Daniel Crosley, Lamar University (Southland)",Jr.,DL,12,2
27,"Evan Cruz, Charleston So. (Big South)",Jr.,DB,11,2
27,"Dirk Cureton, Presbyterian (Big South)",So.,DB,10,2
27,"Jayso'n Davidson, Hampton (FCS Independent)",Sr.,LB,10,2
27,"Spencer DeMedal, Duquesne (NEC)",So.,DB,12,2
27,"Reggio Dean, Central Ark. (Southland)",Sr.,LB,11,2
27,"Triston Dozier, Gardner-Webb (Big South)",Sr.,DB,11,2
27,"Benjamin Ellis, Princeton (Ivy League)",Sr.,DB,10,2
27,"Willie Eubanks III, The Citadel (SoCon)",So.,LB,11,2
27,"Shannon Fayne, Tennessee Tech (OVC)",Jr.,DB,11,2
27,"Pat Ferraro, Sacred Heart (NEC)",Sr.,LB,11,2
27,"Tremond Ferrell, ETSU (SoCon)",Sr.,DL,11,2
27,"EJ Fineran, Stony Brook (CAA)",So.,LB,12,2
27,"Noah Fitzgerald, Fordham (Patriot)",Sr.,LB,11,2
27,"Erick Fowler, Sam Houston (Southland)",Jr.,DL,11,2
27,"Justice Galloway-Velazquez, Campbell (Big South)",Fr.,LB,9,2
27,"Reggie Gantt, Stetson (Pioneer)",Jr.,DB,10,2
27,"Tyrique Gibson, McNeese (Southland)",Fr.,DL,9,2
27,"Brandon Ginnetti, Rhode Island (CAA)",Jr.,DL,11,2
27,"Ahmad Gooden, Samford (SoCon)",Sr.,DL,10,2
27,"Jalen Goss, Northern Ariz. (Big Sky)",Jr.,DL,9,2
27,"Santoni Graham, Wagner (NEC)",Jr.,LB,11,2
27,"Alex Gray, South Dakota (MVFC)",Sr.,LB,11,2
27,"Zach Hall, Southeast Mo. St. (OVC)",Jr.,LB,13,2
27,"Jawian Harrison, Weber St. (Big Sky)",Sr.,DB,10,2
27,"Jackie Harvell, Central Ark. (Southland)",So.,DB,11,2
27,"Darius Harvey, Samford (SoCon)",Sr.,DB,11,2
27,"Aretavious Hendrix, SFA (Southland)",Jr.,DB,10,2
27,"Justin Hogan, Rhode Island (CAA)",Sr.,LB,11,2
27,"Christian Holland, Idaho St. (Big Sky)",Sr.,LB,11,2
27,"Brelion Hollis, Alcorn (SWAC)",Jr.,LB,13,2
27,"Armoni Holloway, Alabama A&M (SWAC)",So.,DB,11,2
27,"Dallas House, Portland St. (Big Sky)",Sr.,DL,11,2
27,"Eric Jackson, Mercer (SoCon)",Jr.,DB,9,2
27,"Eric Jackson, Central Ark. (Southland)",Sr.,DL,11,2
27,"Eli Jackson, Alabama A&M (SWAC)",Fr.,DL,11,2
27,"D.J. Jackson, Chattanooga (SoCon)",So.,DB,11,2
27,"Laryon James, Nicholls (Southland)",Jr.,LB,13,2
27,"Xavier Johnson, South Carolina St. (MEAC)",So.,,8,2
27,"Cam Knight, UIW (Southland)",Sr.,DB,11,2
27,"Sully Laiche, Nicholls (Southland)",Jr.,DL,13,2
27,"Tyler Lamica, Robert Morris (NEC)",Jr.,LB,11,2
27,"Isaiah Laster, William & Mary (CAA)",Jr.,DB,10,2
27,"Shayne Lawless, Stony Brook (CAA)",Sr.,LB,12,2
27,"Xavier Lewis, Southeastern La. (Southland)",So.,DB,11,2
27,"Greg Liggs Jr., Elon (CAA)",Jr.,DB,11,2
27,"Isaiah Longino, Northwestern St. (Southland)",So.,LB,11,2
27,"Taji Lowe, Maine (CAA)",Jr.,LB,13,2
27,"Jason Maduafokwa, ETSU (SoCon)",Jr.,DL,12,2
27,"Thad Mangum, Wofford (SoCon)",Jr.,DL,13,2
27,"Bryan Marine, Bucknell (Patriot)",Sr.,DB,11,2
27,"Momodou Mbye, Rhode Island (CAA)",Jr.,DB,10,2
27,"Jake McArdell, Holy Cross (Patriot)",Sr.,DL,11,2
27,"Ian McBorrough, Morgan St. (MEAC)",Jr.,LB,11,2
27,"Deandre McCarthy, Grambling (SWAC)",Jr.,LB,9,2
27,"Christian McFarland, Idaho St. (Big Sky)",Jr.,DB,11,2
27,"Kyran McKinney-Crudden, Dartmouth (Ivy League)",Sr.,DB,10,2
27,"Roger Mellado, Bucknell (Patriot)",So.,DL,11,2
27,"Reid Miller, Montana (Big Sky)",Sr.,DB,11,2
27,"Jalen Morrison, North Dakota (FCS Independent)",Fr.,DL,7,2
27,"Rick Mottram, Bucknell (Patriot)",So.,LB,10,2
27,"Michael Murphy, Western Caro. (SoCon)",So.,DB,11,2
27,"Jesse Nemerowicz, Bryant (NEC)",Jr.,LB,10,2
27,"Duane Nichols, South Carolina St. (MEAC)",So.,,11,2
27,"Chinedu Okonya, Furman (SoCon)",Sr.,DL,10,2
27,"Ronald Ollie, Nicholls (Southland)",Sr.,DL,12,2
27,"Sidney Otiwu, Mercer (SoCon)",So.,LB,8,2
27,"Corey Parker, William & Mary (CAA)",Jr.,DB,10,2
27,"Duval Paul, Georgetown (Patriot)",So.,DL,11,2
27,"Bobby Price, Norfolk St. (MEAC)",Jr.,DB,10,2
27,"Ryan Putman, Brown (Ivy League)",So.,DL,10,2
27,"Colby Reeder, Delaware (CAA)",So.,LB,11,2
27,"Darien Reynolds, Gardner-Webb (Big South)",So.,LB,11,2
27,"Artavious Richardson, N.C. A&T (MEAC)",Fr.,DL,11,2
27,"Anthony Ricks, Idaho St. (Big Sky)",Sr.,DB,11,2
27,"Tre Roberts, McNeese (Southland)",Sr.,WR,10,2
27,"Demarcus Rogers, Southeast Mo. St. (OVC)",Sr.,LB,13,2
27,"Marquez Sanford, Murray St. (OVC)",Sr.,DB,11,2
27,"Jalon Scott, Stetson (Pioneer)",Jr.,DB,10,2
27,"Kevin Sears, Sacred Heart (NEC)",Sr.,LB,11,2
27,"Chucky Smith, Villanova (CAA)",Sr.,DB,11,2
27,"Drew Snouffer, Valparaiso (Pioneer)",Sr.,LB,9,2
27,"J.D. Sosebee, Charleston So. (Big South)",Jr.,LB,10,2
27,"Tre' Spann, Southeastern La. (Southland)",Jr.,DB,11,2
27,"Brandon Stanback, Duquesne (NEC)",Sr.,DB,13,2
27,"Deshawn Stevens, Maine (CAA)",So.,LB,14,2
27,"Silas Stewart, UIW (Southland)",Sr.,LB,11,2
27,"Terrell Stewart, Houston Christian (Southland)",So.,LB,9,2
27,"Jesse Studyvin, Valparaiso (Pioneer)",Jr.,DL,10,2
27,"Anders Turner, Cal Poly (Big Sky)",Sr.,LB,11,2
27,"Duke Upshaw, Central Ark. (Southland)",Jr.,DB,11,2
27,"Evan Veron, Nicholls (Southland)",Jr.,LB,13,2
27,"Nick Wheeler, Colgate (Patriot)",Jr.,DL,12,2
27,"Jamehl Wiley, Maine (CAA)",Fr.,DL,13,2
27,"Jacquez Williams, Western Caro. (SoCon)",Sr.,LB,10,2
27,"Marquis Wilson, Lehigh (Patriot)",Jr.,DB,11,2
27,"Jireh Wilson, Wofford (SoCon)",Jr.,LB,13,2
27,"Desmond Young, Savannah St. (MEAC)",Jr.,LB,9,2
