Rank,Player,Cl,Pos,G,Fum Rec
1,"Rashad Smith, Fla. Atlantic (C-USA)",Sr.,LB,14,5
2,"Brady Breeze, Oregon (Pac-12)",Jr.,DB,14,4
2,"Stanley Green, Illinois (Big Ten)",Sr.,DB,10,4
2,"Ja'von Hicks, Cincinnati (AAC)",So.,DB,14,4
2,"Mika Tafua, Utah (Pac-12)",So.,DL,14,4
6,"Kobie Beltram, Eastern Mich. (MAC)",Sr.,LB,13,3
6,"Terrel Bernard, Baylor (Big 12)",So.,LB,14,3
6,"Justice Dingle, Georgia Tech (ACC)",Fr.,DL,11,3
6,"Nu'umotu Falo, Colorado (Pac-12)",Sr.,LB,11,3
6,"Mosese Fifita, Air Force (Mountain West)",Sr.,DL,13,3
6,"Trayshon Foster, NIU (MAC)",Sr.,LB,12,3
6,"Jake Hansen, Illinois (Big Ten)",Jr.,LB,9,3
6,"Matt Henningsen, Wisconsin (Big Ten)",So.,DL,14,3
6,"Richard LeCounte, Georgia (SEC)",Jr.,DB,14,3
6,"Trent McDuffie, Washington (Pac-12)",Fr.,DB,13,3
6,"Kendarin Ray, Tulsa (AAC)",Fr.,DB,12,3
6,"Taylor Riggins, Buffalo (MAC)",Jr.,DL,13,3
6,"Justin Rogers, UTEP (C-USA)",Sr.,DB,12,3
6,"Jason Strowbridge, North Carolina (ACC)",Sr.,DL,12,3
6,"Justus Te'i, Utah St. (Mountain West)",Jr.,DL,13,3
6,"Marshe Terry, NIU (MAC)",Sr.,LB,12,3
6,"Tariq Thompson, San Diego St. (Mountain West)",Jr.,DB,13,3
6,"Traveion Webster, ULM (Sun Belt)",Jr.,DB,11,3
6,"Jordan Williams, Ball St. (MAC)",So.,LB,12,3
6,"JT Woods, Baylor (Big 12)",So.,DB,14,3
6,"Matthew Young, New Mexico St. (FBS Independent)",So.,LB,10,3
27,"Yasir Abdullah, Louisville (ACC)",So.,LB,13,2
27,"Mandy Alonso, Virginia (ACC)",Jr.,DL,14,2
27,"Matt Bahr, Kent St. (MAC)",Sr.,LB,11,2
27,"Thomas Barber, Minnesota (Big Ten)",Sr.,LB,13,2
27,"Tavante Beckett, Marshall (C-USA)",So.,LB,13,2
27,"Oluwole Betiku Jr., Illinois (Big Ten)",Jr.,DL,10,2
27,"Kwabena Bonsu, Army West Point (FBS Independent)",So.,DL,12,2
27,"Nolan Borgersen, Boston College (ACC)",Sr.,DB,13,2
27,"Swayze Bozeman, Southern Miss. (C-USA)",Jr.,LB,13,2
27,"TaRiq Bracy, Notre Dame (FBS Independent)",So.,DB,12,2
27,"William Bradley-King, Arkansas St. (Sun Belt)",Jr.,DL,13,2
27,"Christian Braswell, Temple (AAC)",So.,DB,12,2
27,"Jordyn Brooks, Texas Tech (Big 12)",Sr.,LB,11,2
27,"Marlin Brooks, Ohio (MAC)",Jr.,DB,13,2
27,"Derrick Brown, Auburn (SEC)",Sr.,DL,13,2
27,"Cam Brown, Penn St. (Big Ten)",Sr.,LB,13,2
27,"Juwan Burgess, Indiana (Big Ten)",So.,DB,13,2
27,"Terrell Burgess, Utah (Pac-12)",Sr.,DB,14,2
27,"Eric Burrell, Wisconsin (Big Ten)",Jr.,DB,14,2
27,"Chase Claypool, Notre Dame (FBS Independent)",Sr.,WR,13,2
27,"Brian Cole II, Mississippi St. (SEC)",Sr.,DB,12,2
27,"Marcus Coleman, Ohio (MAC)",Jr.,DL,12,2
27,"Antwan Collier, UCF (AAC)",Jr.,DB,13,2
27,"Yusuf Corker, Kentucky (SEC)",So.,DB,13,2
27,"Doug Costin, Miami (OH) (MAC)",Sr.,DL,14,2
27,"Nizaire Cromartie, Navy (AAC)",Sr.,LB,13,2
27,"Alex Cruz, Fresno St. (Mountain West)",So.,DL,11,2
27,"Kamren Curl, Arkansas (SEC)",Jr.,DB,11,2
27,"Ashtyn Davis, California (Pac-12)",Sr.,DB,11,2
27,"KD Davis, North Texas (C-USA)",So.,LB,12,2
27,"A.J. DeShazor, South Alabama (Sun Belt)",So.,DB,12,2
27,"Trevon Diggs, Alabama (SEC)",Sr.,DB,12,2
27,"Ayinde Eley, Maryland (Big Ten)",So.,LB,11,2
27,"Reynard Ellis, Ga. Southern (Sun Belt)",So.,LB,13,2
27,"Evan Fields, Arizona St. (Pac-12)",Jr.,DB,13,2
27,"A.J.  Finley, Ole Miss (SEC)",Fr.,DB,12,2
27,"Evan Foster, Syracuse (ACC)",Sr.,DB,12,2
27,"Sam Franklin, Temple (AAC)",Sr.,LB,13,2
27,"Esaias Gandy, Wyoming (Mountain West)",Jr.,DB,11,2
27,"Elijah Gates, UCLA (Pac-12)",Jr.,DB,12,2
27,"Willie Gay Jr., Mississippi St. (SEC)",Jr.,LB,5,2
27,"Joe Gaziano, Northwestern (Big Ten)",Sr.,DL,12,2
27,"Jeff Gemmell, Charlotte (C-USA)",Sr.,LB,12,2
27,"Dayan Ghanwoloku, BYU (FBS Independent)",Sr.,DB,12,2
27,"Isaiah Graham-Mobley, Temple (AAC)",Jr.,LB,8,2
27,"Jordan Griffin, Kentucky (SEC)",Sr.,DB,12,2
27,"Jaylen Griffin, Virginia Tech (ACC)",So.,DL,12,2
27,"Austin Hall, Memphis (AAC)",Sr.,LB,13,2
27,"Geronda Hall Jr., Old Dominion (C-USA)",So.,DB,12,2
27,"Sam Hammond, Nevada (Mountain West)",Jr.,DL,13,2
27,"Eli Hanback, Virginia (ACC)",Sr.,DL,14,2
27,"Kyle Harmon, San Jose St. (Mountain West)",So.,LB,12,2
27,"De'Jon Harris, Arkansas (SEC)",Sr.,LB,12,2
27,"Christian  Harris, Alabama (SEC)",Fr.,LB,13,2
27,"Malik Harrison, Ohio St. (Big Ten)",Sr.,LB,14,2
27,"Kolby Harvell-Peel, Oklahoma St. (Big 12)",So.,DB,12,2
27,"Nick Heninger, Utah St. (Mountain West)",Jr.,DL,13,2
27,"Shaka Heyward, Duke (ACC)",Fr.,LB,12,2
27,"Daxton Hill, Michigan (Big Ten)",Fr.,DB,13,2
27,"Zi'Yon Hill, Louisiana (Sun Belt)",Jr.,DL,12,2
27,"Rashie Hodge Jr., New Mexico St. (FBS Independent)",Jr.,LB,12,2
27,"Brody Hoying, Eastern Mich. (MAC)",Sr.,DB,13,2
27,"Dequan Jackson, Colorado St. (Mountain West)",So.,LB,12,2
27,"Jan Johnson, Penn St. (Big Ten)",Sr.,LB,13,2
27,"Dwayne Johnson Jr., San Diego St. (Mountain West)",Jr.,DB,13,2
27,"Tanner Karafa, Boston College (ACC)",Sr.,DL,13,2
27,"George Karlaftis, Purdue (Big Ten)",Fr.,DL,12,2
27,"Isaiah Kaufusi, BYU (FBS Independent)",Jr.,LB,13,2
27,"Javon Kinlaw, South Carolina (SEC)",Sr.,DL,12,2
27,"Jack Koerner, Iowa (Big Ten)",So.,DB,13,2
27,"David Konowalski, Bowling Green (MAC)",Sr.,DL,12,2
27,"Troy Lefeged Jr., Utah St. (Mountain West)",Jr.,DB,13,2
27,"Leo Lewis, Mississippi St. (SEC)",Sr.,LB,13,2
27,"Sage Lewis, FIU (C-USA)",Sr.,LB,13,2
27,"Kirk Livingstone, South Fla. (AAC)",Sr.,DL,12,2
27,"Sonatane Lui, Boise St. (Mountain West)",Sr.,DL,13,2
27,"James Lynch, Baylor (Big 12)",Jr.,DL,14,2
27,"Ledarius Mack, Buffalo (MAC)",Sr.,DL,13,2
27,"Martin Mangram, Massachusetts (FBS Independent)",Sr.,DB,12,2
27,"Jartavius Martin, Illinois (Big Ten)",So.,DB,12,2
27,"Elijah McAllister, Vanderbilt (SEC)",So.,LB,12,2
27,"Fish McWilliams, UAB (C-USA)",Fr.,DL,14,2
27,"Jordan Moore, Houston (AAC)",Fr.,DB,9,2
27,"D.J. Morgan, UConn (AAC)",Jr.,DB,10,2
27,"Darius Muasau, Hawaii (Mountain West)",Fr.,LB,15,2
27,"Tiawan Mullen, Indiana (Big Ten)",Fr.,DB,13,2
27,"Larrell Murchison, NC State (ACC)",Sr.,DL,12,2
27,"Kekoa Nawahine, Boise St. (Mountain West)",Sr.,DB,13,2
27,"Ja'Quane Nelson, Louisiana (Sun Belt)",So.,DL,13,2
27,"Jeremiah Owusu-Koramoah, Notre Dame (FBS Independent)",Jr.,LB,13,2
27,"Jackson Pittman, Navy (AAC)",Sr.,DL,13,2
27,"Ben Putman, Nevada (Mountain West)",Sr.,WR,13,2
27,"Koby Quansah, Duke (ACC)",Sr.,LB,12,2
27,"Shaquille Quarterman, Miami (FL) (ACC)",Sr.,LB,13,2
27,"Greg Reaves, South Fla. (AAC)",Sr.,DL,12,2
27,"Tyshun Render, Middle Tenn. (C-USA)",Sr.,DL,12,2
27,"Justin Rice, Fresno St. (Mountain West)",Jr.,LB,12,2
27,"Janarius Robinson, Florida St. (ACC)",Jr.,DL,13,2
27,"Reggie Robinson II, Tulsa (AAC)",Sr.,DB,12,2
27,"Quincy Roche, Temple (AAC)",Jr.,DL,13,2
27,"Devin Rockette, South Alabama (Sun Belt)",Jr.,DB,12,2
27,"De'John Rogers, New Mexico (Mountain West)",Sr.,DB,12,2
27,"Mike Ruane, Massachusetts (FBS Independent)",Jr.,LB,12,2
27,"Kenneth Ruff, Syracuse (ACC)",Sr.,DL,12,2
27,"K.J. Sails, South Fla. (AAC)",Jr.,DB,12,2
27,"Colin Schooler, Arizona (Pac-12)",Jr.,LB,12,2
27,"Drake Spears, Western Mich. (MAC)",Sr.,LB,13,2
27,"Devin Studstill, South Fla. (AAC)",Sr.,DB,12,2
27,"Ambry Thomas, Michigan (Big Ten)",Jr.,DB,13,2
27,"Skyler Thomas, Washington St. (Pac-12)",Jr.,DB,13,2
27,"NaJee Thompson, Ga. Southern (Sun Belt)",So.,WR,13,2
27,"Eyioma Uwazurike, Iowa St. (Big 12)",Jr.,DL,13,2
27,"Marcus Valdez, Boston College (ACC)",So.,DL,13,2
27,"Randy Wade Jr., Ga. Southern (Sun Belt)",Sr.,LB,13,2
27,"Benny Walls, Temple (AAC)",Sr.,DB,9,2
27,"J'arius  Warren, Navy (AAC)",So.,DL,13,2
27,"Sterling Weatherford, Miami (OH) (MAC)",So.,DB,14,2
27,"Brandon Wellington, Washington (Pac-12)",Sr.,LB,13,2
27,"Pete Werner, Ohio St. (Big Ten)",Jr.,LB,14,2
27,"Logan Wescott, Arkansas St. (Sun Belt)",Sr.,DB,13,2
27,"Travis Whillock, Northwestern (Big Ten)",Jr.,DB,12,2
27,"Drew White, Notre Dame (FBS Independent)",Jr.,LB,13,2
27,"Keion White, Old Dominion (C-USA)",So.,DL,12,2
27,"Kenny Willekes, Michigan St. (Big Ten)",Sr.,DL,13,2
27,"Davion Williams, Michigan St. (Big Ten)",Fr.,DB,13,2
27,"Milton Williams, Louisiana Tech (C-USA)",So.,DL,13,2
27,"Manly Williams, Hawaii (Mountain West)",Sr.,DL,15,2
27,"Kevin Wood, North Texas (C-USA)",Fr.,LB,12,2
27,"Josh Woods, UCLA (Pac-12)",Sr.,DB,12,2
27,"Bryan Wright, Cincinnati (AAC)",Sr.,LB,14,2
27,"Jordan Wright, Kentucky (SEC)",So.,LB,13,2
27,"Kadofi Wright, Buffalo (MAC)",Jr.,LB,10,2
27,"Alex Wright, UAB (C-USA)",Fr.,LB,14,2
27,"Michael Ziemba, Indiana (Big Ten)",Jr.,DL,13,2
