Rank,Player,Cl,Pos,G,Fum Rec
1,"Jackson Mitchell, UConn (FBS Independent)",Jr.,LB,13,5
2,"Xavier Cullens, Memphis (AAC)",Sr.,LB,13,4
3,"Wesley Bailey, Rutgers (Big Ten)",So.,DL,12,3
3,"Zaire Barnes, Western Mich. (MAC)",Sr.,LB,12,3
3,"J'Dan Burnett, Louisiana Tech (C-USA)",So.,DL,12,3
3,"DeWayne Carter, Duke (ACC)",Jr.,DL,13,3
3,"Tyon Davis, Tulsa (AAC)",Sr.,DB,12,3
3,"Erick Hallett II, Pittsburgh (ACC)",Sr.,DB,13,3
3,"Tre Hawkins, Old Dominion (Sun Belt)",Sr.,CB,12,3
3,"Durrell Johnson, Liberty (FBS Independent)",Sr.,DE,13,3
3,"Buddha Jones, Troy (Sun Belt)",Jr.,DL,14,3
3,"JT Killen, Coastal Carolina (Sun Belt)",Jr.,LB,13,3
3,"Jordan Mahoney, Massachusetts (FBS Independent)",So.,DB,12,3
3,"Jamie Nance, Utah St. (Mountain West)",So.,CB,13,3
3,"Dom Peterson, Nevada (Mountain West)",Sr.,DT,12,3
3,"Clayton Powell-Lee, Georgia Tech (ACC)",Fr.,DB,12,3
3,"Nick Rattin, NIU (MAC)",Jr.,LB,12,3
3,"Charles Rosser, Bowling Green (MAC)",So.,LB,13,3
3,"MoMo Sanogo, Louisville (ACC)",Sr.,LB,13,3
3,"Jordan Veneziale, Georgia St. (Sun Belt)",Sr.,LB,12,3
3,"J.J. Weaver, Kentucky (SEC)",Jr.,LB,11,3
22,"Cam Allen, Purdue (Big Ten)",Sr.,S,14,2
22,"Bryce Anderson, Texas A&M (SEC)",Fr.,DB,11,2
22,"Michal Antoine, Fla. Atlantic (C-USA)",So.,DB,11,2
22,"Tyler Bird, App State (Sun Belt)",Sr.,LB,12,2
22,"Dwayne Boyles, South Fla. (AAC)",Sr.,LB,12,2
22,"Latavious Brini, Arkansas (SEC)",Sr.,DB,13,2
22,"Solomon Byrd, Southern California (Pac-12)",Sr.,DL,14,2
22,"Ambe' Caldwell, Miami (OH) (MAC)",Jr.,DB,12,2
22,"Jadon Canady, Tulane (AAC)",So.,DB,8,2
22,"Daylan Carnell, Missouri (SEC)",So.,DB,13,2
22,"Hudson Clark, Arkansas (SEC)",Jr.,DB,13,2
22,"Noah Collins, Georgia Tech (ACC)",So.,DL,11,2
22,"Dontay Corleone, Cincinnati (AAC)",So.,DL,11,2
22,"Jasir Cox, West Virginia (Big 12)",Sr.,DB,12,2
22,"Corey Crooms, Western Mich. (MAC)",Jr.,WR,12,2
22,"Koby Cumberlander, Marshall (Sun Belt)",Sr.,DL,13,2
22,"Jayden Curry, South Fla. (AAC)",So.,DB,12,2
22,"Trey Dean III, Florida (SEC)",Sr.,DB,12,2
22,"Javon Denis, Georgia St. (Sun Belt)",Jr.,DL,12,2
22,"YaYa Diaby, Louisville (ACC)",Sr.,DL,13,2
22,"DeAndre Dingle-Prince, App State (Sun Belt)",So.,DL,12,2
22,"Syrus Dumas, New Mexico St. (FBS Independent)",Jr.,DB,13,2
22,"Jeremiah Earby, California (Pac-12)",Fr.,CB,12,2
22,"Hunter Echols, Arizona (Pac-12)",Sr.,LB,12,2
22,"Ayinde Eley, Georgia Tech (ACC)",Sr.,LB,12,2
22,"Jonah Elliss, Utah (Pac-12)",So.,DE,11,2
22,"JaQues Evans, Western Ky. (C-USA)",So.,LB,14,2
22,"Byron Floyd, Pittsburgh (ACC)",So.,LS,13,2
22,"Jaylan Ford, Texas (Big 12)",Jr.,LB,13,2
22,"Marcus Fuqua, Buffalo (MAC)",Jr.,DB,13,2
22,"Palaie Gaoteote IV, Ohio St. (Big Ten)",Sr.,LB,11,2
22,"Ashton Gillotte, Louisville (ACC)",So.,DL,12,2
22,"Cedric Gray, North Carolina (ACC)",Jr.,LB,14,2
22,"Izayah Green-May, NIU (MAC)",Sr.,DE,12,2
22,"Nick Hampton, App State (Sun Belt)",Jr.,LB,9,2
22,"Hayden Hatcher, Kansas (Big 12)",Sr.,DE,13,2
22,"Tonka Hemingway, South Carolina (SEC)",Jr.,DL,13,2
22,"Xzavier Henderson, Florida (SEC)",Jr.,WR,11,2
22,"Daiyan Henley, Washington St. (Pac-12)",Sr.,LB,12,2
22,"Shaka Heyward, Duke (ACC)",Sr.,LB,12,2
22,"Justin Hodges, UCF (AAC)",Jr.,DB,14,2
22,"Dax Hollifield, Virginia Tech (ACC)",Sr.,LB,11,2
22,"Bryce Houston, Ohio (MAC)",Sr.,LB,14,2
22,"R.J. Hubert, Utah (Pac-12)",Sr.,S,14,2
22,"Thomas Incoom, Central Mich. (MAC)",Sr.,DL,12,2
22,"DJ Ivey, Miami (FL) (ACC)",Sr.,DB,12,2
22,"Jared Ivey, Ole Miss (SEC)",Jr.,DE,13,2
22,"Myles Jackson, Indiana (Big Ten)",So.,LB,12,2
22,"Curtis Jacobs, Penn St. (Big Ten)",So.,LB,12,2
22,"Brandon Johnson, Duke (ACC)",So.,S,13,2
22,"Tre'Vez Johnson, Florida (SEC)",Jr.,DB,12,2
22,"Jett Johnson, Mississippi St. (SEC)",Sr.,LB,13,2
22,"Dyontae Johnson, Toledo (MAC)",Sr.,LB,14,2
22,"Jason Johnson, UCF (AAC)",Jr.,LB,14,2
22,"Cameron Jones, Army West Point (FBS Independent)",Sr.,CB,10,2
22,"Dorian Jones, Louisville (ACC)",So.,LB,13,2
22,"Chase Jones, Wake Forest (ACC)",Jr.,LB,13,2
22,"Aaron Key, Western Ky. (C-USA)",Fr.,LB,13,2
22,"Logan Klemp, Iowa (Big Ten)",Sr.,LB,13,2
22,"Rayuan Lane, Navy (AAC)",So.,S,12,2
22,"Tyson Lee, Western Mich. (MAC)",Fr.,DL,11,2
22,"Devin Lemear, Baylor (Big 12)",Fr.,S,13,2
22,"Steve Linton, Syracuse (ACC)",So.,LB,11,2
22,"Torry Locklin, Kansas (Big 12)",Sr.,WR,13,2
22,"Jalen Logan-Redding, Minnesota (Big Ten)",So.,DL,13,2
22,"Cooper Lutz, Vanderbilt (SEC)",Sr.,RB,11,2
22,"Dashaun Mallory, Michigan St. (Big Ten)",Sr.,DL,8,2
22,"Jack McCrory, Ohio (MAC)",Sr.,DE,14,2
22,"Ahmad McCullough, Maryland (Big Ten)",Sr.,LB,12,2
22,"Cooper McDonald, San Diego St. (Mountain West)",Jr.,LB,12,2
22,"Jonathan McGill, Stanford (Pac-12)",Sr.,S,12,2
22,"Jarron Morris, Texas St. (Sun Belt)",Jr.,CB,12,2
22,"Tre'mon Morris-Brash, UCF (AAC)",Sr.,DL,14,2
22,"Myron Morrison, Rice (C-USA)",So.,LB,11,2
22,"Ryan Mullaney, Cincinnati (AAC)",Jr.,DL,13,2
22,"Jahmin Muse, Buffalo (MAC)",Sr.,S,12,2
22,"Garrett Nelson, Nebraska (Big Ten)",Jr.,LB,12,2
22,"Jer'Zhan Newton, Illinois (Big Ten)",So.,DL,13,2
22,"Alex Nobles, FIU (C-USA)",Sr.,LB,11,2
22,"George Nyakwol, Rice (C-USA)",Sr.,DB,10,2
22,"Anfernee Orji, Vanderbilt (SEC)",Sr.,LB,12,2
22,"Hansky Paillant, App State (Sun Belt)",Jr.,DL,12,2
22,"James Patterson, Buffalo (MAC)",Sr.,LB,13,2
22,"Shaun Peterson Jr., FIU (C-USA)",Jr.,LB,10,2
22,"Kennedy Roberts, Coastal Carolina (Sun Belt)",Sr.,DT,13,2
22,"Nick Roberts, SMU (AAC)",Sr.,S,13,2
22,"Jereme Robinson, Kansas (Big 12)",Jr.,DE,13,2
22,"Tavius Robinson, Ole Miss (SEC)",Sr.,DE,13,2
22,"Teldrick Ross, Middle Tenn. (C-USA)",Jr.,S,13,2
22,"Chris Russell Jr., Texas A&M (SEC)",Sr.,LB,12,2
22,"Sage Ryan, LSU (SEC)",Fr.,DB,14,2
22,"Kelle Sanders, UAB (C-USA)",Sr.,LB,10,2
22,"Javon Scruggs, Liberty (FBS Independent)",Sr.,S,12,2
22,"Antonio Showers, Troy (Sun Belt)",Sr.,DE,14,2
22,"Cecil Singleton, Louisiana Tech (C-USA)",Jr.,DB,12,2
22,"Gerard Stringer, East Carolina (AAC)",Sr.,S,12,2
22,"Stanley Ta'ufo'ou, Southern California (Pac-12)",Jr.,DL,14,2
22,"Dadrian Taylor, UTSA (C-USA)",Sr.,LB,13,2
22,"CJ Taylor, Vanderbilt (SEC)",So.,LB,12,2
22,"Dadrion Taylor-Demerson, Texas Tech (Big 12)",Sr.,DB,13,2
22,"Ladarius Tennison, Ole Miss (SEC)",So.,S,13,2
22,"Jon-Michael Terry, Tulsa (AAC)",Sr.,LB,12,2
22,"Charlie Thomas, Georgia Tech (ACC)",Sr.,LB,12,2
22,"Keye Thompson, Ohio (MAC)",Sr.,LB,14,2
22,"Faatui Tuitele, Washington (Pac-12)",So.,DL,13,2
22,"Sione Tupou, Texas St. (Sun Belt)",Sr.,LB,12,2
22,"Jaxen Turner, Arizona (Pac-12)",Jr.,DB,11,2
22,"Kody Walterscheid, Oklahoma St. (Big 12)",Jr.,DE,13,2
22,"Markees Watts, Charlotte (C-USA)",Sr.,DE,12,2
22,"Marlowe Wax, Syracuse (ACC)",So.,LB,13,2
22,"Bradley Weaver, Ohio (MAC)",Fr.,DE,6,2
22,"Tyrus Wheat, Mississippi St. (SEC)",Sr.,LB,12,2
22,"Noah Wilder, UAB (C-USA)",Sr.,LB,13,2
22,"James Williams, Miami (FL) (ACC)",So.,DB,11,2
22,"Jireh Wilson, East Carolina (AAC)",Jr.,S,13,2
22,"Kobe Wilson, Temple (AAC)",So.,LB,12,2
22,"Mekhi Wingo, LSU (SEC)",So.,DL,14,2
22,"Thomas Witte, Nevada (Mountain West)",So.,DT,11,2
22,"Zaylin Wood, Middle Tenn. (C-USA)",So.,DT,13,2
22,"Colby Wooden, Auburn (SEC)",Jr.,DL,12,2
22,"Justin Wright, Tulsa (AAC)",Sr.,LB,12,2
