Rank,Player,Cl,Pos,G,Fum Rec
1,"Bryson Armstrong, Kennesaw St. (Big South)",Fr.,LB,14,4
1,"Marcus Bruce, Sacramento St. (Big Sky)",Jr.,LB,11,4
1,"La'Travien Gee, Houston Christian (Southland)",Sr.,DB,11,4
1,"Kobie Grace, Eastern Ky. (OVC)",Sr.,DB,11,4
1,"Kim Mahoney, San Diego (Pioneer)",Jr.,LB,13,4
1,"Nick Miller, Penn (Ivy League)",Jr.,LB,10,4
1,"Taylor Nelson, Southern Utah (Big Sky)",Sr.,LB,12,4
1,"Steven Smith, Hampton (MEAC)",Sr.,LB,11,4
9,"Willie Barrett, Marist (Pioneer)",Sr.,LB,11,3
9,"Lee Bennett, Mercer (SoCon)",Sr.,LB,11,3
9,"Isiah Bennett, Savannah St. (MEAC)",Jr.,DB,11,3
9,"Ryan Bua, UC Davis (Big Sky)",Sr.,LB,11,3
9,"Tyler Campbell, Elon (CAA)",Jr.,DB,12,3
9,"Jabril Cox, North Dakota St. (MVFC)",Fr.,LB,15,3
9,"Trae Ferrell, Alcorn (SWAC)",Jr.,LB,11,3
9,"Malik Fisher, Villanova (CAA)",Fr.,DL,11,3
9,"Tye Freeland, Howard (MEAC)",Fr.,FS,8,3
9,"Michael Hoecht, Brown (Ivy League)",So.,DL,10,3
9,"Levi Jordheim, North Dakota St. (MVFC)",Jr.,LB,10,3
9,"Jared Kuehl, New Hampshire (CAA)",Jr.,LB,10,3
9,"Momodou Mbye, Rhode Island (CAA)",So.,DB,11,3
9,"Eli Mencer, UAlbany (CAA)",Jr.,RB,11,3
9,"Sam Philippi, Penn (Ivy League)",Jr.,DB,10,3
9,"Taylor Pili, Southern Utah (Big Sky)",Sr.,DL,12,3
9,"George Ramos, Morgan St. (MEAC)",Jr.,TE,11,3
9,"Christian Rozeboom, South Dakota St. (MVFC)",So.,LB,14,3
9,"Tucker Schye, Montana (Big Sky)",Sr.,DL,11,3
9,"Jack Sendelbach, Eastern Wash. (Big Sky)",So.,LB,11,3
9,"Khristian Tate, Georgetown (Patriot)",So.,DL,11,3
30,"Adkin Aguirre, Idaho St. (Big Sky)",So.,DB,11,2
30,"Elijah Allen, Southern U. (SWAC)",Jr.,DB,11,2
30,"Eric Alvis Jr, Morgan St. (MEAC)",Sr.,DB,10,2
30,"Abdullah Anderson, Bucknell (Patriot)",Sr.,DL,10,2
30,"Daimen Anderson, Alcorn (SWAC)",Fr.,LB,12,2
30,"Jordan Anderson, Brown (Ivy League)",Jr.,LB,10,2
30,"Andrew Ankrah, James Madison (CAA)",Sr.,DL,15,2
30,"Seperine Aumuna, Sacramento St. (Big Sky)",So.,DL,11,2
30,"Ruben Avalos, Marist (Pioneer)",Sr.,LB,10,2
30,"Grant Beidel, Presbyterian (Big South)",Sr.,LB,11,2
30,"Shawn Bishop, Jackson St. (SWAC)",Sr.,LB,11,2
30,"Kyle Bowling, Houston Christian (Southland)",Jr.,LB,11,2
30,"Delondo Boyd, Saint Francis (PA) (NEC)",Sr.,DB,11,2
30,"Malik Boynton, Austin Peay (OVC)",Sr.,DB,12,2
30,"Jesse Bramble, Fordham (Patriot)",So.,DB,10,2
30,"Michael Branch, Presbyterian (Big South)",So.,DL,11,2
30,"Demetrius Breedlove, Lafayette (Patriot)",So.,DL,10,2
30,"Antonio Brown, N.C. Central (MEAC)",Sr.,DL,10,2
30,"Darrious Carter, James Madison (CAA)",Jr.,DL,15,2
30,"Lyn Clark, Northwestern St. (Southland)",Sr.,LB,11,2
30,"Colton Clemons, Wofford (SoCon)",Sr.,LB,12,2
30,"Lamont Crittendon, Murray St. (OVC)",Sr.,LB,10,2
30,"Gerald Crowley, Morgan St. (MEAC)",Fr.,DL,10,2
30,"Glenn Cunningham, Fordham (Patriot)",Fr.,LB,10,2
30,"Maurice Diawara, Wagner (NEC)",Sr.,DL,10,2
30,"Brian Dolce, UAlbany (CAA)",Jr.,DL,11,2
30,"Kendarius Dukes, Savannah St. (MEAC)",Jr.,WR,9,2
30,"Colby Duncan, Stetson (Pioneer)",So.,LB,11,2
30,"Blair Edwards, Tennessee St. (OVC)",Jr.,LB,11,2
30,"Mike Ezirike, Rhode Island (CAA)",Sr.,DL,11,2
30,"Nick Farina, South Dakota St. (MVFC)",Sr.,DB,13,2
30,"Jared Farley, UNI (MVFC)",Sr.,LB,13,2
30,"Gerald Ferguson, Robert Morris (NEC)",Sr.,LB,11,2
30,"Damu Ford, South Carolina St. (MEAC)",So.,MLB,10,2
30,"Dominic Frasch, Cal Poly (Big Sky)",Jr.,DB,9,2
30,"Montavius Gaines, Southern U. (SWAC)",So.,DB,11,2
30,"Louie Gartner, Saint Francis (PA) (NEC)",Jr.,DL,11,2
30,"James Gilleylen, UT Martin (OVC)",Jr.,LB,11,2
30,"Ahmad Gooden, Samford (SoCon)",Jr.,DL,12,2
30,"Andrew Gray, South Dakota (MVFC)",Jr.,DB,13,2
30,"Ra'Shad Green, Jacksonville St. (OVC)",Sr.,DB,12,2
30,"Robbie Grimsley, North Dakota St. (MVFC)",Jr.,DB,15,2
30,"Adam Hamilton, Mississippi Val. (SWAC)",Jr.,LB,11,2
30,"Dylan Hamilton, Alabama A&M (SWAC)",Jr.,DB,11,2
30,"Nate Hatalsky, UAlbany (CAA)",Sr.,LB,11,2
30,"Kyre Hawkins, James Madison (CAA)",Sr.,LB,15,2
30,"Kyle Hegedus, Youngstown St. (MVFC)",So.,DB,11,2
30,"Taylor Henkle, Kennesaw St. (Big South)",Jr.,DB,14,2
30,"Brandon Hereford, James Madison (CAA)",Sr.,LB,11,2
30,"Dominique Hill, McNeese (Southland)",Sr.,DB,11,2
30,"Theron Hodges, Austin Peay (OVC)",Jr.,DL,12,2
30,"De'Andre Hogues, Grambling (SWAC)",So.,LB,13,2
30,"Darius Jackson, Jacksonville St. (OVC)",Sr.,DL,12,2
30,"Jordan Jackson, Indiana St. (MVFC)",Sr.,LB,7,2
30,"Darryl Johnson, N.C. A&T (MEAC)",So.,DL,12,2
30,"Micah Keels, Richmond (CAA)",Jr.,DB,10,2
30,"Dalton Keene, Illinois St. (MVFC)",Sr.,TE,11,2
30,"Cam Kitchen, Delaware (CAA)",Jr.,DL,4,2
30,"Kevin Lazo, Bryant (NEC)",Jr.,DL,11,2
30,"David Lee, Howard (MEAC)",Sr.,LB,4,2
30,"Nate Link, Western Caro. (SoCon)",Jr.,DL,12,2
30,"Arthur Lockett, Prairie View (SWAC)",Sr.,DB,11,2
30,"Dre Long, Stetson (Pioneer)",Sr.,DB,11,2
30,"Sterling Lowry, Wagner (NEC)",Jr.,DB,11,2
30,"Nick McBeath, Holy Cross (Patriot)",Sr.,LB,11,2
30,"Danny McManus, Dartmouth (Ivy League)",Sr.,DB,10,2
30,"Kenneth Melton, N.C. A&T (MEAC)",Sr.,DL,9,2
30,"Carlos Merritt, Campbell (Pioneer)",Sr.,DB,11,2
30,"Deshaywn Middleton, Norfolk St. (MEAC)",Jr.,DL,11,2
30,"Mike Mills, Alabama A&M (SWAC)",So.,DB,10,2
30,"Charles Mitchell, Maine (CAA)",So.,DL,10,2
30,"Paea Moala, Idaho St. (Big Sky)",Jr.,LB,9,2
30,"Cody Moncure, Houston Christian (Southland)",Sr.,LB,11,2
30,"Jimmy Moreland, James Madison (CAA)",Jr.,DB,15,2
30,"Keifer Morris, Northern Colo. (Big Sky)",Jr.,DL,10,2
30,"Michael Murphy, Columbia (Ivy League)",So.,LB,8,2
30,"Jay Murphy, UT Martin (OVC)",Sr.,DL,11,2
30,"Rickey Neal, UNI (MVFC)",Jr.,LB,13,2
30,"Mike Needham, Southern Utah (Big Sky)",Sr.,LB,12,2
30,"Rayshad Nichols, SFA (Southland)",Fr.,DL,11,2
30,"Nate Norris, Lehigh (Patriot)",Fr.,LB,12,2
30,"Emmanuel Olenga, Campbell (Pioneer)",Fr.,DL,11,2
30,"Kareem Orr, Chattanooga (SoCon)",Jr.,DB,9,2
30,"Jonathan Petersen, San Diego (Pioneer)",Sr.,DL,13,2
30,"Nick Pierotti, Northwestern St. (Southland)",Sr.,LB,9,2
30,"Justus Reed, Youngstown St. (MVFC)",Jr.,DL,7,2
30,"Colby Reeder, Delaware (CAA)",Fr.,LB,11,2
30,"Ryan Richards Jr., Robert Morris (NEC)",Sr.,DB,9,2
30,"David Richardson, Florida A&M (MEAC)",So.,DL,10,2
30,"Sean Rodriguez, Murray St. (OVC)",Sr.,LB,11,2
30,"Devin Rollins, Howard (MEAC)",Sr.,LB,11,2
30,"Courtney Rutledge, Southeastern La. (Southland)",Sr.,DB,10,2
30,"Gunnar Scholato, Austin Peay (OVC)",Jr.,LB,12,2
30,"Sterling Sheffield, Maine (CAA)",Jr.,LB,10,2
30,"Samari Springs, Richmond (CAA)",Fr.,DB,11,2
30,"Christian Stark, Samford (SoCon)",Jr.,DB,12,2
30,"Nathan Stone, Duquesne (NEC)",Sr.,LB,11,2
30,"Andrew Swicegood, Tennessee Tech (OVC)",So.,LB,11,2
30,"Jaunyea Tarver, Morehead St. (Pioneer)",So.,DB,11,2
30,"Auston Tesch, Weber St. (Big Sky)",So.,LB,14,2
30,"Chauntez Thomas, Northern Ariz. (Big Sky)",Fr.,DL,10,2
30,"Tracy Thompkins, Mississippi Val. (SWAC)",So.,DB,10,2
30,"Aaron Tiller, Southern U. (SWAC)",Sr.,DL,11,2
30,"Chris Tinkham, Central Conn. St. (NEC)",Jr.,DL,12,2
30,"Calvin Turner Jr, Jacksonville (Pioneer)",Fr.,QB,10,2
30,"Tristen Vance, Northern Ariz. (Big Sky)",So.,LB,12,2
30,"Brandon Varner, Grambling (SWAC)",Jr.,DL,13,2
30,"Daryl Vining, Wofford (SoCon)",Sr.,LB,13,2
30,"Mark Walker, Lehigh (Patriot)",Jr.,LB,10,2
30,"Chris Washington, Furman (SoCon)",So.,LB,13,2
30,"Quandarius Weems, Furman (SoCon)",So.,DB,10,2
30,"Dylan Weigel, ETSU (SoCon)",Jr.,LB,11,2
30,"Jelani Williamson, Georgetown (Patriot)",Sr.,DB,11,2
30,"Carter Wilson, North Dakota (Big Sky)",So.,DL,11,2
30,"Jaylaan Wimbush, North Dakota St. (MVFC)",Jr.,DB,15,2
30,"Rock Ya-Sin, Presbyterian (Big South)",Jr.,DB,11,2
30,"Brett Zanotto, Duquesne (NEC)",So.,LB,11,2
