Rank,Player,Cl,Pos,G,PBU,Int,TPD,PDPG
1,"D.J. Monroe, Harvard (Ivy League)",---,CB,10,16,2,18,1.8
2,"Casey DeAndrade, New Hampshire (CAA)",Fr.,DB,14,20,3,23,1.6
3,"Ademola Olatunji, Howard (MEAC)",Jr.,DB,12,16,3,19,1.6
4,"J.D. Roussel, Sacred Heart (NEC)",Jr.,DB,13,13,7,20,1.5
5,"Steven Lester, Morehead St. (Pioneer)",Sr.,DB,10,13,1,14,1.4
6,"Chris Atkins, Stetson (Pioneer)",Fr.,DB,11,9,6,15,1.4
7,"Ian Williams, Fordham (Patriot)",Sr.,DB,14,15,4,19,1.4
8,"Darrin Marrow, Norfolk St. (MEAC)",Jr.,DB,12,11,5,16,1.3
8,"Camaren Harris, UT Martin (OVC)",Sr.,DB,12,12,4,16,1.3
10,"Daquan Minter, Saint Francis (PA) (NEC)",So.,DB,11,8,6,14,1.3
10,"Donald Payne, Stetson (Pioneer)",Fr.,DB,11,12,2,14,1.3
10,"Howard Scarborough, Missouri St. (MVFC)",Sr.,DB,11,12,2,14,1.3
13,"Tevrin Brandon, Monmouth (FCS Independent)",Sr.,DB,12,12,3,15,1.3
14,"CJ Smith, North Dakota St. (MVFC)",So.,DB,15,15,3,18,1.2
14,"Deon'Tae Florence, Weber St. (Big Sky)",Jr.,DB,10,8,4,12,1.2
14,"John Hill, Princeton (Ivy League)",So.,DB,10,9,3,12,1.2
17,"Avery Boykin, Mississippi Val. (SWAC)",Jr.,DB,11,7,6,13,1.2
18,"Mike Armiento, Colgate (Patriot)",Jr.,DB,12,8,6,14,1.2
18,"Chris Linares, Central Conn. St. (NEC)",Sr.,DB,12,9,5,14,1.2
18,"Anthony Goodwin, Montana (Big Sky)",Sr.,DB,12,12,2,14,1.2
18,"CJ Morgan, Alcorn (SWAC)",Jr.,DB,12,12,2,14,1.2
18,"Marcus Peters, Central Ark. (Southland)",Sr.,DB,12,12,2,14,1.2
23,"Deantrey Loche, Sam Houston (Southland)",Jr.,DB,13,12,3,15,1.2
24,"Daniel Fitzpatrick, Tennessee St. (OVC)",Jr.,DB,14,8,8,16,1.1
24,"Jordan Chapman, Fordham (Patriot)",Jr.,DB,14,11,5,16,1.1
26,"Pierre Warren, Jacksonville St. (OVC)",Jr.,DB,15,12,5,17,1.1
27,"Deshaun Summer, Morgan St. (MEAC)",So.,DB,10,8,3,11,1.1
27,"Kwe'Shon Williams, James Madison (CAA)",Fr.,DB,10,8,3,11,1.1
29,"Michael Jones, N.C. Central (MEAC)",Fr.,DB,11,8,4,12,1.1
30,"Jacob Hagen, Liberty (Big South)",Jr.,DB,12,7,6,13,1.1
30,"Matt Smalley, Lafayette (Patriot)",So.,DB,12,8,5,13,1.1
30,"De'Ante Saunders, Tennessee St. (OVC)",Jr.,DB,12,9,4,13,1.1
30,"Keon Williams, Gardner-Webb (Big South)",Sr.,DB,12,9,4,13,1.1
30,"John Wilson, Savannah St. (MEAC)",Sr.,DB,12,9,4,13,1.1
30,"Alex Ofori, Maine (CAA)",Jr.,DB,12,10,3,13,1.1
30,"Dean Faddis, Portland St. (Big Sky)",Sr.,DB,12,11,2,13,1.1
30,"Deandre Houston-Carson, William & Mary (CAA)",So.,DB,12,11,2,13,1.1
30,"Deonte Flowers, Montana St. (Big Sky)",Jr.,DB,12,12,1,13,1.1
30,"Kevin Barfield, UT Martin (OVC)",Sr.,DB,12,13,0,13,1.1
40,"Steven Thames, New Hampshire (CAA)",Jr.,DB,14,11,4,15,1.1
41,"Harlan Miller, Southeastern La. (Southland)",So.,DB,14,10,4,14,1
41,"Bookie Sneed, Sam Houston (Southland)",Sr.,DB,14,13,1,14,1
41,"Wayne Pettus, Richmond (CAA)",Sr.,DB,12,7,5,12,1
41,"Lucky Dozier, Northern Ariz. (Big Sky)",Sr.,DB,12,9,3,12,1
41,"Anders Battle, Northern Ariz. (Big Sky)",Sr.,DB,12,10,2,12,1
41,"Sybhrian Berry, Missouri St. (MVFC)",Sr.,DB,12,10,2,12,1
41,"Brandon Thomas, Texas Southern (SWAC)",Sr.,DB,11,7,4,11,1
41,"Michael Ratelle, Drake (Pioneer)",Sr.,DB,11,8,3,11,1
41,"Mike Banks, Illinois St. (MVFC)",Jr.,DB,11,9,2,11,1
41,"Jarrett Dieudonne, Wagner (NEC)",Jr.,DB,11,9,2,11,1
41,"Ayodeji Olatoye, N.C. A&T (MEAC)",Sr.,DB,11,9,2,11,1
41,"Ryan Powers, Stetson (Pioneer)",Fr.,DB,11,9,2,11,1
41,"Jack Marston, Marist (Pioneer)",Sr.,DB,11,10,1,11,1
41,"Emory Polley, Brown (Ivy League)",Sr.,DB,10,4,6,10,1
41,"Demetrius Johnson, Texas Southern (SWAC)",Fr.,DB,10,8,2,10,1
