Rank,Player,Cl,Pos,G,PBU,Int,TPD,PDPG
1,"Paulson Adebo, Stanford (Pac-12)",So.,DB,13,20,4,24,1.8
1,"Bryce Hall, Virginia (ACC)",Jr.,DB,13,22,2,24,1.8
3,"Kemon Hall, North Texas (C-USA)",Sr.,DB,11,14,5,19,1.7
4,"Thomas Graham Jr., Oregon (Pac-12)",So.,DB,13,18,3,21,1.6
4,"Donnie Lewis Jr., Tulane (AAC)",Sr.,DB,13,18,3,21,1.6
6,"Dakari Monroe, San Jose St. (Mountain West)",Sr.,DB,12,15,4,19,1.6
7,"Anthoula Kelly, Fresno St. (Mountain West)",Sr.,DB,14,17,4,21,1.5
7,"Adrian Frye, Texas Tech (Big 12)",Fr.,DB,12,13,5,18,1.5
9,"Andre Cisco, Syracuse (ACC)",Fr.,DB,13,11,7,18,1.4
9,"Joejuan Williams, Vanderbilt (SEC)",Jr.,DB,13,14,4,18,1.4
9,"Mike Hampton, South Fla. (AAC)",So.,DB,13,16,2,18,1.4
12,"Saquan Hampton, Rutgers (Big Ten)",Sr.,DB,12,13,3,16,1.3
12,"Justin Layne, Michigan St. (Big Ten)",Jr.,DB,12,15,1,16,1.3
14,"Julian Love, Notre Dame (FBS Independent)",Jr.,DB,13,16,1,17,1.3
15,"Mike Reynolds, Army West Point (FBS Independent)",Sr.,DB,11,11,3,14,1.3
16,"Montre Hartage, Northwestern (Big Ten)",Sr.,DB,12,13,2,15,1.3
16,"Dicaprio Bootle, Nebraska (Big Ten)",So.,DB,12,15,0,15,1.3
18,"Nate Brooks, North Texas (C-USA)",Sr.,DB,13,10,6,16,1.2
18,"Amik Robertson, Louisiana Tech (C-USA)",So.,DB,13,12,4,16,1.2
18,"Essang Bassey, Wake Forest (ACC)",Jr.,DB,13,15,1,16,1.2
18,"Chris Jackson, Marshall (C-USA)",Jr.,DB,13,15,1,16,1.2
22,"Byron Murphy, Washington (Pac-12)",So.,DB,14,13,4,17,1.2
22,"Kris Boyd, Texas (Big 12)",Sr.,DB,14,16,1,17,1.2
24,"Xavier Crawford, Central Mich. (MAC)",Jr.,DB,11,12,1,13,1.2
25,"Hamp Cheevers, Boston College (ACC)",Jr.,DB,12,7,7,14,1.2
25,"Ta'Corian Darden, Western Ky. (C-USA)",Jr.,DB,12,11,3,14,1.2
25,"Darnay Holmes, UCLA (Pac-12)",So.,DB,12,11,3,14,1.2
25,"Taj-Amir Torres, Boston College (ACC)",Sr.,DB,12,11,3,14,1.2
25,"Rock Ya-Sin, Temple (AAC)",Sr.,DB,12,12,2,14,1.2
30,"Kindle Vildor, Ga. Southern (Sun Belt)",Jr.,DB,13,11,4,15,1.2
30,"DJ Williams, Utah St. (Mountain West)",Jr.,DB,13,11,4,15,1.2
30,"Amani Oruwariye, Penn St. (Big Ten)",Sr.,DB,13,12,3,15,1.2
30,"Nevelle Clarke, UCF (AAC)",Jr.,DB,13,13,2,15,1.2
30,"Jeff Gladney, TCU (Big 12)",Jr.,DB,13,13,2,15,1.2
