Rank,Player,Cl,Pos,G,PBU,Int,TPD,PDPG
1,"Tedric Thompson, Colorado (Pac-12)",Sr.,DB,14,16,7,23,1.6
1,"Ahkello Witherspoon, Colorado (Pac-12)",Sr.,DB,14,22,1,23,1.6
3,"Rashard Fant, Indiana (Big Ten)",Jr.,DB,13,17,3,20,1.5
4,"Andre Chachere, San Jose St. (Mountain West)",Jr.,DB,12,14,4,18,1.5
5,"Amari Coleman, Central Mich. (MAC)",Jr.,DB,13,15,4,19,1.5
5,"Shaquill Griffin, UCF (AAC)",Sr.,DB,13,15,4,19,1.5
5,"D.J. Reed, Kansas St. (Big 12)",So.,DB,13,16,3,19,1.5
5,"Jordan Thomas, Oklahoma (Big 12)",Jr.,DB,13,17,2,19,1.5
9,"Najee Murray, Kent St. (MAC)",Sr.,DB,11,14,2,16,1.5
10,"Aarion Penton, Missouri (SEC)",Sr.,DB,12,12,5,17,1.4
11,"Shawun Lurry, NIU (MAC)",Jr.,DB,10,11,3,14,1.4
12,"Torry McTyer, UNLV (Mountain West)",Sr.,DB,11,12,3,15,1.4
12,"Blessuan Austin, Rutgers (Big Ten)",So.,DB,11,14,1,15,1.4
14,"Tre'Davious White, LSU (SEC)",Sr.,DB,12,14,2,16,1.3
15,"Channing Stribling, Michigan (Big Ten)",Sr.,DB,13,13,4,17,1.3
16,"Breon Borders, Duke (ACC)",Sr.,DB,10,11,2,13,1.3
16,"Jourdan Lewis, Michigan (Big Ten)",Sr.,DB,10,11,2,13,1.3
18,"Rodney Allen, Marshall (C-USA)",Jr.,DB,11,12,2,14,1.3
19,"Rasul Douglas, West Virginia (Big 12)",---,,13,8,8,16,1.2
19,"Adoree' Jackson, Southern California (Pac-12)",Jr.,DB,13,11,5,16,1.2
21,"Randall Goforth, UCLA (Pac-12)",Sr.,DB,11,9,4,13,1.2
21,"Parry Nickerson, Tulane (AAC)",Jr.,DB,11,9,4,13,1.2
21,"Eric Jenkins, North Texas (C-USA)",Jr.,DB,11,10,3,13,1.2
21,"Greg Stroman, Virginia Tech (ACC)",Jr.,DB,11,10,3,13,1.2
25,"Horace Richardson, SMU (AAC)",Sr.,DB,12,8,6,14,1.2
25,"Jerrell Foster, Kent St. (MAC)",Jr.,DB,12,11,3,14,1.2
25,"Marc Walton, Ball St. (MAC)",So.,DB,12,11,3,14,1.2
25,"Darius Mouton, UNLV (Mountain West)",So.,DB,12,13,1,14,1.2
29,"Howard Wilson, Houston (AAC)",So.,DB,13,10,5,15,1.2
29,"Heath Harding, Miami (OH) (MAC)",Jr.,DB,13,11,4,15,1.2
29,"Lance Austin, Georgia Tech (ACC)",Jr.,DB,13,12,3,15,1.2
29,"Arthur Maulet, Memphis (AAC)",Sr.,DB,13,13,2,15,1.2
29,"Ryan Pulley, Arkansas (SEC)",So.,DB,13,13,2,15,1.2
