Rank,Player,Cl,Pos,G,PBU,Int,TPD,PDPG
1,"William Jackson, III, Houston (AAC)",Sr.,DB,13,23,5,28,2.2
2,"Rashard Fant, Indiana (Big Ten)",So.,DB,13,22,1,23,1.8
3,"Shawun Lurry, NIU (MAC)",So.,DB,14,15,9,24,1.7
4,"Jourdan Lewis, Michigan (Big Ten)",Jr.,DB,13,20,2,22,1.7
5,"Boise Ross, Buffalo (MAC)",Jr.,WR,12,18,2,20,1.7
6,"Darius Phillips, Western Mich. (MAC)",So.,DB,13,16,5,21,1.6
7,"Matthew Harris, Northwestern (Big Ten)",Jr.,DB,11,13,4,17,1.5
8,"Desmond King, Iowa (Big Ten)",Jr.,DB,14,13,8,21,1.5
8,"Kalan Reed, Southern Miss. (C-USA)",Sr.,DL,14,17,4,21,1.5
8,"Daryl Worley, West Virginia (Big 12)",Jr.,DB,12,12,6,18,1.5
8,"Trey Dudley-Giles, Massachusetts (MAC)",Sr.,DB,12,14,4,18,1.5
8,"M.J. Stewart, North Carolina (ACC)",So.,DB,12,14,4,18,1.5
8,"Brad Watson, Wake Forest (ACC)",Jr.,DB,12,16,2,18,1.5
14,"Latrell Gibbs, App State (Sun Belt)",So.,DB,13,12,7,19,1.5
14,"Bryson Abraham, Louisiana Tech (C-USA)",Sr.,DB,13,16,3,19,1.5
14,"Ronald Zamort, Western Mich. (MAC)",Sr.,DB,13,18,1,19,1.5
17,"Roland Ladipo, Air Force (Mountain West)",Jr.,DB,14,17,3,20,1.4
18,"Trae Elston, Ole Miss (SEC)",Sr.,DB,13,14,4,18,1.4
18,"Jalen Tabor, Florida (SEC)",So.,DB,13,14,4,18,1.4
20,"Jeremy Cutrer, Middle Tenn. (C-USA)",Jr.,DB,12,13,3,16,1.3
20,"Cheatham Norrils, Toledo (MAC)",Sr.,DB,12,13,3,16,1.3
22,"Deandre Scott, Akron ()",Jr.,DB,13,11,6,17,1.3
23,"Zack Sanchez, Oklahoma (Big 12)",Jr.,DB,11,7,7,14,1.3
24,"Cre'Von LeBlanc, Fla. Atlantic (C-USA)",Sr.,DB,12,11,4,15,1.3
24,"Nick VanHoose, Northwestern (Big Ten)",Sr.,DB,12,12,3,15,1.3
24,"Shaquill Griffin, UCF (AAC)",Jr.,DB,12,13,2,15,1.3
27,"Terrell Chestnut, West Virginia (Big 12)",Sr.,DB,12,11,3,14,1.2
28,"Xavien Howard, Baylor (Big 12)",Jr.,DB,13,10,5,15,1.2
28,"Avonte Maddox, Pittsburgh (ACC)",So.,DB,13,12,3,15,1.2
28,"Mike Hilton, Ole Miss (SEC)",Sr.,DB,13,13,2,15,1.2
28,"Corey Tindal, Marshall (C-USA)",Jr.,DB,13,13,2,15,1.2
28,"Nick Nelson, Hawaii (Mountain West)",So.,DB,13,15,0,15,1.2
