Rank,Player,Cl,Pos,G,PBU,Int,TPD,PDPG
1,"Dominic Frasch, Cal Poly (Big Sky)",Sr.,DB,10,16,3,19,1.9
2,"Isiah Swann, Dartmouth (Ivy League)",Jr.,DB,10,9,9,18,1.8
3,"Manny Patterson, Maine (CAA)",Jr.,DB,14,22,3,25,1.8
4,"Jonathant Istache, Duquesne (NEC)",Sr.,DB,13,15,4,19,1.5
5,"James Allen, Charleston So. (Big South)",Sr.,DB,11,10,6,16,1.5
5,"Jermaine Ponder, Saint Francis (PA) (NEC)",Sr.,DB,11,15,1,16,1.5
7,"DJ Freeman, Southeast Mo. St. (OVC)",So.,DB,13,16,2,18,1.4
7,"Vincent White, UC Davis (Big Sky)",Sr.,DB,13,16,2,18,1.4
9,"Adonis Davis, Abilene Christian (Southland)",Jr.,DB,11,11,4,15,1.4
9,"Donte Small, Morgan St. (MEAC)",So.,DB,11,11,4,15,1.4
9,"Triston Dozier, Gardner-Webb (Big South)",Sr.,DB,11,12,3,15,1.4
9,"Rayshawn McCall, Davidson (Pioneer)",Jr.,DB,11,12,3,15,1.4
9,"Devin Taylor, Illinois St. (MVFC)",So.,DB,11,12,3,15,1.4
9,"David Tolbert, San Diego (Pioneer)",Jr.,DB,11,14,1,15,1.4
15,"Jalon Scott, Stetson (Pioneer)",Jr.,DB,10,12,1,13,1.3
16,"Lloyd Hightower, Idaho (Big Sky)",Jr.,DB,11,13,1,14,1.3
17,"Tyree Robinson, ETSU (SoCon)",So.,DB,12,9,6,15,1.3
17,"Davon Jernigan, Lamar University (Southland)",Sr.,DB,12,11,4,15,1.3
19,"Christian Benford, Villanova (CAA)",Fr.,DB,9,6,5,11,1.2
19,"Dajour Nesbeth, Tennessee St. (OVC)",Jr.,DB,9,7,4,11,1.2
19,"Dylan Mabin, Fordham (Patriot)",Sr.,DB,9,10,1,11,1.2
22,"Wesley Ogsbury, Harvard (Ivy League)",Sr.,DB,10,6,6,12,1.2
23,"Jesse Bramble, Fordham (Patriot)",Jr.,DB,11,9,4,13,1.2
23,"Greg Liggs Jr., Elon (CAA)",Jr.,DB,11,9,4,13,1.2
23,"Keyjuan Selby, Delaware St. (MEAC)",Sr.,DB,11,12,1,13,1.2
23,"Justin Terry, Monmouth (Big South)",So.,DB,11,12,1,13,1.2
27,"Jimmy Moreland, James Madison (CAA)",Sr.,DB,13,10,5,15,1.2
27,"Jordan Brown, South Dakota St. (MVFC)",Sr.,DB,13,12,3,15,1.2
29,"Josh Lewis, Eastern Wash. (Big Sky)",Sr.,DB,15,12,5,17,1.1
30,"Jeremy Chinn, Southern Ill. (MVFC)",Jr.,DB,9,7,3,10,1.1
31,"CJ Holmes, Jackson St. (SWAC)",---,,10,9,2,11,1.1
32,"Will Warner, Drake (Pioneer)",Jr.,DB,11,4,8,12,1.1
32,"Alex Brown, South Carolina St. (MEAC)",So.,,11,8,4,12,1.1
32,"Bryan Marine, Bucknell (Patriot)",Sr.,DB,11,9,3,12,1.1
32,"Xavier Rowe, Western Ill. (MVFC)",Sr.,DB,11,9,3,12,1.1
32,"Keawvis Cummings, Austin Peay (OVC)",Jr.,DB,11,10,2,12,1.1
32,"Duke Upshaw, Central Ark. (Southland)",Jr.,DB,11,11,1,12,1.1
32,"Markus Vinson, Richmond (CAA)",So.,DB,11,11,1,12,1.1
32,"Bryce Gibson, Youngstown St. (MVFC)",So.,DB,11,12,0,12,1.1
40,"Tyler Castillo, Colgate (Patriot)",Sr.,DB,12,7,6,13,1.1
40,"Katley Joseph, Maine (CAA)",Fr.,DB,12,12,1,13,1.1
40,"Rodney Randle, Lamar University (Southland)",Sr.,DB,12,12,1,13,1.1
43,"Duncan Ferch, UNI (MVFC)",Sr.,LB,13,8,5,13,1
43,"Jalen Allison, North Dakota St. (MVFC)",Sr.,DB,12,10,2,12,1
43,"Arrion Archie, San Diego (Pioneer)",Sr.,DB,12,10,2,12,1
43,"Synceir Malone, Stony Brook (CAA)",Jr.,DB,12,10,2,12,1
43,"Karon Delince, ETSU (SoCon)",So.,DB,12,11,1,12,1
43,"Jeremy Lewis, ETSU (SoCon)",Jr.,DB,12,11,1,12,1
43,"Zyon McCollum, Sam Houston (Southland)",So.,DB,11,8,3,11,1
43,"Malick Phillips, UIW (Southland)",Fr.,DB,11,8,3,11,1
43,"Darion Dunn, McNeese (Southland)",So.,DB,11,9,2,11,1
43,"Justin Fitzpatrick, Western Ill. (MVFC)",Sr.,DB,11,9,2,11,1
43,"Desmond Fletcher, Alabama A&M (SWAC)",Jr.,DB,11,9,2,11,1
43,"Hakeem Kinard, Saint Francis (PA) (NEC)",Sr.,DB,11,9,2,11,1
43,"Ju'Anthony Parker, Prairie View (SWAC)",Jr.,DB,11,9,2,11,1
43,"Isaiah Swopes, Northern Colo. (Big Sky)",Sr.,DB,11,9,2,11,1
43,"Grant Ibeh, Central Conn. St. (NEC)",Jr.,DB,11,10,1,11,1
43,"Ramon Lyons, Georgetown (Patriot)",Sr.,DB,11,10,1,11,1
43,"J.T. Wahee, Norfolk St. (MEAC)",Jr.,DB,11,10,1,11,1
43,"Jarren Williams, Saint Francis (PA) (NEC)",Jr.,DB,11,10,1,11,1
43,"Ronald Kent Jr., Western Caro. (SoCon)",Fr.,DB,11,11,0,11,1
43,"Cornelius Floyd, Eastern Ky. (OVC)",Sr.,DB,10,6,4,10,1
43,"Conor O'Brien, Penn (Ivy League)",Jr.,DB,10,7,3,10,1
43,"Jaylen Harris, Prairie View (SWAC)",Jr.,DB,10,8,2,10,1
43,"JJ Henderson, Stetson (Pioneer)",So.,DB,10,8,2,10,1
43,"Bobby Price, Norfolk St. (MEAC)",Jr.,DB,10,8,2,10,1
43,"Joshua Murray, Texas Southern (SWAC)",So.,DB,10,9,1,10,1
43,"Corey Parker, William & Mary (CAA)",Jr.,DB,10,9,1,10,1
43,"Juwain Granger, Delaware St. (MEAC)",So.,DB,9,8,1,9,1
43,"Rod Haygood, Presbyterian (Big South)",So.,DB,9,8,1,9,1
43,"Wes Sutton, Northern Ariz. (Big Sky)",Sr.,DB,8,5,3,8,1
43,"Benjamin McKeighan, Columbia (Ivy League)",Jr.,DB,8,7,1,8,1
