Rank,Player,Cl,Pos,G,PBU,Int,TPD,PDPG
1,"Joshua Jackson, Iowa (Big Ten)",Jr.,DB,13,18,8,26,2
2,"Julian Love, Notre Dame (FBS Independent)",So.,DB,13,20,3,23,1.8
3,"Mark Gilbert, Duke (ACC)",So.,DB,13,15,6,21,1.6
3,"Bradd Ellis, Ohio (MAC)",Sr.,DB,13,19,2,21,1.6
5,"Jalen Davis, Utah St. (Mountain West)",Sr.,DB,13,15,5,20,1.5
5,"Darious Williams, UAB (C-USA)",Sr.,DB,13,15,5,20,1.5
7,"Nick Nelson, Wisconsin (Big Ten)",Jr.,DB,14,21,0,21,1.5
7,"Isaiah Oliver, Colorado (Pac-12)",Jr.,DB,10,13,2,15,1.5
9,"Essang Bassey, Wake Forest (ACC)",So.,DB,13,16,3,19,1.5
9,"Arrion Springs, Oregon (Pac-12)",Sr.,DB,13,18,1,19,1.5
11,"Monquavion Brinson, Ga. Southern (Sun Belt)",So.,DB,12,12,5,17,1.4
11,"Isaiah Rodgers, Massachusetts (FBS Independent)",So.,DB,12,14,3,17,1.4
13,"Ron Smith, San Diego St. (Mountain West)",So.,DB,13,16,2,18,1.4
14,"Juan Thornhill, Virginia (ACC)",Jr.,DB,12,12,4,16,1.3
14,"Blaise Taylor, Arkansas St. (Sun Belt)",Sr.,DB,12,14,2,16,1.3
14,"Simeon Thomas, Louisiana (Sun Belt)",Sr.,DB,9,12,0,12,1.3
17,"Lukas Denis, Boston College (ACC)",Jr.,DB,13,10,7,17,1.3
17,"Andraez Williams, LSU (SEC)",Fr.,DB,13,11,6,17,1.3
17,"Kris Boyd, Texas (Big 12)",Jr.,DB,13,15,2,17,1.3
20,"Avonte Maddox, Pittsburgh (ACC)",Sr.,DB,10,11,2,13,1.3
21,"Levi Wallace, Alabama (SEC)",Sr.,DB,14,15,3,18,1.3
22,"Deshon Elliott, Texas (Big 12)",Jr.,DB,12,9,6,15,1.3
22,"Deatrick Nichols, South Fla. (AAC)",Sr.,DB,12,12,3,15,1.3
24,"TJ Carter, Memphis (AAC)",Fr.,DB,13,11,5,16,1.2
24,"Tae Hayes, App State (Sun Belt)",Jr.,DL,13,12,4,16,1.2
24,"Jace Whittaker, Arizona (Pac-12)",Jr.,DB,13,13,3,16,1.2
27,"Clint Stephens, Bowling Green (MAC)",Jr.,DB,9,8,3,11,1.2
28,"Denzel Ward, Ohio St. (Big Ten)",Jr.,DB,14,15,2,17,1.2
29,"Duke Dawson, Florida (SEC)",Sr.,DB,11,9,4,13,1.2
29,"D.J. Reed, Kansas St. (Big 12)",Jr.,DB,11,9,4,13,1.2
29,"Kiy Hester, Rutgers (Big Ten)",Jr.,DB,11,10,3,13,1.2
32,"Parry Nickerson, Tulane (AAC)",Sr.,DB,12,8,6,14,1.2
32,"Donnie Lewis Jr., Tulane (AAC)",Jr.,DB,12,11,3,14,1.2
32,"Justin Clifton, Arkansas St. (Sun Belt)",Jr.,DB,12,13,1,14,1.2
32,"Josh Miller, Ball St. (MAC)",Jr.,DB,12,13,1,14,1.2
36,"Mike Hughes, UCF (AAC)",Jr.,,13,11,4,15,1.2
36,"Greg Stroman, Virginia Tech (ACC)",Sr.,DB,13,11,4,15,1.2
36,"Jonathan Cook, Memphis (AAC)",Sr.,DB,13,13,2,15,1.2
36,"Deandre Farris, Western Ky. (C-USA)",Jr.,DB,13,14,1,15,1.2
36,"Curtis Mikell, Southern Miss. (C-USA)",Sr.,DB,13,14,1,15,1.2
