Rank,Player,Cl,Pos,G,PBU,Int,TPD,PDPG
1,"Luq Barcoo, San Diego St. (Mountain West)",Sr.,DB,13,16,9,25,1.9
2,"Amik Robertson, Louisiana Tech (C-USA)",Jr.,DB,12,16,5,21,1.8
3,"Paulson Adebo, Stanford (Pac-12)",Jr.,DB,9,10,4,14,1.6
4,"Kolby Harvell-Peel, Oklahoma St. (Big 12)",So.,DB,12,13,5,18,1.5
5,"Caleb Farley, Virginia Tech (ACC)",So.,DB,11,12,4,16,1.5
6,"Amechi Uzodinma, Ball St. (MAC)",So.,DB,12,12,5,17,1.4
6,"Reggie Robinson II, Tulsa (AAC)",Sr.,DB,12,13,4,17,1.4
6,"Samuel Womack, Toledo (MAC)",Jr.,DB,12,15,2,17,1.4
6,"Darren Hall, San Diego St. (Mountain West)",So.,DB,12,16,1,17,1.4
10,"Derek  Stingley Jr., LSU (SEC)",Fr.,DB,15,15,6,21,1.4
11,"Charles Oliver, Texas A&M (SEC)",Sr.,DB,11,15,0,15,1.4
12,"Jericho Flowers, UNLV (Mountain West)",Sr.,DB,12,12,4,16,1.3
13,"Elijah Molden, Washington (Pac-12)",Jr.,DB,13,13,4,17,1.3
14,"Corey Straughter, ULM (Sun Belt)",Jr.,DB,12,10,5,15,1.3
14,"Trevon Moehrig, TCU (Big 12)",So.,DB,12,11,4,15,1.3
14,"Lamar Jackson, Nebraska (Big Ten)",Sr.,DB,12,12,3,15,1.3
14,"Kaleb Ford-Dement, Old Dominion (C-USA)",Fr.,DB,12,13,2,15,1.3
14,"Jeff Gladney, TCU (Big 12)",Sr.,DB,12,14,1,15,1.3
14,"Asante Samuel, Florida St. (ACC)",So.,DB,12,14,1,15,1.3
20,"Jack Jones, Arizona St. (Pac-12)",So.,DB,13,13,3,16,1.2
20,"Zane Lewis, Air Force (Mountain West)",Sr.,DB,13,15,1,16,1.2
22,"Greg Newsome II, Northwestern (Big Ten)",So.,DB,9,11,0,11,1.2
23,"Keith Washington, West Virginia (Big 12)",Sr.,DB,10,9,3,12,1.2
24,"Nevelle Clarke, UCF (AAC)",Sr.,DB,11,11,2,13,1.2
25,"Isaiah Rodgers, Massachusetts (FBS Independent)",Sr.,DB,12,10,4,14,1.2
25,"Javin White, UNLV (Mountain West)",Sr.,DB,12,11,3,14,1.2
