Rank,Player,Cl,Pos,G,PBU,Int,TPD,PDPG
1,"Ettian Scott, Georgetown (Patriot)",Sr.,DB,11,17,2,19,1.7
2,"Justin Grier, Morehead St. (Pioneer)",Sr.,DB,11,9,9,18,1.6
2,"Jevon Elmore, Central Conn. St. (NEC)",Jr.,DB,11,16,2,18,1.6
2,"Maleek Hall, Tennessee Tech (OVC)",Jr.,DB,11,17,1,18,1.6
5,"Daquan Minter, Saint Francis (PA) (NEC)",Sr.,DB,8,11,2,13,1.6
6,"Taylor Reynolds, James Madison (CAA)",Jr.,DB,12,16,3,19,1.6
7,"Tremon Smith, Central Ark. (Southland)",So.,DB,11,12,5,17,1.5
8,"CJ Smith, North Dakota St. (MVFC)",Sr.,DB,13,16,4,20,1.5
9,"Cameron Stubbs, Dayton (Pioneer)",Sr.,DB,12,11,7,18,1.5
9,"Xavier Coleman, Portland St. (Big Sky)",Jr.,DB,12,13,5,18,1.5
9,"Jamal Agnew, San Diego (Pioneer)",Jr.,DB,10,11,4,15,1.5
12,"Marcus Alford, Northern Ariz. (Big Sky)",Sr.,DB,11,13,3,16,1.5
12,"Brandon Mobley, Campbell (Pioneer)",Sr.,DB,11,15,1,16,1.5
14,"Dominique Weaver, Prairie View (SWAC)",---,,9,10,3,13,1.4
15,"Makinton Dorleant, UNI (MVFC)",Sr.,DB,14,17,1,18,1.3
16,"Travon Hunt, Howard (MEAC)",Jr.,DB,11,9,5,14,1.3
16,"Harlan Miller, Southeastern La. (Southland)",Sr.,DB,11,10,4,14,1.3
16,"Chris Beaty, Campbell (Pioneer)",Jr.,DB,11,11,3,14,1.3
16,"Deion Harris, North Dakota (Big Sky)",So.,DB,11,12,2,14,1.3
16,"Taron Johnson, Weber St. (Big Sky)",So.,DB,11,12,2,14,1.3
16,"Micheal Lilly, South Dakota (MVFC)",Sr.,DB,11,12,2,14,1.3
16,"Donald Payne, Stetson (Pioneer)",Jr.,DB,11,12,2,14,1.3
16,"D'Metrius Williams, Norfolk St. (MEAC)",Sr.,DB,11,12,2,14,1.3
24,"Ty McCollum, Colgate (Patriot)",Sr.,DB,14,14,3,17,1.2
25,"Spencer Rymiszewski, Yale (Ivy League)",Jr.,DB,10,8,4,12,1.2
26,"Devyn Bryant, San Diego (Pioneer)",Jr.,DB,11,8,5,13,1.2
26,"James Bradberry, Samford (SoCon)",Sr.,DB,11,11,2,13,1.2
28,"Jourdan Wickliffe, Eastern Ill. (OVC)",Sr.,DB,9,5,5,10,1.1
29,"David Caldwell, Dartmouth (Ivy League)",Sr.,DB,10,6,5,11,1.1
30,"Mike Ford, Southeast Mo. St. (OVC)",So.,DB,11,7,5,12,1.1
30,"Zachary Quarles, Marist (Pioneer)",Sr.,DB,11,9,3,12,1.1
30,"Zach Adler, Marist (Pioneer)",Sr.,DB,11,10,2,12,1.1
30,"Tim Hayes, Wagner (NEC)",Jr.,DB,11,10,2,12,1.1
30,"Spencer Havird, Gardner-Webb (Big South)",So.,DB,11,11,1,12,1.1
30,"Brendan Langley, Lamar University (Southland)",Jr.,WR,11,11,1,12,1.1
30,"Robert Porter, Jackson St. (SWAC)",Sr.,DB,11,11,1,12,1.1
37,"Jihaad Pretlow, Fordham (Patriot)",Jr.,DB,12,11,2,13,1.1
38,"Devonta Delaney, The Citadel (SoCon)",So.,DB,13,8,5,13,1
38,"Malcolm Jackson, Charleston So. (Big South)",Sr.,DB,13,12,1,13,1
38,"Casey DeAndrade, New Hampshire (CAA)",Jr.,DB,12,10,2,12,1
38,"Leshaun Sims, Southern Utah (Big Sky)",Sr.,DB,12,10,2,12,1
38,"Antoine Johnson, Eastern Ill. (OVC)",Sr.,DB,12,12,0,12,1
38,"Eric Martin, Stetson (Pioneer)",So.,DB,11,6,5,11,1
38,"Bobby Watkins, Central Ark. (Southland)",Jr.,DB,11,6,5,11,1
38,"Ed Britt, Presbyterian (Big South)",Sr.,DB,11,7,4,11,1
38,"William Curran, Davidson (Pioneer)",Sr.,DB,11,7,4,11,1
38,"Jamerson Blount, Samford (SoCon)",Jr.,DB,11,8,3,11,1
38,"Deangelo James, Wagner (NEC)",Sr.,DB,11,8,3,11,1
38,"Roderick Owens, Austin Peay (OVC)",Jr.,DB,11,8,3,11,1
38,"Andy Smigiera, Robert Morris (NEC)",Jr.,DB,11,8,3,11,1
38,"Seth Ellis, Lamar University (Southland)",Sr.,DB,11,10,1,11,1
38,"Brandon Hollomon, Central Conn. St. (NEC)",Sr.,WR,11,10,1,11,1
38,"Devonte Johnson, Weber St. (Big Sky)",Sr.,DB,11,11,0,11,1
38,"Ryan Neal, Southern Ill. (MVFC)",So.,DB,11,11,0,11,1
38,"Lorenzo Jerome, Saint Francis (PA) (NEC)",Jr.,DB,10,7,3,10,1
38,"Ryan Smith, N.C. Central (MEAC)",Sr.,DB,10,8,2,10,1
38,"Myles Holmes, Rhode Island (CAA)",Sr.,DB,10,9,1,10,1
38,"Najee Goode, Maine (CAA)",So.,DB,9,8,1,9,1
38,"D'Montre Wade, Murray St. (OVC)",So.,DB,9,9,0,9,1
