Rank,Player,Cl,Pos,G,PBU,Int,TPD,PDPG
1,"Tarheeb Still, Maryland (Big Ten)",Fr.,DB,4,8,0,8,2
2,"Gemon Green, Michigan (Big Ten)",Jr.,DB,6,9,0,9,1.5
3,"Shemar Jean-Charles, App State (Sun Belt)",Sr.,DB,12,16,1,17,1.4
4,"Damarcus Fields, Texas Tech (Big 12)",Sr.,DB,8,11,0,11,1.4
5,"Samuel Womack, Toledo (MAC)",Sr.,CB,6,8,0,8,1.3
5,"Jordan Gandy, NIU (MAC)",So.,DB,6,7,1,8,1.3
5,"Sterling Weatherford, Miami (OH) (MAC)",Jr.,DB,3,4,0,4,1.3
5,"Jett Elad, Ohio (MAC)",So.,DB,3,2,2,4,1.3
9,"Tre'Vius Hodges-Tomlinson, TCU (Big 12)",So.,CB,10,13,0,13,1.3
9,"Steven Gilmore, Marshall (C-USA)",Jr.,DB,10,12,1,13,1.3
11,"Mykael Wright, Oregon (Pac-12)",So.,CB,7,9,0,9,1.3
11,"Shakur Brown, Michigan St. (Big Ten)",Jr.,DB,7,4,5,9,1.3
13,"Jarron Morris, Texas St. (Sun Belt)",Jr.,DB,12,11,4,15,1.2
13,"Antavious Lane, Georgia St. (Sun Belt)",Fr.,DB,8,6,4,10,1.2
13,"Timarcus Davis, Arizona St. (Pac-12)",Jr.,DB,4,5,0,5,1.2
13,"Chase Lucas, Arizona St. (Pac-12)",Sr.,DB,4,5,0,5,1.2
13,"Josh Wallace, Massachusetts (FBS Independent)",So.,CB,4,5,0,5,1.2
13,"Josh Drayden, California (Pac-12)",Sr.,CB,4,4,1,5,1.2
19,"Derrick Canteen, Ga. Southern (Sun Belt)",Fr.,DB,13,10,6,16,1.2
20,"Karon Prunty, Kansas (Big 12)",Fr.,CB,9,10,1,11,1.2
20,"Quavian White, Georgia St. (Sun Belt)",Jr.,DB,9,8,3,11,1.2
22,"Jamal  Anderson, FIU (C-USA)",So.,DB,5,6,0,6,1.2
23,"Bralen Trahan, Louisiana (Sun Belt)",Jr.,DB,11,9,4,13,1.2
24,"Isaiah Lewis, Colorado (Pac-12)",Jr.,DB,6,7,0,7,1.2
24,"Mekhi Blackmon, Colorado (Pac-12)",Sr.,DB,6,6,1,7,1.2
