Rank,Player,Cl,Pos,G,PBU,Int,TPD,PDPG
1,"Phillip Parham, Lafayette (Patriot)",Sr.,DB,11,12,7,19,1.7
2,"Manny Patterson, Maine (CAA)",So.,DB,10,17,0,17,1.7
3,"Dylan Mabin, Fordham (Patriot)",Jr.,DB,11,18,0,18,1.6
4,"Tajik Bagley, Central Conn. St. (NEC)",So.,DB,12,16,2,18,1.5
5,"Jimmy Moreland, James Madison (CAA)",Jr.,DB,15,14,8,22,1.5
6,"Raphael Lewis, Houston Christian (Southland)",Jr.,DB,11,12,4,16,1.5
6,"Javen Morrison, Alcorn (SWAC)",So.,DB,11,13,3,16,1.5
6,"Tymere Berry, Monmouth (Big South)",Jr.,DB,11,14,2,16,1.5
6,"Demerio Houston, Southern U. (SWAC)",Jr.,DB,11,15,1,16,1.5
10,"Elijah Campbell, UNI (MVFC)",Jr.,DB,12,12,5,17,1.4
11,"Nate Jones, Lamar University (Southland)",Jr.,DB,10,8,6,14,1.4
11,"Alex Brown, South Carolina St. (MEAC)",Fr.,,10,11,3,14,1.4
13,"Danny Johnson, Southern U. (SWAC)",Sr.,DB,11,12,3,15,1.4
13,"Trey Johnson, Villanova (CAA)",Sr.,DB,11,13,2,15,1.4
13,"Ryan McKinley, Montana (Big Sky)",Sr.,DB,11,13,2,15,1.4
13,"Mike Ford, Southeast Mo. St. (OVC)",Sr.,DB,11,14,1,15,1.4
17,"Tremon Smith, Central Ark. (Southland)",Sr.,DB,12,11,5,16,1.3
18,"D'Montre Wade, Murray St. (OVC)",Sr.,DB,10,7,6,13,1.3
18,"Marshaun Cameron, Northern Colo. (Big Sky)",So.,DB,10,11,2,13,1.3
20,"Dre Terrell, Sacramento St. (Big Sky)",Jr.,DB,11,9,5,14,1.3
20,"Alize Ward, SFA (Southland)",So.,DB,11,10,4,14,1.3
20,"Chauncey Johns, Morehead St. (Pioneer)",Jr.,DB,11,11,3,14,1.3
20,"Omari Williams, Samford (SoCon)",Sr.,DB,11,11,3,14,1.3
20,"Rondell Green, Indiana St. (MVFC)",Jr.,DB,11,12,2,14,1.3
20,"Davonte Harris, Illinois St. (MVFC)",Sr.,DB,11,12,2,14,1.3
20,"Shadarius Hopkins, Charleston So. (Big South)",Jr.,DB,11,12,2,14,1.3
20,"Vincent White, UC Davis (Big Sky)",Jr.,DB,11,12,2,14,1.3
20,"Shufon Alcorn, Ark.-Pine Bluff (SWAC)",Jr.,DB,11,13,1,14,1.3
29,"Zyon McCollum, Sam Houston (Southland)",Fr.,DB,14,14,3,17,1.2
30,"Rock Ya-Sin, Presbyterian (Big South)",Jr.,DB,11,8,5,13,1.2
30,"Mayori Ellison, Southeastern La. (Southland)",Sr.,DB,11,9,4,13,1.2
30,"Everett Nicholas, Mississippi Val. (SWAC)",Jr.,DB,11,10,3,13,1.2
30,"Brandyn Duncan, Morehead St. (Pioneer)",Jr.,DB,11,11,2,13,1.2
30,"Craig James, Southern Ill. (MVFC)",Sr.,DB,11,11,2,13,1.2
30,"Keyjuan Selby, Delaware St. (MEAC)",Jr.,DB,11,11,2,13,1.2
30,"Koby Lowe, Idaho St. (Big Sky)",Jr.,CB,11,12,1,13,1.2
37,"Franklin McCain III, N.C. A&T (MEAC)",Fr.,DB,12,8,6,14,1.2
38,"David Leisring, Dayton (Pioneer)",Jr.,DB,10,7,4,11,1.1
38,"Hayden Carlson, Yale (Ivy League)",Sr.,DB,10,8,3,11,1.1
38,"Isaiah Swopes, Northern Colo. (Big Sky)",Jr.,DB,10,8,3,11,1.1
38,"Charles Wall, Princeton (Ivy League)",Fr.,DB,10,8,3,11,1.1
38,"Isaac Warren, Northwestern St. (Southland)",Jr.,DB,10,8,3,11,1.1
43,"Diquan Richardson, Bethune-Cookman (MEAC)",Sr.,DB,11,7,5,12,1.1
43,"Khaamal Whitaker, Sacred Heart (NEC)",Sr.,DB,11,7,5,12,1.1
43,"Braylyn Cook, Morehead St. (Pioneer)",Sr.,DB,11,9,3,12,1.1
43,"Dominique Hill, McNeese (Southland)",Sr.,DB,11,10,2,12,1.1
43,"Jeffrey Hill, Alabama St. (SWAC)",Jr.,DB,11,11,1,12,1.1
43,"Jonathant Istache, Duquesne (NEC)",Jr.,DB,11,11,1,12,1.1
43,"Jamal Robinson, UAlbany (CAA)",Sr.,DB,11,11,1,12,1.1
43,"Jelani Williamson, Georgetown (Patriot)",Sr.,DB,11,11,1,12,1.1
51,"Jeremy Taylor, N.C. A&T (MEAC)",Sr.,LB,12,8,5,13,1.1
51,"Maurice Davison, Northern Ariz. (Big Sky)",Jr.,DB,12,10,3,13,1.1
51,"Greg Liggs Jr., Elon (CAA)",So.,DB,12,11,2,13,1.1
51,"Xavier Rowe, Western Ill. (MVFC)",Jr.,DB,12,11,2,13,1.1
55,"Akebren Ralls, Kennesaw St. (Big South)",Jr.,DB,14,12,3,15,1.1
56,"Rashad Robinson, James Madison (CAA)",Jr.,DB,15,9,7,16,1.1
57,"Jordan Brown, James Madison (CAA)",Sr.,DB,15,6,9,15,1
57,"Kishan Patel, San Diego (Pioneer)",Sr.,DB,13,11,2,13,1
57,"Kamau Dumas, Monmouth (Big South)",Sr.,DB,12,9,3,12,1
57,"Taron Johnson, Weber St. (Big Sky)",Sr.,DB,12,9,3,12,1
57,"Siran Neal, Jacksonville St. (OVC)",Sr.,DB,12,11,1,12,1
57,"Mark Williams, Eastern Ill. (OVC)",Fr.,DB,11,8,3,11,1
57,"Colby Burton, McNeese (Southland)",So.,DB,11,9,2,11,1
57,"Abu Daramy, Colgate (Patriot)",So.,DB,11,9,2,11,1
57,"Kitu Humphrey, Cal Poly (Big Sky)",So.,DB,11,9,2,11,1
57,"Jalin LeAndre, Valparaiso (Pioneer)",Jr.,DB,11,9,2,11,1
57,"Dajour Nesbeth, Tennessee St. (OVC)",So.,DB,11,9,2,11,1
57,"Kyrell Newell, Drake (Pioneer)",Sr.,DB,11,9,2,11,1
57,"Christian Searles, Dayton (Pioneer)",Sr.,DB,11,10,1,11,1
57,"JJ Henderson, Stetson (Pioneer)",Fr.,DB,11,11,0,11,1
57,"Trent Perriman, SFA (Southland)",Sr.,DB,11,11,0,11,1
57,"Nick Gesualdi, Cornell (Ivy League)",Sr.,DB,10,7,3,10,1
57,"Reginald Stubblefield, Prairie View (SWAC)",So.,DB,10,8,2,10,1
57,"Daniel Jones, Richmond (CAA)",Fr.,,9,5,4,9,1
