Rank,Player,Cl,Pos,G,PBU,Int,TPD,PDPG
1,"Tyler Williams, Central Ark. (Southland)",Sr.,DB,13,23,4,27,2.1
2,"Bryan Marine, Bucknell (Patriot)",So.,DB,9,13,2,15,1.7
3,"D'Montre Wade, Murray St. (OVC)",Jr.,DB,11,15,3,18,1.6
4,"Jaylen Hill, Jacksonville St. (OVC)",Sr.,DB,12,13,6,19,1.6
4,"Omari Williams, Samford (SoCon)",Jr.,DB,12,15,4,19,1.6
6,"Braylyn Cook, Morehead St. (Pioneer)",Jr.,DB,11,14,3,17,1.5
6,"Devonte King, Alabama A&M (SWAC)",Jr.,DB,11,14,3,17,1.5
8,"Devyn Bryant, San Diego (Pioneer)",Sr.,DB,12,16,2,18,1.5
9,"Danny Johnson, Southern U. (SWAC)",Jr.,DB,11,9,7,16,1.5
9,"Phillip Henry, South Carolina St. (MEAC)",Sr.,DB,11,10,6,16,1.5
9,"Tim Hayes, Wagner (NEC)",Sr.,DB,11,11,5,16,1.5
9,"Christian Searles, Dayton (Pioneer)",Jr.,DB,11,11,5,16,1.5
13,"Jermaine Antoine, McNeese (Southland)",Jr.,DB,9,10,3,13,1.4
14,"Prince Smith, Jr., New Hampshire (CAA)",Fr.,DB,13,13,5,18,1.4
15,"Glenn Adesoji, Stetson (Pioneer)",Sr.,DB,11,12,3,15,1.4
15,"Ronnie Scott, Alabama St. (SWAC)",Jr.,DB,11,12,3,15,1.4
15,"Davonte Harris, Illinois St. (MVFC)",Jr.,DB,11,13,2,15,1.4
18,"Dante' Blackmon, Kennesaw St. (Big South)",Sr.,DB,11,8,6,14,1.3
18,"Chris Turner, Liberty (Big South)",So.,DB,11,11,3,14,1.3
20,"Jalen Wells, Saint Francis (PA) (NEC)",Jr.,DB,12,12,3,15,1.3
20,"Malik Duncan, Saint Francis (PA) (NEC)",Jr.,DB,12,13,2,15,1.3
22,"Craig James, Southern Ill. (MVFC)",Jr.,DB,9,8,3,11,1.2
23,"Danny Rambo, South Dakota (MVFC)",So.,DB,10,9,3,12,1.2
23,"Therron Presley, Alabama St. (SWAC)",Sr.,DB,10,10,2,12,1.2
25,"Brendan Langley, Lamar University (Southland)",Sr.,DB,11,7,6,13,1.2
25,"Jaylan Foster, Gardner-Webb (Big South)",Fr.,DB,11,8,5,13,1.2
25,"Mike Needham, Southern Utah (Big Sky)",---,LB,11,8,5,13,1.2
25,"Ezra Robinson, Tennessee St. (OVC)",Sr.,DB,11,8,5,13,1.2
25,"Khaamal Whitaker, Sacred Heart (NEC)",Sr.,DB,11,11,2,13,1.2
25,"Brandyn Duncan, Morehead St. (Pioneer)",Jr.,DB,11,13,0,13,1.2
31,"Dee Delaney, The Citadel (SoCon)",Jr.,DB,12,8,6,14,1.2
31,"Deion Harris, North Dakota (Big Sky)",Jr.,DB,12,9,5,14,1.2
31,"Devin Watson, Wofford (SoCon)",So.,DB,12,11,3,14,1.2
34,"Taylor Reynolds, James Madison (CAA)",Sr.,DB,14,14,2,16,1.1
35,"Nick Gesualdi, Cornell (Ivy League)",Jr.,DB,10,5,6,11,1.1
35,"Lorenzo Jerome, Saint Francis (PA) (NEC)",Sr.,DB,10,5,6,11,1.1
35,"Mason Williams, Penn (Ivy League)",So.,DB,10,5,6,11,1.1
35,"Chris Atkins, Stetson (Pioneer)",Sr.,DB,10,7,4,11,1.1
35,"Chris Beaty, Campbell (Pioneer)",Sr.,DB,10,8,3,11,1.1
35,"Cole Reyes, North Dakota (Big Sky)",Jr.,DB,10,8,3,11,1.1
35,"Jason Alessi, Yale (Ivy League)",Jr.,DB,10,10,1,11,1.1
35,"Isiah Bennett, Savannah St. (MEAC)",So.,DB,10,10,1,11,1.1
43,"Sandy Chapman, Norfolk St. (MEAC)",Sr.,DB,11,7,5,12,1.1
43,"Rayshan Clark, UAlbany (CAA)",Sr.,DB,11,7,5,12,1.1
43,"David Leisring, Dayton (Pioneer)",So.,DB,11,7,5,12,1.1
43,"Aaron Swinton, William & Mary (CAA)",Jr.,DB,11,8,4,12,1.1
43,"Terrell Bonds, Tennessee St. (OVC)",Jr.,DB,11,9,3,12,1.1
43,"George Dawson, Fordham (Patriot)",Sr.,LB,11,9,3,12,1.1
43,"Maleek Hall, Tennessee Tech (OVC)",Sr.,DB,11,10,2,12,1.1
43,"Shadarius Hopkins, Charleston So. (Big South)",So.,DB,11,10,2,12,1.1
43,"Trey Reed, William & Mary (CAA)",Sr.,DB,11,10,2,12,1.1
43,"Charles Wingate, Bryant (NEC)",Sr.,DB,11,10,2,12,1.1
43,"Keleen Culberson, UC Davis (Big Sky)",Sr.,DB,11,11,1,12,1.1
43,"Andrew Gose, Northern Ariz. (Big Sky)",Jr.,DB,11,11,1,12,1.1
43,"Jihaad Pretlow, Fordham (Patriot)",Sr.,DB,11,11,1,12,1.1
43,"Dexter Reese, Alabama A&M (SWAC)",Jr.,DB,11,11,1,12,1.1
43,"Anthony Ricks, Idaho St. (Big Sky)",So.,DB,11,11,1,12,1.1
43,"Marquez Sanford, Murray St. (OVC)",So.,DB,11,12,0,12,1.1
59,"Joseph Este, UT Martin (OVC)",---,DB,12,10,3,13,1.1
59,"Torrey Hunt, North Dakota (Big Sky)",Fr.,DB,12,10,3,13,1.1
59,"Jamal Agnew, San Diego (Pioneer)",Sr.,DB,12,11,2,13,1.1
62,"Tafon Mainsah, Richmond (CAA)",Jr.,DB,14,12,3,15,1.1
63,"Casey DeAndrade, New Hampshire (CAA)",Sr.,DB,13,10,3,13,1
63,"Tremon Smith, Central Ark. (Southland)",Jr.,DB,13,11,2,13,1
63,"Jeremy Taylor, N.C. A&T (MEAC)",Jr.,LB,12,8,4,12,1
63,"Marquis Willis, N.C. A&T (MEAC)",So.,DB,12,9,3,12,1
63,"Taron Johnson, Weber St. (Big Sky)",Jr.,DB,12,12,0,12,1
63,"Josmar Diaz-Martinez, Valparaiso (Pioneer)",So.,DB,11,6,5,11,1
63,"Tyrin Holloway, Liberty (Big South)",Jr.,DB,11,6,5,11,1
63,"Bret Berg, Bucknell (Patriot)",Sr.,DB,11,7,4,11,1
63,"Jeff Hall, Nicholls (Southland)",Sr.,DB,11,7,4,11,1
63,"Tim Johnson, Sacred Heart (NEC)",Sr.,DB,11,7,4,11,1
63,"Cameron Gibson, Marist (Pioneer)",Sr.,DB,11,8,3,11,1
63,"Riuq Trotman, VMI (SoCon)",So.,DB,11,8,3,11,1
63,"Khalil Dorsey, Northern Ariz. (Big Sky)",Fr.,DB,11,9,2,11,1
63,"Trey Morgan, Western Caro. (SoCon)",Sr.,DB,11,10,1,11,1
63,"Diquan Richardson, Bethune-Cookman (MEAC)",Jr.,DB,10,6,4,10,1
63,"Terrence Singleton, Prairie View (SWAC)",---,,10,7,3,10,1
63,"Chris Seisay, Portland St. (Big Sky)",---,,10,8,2,10,1
63,"Jordan Ferguson, Brown (Ivy League)",Sr.,DB,10,9,1,10,1
63,"Nick O'Brien, Bucknell (Patriot)",Sr.,DB,9,7,2,9,1
63,"Sean Ahern, Harvard (Ivy League)",Sr.,DB,8,8,0,8,1
