Rank,Player,Cl,Pos,G,PBU,Int,TPD,PDPG
1,"Alijah Huzzie, ETSU (SoCon)",So.,DB,11,15,6,21,1.9
2,"Demetries Ford, Austin Peay (ASUN)",Jr.,DB,11,16,3,19,1.7
3,"Gavin Pringle, Bucknell (Patriot)",Sr.,DB,11,15,3,18,1.6
4,"Raquan Ousley, Gardner-Webb (Big South)",Jr.,CB,13,19,2,21,1.6
5,"Fred Flavors, Samford (SoCon)",Sr.,DB,13,18,1,19,1.5
6,"Stephen Williams II, Fordham (Patriot)",Sr.,DB,12,14,3,17,1.4
7,"Robert Javier, Towson (CAA)",Sr.,DB,10,12,2,14,1.4
7,"Rassie Littlejohn, Stetson (Pioneer)",Jr.,DB,10,7,7,14,1.4
9,"Jordan Jones, Rhode Island (CAA)",Sr.,DB,11,12,3,15,1.4
9,"Brent Jackson, Bucknell (Patriot)",Sr.,DB,11,11,4,15,1.4
9,"Rodrick Ward, Southern Utah (WAC)",Jr.,S,11,11,4,15,1.4
12,"Alex Kemper, Fordham (Patriot)",Fr.,DB,9,10,2,12,1.3
13,"Kamron Smith, Charleston So. (Big South)",So.,DB,10,13,0,13,1.3
13,"Dylan Wyatt, Cal Poly (Big Sky)",Sr.,DB,10,13,0,13,1.3
13,"Scott Valentas, Columbia (Ivy League)",Sr.,LB,10,9,4,13,1.3
16,"Donte Thompson, UIW (Southland)",Jr.,DB,14,17,1,18,1.3
17,"A.T. Ntantang, Lafayette (Patriot)",Jr.,DB,11,12,2,14,1.3
17,"Victor Nelson Jr., LIU (NEC)",So.,DB,11,8,6,14,1.3
19,"Hakeem Johnson, Samford (SoCon)",Sr.,DB,12,13,2,15,1.2
20,"Devin Haskins, Holy Cross (Patriot)",Sr.,DB,13,12,4,16,1.2
20,"Maxwell Anderson, Weber St. (Big Sky)",Jr.,DB,13,11,5,16,1.2
22,"Cooper DeVeau, Brown (Ivy League)",Sr.,CB,9,10,1,11,1.2
23,"Nick Murray, San Diego (Pioneer)",So.,CB,10,11,1,12,1.2
23,"BJ DAVIS, South Carolina St. (MEAC)",Jr.,LB,10,7,5,12,1.2
25,"William Hooper, Northwestern St. (Southland)",Sr.,CB,11,13,0,13,1.2
25,"Jae'Veyon Morton, Morgan St. (MEAC)",Sr.,DB,11,10,3,13,1.2
25,"Alex Oliver, VMI (SoCon)",Jr.,DB,11,10,3,13,1.2
28,"Marcus Harris, Idaho (Big Sky)",Jr.,CB,12,12,2,14,1.2
29,"Paul Lewis III, Cornell (Ivy League)",Sr.,DB,10,11,0,11,1.1
29,"Ryan Poole, William & Mary (CAA)",Sr.,DB,10,10,1,11,1.1
29,"Kahzir Brown, Maine (CAA)",So.,LB,10,9,2,11,1.1
29,"Robert Crockett III, Dartmouth (Ivy League)",Sr.,CB,10,9,2,11,1.1
29,"Rylan Cole, Indiana St. (MVFC)",So.,DB,10,8,3,11,1.1
29,"CJ Wall, Princeton (Ivy League)",Sr.,DB,10,8,3,11,1.1
29,"Wedner Cadet, Georgetown (Patriot)",Fr.,DB,10,6,5,11,1.1
29,"Deontre Morris, Kennesaw St. (ASUN)",So.,DB,10,6,5,11,1.1
37,"Devion Hargrove, Houston Christian (Southland)",So.,CB,11,11,1,12,1.1
37,"Jamias Presley, Prairie View (SWAC)",Sr.,CB,11,11,1,12,1.1
37,"Mike Reid, Monmouth (CAA)",Jr.,DB,11,11,1,12,1.1
37,"TD Williams, Central Ark. (ASUN)",So.,DB,11,11,1,12,1.1
37,"Patrick Jolly, Abilene Christian (WAC)",Jr.,DB,11,10,2,12,1.1
37,"Markeith Montgomery, Kennesaw St. (ASUN)",Sr.,DB,11,7,5,12,1.1
43,"Kaedon Jenkins, Davidson (Pioneer)",Sr.,CB,12,12,1,13,1.1
43,"Caleb Nelson, Sacramento St. (Big Sky)",Jr.,DB,12,12,1,13,1.1
45,"Tyrek Funderburk, Richmond (CAA)",Sr.,DB,13,10,4,14,1.1
45,"Walter Reynolds, Holy Cross (Patriot)",Sr.,DB,13,9,5,14,1.1
47,"Brian Mayes, UIW (Southland)",So.,DB,14,13,1,14,1
47,"John Smith, Holy Cross (Patriot)",Sr.,DB,13,12,1,13,1
47,"Jalen Jones, William & Mary (CAA)",Fr.,DB,12,8,4,12,1
47,"Morgan Vest, Northern Ariz. (Big Sky)",Sr.,DB,11,11,0,11,1
47,"Antonio Carter II, Rhode Island (CAA)",So.,DB,11,10,1,11,1
47,"Alonzo Davis, Northern Ariz. (Big Sky)",Sr.,DB,11,9,2,11,1
47,"Mikey Jarmolowich, Colgate (Patriot)",Sr.,DB,11,9,2,11,1
47,"Ramond Stevens, Lamar University (Southland)",So.,DB,11,9,2,11,1
47,"Murvin Kenion III, Idaho (Big Sky)",So.,DB,11,7,4,11,1
47,"Isaiah Hamilton, Texas Southern (SWAC)",So.,CB,11,6,5,11,1
47,"Kameron Brown, Chattanooga (SoCon)",Jr.,DB,11,5,6,11,1
47,"Gabe DuBois, Lafayette (Patriot)",So.,DB,10,9,1,10,1
47,"Victor Tademy, Harvard (Ivy League)",Sr.,DB,10,9,1,10,1
47,"Tyler Barnes, McNeese (Southland)",Sr.,S,10,7,3,10,1
47,"Rex Connors, UC Davis (Big Sky)",Fr.,DB,10,5,5,10,1
47,"Javeon Ensley, Stetson (Pioneer)",Sr.,DB,10,4,6,10,1
47,"Colby Humphrey, Northern Ariz. (Big Sky)",So.,DB,9,9,0,9,1
47,"Jamel Johnson, Charleston So. (Big South)",Fr.,DB,8,4,4,8,1
