Rank,Player,Cl,Pos,G,PBU,Int,TPD,PDPG
1,"Anthony Adams, Portland St. (Big Sky)",So.,DB,12,19,5,24,2
2,"Jaylen Harris, Prairie View (SWAC)",Sr.,DB,10,14,4,18,1.8
2,"Cory McCoy, McNeese (Southland)",Jr.,DB,10,15,3,18,1.8
2,"JJ Henderson, Stetson (Pioneer)",Jr.,DB,10,16,2,18,1.8
5,"Christian Angulo, Hampton (Big South)",Jr.,DB,10,14,3,17,1.7
6,"Devin Taylor, Illinois St. (MVFC)",Jr.,DB,15,19,5,24,1.6
7,"Darren Stanley, Dartmouth (Ivy League)",Jr.,DB,10,14,1,15,1.5
8,"Shawn Steele, Ark.-Pine Bluff (SWAC)",Jr.,DB,11,13,3,16,1.5
9,"Robert Rochell, Central Ark. (Southland)",Jr.,DB,13,13,5,18,1.4
10,"Decobie DURANT, South Carolina St. (MEAC)",So.,FC,11,12,3,15,1.4
11,"Nick Harper, Jr., Tennessee St. (OVC)",Jr.,DB,12,14,2,16,1.3
11,"Dorian Jackson, Saint Francis (PA) (NEC)",So.,DB,12,16,0,16,1.3
11,"Cooper DeVeau, Brown (Ivy League)",Fr.,DB,9,11,1,12,1.3
14,"Ferlando Jordan, Southeastern La. (Southland)",So.,DB,10,8,5,13,1.3
14,"Jelani Taylor, Cornell (Ivy League)",Sr.,DB,10,10,3,13,1.3
14,"Marquis Smith, Western Ill. (MVFC)",Jr.,DB,10,12,1,13,1.3
17,"Daniel Reid-Bennett, Elon (CAA)",Sr.,DB,11,11,3,14,1.3
17,"Madre Harper, Southern Ill. (MVFC)",Sr.,DB,11,12,2,14,1.3
19,"Darion Dunn, McNeese (Southland)",Jr.,DB,12,10,5,15,1.3
19,"Cornelius Page, Eastern Ill. (OVC)",Sr.,DB,12,13,2,15,1.3
19,"Evan Cruz, Charleston So. (Big South)",Sr.,DB,12,14,1,15,1.3
19,"Terrill Gillette, Towson (CAA)",Sr.,DB,12,15,0,15,1.3
23,"Zyon McCollum, Sam Houston (Southland)",Jr.,DB,9,8,3,11,1.2
24,"Greg Liggs Jr., Elon (CAA)",Sr.,DB,11,5,8,13,1.2
24,"Marquese Bell, Florida A&M (MEAC)",So.,DB,11,9,4,13,1.2
24,"Naytron Culpepper, Alabama St. (SWAC)",So.,DB,11,10,3,13,1.2
27,"Coby Tippett, Towson (CAA)",Jr.,DB,12,9,5,14,1.2
27,"Keawvis Cummings, Indiana St. (MVFC)",Sr.,DB,12,12,2,14,1.2
27,"Corey Parker, William & Mary (CAA)",Sr.,DB,12,12,2,14,1.2
27,"Shaquille St-Lot, Maine (CAA)",So.,DB,12,13,1,14,1.2
31,"Darren Evans, Nicholls (Southland)",Jr.,DB,14,15,1,16,1.1
32,"Charles Woods, Illinois St. (MVFC)",So.,DB,15,13,4,17,1.1
33,"Max Jones, Harvard (Ivy League)",Jr.,DB,10,8,3,11,1.1
33,"BJ DAVIS, South Carolina St. (MEAC)",Fr.,,10,9,2,11,1.1
33,"Kam Prewitt, Campbell (Big South)",Sr.,DB,10,9,2,11,1.1
33,"Jalon Scott, Stetson (Pioneer)",Sr.,DB,10,9,2,11,1.1
33,"Nigel Walton, Murray St. (OVC)",Sr.,DB,10,10,1,11,1.1
38,"CJ Austin, Morehead St. (Pioneer)",Jr.,DB,11,10,2,12,1.1
38,"Gavin Pringle, Bucknell (Patriot)",Fr.,DB,11,11,1,12,1.1
38,"Khalil Dorsey, Northern Ariz. (Big Sky)",Sr.,DB,11,12,0,12,1.1
41,"Bryan Mills, N.C. Central (MEAC)",Jr.,DB,12,8,5,13,1.1
41,"Michael Walker, Northern Colo. (Big Sky)",Sr.,DB,12,9,4,13,1.1
41,"Tavin Harville, Robert Morris (NEC)",Jr.,WR,12,10,3,13,1.1
41,"Carl Garnes, Morgan St. (MEAC)",Sr.,DB,12,11,2,13,1.1
45,"Adam Smith, James Madison (CAA)",Sr.,DB,16,10,6,16,1
45,"James Hendricks, North Dakota St. (MVFC)",Sr.,DB,15,10,5,15,1
45,"Rashad Robinson, James Madison (CAA)",Sr.,DB,14,11,3,14,1
45,"Jarius Monroe, Nicholls (Southland)",Fr.,DB,14,13,1,14,1
45,"Chris Riley, Holy Cross (Patriot)",Sr.,DB,13,8,5,13,1
45,"Tamaurice Smith, Southern U. (SWAC)",So.,,13,8,5,13,1
45,"Shawn Ramcheran, Sacred Heart (NEC)",Sr.,DB,12,9,3,12,1
45,"Mason Gray, Robert Morris (NEC)",Sr.,DB,12,10,2,12,1
45,"CJ Siegel, North Dakota (FCS Independent)",Fr.,DB,12,10,2,12,1
45,"Qua Brown, Southern Ill. (MVFC)",Jr.,DB,12,11,1,12,1
45,"Jordan Jones, Chattanooga (SoCon)",Jr.,DB,12,11,1,12,1
45,"DaVonte Maura, UT Martin (OVC)",Sr.,DB,12,11,1,12,1
45,"Juwain Granger, Delaware St. (MEAC)",Jr.,DB,12,12,0,12,1
45,"Heavon Price, Robert Morris (NEC)",Sr.,DB,12,12,0,12,1
45,"Joseph McWilliams, Grambling (SWAC)",Sr.,DB,11,5,6,11,1
45,"Jaquan Amos, Villanova (CAA)",Jr.,DB,11,7,4,11,1
45,"Jonathan Jones, Mississippi Val. (SWAC)",Sr.,DB,11,8,3,11,1
45,"Ryan Webb, Marist (Pioneer)",Jr.,DB,11,8,3,11,1
45,"Alfred King, Houston Christian (Southland)",Sr.,DB,11,9,2,11,1
45,"Mekhi Ware, Indiana St. (MVFC)",Jr.,DB,11,11,0,11,1
45,"Kevin Howell, Cal Poly (Big Sky)",Jr.,DB,10,7,3,10,1
