Rank,Player,Cl,Pos,G,PBU,Int,TPD,PDPG
1,"Quinyon Mitchell, Toledo (MAC)",So.,CB,14,19,5,24,1.7
2,"Teldrick Ross, Middle Tenn. (C-USA)",Jr.,S,13,20,2,22,1.7
3,"Kalen King, Penn St. (Big Ten)",So.,CB,13,18,3,21,1.6
4,"Fentrell Cypress II, Virginia (ACC)",Jr.,DB,9,14,0,14,1.6
5,"Decorian Patterson, Middle Tenn. (C-USA)",Jr.,CB,13,12,7,19,1.5
6,"Devon Witherspoon, Illinois (Big Ten)",Jr.,DB,12,14,3,17,1.4
7,"Anthony Johnson, Virginia (ACC)",Sr.,DB,10,12,2,14,1.4
8,"Donte Kent, Central Mich. (MAC)",So.,DB,11,15,0,15,1.4
8,"Elijah Jones, Boston College (ACC)",Sr.,CB,11,13,2,15,1.4
10,"Emmanuel Forbes, Mississippi St. (SEC)",Jr.,CB,12,10,6,16,1.3
11,"Yam Banks, South Alabama (Sun Belt)",So.,S,13,11,6,17,1.3
12,"Quavian White, Georgia St. (Sun Belt)",Sr.,DB,10,9,4,13,1.3
13,"Ridge Texada, North Texas (C-USA)",So.,DB,14,15,3,18,1.3
13,"Clifford Chattman, UTSA (C-USA)",Sr.,S,14,13,5,18,1.3
15,"Nic Jones, Ball St. (MAC)",Sr.,DB,11,12,2,14,1.3
16,"Steven Jones Jr., App State (Sun Belt)",Sr.,DB,12,15,0,15,1.2
17,"Kool-Aid McKinstry, Alabama (SEC)",So.,DB,13,15,1,16,1.2
17,"Micah Abraham, Marshall (Sun Belt)",Jr.,DB,13,10,6,16,1.2
19,"Tre'Vius Hodges-Tomlinson, TCU (Big 12)",Sr.,CB,15,15,3,18,1.2
20,"Derrick Canteen, Ga. Southern (Sun Belt)",Jr.,DB,11,12,1,13,1.2
21,"Kris Abrams-Draine, Missouri (SEC)",Jr.,DB,12,14,0,14,1.2
21,"Tyon Davis, Tulsa (AAC)",Sr.,DB,12,12,2,14,1.2
21,"Christian Braswell, Rutgers (Big Ten)",Sr.,DB,12,11,3,14,1.2
24,"Starling Thomas V, UAB (C-USA)",Sr.,CB,13,15,0,15,1.2
24,"Marcellas Dial, South Carolina (SEC)",Jr.,DB,13,12,3,15,1.2
