Rank,Player,Cl,Pos,G,PBU,Int,TPD,PDPG
1,"Myles Harden, South Dakota (MVFC)",Fr.,DB,4,7,2,9,2.2
1,"Decobie DURANT, South Carolina St. (MEAC)",Jr.,FC,4,5,4,9,2.2
3,"Randall Harris, New Hampshire (CAA)",So.,DB,1,2,0,2,2
4,"Tariq Snead, LIU (NEC)",Jr.,DB,4,5,2,7,1.8
4,"A.J. Thomas, Gardner-Webb (Big South)",So.,DB,4,5,2,7,1.8
4,"Charles Woods, Illinois St. (MVFC)",Jr.,DB,4,5,2,7,1.8
4,"John Smith, Holy Cross (Patriot)",Jr.,DB,4,4,3,7,1.8
8,"James Ceasar, Southern Ill. (MVFC)",Sr.,DB,9,14,1,15,1.7
8,"Eddie Heckard, Weber St. (Big Sky)",So.,DB,6,9,1,10,1.7
10,"Shawn Holton, UIW (Southland)",So.,S,5,7,1,8,1.6
10,"Jalon Thigpen, Ark.-Pine Bluff (SWAC)",Sr.,DB,5,3,5,8,1.6
12,"Oshea Truijillo, Idaho St. (Big Sky)",Sr.,LB,6,9,0,9,1.5
12,"Deonte Grier, Gardner-Webb (Big South)",Jr.,DB,4,5,1,6,1.5
12,"Danny Morales, Drake (Pioneer)",Jr.,DB,4,5,1,6,1.5
12,"Eddie Morales III, Monmouth (Big South)",Jr.,DB,4,5,1,6,1.5
12,"Patrick Wolfe, Houston Christian (Southland)",Sr.,DB,4,4,2,6,1.5
12,"Isaiah Hamilton, Texas Southern (SWAC)",Fr.,,2,3,0,3,1.5
12,"Matthew Williams, Texas Southern (SWAC)",Sr.,DB,2,2,1,3,1.5
19,"Jaylon Bolden, Davidson (Pioneer)",Sr.,DB,7,8,2,10,1.4
20,"Alijah Huzzie, ETSU (SoCon)",Fr.,DB,6,5,3,8,1.3
20,"Jordan Jones, Rhode Island (CAA)",Jr.,DB,3,4,0,4,1.3
20,"Coby Tippett, Rhode Island (CAA)",Sr.,DB,3,1,3,4,1.3
23,"Chris Joyce, McNeese (Southland)",So.,DB,7,9,0,9,1.3
23,"Jay Woods, UT Martin (OVC)",Sr.,DB,7,9,0,9,1.3
23,"Marcis Floyd, Murray St. (OVC)",So.,CB,7,6,3,9,1.3
26,"Jaylon Johnson, Stetson (Pioneer)",So.,DB,4,5,0,5,1.2
26,"Caleb Riley, Alabama A&M (SWAC)",Jr.,DB,4,5,0,5,1.2
26,"Christian Benford, Villanova (CAA)",Jr.,DB,4,4,1,5,1.2
26,"Kenan Fontenot, Grambling (SWAC)",Jr.,DB,4,4,1,5,1.2
26,"Jawain Granger, Delaware St. (MEAC)",Sr.,DB,4,4,1,5,1.2
26,"Rassie Littlejohn, Stetson (Pioneer)",So.,DB,4,3,2,5,1.2
32,"Maxwell Anderson, Weber St. (Big Sky)",So.,DB,5,6,0,6,1.2
32,"Lamar Evans, Sacred Heart (NEC)",Sr.,DB,5,6,0,6,1.2
32,"Chase Foster, Southern U. (SWAC)",Sr.,DB,5,5,1,6,1.2
32,"Morgan Vest, Northern Ariz. (Big Sky)",Sr.,DB,5,5,1,6,1.2
32,"Spencer DeMedal, Duquesne (NEC)",Sr.,DB,5,3,3,6,1.2
37,"Anthony Ruffin, Lamar University (Southland)",So.,DB,6,4,3,7,1.2
38,"Evan Holm, North Dakota (MVFC)",Sr.,DB,7,7,1,8,1.1
38,"Ferlando Jordan, Southeastern La. (Southland)",Jr.,DB,7,6,2,8,1.1
38,"Takeem Young, UT Martin (OVC)",Jr.,DB,7,6,2,8,1.1
41,"Jeremy Webb, Missouri St. (MVFC)",Sr.,CB,10,7,3,10,1
41,"Ethan Caselberry, VMI (SoCon)",Jr.,LB,8,6,2,8,1
41,"Cameron Hudson, Tennessee Tech (OVC)",So.,DB,7,7,0,7,1
41,"Okachi Emmanwori, Presbyterian (Pioneer)",So.,DB,7,5,2,7,1
41,"Josh Reliford, Tennessee Tech (OVC)",Jr.,DB,7,5,2,7,1
41,"Josh Green, Tennessee St. (OVC)",So.,DB,7,4,3,7,1
41,"Brandon Barbee, Morehead St. (Pioneer)",Jr.,DB,7,2,5,7,1
41,"Jalen Greene, Elon (CAA)",Sr.,DB,6,5,1,6,1
41,"Quantraill Morris-Walker, Idaho St. (Big Sky)",Fr.,S,6,4,2,6,1
41,"Mark Williams, Eastern Ill. (OVC)",Sr.,DB,6,4,2,6,1
41,"Keyon Turner, Valparaiso (Pioneer)",Fr.,DB,6,2,4,6,1
41,"Solomon Brooks, Ark.-Pine Bluff (SWAC)",Sr.,DB,5,5,0,5,1
41,"Shawn Steele II, Ark.-Pine Bluff (SWAC)",Sr.,DB,5,4,1,5,1
41,"Desmond Williams, Weber St. (Big Sky)",Jr.,DB,5,4,1,5,1
41,"Preston Smith, Weber St. (Big Sky)",Sr.,DB,5,2,3,5,1
41,"Joe Amalfitano, LIU (NEC)",Sr.,DL,4,4,0,4,1
41,"Malachi Buckner, Gardner-Webb (Big South)",So.,DB,4,4,0,4,1
41,"Rodney Echols Jr, Alabama St. (SWAC)",Fr.,DB,4,4,0,4,1
41,"Malik Grate, Campbell (Big South)",Sr.,DB,4,4,0,4,1
41,"Devanir Martin, Grambling (SWAC)",Jr.,DB,4,4,0,4,1
41,"Randy Pringle, Stony Brook (CAA)",Jr.,DB,4,4,0,4,1
41,"Shanon Reid, Illinois St. (MVFC)",Jr.,LB,4,4,0,4,1
41,"Declan Carr, Drake (Pioneer)",Jr.,LB,4,3,1,4,1
41,"Tra Fluellen, Houston Christian (Southland)",So.,S,4,3,1,4,1
41,"Ja'Marian Green, Alabama A&M (SWAC)",Jr.,DB,4,3,1,4,1
41,"Cameron McCutcheon, Gardner-Webb (Big South)",Jr.,DB,4,3,1,4,1
41,"Jordan Swann, Maine (CAA)",Jr.,DB,4,3,1,4,1
41,"Tyrek Funderburk, Richmond (CAA)",So.,DB,4,2,2,4,1
41,"Zafir Kelly, South Carolina St. (MEAC)",Jr.,,4,2,2,4,1
41,"Quantravis Kelly, Alabama A&M (SWAC)",Sr.,LB,4,1,3,4,1
41,"Ryan Fields, Grambling (SWAC)",So.,DB,3,3,0,3,1
41,"Kharee Lockley, Mississippi Val. (SWAC)",Sr.,DB,3,3,0,3,1
41,"Duane Nichols, South Carolina St. (MEAC)",Sr.,,3,3,0,3,1
41,"Malcolm Spencer, William & Mary (CAA)",So.,DB,3,3,0,3,1
41,"Jaylen Harris, Prairie View (SWAC)",Sr.,DB,3,2,1,3,1
41,"Joshua Murray, Texas Southern (SWAC)",Sr.,DB,2,2,0,2,1
41,"Jalen Smith, Howard (MEAC)",Jr.,DB,2,2,0,2,1
41,"Ahmad Lyons, Wagner (NEC)",Sr.,DB,2,1,1,2,1
41,"Marquis Walker, Texas Southern (SWAC)",Sr.,DB,2,1,1,2,1
41,"Pop Bush, New Hampshire (CAA)",Jr.,S,1,1,0,1,1
41,"Evan Camarena, Portland St. (Big Sky)",Jr.,CB,1,1,0,1,1
41,"Brian Carter, New Hampshire (CAA)",Sr.,DL,1,1,0,1,1
41,"Evan Horn, New Hampshire (CAA)",Sr.,S,1,1,0,1,1
41,"Ryan Lesch, Portland St. (Big Sky)",Sr.,DB,1,1,0,1,1
41,"Noah Stansbury, New Hampshire (CAA)",Fr.,S,1,1,0,1,1
41,"Zedane Williams, New Hampshire (CAA)",Fr.,LB,1,1,0,1,1
41,"David Joseph, Portland St. (Big Sky)",So.,LB,1,0,1,1,1
