Rank,Player,Cl,Pos,G,PBU,Int,TPD,PDPG
1,"Tim Bennett, Indiana (Big Ten)",Jr.,DB,12,20,1,21,1.8
2,"D'Joun Smith, Fla. Atlantic (C-USA)",Jr.,DB,12,13,7,20,1.7
3,"Andre Hal, Vanderbilt (SEC)",Sr.,DB,12,15,3,18,1.5
3,"Ronald Zamort, Western Mich. (MAC)",So.,DB,12,18,0,18,1.5
5,"B.J. Lowery, Iowa (Big Ten)",Sr.,DB,13,16,3,19,1.5
6,"Bene Benwikere, San Jose St. (Mountain West)",Sr.,DB,11,11,5,16,1.5
6,"Demetri Goodson, Baylor (Big 12)",Sr.,DB,11,13,3,16,1.5
6,"Jason Verrett, TCU (Big 12)",Sr.,DB,11,14,2,16,1.5
9,"Devin Bass, Ohio (MAC)",So.,DB,12,15,2,17,1.4
9,"Jacoby Glenn, UCF (AAC)",Fr.,DB,12,15,2,17,1.4
11,"Kenneth Penny, UNLV (Mountain West)",Jr.,DB,13,18,0,18,1.4
12,"Kenneth Acker, SMU (AAC)",Sr.,DB,12,13,3,16,1.3
12,"Jordan Lucas, Penn St. (Big Ten)",So.,DB,12,13,3,16,1.3
12,"Bradley Roby, Ohio St. (Big Ten)",Jr.,DB,12,13,3,16,1.3
15,"Kendall Fuller, Virginia Tech (ACC)",Fr.,DB,13,11,6,17,1.3
15,"Derrick Strozier, Tulane (C-USA)",Sr.,DB,13,14,3,17,1.3
17,"Cam Thomas, Western Ky. (Sun Belt)",Jr.,LB,12,10,5,15,1.3
17,"Malachi Freeman, Akron (MAC)",Sr.,DB,12,12,3,15,1.3
17,"Kevin Johnson, Wake Forest (ACC)",Jr.,DB,12,12,3,15,1.3
17,"Jacorey Shepherd, Kansas (Big 12)",Jr.,DB,12,13,2,15,1.3
17,"Chris Davis, Auburn (SEC)",Sr.,DB,12,15,0,15,1.3
22,"Lorenzo Doss, Tulane (C-USA)",So.,DB,13,9,7,16,1.2
22,"Stanley Jean-Baptiste, Nebraska (Big Ten)",Sr.,DB,13,12,4,16,1.2
22,"Ross Cockrell, Duke (ACC)",Sr.,DB,13,13,3,16,1.2
25,"Jimmie Ward, NIU (MAC)",Sr.,DB,14,10,7,17,1.2
25,"Nevin Lawson, Utah St. (Mountain West)",Sr.,DB,14,13,4,17,1.2
27,"Taylor Mack, UConn (AAC)",Sr.,DB,10,9,3,12,1.2
28,"Anthony Harris, Virginia (ACC)",Jr.,DB,12,6,8,14,1.2
28,"Greg Henderson, Colorado (Pac-12)",Jr.,DB,12,10,4,14,1.2
28,"Vernon Hargreaves, Florida (SEC)",Fr.,DB,12,11,3,14,1.2
28,"Dayonne Nunley, Miami (OH) (MAC)",Sr.,DB,12,13,1,14,1.2
32,"Donte Deayon, Boise St. (Mountain West)",So.,DB,13,9,6,15,1.2
32,"Zach Sanchez, Oklahoma (Big 12)",Fr.,DB,13,13,2,15,1.2
