Rank,Player,Cl,Pos,G,PBU,Int,TPD,PDPG
1,"Donald Celiscar, Western Mich. (MAC)",Sr.,DB,13,17,4,21,1.6
1,"Ronald Zamort, Western Mich. (MAC)",Jr.,DB,13,17,4,21,1.6
3,"Charleston White, Washington St. (Pac-12)",Fr.,DB,9,13,1,14,1.6
4,"Randall Jette, Massachusetts (MAC)",Jr.,DB,12,14,4,18,1.5
4,"Jacorey Shepherd, Kansas (Big 12)",Sr.,DB,12,15,3,18,1.5
6,"Nigel Tribune, Iowa St. (Big 12)",So.,DB,11,13,3,16,1.5
6,"Justis Nelson, Texas Tech (Big 12)",So.,DB,11,16,0,16,1.5
8,"Senquez Golson, Ole Miss ()",Sr.,DB,13,8,10,18,1.4
8,"Jacoby Glenn, UCF (AAC)",So.,DB,13,11,7,18,1.4
8,"Jonathan Jones, Auburn (SEC)",Jr.,DB,13,12,6,18,1.4
11,"Troy Hill, Oregon (Pac-12)",Sr.,DB,14,18,1,19,1.4
12,"Quinten Rollins, Miami (OH) (MAC)",Sr.,DB,12,9,7,16,1.3
12,"Vernon Hargreaves, Florida (SEC)",So.,DB,12,13,3,16,1.3
14,"Gerod Holliman, Louisville (ACC)",Jr.,DB,13,3,14,17,1.3
14,"Xavien Howard, Baylor (Big 12)",So.,DB,13,13,4,17,1.3
14,"Kendall Fuller, Virginia Tech (ACC)",So.,DB,13,15,2,17,1.3
17,"Paris Logan, NIU (MAC)",Jr.,DB,14,15,3,18,1.3
17,"Darryl Roberts, Marshall (C-USA)",Sr.,DB,14,17,1,18,1.3
19,"Donte Deayon, Boise St. (Mountain West)",Jr.,DB,12,9,6,15,1.3
19,"Maurice Canady, Virginia (ACC)",Jr.,DB,12,12,3,15,1.3
19,"Dexter McDonald, Kansas (Big 12)",Sr.,DB,12,13,2,15,1.3
19,"Robertson Daniel, BYU (FBS Independent)",Sr.,DB,12,14,1,15,1.3
19,"Cleveland Wallace III, San Jose St. (Mountain West)",So.,DB,12,14,1,15,1.3
24,"Joshua Hawkins, East Carolina (AAC)",Jr.,DB,13,11,5,16,1.2
24,"Cameron Sutton, Tennessee (SEC)",So.,DB,13,13,3,16,1.2
26,"Nick VanHoose, Northwestern (Big Ten)",Jr.,DB,10,10,2,12,1.2
27,"Cortney Lester, Buffalo (MAC)",Sr.,DB,11,13,0,13,1.2
28,"Brian Poole, Florida (SEC)",Jr.,DB,12,10,4,14,1.2
28,"Triston Wade, UTSA (C-USA)",Sr.,DB,12,10,4,14,1.2
28,"Eric Rowe, Utah (Pac-12)",Sr.,DB,12,13,1,14,1.2
31,"William Likely, Maryland (Big Ten)",So.,DB,13,9,6,15,1.2
31,"Kurtis Drummond, Michigan St. (Big Ten)",Sr.,DB,13,11,4,15,1.2
31,"Cole Luke, Notre Dame (FBS Independent)",So.,DB,13,11,4,15,1.2
