Rank,Player,Cl,Pos,G,PBU,Int,TPD,PDPG
1,"Christian Benford, Villanova (CAA)",Sr.,DB,13,18,7,25,1.9
2,"Jason McCleod, Penn (Ivy League)",Sr.,DB,10,15,3,18,1.8
3,"Andre Fuller, Ark.-Pine Bluff (SWAC)",So.,DB,11,14,3,17,1.5
4,"Justin Ford, Montana (Big Sky)",Jr.,CB,13,11,9,20,1.5
5,"Alex Oliver, VMI (SoCon)",So.,DB,11,14,2,16,1.5
5,"Davion Ross, Eastern Ky. (ASUN)",So.,DB,11,13,3,16,1.5
7,"Montrae Braswell, Missouri St. (MVFC)",Jr.,CB,12,13,4,17,1.4
8,"Ryan Poole, William & Mary (CAA)",Jr.,DB,11,14,1,15,1.4
8,"Jayden Dawson, Idaho St. (Big Sky)",So.,DB,11,13,2,15,1.4
10,"BJ Bohler, Florida A&M (SWAC)",Jr.,DB,12,12,4,16,1.3
11,"RodneyThomas II, Yale (Ivy League)",Sr.,SS,10,11,2,13,1.3
11,"Matthew Williams, Charleston So. (Big South)",So.,DB,10,11,2,13,1.3
13,"Shamari Simmons, Austin Peay (OVC)",Jr.,DB,11,10,4,14,1.3
13,"Jordan Jones, Rhode Island (CAA)",Jr.,DB,11,8,6,14,1.3
13,"Johnathon Edwards, Austin Peay (OVC)",Sr.,DB,11,7,7,14,1.3
16,"Decobie DURANT, South Carolina St. (MEAC)",Sr.,FC,12,12,3,15,1.2
17,"Rashon Davis, UIW (Southland)",Sr.,DB,13,13,3,16,1.2
18,"Will Allen, Columbia (Ivy League)",Sr.,DB,10,10,2,12,1.2
18,"Rassie Littlejohn, Stetson (Pioneer)",So.,DB,10,8,4,12,1.2
18,"Omari Hill-Robinson, Bethune-Cookman (SWAC)",Jr.,DB,10,7,5,12,1.2
21,"Aamir Hall, Richmond (CAA)",So.,DB,11,12,1,13,1.2
21,"Cassius Johnson, San Diego (Pioneer)",Sr.,DB,11,11,2,13,1.2
21,"Jarrell Jackson, Illinois St. (MVFC)",Sr.,DB,11,10,3,13,1.2
24,"Darius Campbell, Prairie View (SWAC)",Sr.,DB,12,13,1,14,1.2
24,"Marte Mapu, Sacramento St. (Big Sky)",Jr.,DB,12,10,4,14,1.2
26,"Greg Ross, James Madison (CAA)",Sr.,CB,14,12,4,16,1.1
27,"Malachi Buckner, Gardner-Webb (Big South)",Jr.,DB,9,5,5,10,1.1
28,"Keyon Martin, Youngstown St. (MVFC)",So.,DB,10,10,1,11,1.1
28,"Ryan Stapp, Abilene Christian (WAC)",So.,CB,10,10,1,11,1.1
28,"Glenn Brown III, Southern U. (SWAC)",Sr.,DB,10,9,2,11,1.1
28,"Joe Bubonics, Dayton (Pioneer)",Sr.,DB,10,9,2,11,1.1
28,"Hombre Kennedy, Charleston So. (Big South)",Sr.,DB,10,8,3,11,1.1
33,"Malik Grate, Campbell (Big South)",Sr.,DB,11,10,2,12,1.1
33,"Tyler Noble, Morehead St. (Pioneer)",Sr.,DB,11,9,3,12,1.1
33,"Trai Hodges, Southeast Mo. St. (OVC)",Sr.,DB,11,8,4,12,1.1
36,"Jordan Perryman, UC Davis (Big Sky)",Jr.,DB,12,12,1,13,1.1
36,"Jay Woods, UT Martin (OVC)",Sr.,DB,12,11,2,13,1.1
36,"Al Young, Jackson St. (SWAC)",Sr.,DB,12,11,2,13,1.1
36,"Greg Filer III, Sacramento St. (Big Sky)",Sr.,DB,12,9,4,13,1.1
40,"Demetrius Crosby Jr., Eastern Wash. (Big Sky)",Jr.,DB,13,11,3,14,1.1
41,"Oshae Baker, UT Martin (OVC)",Fr.,DB,13,9,4,13,1
41,"Zy Alexander, Southeastern La. (Southland)",Fr.,DB,13,7,6,13,1
41,"Jaylin White, UC Davis (Big Sky)",Sr.,DB,12,9,3,12,1
41,"Travis Greenawalt, Houston Christian (Southland)",Fr.,CB,11,10,1,11,1
41,"Gregory Reddick, Saint Francis (PA) (NEC)",Fr.,S,11,10,1,11,1
41,"Amir Wallace, San Diego (Pioneer)",Jr.,DB,11,10,1,11,1
41,"Marcis Floyd, Murray St. (OVC)",So.,CB,11,9,2,11,1
41,"Aljareek Malry, VMI (SoCon)",Jr.,DB,11,9,2,11,1
41,"Dominick Poole, The Citadel (SoCon)",So.,DB,11,9,2,11,1
41,"JJ Henderson, Indiana St. (MVFC)",Sr.,DB,11,8,3,11,1
41,"Rey Estes, Grambling (SWAC)",Jr.,DB,10,10,0,10,1
41,"Jacquez Payton, Alabama St. (SWAC)",Jr.,DB,10,10,0,10,1
41,"Daniel Beard, Princeton (Ivy League)",Sr.,LB,10,8,2,10,1
41,"Quinaz Turner, Murray St. (OVC)",Jr.,CB,10,8,2,10,1
41,"Clayborne Fields III, Marist (Pioneer)",Jr.,S,10,5,5,10,1
41,"Jordan Anderson, Lafayette (Patriot)",Sr.,DB,9,8,1,9,1
41,"William Gruber, Colgate (Patriot)",Sr.,DB,9,8,1,9,1
41,"Wande Owens, Yale (Ivy League)",Jr.,DB,9,8,1,9,1
41,"Colby Humphrey, Northern Ariz. (Big Sky)",Fr.,DB,9,7,2,9,1
41,"Khalid Thomas, Harvard (Ivy League)",Sr.,DB,9,6,3,9,1
41,"Kamron Smith, Charleston So. (Big South)",Fr.,DB,8,6,2,8,1
