Rank,Player,Cl,Pos,G,PBU,Int,TPD,PDPG
1,"Ja'Quan McMillian, East Carolina (AAC)",So.,CB,12,16,5,21,1.8
2,"Cortez Davis, Hawaii (Mountain West)",Sr.,DB,13,18,1,19,1.5
3,"Nehemiah Shelton, San Jose St. (Mountain West)",Sr.,DB,10,12,2,14,1.4
3,"Darrell Luter Jr., South Alabama (Sun Belt)",Jr.,CB,10,10,4,14,1.4
5,"Samuel Womack, Toledo (MAC)",Sr.,CB,13,16,2,18,1.4
5,"Marcus Jones, Houston (AAC)",Sr.,CB,13,13,5,18,1.4
7,"Roger McCreary, Auburn (SEC)",Sr.,DB,12,14,2,16,1.3
7,"Jakorian Bennett, Maryland (Big Ten)",Sr.,DB,12,13,3,16,1.3
9,"Trenton Thompson, San Diego St. (Mountain West)",Sr.,DB,14,15,3,18,1.3
10,"Cam Smith, South Carolina (SEC)",So.,DB,11,11,3,14,1.3
11,"Bobby Brown, II, San Jose St. (Mountain West)",Sr.,DB,11,13,0,13,1.2
11,"Roger Cray, Old Dominion (C-USA)",Sr.,CB,11,12,1,13,1.2
11,"Kyu Blu Kelly, Stanford (Pac-12)",Jr.,CB,11,11,2,13,1.2
14,"Greg Rubin, Memphis (AAC)",Fr.,DB,12,14,0,14,1.2
15,"Micah Abraham, Marshall (C-USA)",So.,DB,13,14,1,15,1.2
15,"Donte Kent, Central Mich. (MAC)",Fr.,DB,13,14,1,15,1.2
15,"Tayler Hawkins, San Diego St. (Mountain West)",Sr.,DB,13,13,2,15,1.2
