Rank,Player,Cl,Pos,G,PBU,Int,TPD,PDPG
1,"Jamal Agnew, San Diego (Pioneer)",So.,DB,11,19,4,23,2.1
2,"Alex Avant, Mercer (SoCon)",Jr.,DB,12,16,3,19,1.6
2,"Warren Gatewood, Alcorn (SWAC)",Jr.,DB,12,16,3,19,1.6
4,"Ian Williams, Fordham (Patriot)",Sr.,DB,14,18,4,22,1.6
5,"Jarrett Dieudonne, Wagner (NEC)",Sr.,DB,11,10,7,17,1.5
6,"Travis Starks, Indiana St. (MVFC)",Jr.,DB,14,17,4,21,1.5
6,"Michael Jones, N.C. Central (MEAC)",So.,DB,12,13,5,18,1.5
6,"J.D. Roussel, Sacred Heart (NEC)",Sr.,DB,12,13,5,18,1.5
6,"Rayshan Clark, UAlbany (CAA)",So.,DB,12,17,1,18,1.5
10,"Ettian Scott, Georgetown (Patriot)",Jr.,DB,11,12,4,16,1.5
10,"Lorenzo Jerome, Saint Francis (PA) (NEC)",So.,DB,11,13,3,16,1.5
12,"Chris Atkins, Stetson (Pioneer)",So.,DB,12,12,5,17,1.4
13,"Tony McRae, N.C. A&T (MEAC)",Jr.,DL,12,11,5,16,1.3
14,"Xavier Coleman, Portland St. (Big Sky)",Fr.,DB,10,12,1,13,1.3
15,"Mark Sewall, Indiana St. (MVFC)",Jr.,DB,14,14,4,18,1.3
16,"Devin Williams, Duquesne (NEC)",Sr.,DB,11,12,2,14,1.3
17,"Mike Banks, Illinois St. (MVFC)",Sr.,DB,15,17,2,19,1.3
18,"Kyle Sakowski, UAlbany (CAA)",Jr.,DB,12,11,4,15,1.3
19,"Najee Bright, Alabama St. (SWAC)",Jr.,DB,9,7,4,11,1.2
19,"Jermaine Hough, Jacksonville St. (OVC)",Jr.,DB,9,7,4,11,1.2
21,"CJ Smith, North Dakota St. (MVFC)",Jr.,DB,15,17,1,18,1.2
21,"Matt Smalley, Lafayette (Patriot)",Jr.,DB,10,11,1,12,1.2
23,"Zach Adler, Marist (Pioneer)",Sr.,DB,11,6,7,13,1.2
23,"Daquan Minter, Saint Francis (PA) (NEC)",Jr.,DB,11,8,5,13,1.2
23,"Marcus Alford, Northern Ariz. (Big Sky)",Jr.,DB,11,10,3,13,1.2
26,"Trey Morgan, Western Caro. (SoCon)",So.,DB,12,8,6,14,1.2
26,"Dexter Reese, Alabama A&M (SWAC)",So.,DB,12,9,5,14,1.2
26,"Troy McGowens, Charleston So. (Big South)",So.,DB,12,10,4,14,1.2
26,"Keavon Madison, SFA ()",Sr.,DB,12,12,2,14,1.2
30,"J. Moreland, James Madison (CAA)",---,,13,12,3,15,1.2
30,"Bryson Keeton, Montana St. (Big Sky)",Jr.,DB,13,14,1,15,1.2
32,"Mikell Everette, Sam Houston (Southland)",Jr.,DB,16,14,4,18,1.1
33,"Marcus Berg, Alabama St. (SWAC)",Sr.,DB,10,8,3,11,1.1
33,"Malcolm Thaxton, Columbia (Ivy League)",Sr.,DB,10,11,0,11,1.1
35,"Brandon Leaks, Lehigh (Patriot)",So.,DB,11,9,3,12,1.1
35,"Phillip Parham, Lafayette (Patriot)",Fr.,DB,11,9,3,12,1.1
35,"Courtney Hall, Northern Colo. (Big Sky)",Sr.,DB,11,10,2,12,1.1
35,"Boo Rodgers, Southern Ill. (MVFC)",Sr.,DB,11,10,2,12,1.1
35,"Michael Johnson, Bryant (NEC)",Sr.,DB,11,11,1,12,1.1
40,"Donald Mattocks, N.C. A&T (MEAC)",Sr.,DB,12,6,7,13,1.1
40,"Myles Holmes, Rhode Island (CAA)",Jr.,DB,12,11,2,13,1.1
40,"Toney Sawyer, San Diego (Pioneer)",Sr.,DB,12,11,2,13,1.1
43,"Danny Johnson, Southern U. (SWAC)",Fr.,DB,13,11,3,14,1.1
44,"Jacob Hagen, Liberty (Big South)",Sr.,DB,14,7,8,15,1.1
45,"Trenier Orr, Sam Houston (Southland)",So.,DB,16,13,4,17,1.1
46,"Casey DeAndrade, New Hampshire (CAA)",So.,DB,14,13,1,14,1
46,"Stanley Absanon, Eastern Ky. (OVC)",Jr.,DB,13,9,4,13,1
46,"Tyree Hollins, Grambling (SWAC)",Sr.,DB,12,7,5,12,1
46,"Keenan Lambert, Norfolk St. (MEAC)",Sr.,DB,12,9,3,12,1
46,"Tim Hamm-Bey, Southeast Mo. St. (OVC)",Sr.,DB,12,10,2,12,1
46,"Caleb Schaffitzel, Missouri St. (MVFC)",Sr.,DB,12,11,1,12,1
46,"David Campbell, Central Conn. St. (NEC)",So.,WR,12,12,0,12,1
46,"Zach Elias, Dayton (Pioneer)",Sr.,DB,11,6,5,11,1
46,"Imoan Claiborne, Northwestern St. (Southland)",Sr.,DB,11,7,4,11,1
46,"Trevor Bates, Maine (CAA)",Jr.,DL,11,8,3,11,1
46,"Brandon Dagnesses, Bryant (NEC)",Jr.,DB,10,7,3,10,1
46,"Bob Quilico, Drake (Pioneer)",Sr.,DB,10,8,2,10,1
46,"Chris Evans, Harvard (Ivy League)",Jr.,DB,10,9,1,10,1
46,"Erik Collins, Idaho St. (Big Sky)",---,,9,6,3,9,1
46,"Patrick O'Neill, Brown (Ivy League)",Sr.,DB,9,8,1,9,1
