Rank,Player,Cl,Pos,G,Solo Sack,Asst Sack,Sack Yds,Tot Sack,Sacks PG
1,"Zion Tupuola-Fetui, Washington (Pac-12)",So.,LB,4,7,0,49,7,1.75
2,"Cade Hall, San Jose St. (Mountain West)",Jr.,DL,7,9,2,58,10,1.43
3,"Scott Patchan, Colorado St. (Mountain West)",Sr.,DL,4,3,5,45,5.5,1.38
4,"Tyler Johnson, Arizona St. (Pac-12)",Jr.,DL,4,5,0,28,5,1.25
5,"Leighton McCarthy, Fla. Atlantic (C-USA)",Sr.,LB,8,8,2,57,9,1.12
6,"Carson Wells, Colorado (Pac-12)",Jr.,LB,6,6,1,35,6.5,1.08
7,"Jordan Strachan, Georgia St. (Sun Belt)",Jr.,LB,10,9,3,59,10.5,1.05
8,"Kwami Jones, Fresno St. (Mountain West)",Sr.,DE,5,5,0,22,5,1.00
8,"Kesean Gamble, Kent St. (MAC)",Sr.,LB,3,3,0,18,3,1.00
10,"Troy Hairston, Central Mich. (MAC)",Sr.,LB,6,5,1,34,5.5,0.92
11,"Patrick Johnson, Tulane (AAC)",Sr.,DL,11,10,0,67,10,0.91
12,"Ochaun Mathis, TCU (Big 12)",So.,DE,10,8,2,62,9,0.90
13,"Will McDonald, Iowa St. (Big 12)",So.,DE,12,10,1,57,10.5,0.88
13,"Praise Amaewhule, UTEP (C-USA)",So.,DL,8,6,2,48,7,0.88
15,"Shane Irwin, Boise St. (Mountain West)",Jr.,DE,7,6,0,27,6,0.86
16,"Wyatt Hubert, Kansas St. (Big 12)",Jr.,DE,10,8,1,41,8.5,0.85
16,"Azeez Ojulari, Georgia (SEC)",So.,LB,10,8,1,64,8.5,0.85
18,"Rashad Weaver, Pittsburgh (ACC)",Sr.,DL,9,6,3,36,7.5,0.83
18,"Malcolm Koonce, Buffalo (MAC)",Sr.,DL,6,5,0,32,5,0.83
18,"Jacoby Windmon, UNLV (Mountain West)",So.,LB,6,4,2,40,5,0.83
18,"Kameron Butler, Miami (OH) (MAC)",Jr.,DL,3,2,1,13,2.5,0.83
22,"Patrick Jones II, Pittsburgh (ACC)",Sr.,DL,11,6,6,85,9,0.82
23,"Nik Bonitto, Oklahoma (Big 12)",So.,LB,10,6,4,44,8,0.80
23,"Jaelan Phillips, Miami (FL) (ACC)",Jr.,DL,10,6,4,38,8,0.80
23,"Nate Landman, Colorado (Pac-12)",Sr.,LB,5,4,0,10,4,0.80
23,"Mosiah Nasili-Kite, Maryland (Big Ten)",So.,DL,5,3,2,19,4,0.80
27,"Caleb Johnson, UCLA (Pac-12)",Jr.,LB,7,5,1,33,5.5,0.79
28,"Durrell Johnson, Liberty (FBS Independent)",Jr.,DE,11,7,3,68,8.5,0.77
28,"Isaiah Thomas, Oklahoma (Big 12)",Jr.,DL,11,6,5,60,8.5,0.77
30,"Kingsley Enagbare, South Carolina (SEC)",Jr.,DL,8,6,0,40,6,0.75
30,"Viliami Fehoko, San Jose St. (Mountain West)",So.,DL,8,6,0,47,6,0.75
30,"Micah McFadden, Indiana (Big Ten)",Jr.,LB,8,6,0,31,6,0.75
30,"Charles Snowden, Virginia (ACC)",Sr.,LB,8,6,0,51,6,0.75
30,"Kevin Atkins, Fresno St. (Mountain West)",Sr.,DL,6,4,1,27,4.5,0.75
30,"Troy Brown, Central Mich. (MAC)",Jr.,LB,6,4,1,39,4.5,0.75
30,"Boye Mafe, Minnesota (Big Ten)",Jr.,DL,6,4,1,35,4.5,0.75
30,"David Perales, Fresno St. (Mountain West)",Jr.,DL,6,4,1,17,4.5,0.75
30,"Turan Rush, Eastern Mich. (MAC)",Sr.,DL,6,4,1,20,4.5,0.75
30,"Brandon Coleman, Kent St. (MAC)",Fr.,LB,4,3,0,28,3,0.75
30,"Cameron Goode, California (Pac-12)",Sr.,LB,4,2,2,12,3,0.75
41,"Chris Rumph II, Duke (ACC)",Jr.,DL,11,6,4,54,8,0.73
42,"Carlos Basham, Jr., Wake Forest (ACC)",Sr.,DL,7,5,0,39,5,0.71
43,"Tarron Jackson, Coastal Carolina (Sun Belt)",Sr.,DE,12,7,3,50,8.5,0.71
44,"Myjai Sanders, Cincinnati (AAC)",Jr.,DL,10,6,2,47,7,0.70
45,"Dayo Odeyingbo, Vanderbilt (SEC)",Sr.,DL,8,5,1,40,5.5,0.69
45,"Chauncey Golston, Iowa (Big Ten)",Sr.,DL,8,4,3,47,5.5,0.69
45,"Daviyon Nixon, Iowa (Big Ten)",Jr.,DL,8,4,3,31,5.5,0.69
48,"Victor Dimukeje, Duke (ACC)",Sr.,DL,11,5,5,54,7.5,0.68
49,"Christian Barmore, Alabama (SEC)",So.,DL,12,8,0,42,8,0.67
49,"Trajan Jeffcoat, Missouri (SEC)",So.,DL,9,6,0,32,6,0.67
49,"Shaka Toney, Penn St. (Big Ten)",Sr.,DL,9,6,0,34,6,0.67
49,"Jaylen Joyner, Fla. Atlantic (C-USA)",So.,DL,9,5,2,27,6,0.67
49,"Hardrick Willis, Georgia St. (Sun Belt)",Jr.,DL,9,4,4,36,6,0.67
49,"Arnold Ebiketie, Temple (AAC)",Jr.,DE,6,4,0,25,4,0.67
49,"Mandela Lawrence-Burke, Kent St. (MAC)",Sr.,LB,3,2,0,10,2,0.67
49,"Lonnie Phelps, Miami (OH) (MAC)",So.,DL,3,2,0,9,2,0.67
49,"Dominique Robinson, Miami (OH) (MAC)",Sr.,DL,3,2,0,15,2,0.67
58,"Adam Anderson, Georgia (SEC)",Jr.,LB,10,6,1,51,6.5,0.65
58,"Darius Hodge, Marshall (C-USA)",Jr.,DL,10,5,3,47,6.5,0.65
60,"Morris Joseph, Memphis (AAC)",Sr.,DL,11,7,0,43,7,0.64
60,"Justin Rice, Arkansas St. (Sun Belt)",Sr.,LB,11,7,0,70,7,0.64
60,"Calvin Bundage, Oklahoma St. (Big 12)",Sr.,LB,11,6,2,48,7,0.64
63,"Owen Carney, Jr., Illinois (Big Ten)",Sr.,DL,8,4,2,40,5,0.62
63,"Anthony Ekpe, Ball St. (MAC)",Sr.,LB,8,4,2,35,5,0.62
65,"Bobby Brown III, Texas A&M (SEC)",Jr.,DL,9,5,1,34,5.5,0.61
66,"Davon Strickland, FIU (C-USA)",So.,DL,5,3,0,20,3,0.60
66,"Mika Tafua, Utah (Pac-12)",Jr.,DL,5,3,0,21,3,0.60
66,"Mohamed Diallo, Central Mich. (MAC)",Sr.,DL,5,2,2,17,3,0.60
69,"Amaré Barno, Virginia Tech (ACC)",Sr.,LB,11,6,1,43,6.5,0.59
69,"Daniel Joseph, NC State (ACC)",Sr.,DL,11,6,1,33,6.5,0.59
69,"Justus Reed, Virginia Tech (ACC)",Sr.,DL,11,5,3,48,6.5,0.59
72,"JaQuan Bailey, Iowa St. (Big 12)",Sr.,DE,12,6,2,55,7,0.58
72,"Tomon Fox, North Carolina (ACC)",Sr.,LB,12,6,2,42,7,0.58
72,"Adetokunbo Ogundeji, Notre Dame (ACC)",Sr.,DL,12,6,2,28,7,0.58
72,"Nick Figueroa, Southern California (Pac-12)",Jr.,DL,6,3,1,23,3.5,0.58
72,"Adam Plant Jr., UNLV (Mountain West)",So.,LB,6,3,1,15,3.5,0.58
77,"Joey Noble, New Mexico (Mountain West)",Sr.,DL,7,4,0,37,4,0.57
77,"Osa Odighizuwa, UCLA (Pac-12)",Sr.,DL,7,3,2,25,4,0.57
79,"David Anenih, Houston (AAC)",Sr.,DL,8,4,1,42,4.5,0.56
79,"Caden McDonald, San Diego St. (Mountain West)",Jr.,LB,8,4,1,33,4.5,0.56
79,"Dom Peterson, Nevada (Mountain West)",Jr.,DT,8,4,1,32,4.5,0.56
82,"Joseph Ossai, Texas (Big 12)",Jr.,LB,9,5,0,39,5,0.56
82,"Tyrus Wheat, Mississippi St. (SEC)",Jr.,LB,9,4,2,27,5,0.56
84,"Andre Anthony, LSU (SEC)",Sr.,DE,10,5,1,26,5.5,0.55
85,"Chazz Surratt, North Carolina (ACC)",Sr.,LB,11,6,0,51,6,0.55
86,"C.J Brewer, Coastal Carolina (Sun Belt)",Sr.,DT,12,5,3,32,6.5,0.54
86,"Jeffrey Gunter, Coastal Carolina (Sun Belt)",Jr.,DE,12,5,3,40,6.5,0.54
88,"Will Anderson Jr., Alabama (SEC)",Fr.,LB,13,6,2,39,7,0.54
89,"DeAngelo Malone, Western Ky. (C-USA)",Sr.,DE,12,6,0,38,6,0.50
89,"Demetrius Taylor, App State (Sun Belt)",Sr.,DL,12,5,2,45,6,0.50
89,"TreShaun Clark, Liberty (FBS Independent)",So.,DE,11,4,3,34,5.5,0.50
89,"Jarrod Hewitt, Virginia Tech (ACC)",Sr.,DL,11,4,3,40,5.5,0.50
89,"Akheem  Mesidor, West Virginia (Big 12)",Fr.,DL,10,5,0,33,5,0.50
89,"Darius Muasau, Hawaii (Mountain West)",So.,LB,9,4,1,15,4.5,0.50
89,"Jordan Smith, UAB (C-USA)",Jr.,LB,9,4,1,35,4.5,0.50
89,"Mohamed Toure, Rutgers (Big Ten)",So.,LB,9,4,1,21,4.5,0.50
89,"Zaven Collins, Tulsa (AAC)",Jr.,LB,8,4,0,25,4,0.50
89,"Jerome Johnson, Indiana (Big Ten)",Sr.,DL,8,4,0,31,4,0.50
89,"Santrell Latham, Southern Miss. (C-USA)",Jr.,LB,8,4,0,27,4,0.50
89,"Eku Leota, Northwestern (Big Ten)",So.,DL,8,4,0,19,4,0.50
89,"Cameron Thomas, San Diego St. (Mountain West)",So.,DL,8,2,4,34,4,0.50
89,"George Wolo, Buffalo (MAC)",Fr.,DL,7,2,3,20,3.5,0.50
89,"Bubba Arslanian, Akron (MAC)",Jr.,LB,6,3,0,21,3,0.50
89,"Isaiah Bagnah, Boise St. (Mountain West)",Fr.,DE,6,3,0,19,3,0.50
89,"Nick Heninger, Utah St. (Mountain West)",Sr.,LB,6,3,0,27,3,0.50
89,"Ralph Holley, Western Mich. (MAC)",Sr.,DL,6,3,0,21,3,0.50
89,"Talanoa Hufanga, Southern California (Pac-12)",Jr.,S,6,3,0,19,3,0.50
89,"Mustafa Johnson, Colorado (Pac-12)",Sr.,DL,6,3,0,20,3,0.50
89,"Chad Muma, Wyoming (Mountain West)",Jr.,LB,6,3,0,25,3,0.50
89,"Julian Richardson, Akron (MAC)",So.,LB,6,3,0,17,3,0.50
89,"Thomas Schaffer, Stanford (Pac-12)",Sr.,DE,6,3,0,14,3,0.50
89,"Amir Siddiq, Central Mich. (MAC)",Jr.,DL,6,3,0,19,3,0.50
89,"AJ Vongphachanh, Utah St. (Mountain West)",So.,LB,6,3,0,19,3,0.50
89,"Marshawn Kneeland, Western Mich. (MAC)",Fr.,DL,5,2,1,22,2.5,0.50
89,"Dequan Jackson, Colorado St. (Mountain West)",Jr.,LB,4,2,0,8,2,0.50
89,"Durell  Nchami, Maryland (Big Ten)",Jr.,LB,4,2,0,15,2,0.50
89,"JH Tevis, California (Pac-12)",So.,DL,4,2,0,10,2,0.50
89,"Zayin West, Kent St. (MAC)",Jr.,DL,4,2,0,7,2,0.50
89,"Emmanuel Jones, Colorado St. (Mountain West)",Sr.,DL,4,1,2,17,2,0.50
89,"Brandon Hickerson-Rooks, Colorado St. (Mountain West)",Jr.,DL,3,1,1,14,1.5,0.50
89,"Ben Kimpler, Miami (OH) (MAC)",Sr.,DL,3,1,1,10,1.5,0.50
89,"Michael Matus, Arizona St. (Pac-12)",So.,DL,3,1,1,5,1.5,0.50
123,"Christopher Allen, Alabama (SEC)",Jr.,LB,13,6,0,33,6,0.46
124,"Cameron Sample, Tulane (AAC)",Sr.,DL,11,5,0,46,5,0.45
124,"Jamar Watson, Kentucky (SEC)",Sr.,LB,11,4,2,32,5,0.45
126,"Trace Ford, Oklahoma St. (Big 12)",So.,DE,10,4,1,35,4.5,0.45
126,"Ferrod Gardner, Louisiana (Sun Belt)",Sr.,LB,10,4,1,34,4.5,0.45
126,"Deandre Johnson, Tennessee (SEC)",Sr.,LB,10,4,1,24,4.5,0.45
126,"Drew Wiley, Kansas St. (Big 12)",Sr.,DT,10,4,1,25,4.5,0.45
126,"Milton Williams, Louisiana Tech (C-USA)",Jr.,DL,10,4,1,32,4.5,0.45
126,"Max Roberts, Boston College (ACC)",Jr.,DL,10,3,3,48,4.5,0.45
126,"Quincy Roche, Miami (FL) (ACC)",Sr.,DL,10,3,3,28,4.5,0.45
133,"Jordan Domineck, Georgia Tech (ACC)",Sr.,LB,9,4,0,23,4,0.44
133,"Anthony Goodlow, Tulsa (AAC)",So.,DL,9,4,0,20,4,0.44
133,"O'Bryon Goodson, Memphis (AAC)",Sr.,DL,9,4,0,18,4,0.44
133,"Jaylon Haynes, UTSA (C-USA)",Sr.,DL,9,4,0,12,4,0.44
133,"Mike Tverdov, Rutgers (Big Ten)",Sr.,DL,9,4,0,21,4,0.44
133,"Sam Hammond, Nevada (Mountain West)",Sr.,DE,9,3,2,22,4,0.44
139,"Jonathon Cooper, Ohio St. (Big Ten)",Sr.,DL,8,3,1,29,3.5,0.44
139,"Tiawan Mullen, Indiana (Big Ten)",So.,DB,8,3,1,32,3.5,0.44
139,"Derek Parish, Houston (AAC)",Jr.,DL,8,3,1,19,3.5,0.44
139,"Jonah Tavai, San Diego St. (Mountain West)",Jr.,DL,8,3,1,38,3.5,0.44
139,"Zach VanValkenburg, Iowa (Big Ten)",Sr.,DL,8,3,1,19,3.5,0.44
144,"Drew Beesley, Michigan St. (Big Ten)",Sr.,DL,7,3,0,25,3,0.43
144,"Eric Black, Buffalo (MAC)",Jr.,DL,7,3,0,22,3,0.43
144,"Leo Chenal, Wisconsin (Big Ten)",So.,LB,7,3,0,18,3,0.43
144,"Michael Fletcher, Michigan St. (Big Ten)",Fr.,DL,7,3,0,13,3,0.43
144,"Will Honas, Nebraska (Big Ten)",Sr.,LB,7,3,0,22,3,0.43
144,"Connor Mitchell, San Diego St. (Mountain West)",Jr.,DL,7,3,0,14,3,0.43
144,"Mo Osling III, UCLA (Pac-12)",Jr.,DB,7,3,0,18,3,0.43
144,"Kayvon Thibodeaux, Oregon (Pac-12)",So.,DE,7,3,0,25,3,0.43
144,"Tommy Togiai, Ohio St. (Big Ten)",Jr.,DL,7,3,0,13,3,0.43
144,"Max Michel, Buffalo (MAC)",So.,DE,7,1,4,11,3,0.43
