Rank,Player,Cl,Pos,G,Solo Sack,Asst Sack,Sack Yds,Tot Sack,Sacks PG
1,"Harold Landry, Boston College (ACC)",Jr.,DL,13,15,3,143,16.5,1.27
2,"Demarcus Walker, Florida St. (ACC)",Sr.,DL,13,15,2,118,16,1.23
3,"Hunter Dimick, Utah (Pac-12)",Sr.,DL,13,14,1,73,14.5,1.12
4,"Arden Key, LSU (SEC)",So.,LB,11,11,2,85,12,1.09
5,"Ja'Von Rolland-Jones, Arkansas St. (Sun Belt)",Jr.,DL,13,10,7,72,13.5,1.04
6,"Jaylon Ferguson, Louisiana Tech (C-USA)",So.,DL,14,13,3,89,14.5,1.04
7,"Derek Barnett, Tennessee (SEC)",Jr.,DL,13,13,0,93,13,1.00
7,"Ejuan Price, Pittsburgh (ACC)",Sr.,DL,13,12,2,92,13,1.00
9,"Randy Allen, South Alabama (Sun Belt)",Sr.,DL,13,12,1,96,12.5,0.96
9,"Chris Odom, Arkansas St. (Sun Belt)",Sr.,DL,13,11,3,102,12.5,0.96
11,"Takkarist McKinley, UCLA (Pac-12)",Sr.,DL,11,10,0,54,10,0.91
12,"Jordan Willis, Kansas St. (Big 12)",Sr.,DL,13,11,1,84,11.5,0.88
12,"Shaquem Griffin, UCF (AAC)",Jr.,LB,13,10,3,70,11.5,0.88
14,"Taco Charlton, Michigan (Big Ten)",Sr.,DL,11,8,3,52,9.5,0.86
15,"Dorance Armstrong Jr., Kansas (Big 12)",So.,DL,12,10,0,59,10,0.83
16,"Tarell Basham, Ohio (MAC)",Sr.,DL,14,10,3,71,11.5,0.82
16,"T.J. Watt, Wisconsin (Big Ten)",Jr.,LB,14,10,3,84,11.5,0.82
18,"Ryan Watson, Air Force (Mountain West)",Sr.,LB,11,9,0,57,9,0.82
19,"Bradley Chubb, NC State (ACC)",Jr.,DL,13,10,1,59,10.5,0.81
19,"Duke Ejiofor, Wake Forest (ACC)",Jr.,DL,13,9,3,93,10.5,0.81
21,"Trey Hendrickson, Fla. Atlantic (C-USA)",Sr.,DL,12,8,3,59,9.5,0.79
22,"Myles Garrett, Texas A&M (SEC)",Jr.,DL,11,8,1,59,8.5,0.77
23,"Ifeadi Odenigbo, Northwestern (Big Ten)",Sr.,DL,13,10,0,70,10,0.77
24,"Haason Reddick, Temple (AAC)",Sr.,DL,14,10,1,66,10.5,0.75
24,"Jimmie Gilbert, Colorado (Pac-12)",Sr.,DL,14,9,3,105,10.5,0.75
24,"Koron Crump, Arizona St. (Pac-12)",Jr.,LB,12,9,0,68,9,0.75
24,"Carroll Phillips, Illinois (Big Ten)",Sr.,DL,12,9,0,58,9,0.75
24,"Charles Harris, Missouri (SEC)",Jr.,DL,12,8,2,51,9,0.75
24,"Ogbonnia Okoronkwo, Oklahoma (Big 12)",Jr.,LB,12,8,2,54,9,0.75
30,"Brian Burns, Florida St. (ACC)",Fr.,DL,13,8,3,57,9.5,0.73
31,"Anthony Winbush, Ball St. (MAC)",Jr.,DL,12,8,1,43,8.5,0.71
31,"Steven Taylor, Houston (AAC)",Sr.,LB,12,7,3,65,8.5,0.71
33,"Carlos Watkins, Clemson (ACC)",Sr.,DL,15,10,1,58,10.5,0.70
33,"Jonathan Allen, Alabama (SEC)",Sr.,DL,15,8,5,82,10.5,0.70
35,"Pita Taumoepenu, Utah (Pac-12)",Sr.,DL,13,9,0,74,9,0.69
35,"Carl Lawson, Auburn (SEC)",Jr.,DL,13,8,2,62,9,0.69
35,"Joe Ostman, Central Mich. (MAC)",Sr.,DL,13,8,2,65,9,0.69
35,"Jesse Aniebonam, Maryland (Big Ten)",Jr.,DL,13,7,4,74,9,0.69
35,"Darius English, South Carolina (SEC)",Sr.,DL,13,7,4,70,9,0.69
40,"Terence Waugh, Kent St. (MAC)",Sr.,DL,12,8,0,58,8,0.67
40,"James Hearns, Louisville (ACC)",Jr.,DB,12,7,2,71,8,0.67
42,"Joe Jackson, Miami (FL) (ACC)",Fr.,DL,13,8,1,51,8.5,0.65
42,"David Moa, Boise St. (Mountain West)",So.,DL,13,7,3,48,8.5,0.65
42,"Pat O'Connor, Eastern Mich. (MAC)",Sr.,DL,13,7,3,51,8.5,0.65
42,"Dylan Bradley, Southern Miss. (C-USA)",Sr.,DL,13,6,5,56,8.5,0.65
46,"Marcell Frazier, Missouri (SEC)",Jr.,DL,12,7,1,61,7.5,0.63
47,"Aikeem Coleman, Idaho (Sun Belt)",Jr.,DL,13,8,0,45,8,0.62
47,"Josh Carraway, TCU (Big 12)",Sr.,DL,13,7,2,53,8,0.62
47,"Tyquan Lewis, Ohio St. (Big Ten)",Jr.,DL,13,7,2,55,8,0.62
47,"Solomon Thomas, Stanford (Pac-12)",Jr.,DL,13,6,4,46,8,0.62
51,"Bright Ugwoegbu, Oregon St. (Pac-12)",So.,LB,9,5,1,20,5.5,0.61
52,"Tim Williams, Alabama (SEC)",Sr.,LB,15,7,4,97,9,0.60
52,"Ryan Anderson, Alabama (SEC)",Sr.,LB,15,6,6,68,9,0.60
52,"Da'Sean Downey, Massachusetts (FBS Independent)",Jr.,DL,10,6,0,38,6,0.60
55,"Troy Dye, Oregon (Pac-12)",Fr.,LB,11,6,1,39,6.5,0.59
56,"Marquis Haynes, Ole Miss (SEC)",Jr.,DL,12,7,0,53,7,0.58
56,"Isaiah Irving, San Jose St. (Mountain West)",Sr.,DL,12,7,0,48,7,0.58
56,"Antonious Sims, App State (Sun Belt)",Sr.,DL,12,7,0,40,7,0.58
56,"Nick Dawson-Brents, Western Ky. (C-USA)",Sr.,DL,12,5,4,47,7,0.58
56,"Josh Sweat, Florida St. (ACC)",So.,DL,12,5,4,39,7,0.58
61,"Blake Cashman, Minnesota (Big Ten)",So.,LB,13,7,1,36,7.5,0.58
61,"Rashad Dillard, Troy (Sun Belt)",Sr.,DL,13,7,1,54,7.5,0.58
61,"Patrick Gamble, Georgia Tech (ACC)",Sr.,DL,13,7,1,36,7.5,0.58
61,"Jaleel Johnson, Iowa (Big Ten)",Sr.,DL,13,7,1,50,7.5,0.58
61,"Marquel Lee, Wake Forest (ACC)",Sr.,LB,13,7,1,46,7.5,0.58
61,"Oshane Ximines, Old Dominion (C-USA)",So.,DL,13,7,1,47,7.5,0.58
61,"Alex Aukerman, Army West Point (FBS Independent)",Jr.,DB,13,6,3,45,7.5,0.58
61,"Ken Ekanem, Virginia Tech (ACC)",Sr.,DL,13,6,3,39,7.5,0.58
69,"Mat Boesen, TCU (Big 12)",Jr.,DL,11,5,2,43,6,0.55
