Rank,Player,Cl,Pos,G,Solo Sack,Asst Sack,Sack Yds,Tot Sack,Sacks PG
1,"Carl Nassib, Penn St. (Big Ten)",Sr.,DL,13,15,1,107,15.5,1.19
2,"Trey Hendrickson, Fla. Atlantic (C-USA)",Jr.,DL,12,11,5,82,13.5,1.13
2,"Yannick Ngakoue, Maryland (Big Ten)",Jr.,DL,12,11,5,77,13.5,1.13
4,"Emmanuel Ogbah, Oklahoma St. (Big 12)",Jr.,DL,13,10,6,62,13,1.00
5,"Myles Garrett, Texas A&M (SEC)",So.,DL,13,12,1,71,12.5,0.96
6,"Jatavis Brown, Akron ()",Sr.,LB,13,10,4,90,12,0.92
7,"Terence Waugh, Kent St. (MAC)",Jr.,DL,10,7,4,54,9,0.90
8,"Ejuan Price, Pittsburgh (ACC)",Sr.,DL,13,10,3,89,11.5,0.88
9,"Devonte' Fields, Louisville (ACC)",Jr.,DL,13,10,2,73,11,0.85
9,"Antonio Longino, Arizona St. (Pac-12)",Sr.,LB,13,10,2,60,11,0.85
9,"Bronson Kaufusi, BYU (FBS Independent)",Sr.,DL,13,9,4,71,11,0.85
12,"Shaq Lawson, Clemson (ACC)",Jr.,DL,15,12,1,90,12.5,0.83
12,"JT Jones, Miami (OH) (MAC)",Jr.,DL,12,9,2,59,10,0.83
14,"Mike Rose, NC State (ACC)",Sr.,DL,13,10,1,56,10.5,0.81
14,"Deforest Buckner, Oregon (Pac-12)",Sr.,DL,13,9,3,74,10.5,0.81
14,"Demarcus Walker, Florida St. (ACC)",Jr.,DL,13,8,5,58,10.5,0.81
17,"Jonathan Allen, Alabama (SEC)",Jr.,DL,15,12,0,88,12,0.80
17,"Kevin Dodd, Clemson (ACC)",Jr.,DL,15,11,2,71,12,0.80
19,"Derek Barnett, Tennessee (SEC)",So.,DL,13,10,0,51,10,0.77
19,"Ian Seau, Nevada (Mountain West)",Sr.,DL,13,10,0,82,10,0.77
19,"Marquis Haynes, Ole Miss (SEC)",So.,DL,13,9,2,76,10,0.77
22,"Shilique Calhoun, Michigan St. (Big Ten)",Sr.,DL,14,9,3,74,10.5,0.75
22,"Ejiro Ederaine, Fresno St. (Mountain West)",Sr.,LB,12,8,2,60,9,0.75
24,"Nick Mangieri, Indiana (Big Ten)",Sr.,DL,13,9,1,38,9.5,0.73
24,"Joe Schobert, Wisconsin (Big Ten)",Sr.,LB,13,9,1,78,9.5,0.73
24,"Jordan Willis, Kansas St. (Big 12)",Jr.,DL,13,9,1,48,9.5,0.73
27,"Steven Taylor, Houston (AAC)",Jr.,LB,14,9,2,77,10,0.71
28,"Jason Neill, UTSA (C-USA)",Sr.,DL,12,8,1,39,8.5,0.71
28,"Dale Pierson, Iowa St. (Big 12)",Sr.,DL,12,8,1,54,8.5,0.71
28,"Trevon Young, Louisville (ACC)",Sr.,DL,12,8,1,67,8.5,0.71
31,"Tim Williams, Alabama (SEC)",Jr.,LB,15,9,3,78,10.5,0.70
32,"Gary Thompson, Marshall (C-USA)",Jr.,DL,13,9,0,64,9,0.69
32,"Josh Carraway, TCU (Big 12)",Jr.,DL,13,8,2,41,9,0.69
32,"Deonte Gibson, Northwestern (Big Ten)",Sr.,DL,13,8,2,50,9,0.69
32,"Ja'Von Rolland-Jones, Arkansas St. (Sun Belt)",So.,DL,13,7,4,61,9,0.69
36,"Calvin Munson, San Diego St. (Mountain West)",Jr.,LB,14,7,5,75,9.5,0.68
37,"Dawuane Smoot, Illinois (Big Ten)",Jr.,DL,12,7,2,64,8,0.67
37,"Lewis Neal, LSU (SEC)",Jr.,DL,12,6,4,50,8,0.67
39,"Noble Nwachukwu, West Virginia (Big 12)",Jr.,DL,13,8,1,46,8.5,0.65
40,"Tyler Roberts, Troy (Sun Belt)",Sr.,DL,11,6,2,32,7,0.64
41,"Folorunso Fatukasi, UConn (AAC)",So.,DL,12,7,1,26,7.5,0.63
41,"Michael Wakefield, FIU (C-USA)",Sr.,DL,12,7,1,41,7.5,0.63
41,"Micah Kiser, Virginia (ACC)",So.,LB,12,6,3,48,7.5,0.63
41,"Montese Overton, East Carolina (AAC)",Sr.,LB,12,6,3,60,7.5,0.63
45,"Romeo Okwara, Notre Dame (FBS Independent)",Sr.,DL,13,8,0,54,8,0.62
45,"Vince Biegel, Wisconsin (Big Ten)",Jr.,LB,13,7,2,64,8,0.62
45,"Travis Feeney, Washington (Pac-12)",Sr.,LB,13,7,2,32,8,0.62
45,"Tyquan Lewis, Ohio St. (Big Ten)",So.,DL,13,7,2,47,8,0.62
45,"Deatrich Wise Jr., Arkansas (SEC)",Jr.,DL,13,7,2,43,8,0.62
50,"Peter Jinkens, Texas (Big 12)",Sr.,LB,11,6,1,38,6.5,0.59
51,"Bryson Albright, Miami (OH) (MAC)",Sr.,DL,12,7,0,47,7,0.58
51,"Walter Brady, Missouri (SEC)",Fr.,DL,12,7,0,41,7,0.58
51,"Charles Harris, Missouri (SEC)",So.,DL,12,7,0,51,7,0.58
51,"Ron Thompson, Syracuse (ACC)",Jr.,DL,12,7,0,63,7,0.58
51,"Dominique Tovell, Louisiana (Sun Belt)",Sr.,LB,12,7,0,32,7,0.58
51,"Eddie Yarbrough, Wyoming (Mountain West)",Sr.,DL,12,7,0,41,7,0.58
51,"Rashad Dillard, Troy (Sun Belt)",Jr.,DL,12,6,2,44,7,0.58
51,"Mike Moore, Virginia (ACC)",Sr.,DL,12,5,4,48,7,0.58
59,"Will Anthony, Navy (AAC)",Sr.,DL,13,7,1,58,7.5,0.58
59,"Ronad Blair, App State (Sun Belt)",Sr.,DL,13,7,1,63,7.5,0.58
59,"Eric Striker, Oklahoma (Big 12)",Sr.,LB,13,6,3,53,7.5,0.58
