Rank,Player,Cl,Pos,G,Solo Sack,Asst Sack,Sack Yds,Tot Sack,Sacks PG
1,"Tyrone Holmes, Montana (Big Sky)",Sr.,DL,13,16,4,93,18,1.38
2,"Victor Ochi, Stony Brook (CAA)",Sr.,DL,10,12,2,60,13,1.30
3,"Javon Hargrave, South Carolina St. (MEAC)",Sr.,DL,11,13,1,88,13.5,1.23
4,"James Cowser, Southern Utah (Big Sky)",Sr.,DL,12,13,0,55,13,1.08
5,"Noah Spence, Eastern Ky. (OVC)",Jr.,DL,11,9,5,83,11.5,1.05
6,"Keionta Davis, Chattanooga (SoCon)",Jr.,DL,13,13,1,68,13.5,1.04
7,"Karter Schult, UNI (MVFC)",Jr.,DL,14,13,2,78,14,1.00
8,"Andrew Ankrah, James Madison (CAA)",So.,LB,12,10,1,68,10.5,0.88
9,"Tyler Drake, Penn (Ivy League)",Sr.,DL,10,8,1,55,8.5,0.85
9,"Aaron Thompson, Stony Brook (CAA)",Jr.,DL,10,8,1,45,8.5,0.85
11,"Christian Kuntz, Duquesne (NEC)",Sr.,LB,12,9,2,70,10,0.83
12,"Andrew Van Ginkel, South Dakota (MVFC)",Fr.,LB,11,9,0,61,9,0.82
13,"Folarin Orimolade, Dartmouth (Ivy League)",Jr.,LB,10,6,4,54,8,0.80
14,"Miles Grooms, Hampton (MEAC)",Sr.,DL,11,8,1,68,8.5,0.77
14,"Mack Marrin, Drake (Pioneer)",Jr.,DL,11,8,1,50,8.5,0.77
14,"Jonathan Petersen, San Diego (Pioneer)",So.,DL,11,8,1,69,8.5,0.77
17,"Derek Rivers, Youngstown St. (MVFC)",Jr.,DL,11,8,0,62,8,0.73
17,"Gabe Sherrod, Delaware St. (MEAC)",Sr.,DL,11,7,2,61,8,0.73
17,"Chima Uzowihe, Liberty (Big South)",Sr.,DL,11,7,2,62,8,0.73
20,"David Perkins, Illinois St. (MVFC)",Sr.,LB,12,8,1,64,8.5,0.71
21,"Patrick Ricard, Maine (CAA)",Jr.,DL,10,6,2,43,7,0.70
22,"Larance Hale, Lamar University (Southland)",Fr.,DL,11,7,1,50,7.5,0.68
22,"Javancy Jones, Jackson St. (SWAC)",Jr.,DL,11,6,3,63,7.5,0.68
22,"Trevor Bates, Maine (CAA)",Sr.,DL,11,5,5,48,7.5,0.68
25,"Pat Afriyie, Colgate (Patriot)",So.,DL,14,9,1,44,9.5,0.68
26,"Greg Menard, North Dakota St. (MVFC)",So.,DL,15,9,2,66,10,0.67
27,"Mitchell Jeter, The Citadel (SoCon)",Sr.,DL,13,7,3,63,8.5,0.65
27,"Chris Landrum, Sr., Jacksonville St. (OVC)",Sr.,DL,13,6,5,44,8.5,0.65
29,"Kamu Grugier-Hill, Eastern Ill. (OVC)",Sr.,LB,10,6,1,42,6.5,0.65
29,"Caleb Hawkins, Western Caro. (SoCon)",Sr.,DL,10,6,1,41,6.5,0.65
31,"Tosin Aguebar, Mercer (SoCon)",Jr.,LB,11,7,0,46,7,0.64
31,"Dewayne Cameron, Holy Cross (Patriot)",Jr.,DL,11,7,0,78,7,0.64
31,"Mike Mentor, Wagner (NEC)",Sr.,DL,11,7,0,33,7,0.64
31,"Davion Belk, Stetson (Pioneer)",Jr.,DL,11,6,2,31,7,0.64
31,"Jimmy King, Bucknell (Patriot)",Sr.,DL,11,6,2,58,7,0.64
31,"Richard Mitchell, N.C. Central (MEAC)",Sr.,DL,11,6,2,58,7,0.64
31,"Reggie Owens, South Carolina St. (MEAC)",Sr.,LB,11,6,2,53,7,0.64
31,"Josh Willis, Butler (Pioneer)",Jr.,DL,11,5,4,47,7,0.64
31,"Aaron Tiller, Southern U. (SWAC)",So.,LB,11,4,6,40,7,0.64
40,"P. J. Hall, Sam Houston (Southland)",So.,DL,15,9,1,60,9.5,0.63
41,"Dino Fanti, Eastern Ill. (OVC)",Sr.,DL,12,7,1,51,7.5,0.63
41,"Cam Shorey, New Hampshire (CAA)",Jr.,DL,12,7,1,34,7.5,0.63
41,"Akheem Barton, Prairie View (SWAC)",Fr.,,8,4,2,36,5,0.63
44,"Darien Barrett, Alabama St. (SWAC)",Jr.,DL,9,5,1,35,5.5,0.61
45,"Isaac Ales, UNI (MVFC)",Sr.,DL,14,8,1,36,8.5,0.61
46,"Derek Floyd, Central Ark. (Southland)",Sr.,DL,10,3,6,43,6,0.60
46,"Tedderick Terrell, Jackson St. (SWAC)",Sr.,DL,10,3,6,44,6,0.60
