Rank,Player,Cl,Pos,G,Solo Sack,Asst Sack,Sack Yds,Tot Sack,Sacks PG
1,"Isaiah Land, Florida A&M (SWAC)",Jr.,LB,12,18,2,121,19,1.58
2,"James Houston, Jackson St. (SWAC)",Sr.,LB,13,16,1,117,16.5,1.27
3,"Nate Lynn, William & Mary (CAA)",Jr.,DL,10,11,2,57,12,1.20
4,"Clay Patterson, Yale (Ivy League)",Jr.,DL,10,11,1,70,11.5,1.15
5,"Josiah Silver, New Hampshire (CAA)",Fr.,DE,11,12,1,70,12.5,1.14
6,"Daniel Hardy, Montana St. (Big Sky)",Sr.,LB,15,14,5,108,16.5,1.10
6,"Samuel Wright, Princeton (Ivy League)",Sr.,DL,10,10,2,68,11,1.10
8,"Devonnsha Maxwell, Chattanooga (SoCon)",Jr.,DL,11,11,2,60,12,1.09
9,"Patrick O'Connell, Montana (Big Sky)",Jr.,LB,13,12,4,107,14,1.08
10,"Charles Akanno, Idaho (Big Sky)",Sr.,LB,11,11,0,80,11,1.00
11,"Isaiah Chambers, McNeese (Southland)",Sr.,DL,11,10,1,86,10.5,0.95
11,"David Hoage, Northern Colo. (Big Sky)",So.,DL,11,10,1,64,10.5,0.95
11,"Jared Verse, UAlbany (CAA)",Fr.,DL,11,10,1,81,10.5,0.95
11,"VJ Malo, Portland St. (Big Sky)",Jr.,DL,11,9,3,109,10.5,0.95
15,"Darius Reynolds, Richmond (CAA)",Sr.,DL,10,8,3,51,9.5,0.95
16,"Will Buck, San Diego (Pioneer)",So.,DL,11,8,4,83,10,0.91
17,"Brevin Allen, Campbell (Big South)",Sr.,DL,11,9,1,45,9.5,0.86
17,"Jonathan Hammond, Davidson (Pioneer)",So.,DL,11,9,1,54,9.5,0.86
17,"Isaiah Longino, Northwestern St. (Southland)",Jr.,DE,11,9,1,41,9.5,0.86
20,"Ty French, Gardner-Webb (Big South)",So.,DE,10,8,1,59,8.5,0.85
20,"Cam Dillon, Columbia (Ivy League)",Sr.,LB,10,7,3,68,8.5,0.85
22,"Josiah Erickson, Sacramento St. (Big Sky)",Sr.,DL,12,10,0,102,10,0.83
22,"Rayshad Nichols, SFA (WAC)",Sr.,DL,12,9,2,69,10,0.83
22,"Kevin Peprah, Sacred Heart (NEC)",Sr.,DL,12,7,6,77,10,0.83
25,"De'Shaan Dixon, Norfolk St. (MEAC)",Sr.,DL,11,8,2,51,9,0.82
26,"Shaundre Mims, Charleston So. (Big South)",Sr.,DL,10,7,2,57,8,0.80
26,"Rico Watson, Robert Morris (Big South)",So.,DL,10,7,2,31,8,0.80
28,"BJ Thompson, SFA (WAC)",Sr.,DE,12,7,5,51,9.5,0.79
29,"Fermon Reid, Stetson (Pioneer)",Sr.,DE,9,6,2,38,7,0.78
30,"L.B. Mack III, Rhode Island (CAA)",Sr.,LB,11,8,1,52,8.5,0.77
30,"Vaughn Taylor, Morehead St. (Pioneer)",Sr.,DL,11,5,7,58,8.5,0.77
32,"Jake Heimlicher, Penn (Ivy League)",Sr.,LB,10,6,3,58,7.5,0.75
33,"Jacob Dobbs, Holy Cross (Patriot)",Jr.,LB,13,8,3,60,9.5,0.73
34,"Elijah Ponder, Cal Poly (Big Sky)",Fr.,LB,11,8,0,83,8,0.73
34,"Kenny Dyson Jr., Bryant (NEC)",Jr.,DL,11,7,2,35,8,0.73
34,"Inoke Moala, Indiana St. (MVFC)",Sr.,DE,11,7,2,63,8,0.73
37,"Reid Nickerson, Yale (Ivy League)",Sr.,DL,10,7,0,55,7,0.70
37,"Jacob Sykes, Harvard (Ivy League)",Sr.,DL,10,6,2,53,7,0.70
39,"Brayden Thomas, North Dakota St. (MVFC)",Sr.,DE,13,8,2,67,9,0.69
40,"KeShaun Moore, Hampton (Big South)",Jr.,LB,11,6,3,52,7.5,0.68
41,"Kevin Ellis, Missouri St. (MVFC)",Sr.,DE,12,7,2,44,8,0.67
42,"Nate Leskovec, Harvard (Ivy League)",Jr.,DL,10,5,3,40,6.5,0.65
43,"Bryce Carter, James Madison (CAA)",Sr.,DE,14,8,2,51,9,0.64
43,"Isaac Ukwu, James Madison (CAA)",Jr.,DE,14,8,2,51,9,0.64
45,"Will Kiely, William & Mary (CAA)",Sr.,DL,11,7,0,44,7,0.64
45,"Titus Leo, Wagner (NEC)",Sr.,LB,11,7,0,49,7,0.64
45,"Gunner Gibson, New Hampshire (CAA)",Jr.,DE,11,5,4,49,7,0.64
48,"Jason Dumas, Prairie View (SWAC)",Jr.,DL,12,7,1,52,7.5,0.62
48,"Caden Houghtelling, UNI (MVFC)",Sr.,DL,12,7,1,45,7.5,0.62
48,"Amad Murray, SFA (WAC)",Jr.,DL,12,6,3,69,7.5,0.62
51,"Marcus Welnel, Montana (Big Sky)",Jr.,LB,13,7,2,71,8,0.62
52,"Jordan Lewis, Southern U. (SWAC)",Sr.,LB,9,5,1,30,5.5,0.61
52,"Kelvin Apari, Central Conn. St. (NEC)",Sr.,DL,9,4,3,39,5.5,0.61
54,"Cole Aubrey, Princeton (Ivy League)",Jr.,DL,10,6,0,42,6,0.60
54,"Sundiata Anderson, Grambling (SWAC)",Jr.,DL,10,5,2,40,6,0.60
56,"Muhindo Kapapa, San Diego (Pioneer)",Sr.,DL,11,6,1,50,6.5,0.59
56,"Mason Kinsey, McNeese (Southland)",Jr.,DE,11,5,3,25,6.5,0.59
56,"Trejuan Purty, Valparaiso (Pioneer)",Sr.,DL,11,5,3,38,6.5,0.59
56,"Ronnie Thomas, Mississippi Val. (SWAC)",Jr.,DL,11,5,3,43,6.5,0.59
60,"Nick Gaes, South Dakota (MVFC)",So.,DL,12,7,0,60,7,0.58
60,"Jacob Matthew, South Dakota (MVFC)",Sr.,LB,12,7,0,57,7,0.58
60,"Jared Brinkman, UNI (MVFC)",Sr.,DL,12,6,2,34,7,0.58
63,"Liam Anderson, Holy Cross (Patriot)",Sr.,LB,13,6,3,52,7.5,0.58
64,"Amandre Williams, Montana St. (Big Sky)",Sr.,LB,15,6,5,64,8.5,0.57
65,"Onarjae Bonhometre, Sacred Heart (NEC)",So.,DL,9,4,2,27,5,0.56
66,"Ben Brewton, Chattanooga (SoCon)",So.,DL,10,5,1,47,5.5,0.55
66,"Kyle Finnick, Dayton (Pioneer)",Jr.,DL,10,4,3,31,5.5,0.55
68,"Jared Schiess, Weber St. (Big Sky)",Sr.,DL,11,6,0,27,6,0.55
68,"Parker Stokes, Furman (SoCon)",Sr.,DL,11,6,0,41,6,0.55
68,"Jaxson Turner, North Dakota (MVFC)",Sr.,LB,11,6,0,46,6,0.55
68,"Jared Pedraza, Northwestern St. (Southland)",Fr.,LB,11,5,2,37,6,0.55
68,"Perry Ganci, Nicholls (Southland)",So.,DL,11,4,4,34,6,0.55
73,"Jahari Kay, Sam Houston (WAC)",Sr.,DL,12,5,3,37,6.5,0.54
74,"Eli Mostaert, North Dakota St. (MVFC)",So.,DT,15,6,3,50,7.5,0.50
74,"Dan Kuznetsov, Holy Cross (Patriot)",Sr.,DL,13,6,1,43,6.5,0.50
74,"Aubrey Miller Jr., Jackson St. (SWAC)",Sr.,LB,13,5,3,55,6.5,0.50
74,"Kevin Glajchen, Southern Ill. (MVFC)",Sr.,DL,12,6,0,51,6,0.50
74,"Eyabi Okie, UT Martin (OVC)",So.,DL,12,5,2,40,6,0.50
74,"Malik Hamm, Lafayette (Patriot)",Sr.,DL,11,5,1,32,5.5,0.50
74,"Chris Myers, Norfolk St. (MEAC)",Sr.,DL,11,5,1,34,5.5,0.50
74,"Tadarrius Patterson, Tennessee St. (OVC)",Jr.,DE,11,5,1,28,5.5,0.50
74,"Jay Person, Chattanooga (SoCon)",So.,LB,11,5,1,34,5.5,0.50
74,"Logan Jessup, Central Ark. (ASUN)",So.,DL,11,4,3,26,5.5,0.50
74,"Mike Arrington, Marist (Pioneer)",Jr.,LB,10,5,0,21,5,0.50
74,"Gentle Hunt, Florida A&M (SWAC)",Fr.,DL,10,5,0,32,5,0.50
74,"Anton Williams, Charleston So. (Big South)",Sr.,DL,10,5,0,31,5,0.50
74,"Paul Akere, Columbia (Ivy League)",Sr.,DL,10,4,2,39,5,0.50
74,"Prince Emili, Penn (Ivy League)",Sr.,DL,10,4,2,37,5,0.50
74,"AJ Garson, Duquesne (NEC)",Sr.,DL,10,4,2,29,5,0.50
74,"Thor Griffith, Harvard (Ivy League)",Fr.,DT,10,4,2,42,5,0.50
74,"Jaylen Parks, Saint Francis (PA) (NEC)",So.,LB,10,4,2,39,5,0.50
74,"Marques White, Dartmouth (Ivy League)",Jr.,LB,10,4,2,34,5,0.50
93,"Jalen Porter, ETSU (SoCon)",So.,LB,13,6,0,52,6,0.46
93,"Garrett Crawford, Southeastern La. (Southland)",So.,DL,13,5,2,25,6,0.46
93,"Joshua Jerome, Eastern Wash. (Big Sky)",Jr.,DL,13,5,2,32,6,0.46
93,"Antwan Owens, Jackson St. (SWAC)",Sr.,DL,13,5,2,37,6,0.46
97,"Troy James, Prairie View (SWAC)",Sr.,DL,12,4,3,28,5.5,0.46
98,"Monroe Beard III, Ark.-Pine Bluff (SWAC)",Jr.,LB,11,5,0,44,5,0.45
98,"Lorenzo Hernandez, Monmouth (Big South)",Sr.,DL,11,5,0,33,5,0.45
98,"Hunter Mason, Western Ill. (MVFC)",Jr.,DL,11,5,0,33,5,0.45
98,"Aidan Murray, Richmond (CAA)",Jr.,DL,11,5,0,26,5,0.45
98,"Devin Rice, UNI (MVFC)",So.,DL,11,5,0,27,5,0.45
98,"Jacob Roberts, N.C. A&T (Big South)",So.,LB,11,5,0,31,5,0.45
98,"George Tarlas, Weber St. (Big Sky)",Jr.,DE,11,5,0,27,5,0.45
98,"Donnell Brown, Saint Francis (PA) (NEC)",Fr.,LB,11,4,2,19,5,0.45
98,"Markel Perry, Sam Houston (WAC)",Jr.,LB,11,4,2,29,5,0.45
98,"Makye Smith, Stony Brook (CAA)",Jr.,DL,11,4,2,42,5,0.45
108,"Jaymond Jackson, Lamar University (WAC)",Fr.,DE,10,4,1,19,4.5,0.45
108,"Ohmante Jenkins, Hampton (Big South)",Jr.,DL,10,4,1,33,4.5,0.45
108,"Nick Price, Valparaiso (Pioneer)",So.,DL,10,4,1,32,4.5,0.45
111,"Caleb Sanders, South Dakota St. (MVFC)",Sr.,DT,15,6,1,36,6.5,0.43
112,"Benton Whitley, Holy Cross (Patriot)",Sr.,DL,13,5,1,34,5.5,0.42
113,"Marcus Hawkins, Sacramento St. (Big Sky)",Sr.,LB,12,5,0,23,5,0.42
113,"Cam Trimble, UC Davis (Big Sky)",Jr.,LB,12,4,2,16,5,0.42
113,"Mike Greene, James Madison (CAA)",Sr.,DL,12,3,4,36,5,0.42
116,"Terrell Allen, Austin Peay (OVC)",So.,DT,11,4,1,34,4.5,0.41
116,"Colin Bohanek, Eastern Ill. (OVC)",So.,LB,11,4,1,38,4.5,0.41
116,"Kerick Reese, Kennesaw St. (Big South)",Jr.,DL,11,4,1,34,4.5,0.41
116,"Mikhari Sibblis, Lehigh (Patriot)",Jr.,DL,11,4,1,27,4.5,0.41
116,"Caleb Sutherland, Bethune-Cookman (SWAC)",Jr.,CB,11,4,1,20,4.5,0.41
116,"Mykee Irving, San Diego (Pioneer)",Sr.,DL,11,3,3,22,4.5,0.41
116,"Austin Martins, Valparaiso (Pioneer)",Sr.,DL,11,3,3,27,4.5,0.41
123,"Ray Anderson, Southern U. (SWAC)",Sr.,LB,10,4,0,21,4,0.40
123,"Mike Bright Jr., Bucknell (Patriot)",So.,DL,10,4,0,18,4,0.40
123,"Callum Flanders, Brown (Ivy League)",Sr.,DE,10,4,0,21,4,0.40
123,"Trevor Harris, Lehigh (Patriot)",So.,DL,10,4,0,34,4,0.40
123,"Maxi Hradecny, Duquesne (NEC)",Jr.,DL,10,4,0,22,4,0.40
123,"Chase McGowan, Delaware (CAA)",Jr.,DL,10,4,0,33,4,0.40
123,"Jason Medeiros, Brown (Ivy League)",Sr.,LB,10,4,0,23,4,0.40
123,"Kris Reid Jr, Indiana St. (MVFC)",Sr.,DL,10,4,0,30,4,0.40
123,"Shai Thomas, Gardner-Webb (Big South)",Sr.,DE,10,4,0,23,4,0.40
123,"Solomon Zubairu, Mercer (SoCon)",Jr.,DL,10,4,0,15,4,0.40
123,"Shane Cokes, Dartmouth (Ivy League)",Jr.,DL,10,3,2,27,4,0.40
123,"Chris Eaton Jr., Bryant (NEC)",So.,DL,10,3,2,36,4,0.40
123,"Kevin Kurzinger, Duquesne (NEC)",Fr.,DL,10,3,2,33,4,0.40
123,"Octaveon MINTER, South Carolina St. (MEAC)",Fr.,DL,10,3,2,39,4,0.40
137,"Taylor Bolesta, LIU (NEC)",So.,DL,9,3,1,20,3.5,0.39
137,"Jessie Malit, N.C. Central (MEAC)",Sr.,DL,9,3,1,22,3.5,0.39
137,"Tre Turner, N.C. Central (MEAC)",So.,DL,9,3,1,35,3.5,0.39
137,"Jeblonski GREEN, JR., South Carolina St. (MEAC)",So.,LB,9,2,3,33,3.5,0.39
137,"Mike Stodola, Dayton (Pioneer)",Jr.,DL,9,2,3,17,3.5,0.39
142,"Jordan Berner, Southern Ill. (MVFC)",Sr.,DL,13,4,2,39,5,0.38
142,"Jake Reichwein, Holy Cross (Patriot)",Sr.,DL,13,4,2,36,5,0.38
144,"Scean Mustin, Sam Houston (WAC)",Sr.,DL,12,4,1,32,4.5,0.38
144,"Tolu Ogunrinde, South Dakota St. (MVFC)",Sr.,DE,12,4,1,45,4.5,0.38
144,"Bryce Rodgers, UC Davis (Big Sky)",Sr.,DL,12,4,1,20,4.5,0.38
144,"Tim Butcher, UNI (MVFC)",Sr.,DL,12,3,3,28,4.5,0.38
144,"Devin Goree, Missouri St. (MVFC)",So.,DE,12,3,3,27,4.5,0.38
144,"Rashaud Powell, Prairie View (SWAC)",Sr.,DE,12,3,3,22,4.5,0.38
150,"Brody Grebe, Montana St. (Big Sky)",Fr.,DE,15,5,1,34,5.5,0.37
150,"Reece Winkelman, South Dakota St. (MVFC)",Sr.,DE,15,5,1,36,5.5,0.37
152,"JaQuez Akins, UT Martin (OVC)",Sr.,DB,11,4,0,17,4,0.36
152,"Jalen Bell, Mississippi Val. (SWAC)",So.,DL,11,4,0,17,4,0.36
152,"Francis Bemiy, Southern Utah (Big Sky)",Jr.,DL,11,4,0,28,4,0.36
152,"Stone Snyder, VMI (SoCon)",Jr.,LB,11,4,0,22,4,0.36
152,"Zeke Vandenburgh, Illinois St. (MVFC)",Sr.,LB,11,4,0,25,4,0.36
152,"Deonte Williams, Florida A&M (SWAC)",Sr.,DL,11,4,0,21,4,0.36
152,"Sebastian Benjamin, Saint Francis (PA) (NEC)",Fr.,LB,11,3,2,32,4,0.36
152,"Christian Dixon, Towson (CAA)",Sr.,LB,11,3,2,25,4,0.36
152,"Matt Jaworski, Fordham (Patriot)",Fr.,LB,11,3,2,27,4,0.36
152,"JehDon Jenkins, Hampton (Big South)",Fr.,LB,11,3,2,18,4,0.36
152,"Eloi Kwete, Northern Ariz. (Big Sky)",So.,DL,11,3,2,25,4,0.36
152,"Jordan Miles, Eastern Ill. (OVC)",So.,DE,11,3,2,26,4,0.36
152,"Kobie Turner, Richmond (CAA)",Sr.,DL,11,3,2,17,4,0.36
152,"Ubong Udom, Eastern Ky. (ASUN)",Sr.,DL,11,3,2,21,4,0.36
152,"Tim Varga, Eastern Ill. (OVC)",Jr.,DL,11,3,2,25,4,0.36
152,"Roland Walder, Eastern Ky. (ASUN)",Sr.,DL,11,3,2,21,4,0.36
152,"Elijiah Williams, Morgan St. (MEAC)",Fr.,LB,11,3,2,26,4,0.36
152,"Vinnie Shaffer, Towson (CAA)",Sr.,DL,11,2,4,27,4,0.36
170,"Cade Terveer, South Dakota St. (MVFC)",Jr.,DE,14,4,2,37,5,0.36
171,"Jacob Abill, Marist (Pioneer)",Sr.,DL,10,3,1,21,3.5,0.35
171,"Michael Badejo, Texas Southern (SWAC)",Sr.,DL,10,3,1,45,3.5,0.35
171,"Greg Benton Jr., Western Ill. (MVFC)",Jr.,LB,10,3,1,22,3.5,0.35
171,"Tony Bowman, Bethune-Cookman (SWAC)",Sr.,DL,10,3,1,23,3.5,0.35
171,"DeAndre Clifton, Monmouth (Big South)",Jr.,DL,10,3,1,19,3.5,0.35
171,"Omardrick Douglas, Southeast Mo. St. (OVC)",Sr.,LB,10,3,1,34,3.5,0.35
171,"Elijah Lewis, New Hampshire (CAA)",Sr.,DT,10,3,1,20,3.5,0.35
171,"Tyler Martinez, Texas Southern (SWAC)",Jr.,DT,10,3,1,15,3.5,0.35
171,"Osaretin Obadyei, Abilene Christian (WAC)",Jr.,DE,10,3,1,24,3.5,0.35
171,"Nick Salley, Charleston So. (Big South)",Sr.,DL,10,3,1,14,3.5,0.35
171,"Chris Smith, Harvard (Ivy League)",Sr.,DL,10,3,1,24,3.5,0.35
171,"Damon Washington, Lafayette (Patriot)",Jr.,DL,10,3,1,16,3.5,0.35
171,"Dylan Wudke, Youngstown St. (MVFC)",So.,DL,10,3,1,26,3.5,0.35
184,"Richie Hagarty, Southern Ill. (MVFC)",So.,DL,13,4,1,21,4.5,0.35
184,"Jace Lewis, Montana (Big Sky)",Sr.,LB,13,4,1,41,4.5,0.35
184,"Forrest Rhyne, Villanova (CAA)",Sr.,LB,13,4,1,26,4.5,0.35
184,"Mitchell Johnson, Eastern Wash. (Big Sky)",Sr.,DL,13,3,3,43,4.5,0.35
188,"Patrick GODBOLT, South Carolina St. (MEAC)",So.,DL,12,4,0,46,4,0.33
188,"Brendan Webb, South Dakota (MVFC)",Jr.,DL,12,4,0,24,4,0.33
188,"Michael Ambagtsheer, UC Davis (Big Sky)",Fr.,DL,12,3,2,22,4,0.33
188,"Travis Bell, Kennesaw St. (Big South)",Sr.,DL,12,3,2,28,4,0.33
188,"Nyles Gaddy, Jackson St. (SWAC)",So.,LB,12,3,2,25,4,0.33
188,"John Graves III, Southeastern La. (Southland)",Jr.,DL,12,3,2,11,4,0.33
188,"Dennis Osagiede, SFA (WAC)",Sr.,DL,12,2,4,15,4,0.33
188,"Eddie Gonzales, Northern Colo. (Big Sky)",Sr.,DL,9,3,0,20,3,0.33
188,"La'akea Kaho'ohanohano-Davis, Southern Utah (Big Sky)",Jr.,LB,9,3,0,24,3,0.33
188,"Tyquan King, N.C. A&T (Big South)",Fr.,LB,9,3,0,24,3,0.33
188,"Devin Harrell, N.C. A&T (Big South)",Sr.,DL,9,2,2,15,3,0.33
188,"Karfa Kaba, N.C. A&T (Big South)",Sr.,DL,9,2,2,10,3,0.33
188,"Juan Monjarres, Nicholls (Southland)",Jr.,DL,9,2,2,15,3,0.33
188,"Robert Porcher, N.C. A&T (Big South)",Jr.,DE,9,2,2,11,3,0.33
