Rank,Player,Cl,Pos,G,Solo Sack,Asst Sack,Sack Yds,Tot Sack,Sacks PG
1,"Marcus Smith, Louisville (AAC)",Sr.,DL,13,14,1,115,14.5,1.12
2,"Trent Murphy, Stanford (Pac-12)",Sr.,LB,14,14,2,119,15,1.07
3,"Vic Beasley, Clemson (ACC)",Jr.,DL,13,13,0,96,13,1.00
3,"Jackson Jeffcoat, Texas (Big 12)",Sr.,DL,13,13,0,75,13,1.00
3,"Hau'Oli Kikaha, Washington (Pac-12)",---,DE,13,12,2,82,13,1.00
6,"Jeremiah Attaochu, Georgia Tech (ACC)",Sr.,LB,13,12,1,86,12.5,0.96
7,"Martin Ifedi, Memphis (AAC)",Jr.,DL,12,11,1,62,11.5,0.96
8,"Ryan Mueller, Kansas St. (Big 12)",Jr.,DL,13,11,1,66,11.5,0.88
8,"Kareem Martin, North Carolina (ACC)",Sr.,DL,13,10,3,85,11.5,0.88
10,"Dee Ford, Auburn (SEC)",Sr.,DL,12,10,1,96,10.5,0.88
10,"Demarcus Lawrence, Boise St. (Mountain West)",Jr.,DL,12,10,1,75,10.5,0.88
12,"Shaquil Barrett, Colorado St. (Mountain West)",Sr.,LB,14,11,2,77,12,0.86
13,"Aaron Donald, Pittsburgh (ACC)",Sr.,DL,13,11,0,84,11,0.85
14,"Michael Sam, Missouri (SEC)",Sr.,DL,14,11,1,71,11.5,0.82
15,"Randy Gregory, Nebraska (Big Ten)",So.,DL,13,10,1,69,10.5,0.81
15,"Khalil Mack, Buffalo (MAC)",Sr.,LB,13,9,3,79,10.5,0.81
17,"Kelcy Quarles, South Carolina (SEC)",Jr.,DL,12,9,1,91,9.5,0.79
18,"Anthony Barr, UCLA (Pac-12)",Sr.,LB,13,10,0,66,10,0.77
18,"Jay Bromley, Syracuse (ACC)",Sr.,DL,13,10,0,102,10,0.77
18,"Ejiro Ederaine, Fresno St. (Mountain West)",So.,LB,13,10,0,57,10,0.77
18,"Cedric Reed, Texas (Big 12)",Jr.,DL,13,9,2,61,10,0.77
22,"Jayrone Elliott, Toledo (MAC)",Sr.,DL,12,9,0,68,9,0.75
22,"Brock Hekking, Nevada (Mountain West)",Jr.,DL,12,9,0,68,9,0.75
22,"Nikita Whitlock, Wake Forest (ACC)",Sr.,DL,12,8,2,74,9,0.75
25,"Lorenzo Mauldin, Louisville (AAC)",Jr.,DL,13,9,1,64,9.5,0.73
25,"Kasim Edebali, Boston College (ACC)",Sr.,DL,13,8,3,65,9.5,0.73
25,"Andre Monroe, Maryland (ACC)",Jr.,DL,13,8,3,58,9.5,0.73
25,"Silverberry Mouhon, Cincinnati (AAC)",So.,DL,13,8,3,56,9.5,0.73
29,"Jacoby Hale, Utah (Pac-12)",Jr.,LB,9,6,1,51,6.5,0.72
30,"Xavius Boyd, Western Ky. (Sun Belt)",Sr.,LB,12,8,1,48,8.5,0.71
30,"Eli Harold, Virginia (ACC)",So.,DL,12,8,1,80,8.5,0.71
30,"Trevor Reilly, Utah (Pac-12)",Sr.,LB,12,7,3,58,8.5,0.71
30,"Chris Smith, Arkansas (SEC)",Sr.,DL,12,7,3,71,8.5,0.71
34,"Aaron Bellazin, North Texas (C-USA)",Sr.,DL,13,8,2,40,9,0.69
34,"Marcus Whitfield, Maryland (ACC)",Sr.,LB,13,8,2,90,9,0.69
36,"Kony Ealy, Missouri (SEC)",Jr.,DL,14,9,1,59,9.5,0.68
37,"Jonathan Newsome, Ball St. (MAC)",Sr.,DL,12,6,4,54,8,0.67
38,"Davon Coleman, Arizona St. (Pac-12)",Sr.,DL,13,7,3,43,8.5,0.65
39,"Nico Caponi, Akron (MAC)",Sr.,DL,10,6,1,31,6.5,0.65
40,"Devon Kennard, Southern California (Pac-12)",Sr.,DL,14,7,4,64,9,0.64
41,"Alvin Dupree, Kentucky (SEC)",Jr.,DL,11,5,4,48,7,0.64
42,"Cory Henry, Fla. Atlantic (C-USA)",Sr.,DL,12,7,1,43,7.5,0.63
42,"Alex Page, South Alabama (Sun Belt)",Sr.,DL,12,7,1,46,7.5,0.63
42,"Romelle Jones, South Alabama (Sun Belt)",Sr.,DL,12,6,3,63,7.5,0.63
45,"Cory James, Colorado St. (Mountain West)",So.,LB,13,8,0,58,8,0.62
45,"James Morris, Iowa (Big Ten)",Sr.,LB,13,8,0,47,8,0.62
45,"Noah Spence, Ohio St. (Big Ten)",So.,DL,13,6,4,67,8,0.62
48,"Carl Bradford, Arizona St. (Pac-12)",Jr.,LB,14,8,1,70,8.5,0.61
49,"Jordan Batiste, Tulane (C-USA)",So.,DB,12,5,4,43,7,0.58
50,"Theiren Cockran, Minnesota (Big Ten)",So.,DL,13,7,1,38,7.5,0.58
50,"Scott Crichton, Oregon St. (Pac-12)",Jr.,DL,13,7,1,48,7.5,0.58
50,"Norkeithus Otis, North Carolina (ACC)",Jr.,LB,13,7,1,66,7.5,0.58
50,"Stephon Tuitt, Notre Dame (FBS Independent)",Jr.,DL,13,7,1,56,7.5,0.58
50,"Tarell Basham, Ohio (MAC)",Fr.,DL,13,6,3,52,7.5,0.58
50,"Tony Washington, Oregon (Pac-12)",Jr.,DL,13,6,3,36,7.5,0.58
56,"Brett Bowers, New Mexico (Mountain West)",Jr.,DL,11,6,0,46,6,0.55
56,"Martin Wright, Fla. Atlantic (C-USA)",Sr.,DL,11,4,4,49,6,0.55
