Rank,Player,Cl,Pos,G,Solo Sack,Asst Sack,Sack Yds,Tot Sack,Sacks PG
1,"Andre Walker, Houston Christian (Southland)",Sr.,DL,12,13,4,108,15,1.25
2,"Keith Woetzel, Lehigh (Patriot)",Sr.,LB,11,11,2,82,12,1.09
3,"George Obinna, Sacramento St. (Big Sky)",Sr.,DL,13,12,4,82,14,1.08
4,"Justus Reed, Youngstown St. (MVFC)",Sr.,DL,12,12,1,74,12.5,1.04
5,"John Daka, James Madison (CAA)",Sr.,DL,16,15,3,124,16.5,1.03
6,"Bryce Sterk, Montana St. (Big Sky)",Sr.,DL,15,13,4,90,15,1.00
6,"Sully Laiche, Nicholls (Southland)",Sr.,DL,12,12,0,75,12,1.00
8,"Eli Mencer, UAlbany (CAA)",Sr.,RB,14,13,1,79,13.5,0.96
9,"Elerson Smith, UNI (MVFC)",Jr.,TE,15,13,2,91,14,0.93
10,"Derrek Tuszka, North Dakota St. (MVFC)",Sr.,DL,15,12,3,92,13.5,0.90
11,"Shaundre Mims, Charleston So. (Big South)",So.,DL,12,10,0,60,10,0.83
11,"Aaron Patrick, Eastern Ky. (OVC)",Sr.,DL,12,10,0,59,10,0.83
13,"Simeon Page, Bucknell (Patriot)",Jr.,LB,11,9,0,57,9,0.82
13,"Jerry Garner, Mississippi Val. (SWAC)",Jr.,DB,11,7,4,32,9,0.82
15,"Anton Williams, Charleston So. (Big South)",Jr.,DL,10,8,0,28,8,0.80
16,"Cameron Gill, Wagner (NEC)",Sr.,LB,12,9,1,70,9.5,0.79
16,"Chris Livings, McNeese (Southland)",Sr.,DL,12,9,1,58,9.5,0.79
16,"Nick Wheeler, Colgate (Patriot)",Sr.,DL,12,9,1,60,9.5,0.79
19,"Anfernee Mullins, Grambling (SWAC)",Sr.,DL,9,5,4,46,7,0.78
20,"Temisan Kuyatsemi, Abilene Christian (Southland)",Sr.,DL,11,7,3,45,8.5,0.77
21,"Ron'Dell Carter, James Madison (CAA)",Sr.,DL,16,8,8,77,12,0.75
21,"Adam Rodriguez, Weber St. (Big Sky)",Sr.,DL,14,10,1,68,10.5,0.75
21,"Colby Campbell, Presbyterian (Big South)",Jr.,LB,12,8,2,56,9,0.75
21,"Tomas Wright, Bryant (NEC)",Sr.,DL,12,8,2,70,9,0.75
21,"Chris Myers, Norfolk St. (MEAC)",Jr.,DL,12,7,4,37,9,0.75
21,"Cody Roscoe, McNeese (Southland)",Jr.,DL,12,7,4,56,9,0.75
21,"Darius Royster, N.C. Central (MEAC)",Sr.,DL,12,7,4,63,9,0.75
21,"Kayon Whitaker, Maine (CAA)",Sr.,DL,12,7,4,68,9,0.75
21,"Chris Favoroso, Duquesne (NEC)",Sr.,DL,10,7,1,39,7.5,0.75
21,"Jermaine McDaniel, N.C. A&T (MEAC)",So.,DL,10,6,3,54,7.5,0.75
31,"Romeo McKnight, Illinois St. (MVFC)",Jr.,DL,15,10,2,64,11,0.73
32,"Jevon Leon, Sam Houston (Southland)",Fr.,DL,12,8,1,53,8.5,0.71
33,"Bruce Johnson, South Carolina St. (MEAC)",Jr.,,10,6,2,39,7,0.70
34,"Taquan Evans, Eastern Ky. (OVC)",Sr.,DL,12,8,0,44,8,0.67
34,"Kameron Hill, Abilene Christian (Southland)",Jr.,DL,12,8,0,39,8,0.67
34,"Malik Hamm, Lafayette (Patriot)",So.,DL,12,7,2,47,8,0.67
34,"Maurice Jackson, Richmond (CAA)",Sr.,DL,12,7,2,66,8,0.67
34,"Ma'lik Richmond, Youngstown St. (MVFC)",Sr.,DL,12,7,2,37,8,0.67
39,"Makel Calhoun, Southern Ill. (MVFC)",So.,LB,11,6,2,54,7,0.64
39,"Marcus Willoughby, Elon (CAA)",Sr.,DL,11,6,2,41,7,0.64
41,"Daniel Crosley, Lamar University (Southland)",Sr.,DL,12,7,1,45,7.5,0.63
42,"Tre Jones, Central Conn. St. (NEC)",Jr.,LB,13,6,4,48,8,0.62
43,"George Tarlas, Weber St. (Big Sky)",So.,DL,15,9,0,69,9,0.60
43,"Benji Mowatt, Penn (Ivy League)",Jr.,DL,10,6,0,38,6,0.60
43,"Tre'Shaud Smith, Prairie View (SWAC)",Jr.,MLB,10,5,2,42,6,0.60
43,"Caleb Johnson, Houston Christian (Southland)",Jr.,LB,10,4,4,35,6,0.60
47,"Eric Powell, Mississippi Val. (SWAC)",Sr.,DL,11,4,5,36,6.5,0.59
48,"Michael Mason, Wofford (SoCon)",Fr.,DL,12,7,0,39,7,0.58
48,"Dariyn Choates, Sacramento St. (Big Sky)",Sr.,DL,12,6,2,35,7,0.58
48,"Marcus Cushine, Alabama A&M (SWAC)",So.,LB,12,6,2,44,7,0.58
48,"Devonnsha Maxwell, Chattanooga (SoCon)",So.,DL,12,6,2,42,7,0.58
48,"Kobie Turner, Richmond (CAA)",So.,DL,12,6,2,44,7,0.58
48,"Devin Harrell, N.C. A&T (MEAC)",Fr.,DL,12,5,4,40,7,0.58
54,"Isaac Adeyemi-Berglund, Southeastern La. (Southland)",Sr.,DL,13,5,5,64,7.5,0.58
55,"Tevaughn Grant, Wagner (NEC)",Sr.,LB,9,2,6,30,5,0.56
56,"Mason Bennett, North Dakota (FCS Independent)",Sr.,DL,10,5,1,29,5.5,0.55
56,"Niko Lalos, Dartmouth (Ivy League)",Sr.,DL,10,4,3,42,5.5,0.55
56,"Anthony Nelson, Jr., Harvard (Ivy League)",So.,DL,10,4,3,39,5.5,0.55
59,"Bill Murray, William & Mary (CAA)",Sr.,DL,11,5,2,27,6,0.55
60,"Nick Eaton, UC Davis (Big Sky)",Fr.,LB,12,6,1,34,6.5,0.54
60,"Luke Holloway, Idaho St. (Big Sky)",Sr.,LB,12,6,1,39,6.5,0.54
60,"Gavin Johnson, William & Mary (CAA)",Sr.,LB,12,6,1,35,6.5,0.54
60,"Jayden Pauling, Western Caro. (SoCon)",So.,LB,12,5,3,37,6.5,0.54
60,"Ellis Taylor, Fordham (Patriot)",Jr.,DL,12,4,5,46,6.5,0.54
65,"Malik Fisher, Villanova (CAA)",Jr.,DL,13,6,2,46,7,0.54
65,"Desmond Johnson, Jr., Kennesaw St. (Big South)",Sr.,DL,13,5,4,38,7,0.54
67,"Tuvone Clark, Illinois St. (MVFC)",Sr.,LB,14,7,1,37,7.5,0.54
68,"Jonah Williams, Weber St. (Big Sky)",Sr.,DL,15,7,1,68,7.5,0.50
68,"Josephus Smith, Austin Peay (OVC)",Fr.,DL,15,6,3,62,7.5,0.50
68,"Forrest Rhyne, Villanova (CAA)",Jr.,LB,13,6,1,46,6.5,0.50
68,"Reece Winkelman, South Dakota St. (MVFC)",So.,DL,13,6,1,43,6.5,0.50
68,"Adrian Hope, Furman (SoCon)",So.,LB,13,5,3,32,6.5,0.50
68,"Ryan Earith, South Dakota St. (MVFC)",Sr.,DL,13,4,5,57,6.5,0.50
68,"Marco Olivas, Lafayette (Patriot)",Fr.,LB,12,6,0,32,6,0.50
68,"Nick Salley, Charleston So. (Big South)",Sr.,DL,12,6,0,47,6,0.50
68,"Anthony Knighton, Southern Ill. (MVFC)",Jr.,DL,12,5,2,46,6,0.50
68,"Malachi Washington, Morgan St. (MEAC)",Sr.,DL,12,4,4,22,6,0.50
68,"Peter Delatour, Marist (Pioneer)",Sr.,LB,11,5,1,41,5.5,0.50
68,"Jason Dumas, Prairie View (SWAC)",So.,,11,5,1,38,5.5,0.50
68,"Marques Ford, Bethune-Cookman (MEAC)",Sr.,DL,11,5,1,37,5.5,0.50
68,"Niko Kvietkus, New Hampshire (CAA)",So.,DL,11,5,1,34,5.5,0.50
68,"Brevin Allen, Campbell (Big South)",So.,DL,11,4,3,26,5.5,0.50
68,"Henry Karimu, Tennessee Tech (OVC)",Jr.,DL,11,4,3,30,5.5,0.50
68,"Drew Wiley, Villanova (CAA)",Sr.,LB,11,4,3,41,5.5,0.50
68,"Daniel DeLorenzi, Columbia (Ivy League)",Sr.,DL,10,5,0,43,5,0.50
68,"Prince Emili, Penn (Ivy League)",Sr.,DL,10,4,2,34,5,0.50
87,"Mike Greene, James Madison (CAA)",Jr.,DL,16,7,1,60,7.5,0.47
88,"Jared Brinkman, UNI (MVFC)",Jr.,DL,15,6,2,49,7,0.47
89,"Patrick O'Connell, Montana (Big Sky)",So.,DL,14,6,1,56,6.5,0.46
90,"Jacob Dobbs, Holy Cross (Patriot)",Fr.,LB,13,5,2,43,6,0.46
90,"Jordan Lewis, Southern U. (SWAC)",So.,LB,13,5,2,59,6,0.46
90,"Josh Carr, Southeastern La. (Southland)",So.,LB,13,4,4,32,6,0.46
93,"Chase BradleyDELETE, Sacred Heart (NEC)",Sr.,,12,5,1,24,5.5,0.46
93,"Anthony Del Toro, Portland St. (Big Sky)",Sr.,DL,12,5,1,30,5.5,0.46
93,"Carson Taylor, Northern Ariz. (Big Sky)",Jr.,DL,12,4,3,38,5.5,0.46
93,"Vaughn Taylor, Jr., Morehead St. (Pioneer)",Jr.,DL,12,4,3,31,5.5,0.46
93,"Chris Tucker, Tennessee Tech (OVC)",Jr.,DL,12,3,5,27,5.5,0.46
98,"Gerrit Van Itallie, Bucknell (Patriot)",Jr.,DB,11,5,0,40,5,0.45
98,"Tyrell Goodwin, South Carolina St. (MEAC)",Sr.,,11,4,2,34,5,0.45
98,"Markel Perry, Sam Houston (Southland)",So.,LB,11,4,2,34,5,0.45
98,"Jalen Steward, Ark.-Pine Bluff (SWAC)",Sr.,DL,11,4,2,38,5,0.45
98,"Xavier Mitchell, Ark.-Pine Bluff (SWAC)",Jr.,LB,11,3,4,28,5,0.45
103,"Mason Ellis, Alabama A&M (SWAC)",Sr.,LB,10,4,1,23,4.5,0.45
103,"Brian O'Neill, Penn (Ivy League)",Jr.,LB,10,4,1,18,4.5,0.45
103,"Jake Stebbins, Cornell (Ivy League)",Fr.,LB,10,4,1,31,4.5,0.45
103,"Samuel Wright, Princeton (Ivy League)",Jr.,DL,10,4,1,42,4.5,0.45
103,"Jacob Roberts, N.C. A&T (MEAC)",Fr.,LB,10,3,3,22,4.5,0.45
108,"Kentrelle Groom, Hampton (Big South)",So.,DL,9,4,0,29,4,0.44
108,"Aaron Acosta, Marist (Pioneer)",Fr.,DL,9,3,2,30,4,0.44
108,"Clayton Glasco, Indiana St. (MVFC)",Sr.,LB,9,3,2,20,4,0.44
111,"J.W. Jones, Central Ark. (Southland)",Jr.,DL,13,5,1,26,5.5,0.42
111,"Dan Kuznetsov, Holy Cross (Patriot)",So.,DL,13,5,1,27,5.5,0.42
111,"Ron Cherry, Southeastern La. (Southland)",Jr.,DL,13,3,5,25,5.5,0.42
114,"Luke Giegling, Southern Ill. (MVFC)",So.,LB,12,5,0,34,5,0.42
114,"Darin Greenfield, South Dakota (MVFC)",Sr.,DL,12,5,0,36,5,0.42
114,"Da'Jon Lee, Saint Francis (PA) (NEC)",Sr.,LB,12,5,0,40,5,0.42
114,"Jake Matthew, South Dakota (MVFC)",Jr.,LB,12,5,0,38,5,0.42
114,"Joseph Randolph, The Citadel (SoCon)",Sr.,DL,12,5,0,27,5,0.42
114,"Devalon Whitcomb, South Dakota (MVFC)",Sr.,DL,12,5,0,32,5,0.42
114,"Kelechi Anyalebechi, UIW (Southland)",So.,LB,12,4,2,35,5,0.42
114,"Jeremiah Chambers, Abilene Christian (Southland)",Sr.,LB,12,4,2,17,5,0.42
114,"DJ Coleman, Jacksonville St. (OVC)",So.,DL,12,4,2,31,5,0.42
114,"Quinton Hicks, South Dakota St. (MVFC)",Fr.,DL,12,4,2,27,5,0.42
114,"Jeremy Imperati, Fordham (Patriot)",Jr.,DL,12,4,2,30,5,0.42
114,"Brian Lee, Jr., Saint Francis (PA) (NEC)",So.,LB,12,4,2,37,5,0.42
114,"Trace Mascorro, Sam Houston (Southland)",Jr.,DL,12,4,2,28,5,0.42
114,"Keenan Marr, Hampton (Big South)",Sr.,DL,12,3,4,30,5,0.42
128,"DeMarko Craig, Youngstown St. (MVFC)",Fr.,DL,11,4,1,39,4.5,0.41
128,"Wesley Green, Grambling (SWAC)",So.,DL,11,4,1,19,4.5,0.41
128,"Pete Haffner, Lehigh (Patriot)",Jr.,LB,11,4,1,26,4.5,0.41
128,"Dytarious Johnson, Eastern Ill. (OVC)",Jr.,LB,11,4,1,27,4.5,0.41
128,"Roderick Perry, South Carolina St. (MEAC)",Jr.,NT,11,4,1,34,4.5,0.41
128,"Jaxson Turner, North Dakota (FCS Independent)",Jr.,LB,11,4,1,15,4.5,0.41
128,"Christian Elliss, Idaho (Big Sky)",Jr.,LB,11,3,3,36,4.5,0.41
128,"Shawn Richard, Portland St. (Big Sky)",Sr.,DL,11,3,3,27,4.5,0.41
136,"Steven Podkulski, Illinois St. (MVFC)",Jr.,DL,15,6,0,42,6,0.40
136,"Brawntae Wells, UNI (MVFC)",Jr.,DL,15,5,2,29,6,0.40
136,"Storey Jackson, Prairie View (SWAC)",Sr.,,10,4,0,29,4,0.40
136,"Sean Kissel, Yale (Ivy League)",Sr.,DL,10,4,0,23,4,0.40
136,"Oleh Manzyk, New Hampshire (CAA)",Fr.,LB,10,4,0,21,4,0.40
136,"Spencer Matthaei, Yale (Ivy League)",Sr.,DL,10,4,0,33,4,0.40
136,"Erik Slater, Lehigh (Patriot)",Jr.,LB,10,4,0,26,4,0.40
136,"Renaldo Flowers Jr, Florida A&M (MEAC)",So.,DL,10,3,2,21,4,0.40
136,"Gunner Gibson, New Hampshire (CAA)",So.,DL,10,3,2,23,4,0.40
136,"Michael Hoecht, Brown (Ivy League)",Sr.,DL,10,3,2,27,4,0.40
136,"Damien Dozier, Campbell (Big South)",Jr.,DL,10,2,4,30,4,0.40
147,"McKade Mitton, Weber St. (Big Sky)",So.,DL,14,5,1,32,5.5,0.39
148,"Carlos Scott, McNeese (Southland)",Jr.,LB,9,3,1,20,3.5,0.39
149,"Bryant Pirtle, Southeast Mo. St. (OVC)",Sr.,LB,13,5,0,34,5,0.38
149,"Benton Whitley, Holy Cross (Patriot)",Jr.,DL,13,5,0,62,5,0.38
149,"Marcus Hawkins, Sacramento St. (Big Sky)",Jr.,LB,13,4,2,20,5,0.38
149,"Alexis Ramos, Southeastern La. (Southland)",Jr.,LB,13,4,2,26,5,0.38
149,"Dru Seabrook, Furman (SoCon)",Jr.,DL,13,4,2,26,5,0.38
149,"Corey Stefanik, Holy Cross (Patriot)",Sr.,DB,13,4,2,32,5,0.38
149,"Brandon Puritt, Central Conn. St. (NEC)",Sr.,DL,13,3,4,40,5,0.38
156,"Brandon Carswell, Delaware St. (MEAC)",Sr.,DL,12,4,1,36,4.5,0.38
156,"Bryce Carter, Towson (CAA)",Jr.,DL,12,4,1,20,4.5,0.38
156,"Christian Dixon, Towson (CAA)",Jr.,LB,12,4,1,33,4.5,0.38
156,"Ryan Greenhagan, Fordham (Patriot)",So.,LB,12,4,1,26,4.5,0.38
156,"Keonte Hampton, Jackson St. (SWAC)",So.,LB,12,4,1,32,4.5,0.38
156,"Jalen Ivy, Southern U. (SWAC)",So.,DL,12,4,1,25,4.5,0.38
156,"Bryce Perry-Martin, Davidson (Pioneer)",Sr.,DL,12,4,1,25,4.5,0.38
156,"Austin Pickett, UT Martin (OVC)",Sr.,DL,12,4,1,29,4.5,0.38
156,"Nasir Player, ETSU (SoCon)",Sr.,DL,12,4,1,28,4.5,0.38
156,"Gary Sampson, SFA (Southland)",Sr.,DL,12,4,1,14,4.5,0.38
156,"Chucky Sullivan, Southern Ill. (MVFC)",Jr.,DL,12,4,1,45,4.5,0.38
156,"Jireh Wilson, Wofford (SoCon)",Sr.,LB,12,4,1,29,4.5,0.38
156,"Henrik Barndt, Indiana St. (MVFC)",Jr.,DL,12,3,3,27,4.5,0.38
156,"Cole Burgess, Abilene Christian (Southland)",Sr.,DL,12,3,3,21,4.5,0.38
156,"De'Shaan Dixon, Norfolk St. (MEAC)",Jr.,DL,12,3,3,18,4.5,0.38
156,"Rico Kennedy, Morgan St. (MEAC)",Sr.,LB,12,3,3,24,4.5,0.38
156,"TJ Jefferson, UT Martin (OVC)",Sr.,LB,12,2,5,28,4.5,0.38
156,"Logan Clifton, Harvard (Ivy League)",So.,DL,8,3,0,17,3,0.38
156,"Elijah Pierre, Brown (Ivy League)",Sr.,DL,8,2,2,11,3,0.38
175,"Jabril Cox, North Dakota St. (MVFC)",Jr.,LB,15,5,1,32,5.5,0.37
175,"Spencer Waege, North Dakota St. (MVFC)",So.,DL,15,4,3,30,5.5,0.37
177,"Devon Booker, Alabama St. (SWAC)",Sr.,LB,11,4,0,30,4,0.36
177,"Grant Dixon, Marist (Pioneer)",Jr.,LB,11,4,0,21,4,0.36
177,"Tyler Dressler, Richmond (CAA)",Jr.,LB,11,4,0,27,4,0.36
177,"Kevin Ellis, Missouri St. (MVFC)",So.,DL,11,4,0,44,4,0.36
177,"Evan Horn, New Hampshire (CAA)",Jr.,DB,11,4,0,25,4,0.36
177,"Rick Mottram, Bucknell (Patriot)",Jr.,LB,11,4,0,21,4,0.36
177,"Mikhari Sibblis, Lehigh (Patriot)",Fr.,DL,11,4,0,20,4,0.36
177,"Nnamdi Unachukwu, Bucknell (Patriot)",Jr.,DL,11,4,0,17,4,0.36
177,"Jomard Valsin Jr., Northwestern St. (Southland)",So.,LB,11,4,0,30,4,0.36
177,"Kail Dava, Tennessee Tech (OVC)",Fr.,DL,11,3,2,29,4,0.36
177,"Brandon Ginnetti, Rhode Island (CAA)",Sr.,DL,11,3,2,21,4,0.36
177,"O'Shea Jackson, Northwestern St. (Southland)",Sr.,DL,11,3,2,30,4,0.36
177,"Ibrahim Kamara, Georgetown (Patriot)",So.,DL,11,3,2,27,4,0.36
177,"Josh Kania, New Hampshire (CAA)",Sr.,DL,11,3,2,31,4,0.36
177,"Max Roberts, Maine (CAA)",Jr.,DL,11,3,2,26,4,0.36
192,"Travis Bell, Kennesaw St. (Big South)",So.,DL,14,4,2,16,5,0.36
193,"Ramshar Clarke, LIU (NEC)",Sr.,LB,10,3,1,22,3.5,0.35
193,"Ronald Collins, Prairie View (SWAC)",Sr.,DL,10,3,1,23,3.5,0.35
193,"Jonathan Coste, Fordham (Patriot)",Jr.,DL,10,3,1,28,3.5,0.35
193,"Joey DeMarco, Princeton (Ivy League)",Sr.,DL,10,2,3,12,3.5,0.35
193,"Jeremiah Tyler, Princeton (Ivy League)",Jr.,LB,10,2,3,15,3.5,0.35
198,"Zeke  Vandenburgh, Illinois St. (MVFC)",So.,LB,15,4,2,21,5,0.33
198,"Amandre Williams, Montana St. (Big Sky)",Jr.,LB,15,4,2,32,5,0.33
198,"Breon Austin, Alabama A&M (SWAC)",So.,DL,12,4,0,21,4,0.33
198,"Kameron Cline, South Dakota (MVFC)",Sr.,DL,12,4,0,22,4,0.33
198,"Abel Daily, Lamar University (Southland)",So.,DL,12,4,0,24,4,0.33
198,"Kainoa Fuiava, Idaho St. (Big Sky)",So.,DL,12,4,0,22,4,0.33
198,"Jonas Griffith, Indiana St. (MVFC)",Sr.,LB,12,4,0,31,4,0.33
198,"Lacale London, Western Ill. (MVFC)",Sr.,DL,12,4,0,29,4,0.33
198,"Bryce Rodgers, UC Davis (Big Sky)",Sr.,DL,12,4,0,20,4,0.33
198,"Tanner Wilhelm, Presbyterian (Big South)",So.,DL,12,4,0,18,4,0.33
198,"Kenton Bartlett, Portland St. (Big Sky)",Sr.,DL,12,3,2,25,4,0.33
198,"Cecil Cherry, UT Martin (OVC)",Sr.,LB,12,3,2,27,4,0.33
198,"Coleman Coco, Colgate (Patriot)",So.,DL,12,3,2,21,4,0.33
198,"Jale'n Gladney, Tennessee Tech (OVC)",Jr.,DL,12,3,2,24,4,0.33
198,"Harrison Hill, Davidson (Pioneer)",Jr.,LB,12,3,2,17,4,0.33
198,"Armoni Holloway, Alabama A&M (SWAC)",Jr.,DB,12,3,2,43,4,0.33
198,"Jake Porter, Portland St. (Big Sky)",So.,DL,12,3,2,20,4,0.33
198,"Royce See, Sam Houston (Southland)",Sr.,LB,12,3,2,29,4,0.33
198,"Cyrus Stanback, N.C. Central (MEAC)",Sr.,DL,12,3,2,23,4,0.33
198,"Desmond Sturdivant, Hampton (Big South)",Sr.,DL,12,3,2,45,4,0.33
198,"Joseph Wallace, Sam Houston (Southland)",Jr.,DL,12,3,2,24,4,0.33
198,"James Watkins, Saint Francis (PA) (NEC)",So.,DL,12,3,2,29,4,0.33
198,"Jamehl Wiley, Maine (CAA)",So.,DL,12,3,2,16,4,0.33
198,"Chris Williams, Wagner (NEC)",Sr.,DL,12,3,2,20,4,0.33
198,"Devin Thurmond, Hampton (Big South)",Sr.,TE,12,2,4,23,4,0.33
198,"Uche Ndukwe, Princeton (Ivy League)",So.,DL,9,3,0,13,3,0.33
198,"John Goree, Houston Christian (Southland)",So.,DL,9,2,2,19,3,0.33
198,"Jamarquis Reeves, Bethune-Cookman (MEAC)",Jr.,DL,9,2,2,11,3,0.33
