Rank,Player,Cl,Pos,G,Solo Sack,Asst Sack,Sack Yds,Tot Sack,Sacks PG
1,"Jaylon Ferguson, Louisiana Tech (C-USA)",Sr.,DL,13,15,5,111,17.5,1.35
2,"Josh Allen, Kentucky (SEC)",Sr.,LB,13,17,0,107,17,1.31
3,"Nate Harvey, East Carolina (AAC)",Sr.,DL,12,14,1,100,14.5,1.21
4,"Sutton Smith, NIU (MAC)",Jr.,DL,14,15,0,102,15,1.07
5,"Oshane Ximines, Old Dominion (C-USA)",Sr.,DL,12,11,2,79,12,1.00
6,"Montez Sweat, Mississippi St. (SEC)",Sr.,DL,13,10,3,96,11.5,0.88
7,"Jachai Polite, Florida (SEC)",Jr.,DL,13,10,2,55,11,0.85
8,"Kendall Coleman, Syracuse (ACC)",Jr.,DL,12,10,0,78,10,0.83
8,"Josh Corcoran, NIU (MAC)",Sr.,LB,12,10,0,67,10,0.83
8,"Alton Robinson, Syracuse (ACC)",Jr.,DL,12,10,0,54,10,0.83
8,"Brian Burns, Florida St. (ACC)",Jr.,DL,12,9,2,94,10,0.83
12,"A.J. Epenesa, Iowa (Big Ten)",So.,DL,13,10,1,66,10.5,0.81
12,"Tipa Galeai, Utah St. (Mountain West)",Jr.,LB,13,10,1,59,10.5,0.81
12,"Patrick Johnson, Tulane (AAC)",So.,DL,13,10,1,63,10.5,0.81
15,"Mike Danna, Central Mich. (MAC)",Jr.,DL,12,9,1,74,9.5,0.79
16,"Corbin Kaufusi, BYU (FBS Independent)",Sr.,DL,11,8,1,51,8.5,0.77
17,"Clelin Ferrell, Clemson (ACC)",Jr.,DL,15,11,1,59,11.5,0.77
18,"Chase Young, Ohio St. (Big Ten)",So.,DL,14,9,3,74,10.5,0.75
18,"Wyatt Ray, Boston College (ACC)",Sr.,DL,12,8,2,58,9,0.75
20,"Carter Coughlin, Minnesota (Big Ten)",Jr.,DL,13,9,1,50,9.5,0.73
20,"Anthony Nelson, Iowa (Big Ten)",Jr.,DL,13,9,1,63,9.5,0.73
20,"Curtis Weaver, Boise St. (Mountain West)",So.,DL,13,8,3,83,9.5,0.73
23,"Cedric Wilcots II, New Mexico St. (FBS Independent)",Jr.,DL,10,6,2,48,7,0.70
24,"Jordan Brailford, Oklahoma St. (Big 12)",Jr.,DL,13,9,0,50,9,0.69
24,"Ty Tyler, Marshall (C-USA)",Jr.,DL,13,9,0,59,9,0.69
24,"E.J. Ejiya, North Texas (C-USA)",Sr.,LB,13,8,2,71,9,0.69
24,"Joe Jackson, Miami (FL) (ACC)",Jr.,DL,13,7,4,45,9,0.69
24,"Ronheen Bingham, Arkansas St. (Sun Belt)",Sr.,DL,13,6,6,60,9,0.69
29,"Jamell Garcia-Williams, UAB (C-USA)",Sr.,LB,14,9,1,54,9.5,0.68
29,"Bryce Huff, Memphis (AAC)",Jr.,LB,14,9,1,53,9.5,0.68
29,"Charles Omenihu, Texas (Big 12)",Sr.,DL,14,9,1,58,9.5,0.68
32,"Tre' Crawford, UAB (C-USA)",Sr.,LB,12,8,0,66,8,0.67
32,"David Long Jr., West Virginia (Big 12)",Jr.,LB,12,8,0,52,8,0.67
32,"Darrell Taylor, Tennessee (SEC)",Jr.,DL,12,8,0,54,8,0.67
35,"Ben Banogu, TCU (Big 12)",Sr.,DL,13,8,1,39,8.5,0.65
35,"James Nachtigal, Army West Point (FBS Independent)",Sr.,LB,13,8,1,58,8.5,0.65
35,"Tuzar Skipper, Toledo (MAC)",Sr.,DL,13,8,1,57,8.5,0.65
35,"Kyahva Tezino, San Diego St. (Mountain West)",Jr.,LB,13,8,1,51,8.5,0.65
35,"Kenny Willekes, Michigan St. (Big Ten)",Jr.,DL,13,7,3,60,8.5,0.65
40,"Nick Coe, Auburn (SEC)",So.,DL,11,6,2,43,7,0.64
41,"Isaiah Buggs, Alabama (SEC)",Sr.,DL,15,8,3,49,9.5,0.63
42,"Maxx Crosby, Eastern Mich. (MAC)",Jr.,DL,12,7,1,44,7.5,0.63
42,"Mustafa Johnson, Colorado (Pac-12)",So.,DL,12,7,1,39,7.5,0.63
42,"Bobby Roundtree, Illinois (Big Ten)",So.,DL,12,7,1,43,7.5,0.63
42,"Reggie Walker, Kansas St. (Big 12)",Jr.,DL,12,7,1,48,7.5,0.63
42,"Robert Windsor, Penn St. (Big Ten)",Jr.,DL,12,6,3,43,7.5,0.63
47,"Malik Reed, Nevada (Mountain West)",Sr.,LB,13,8,0,58,8,0.62
47,"Jerry Tillery, Notre Dame (FBS Independent)",Sr.,DL,13,8,0,54,8,0.62
47,"Yetur Gross-Matos, Penn St. (Big Ten)",So.,DL,13,7,2,58,8,0.62
47,"Julian Okwara, Notre Dame (FBS Independent)",Jr.,DL,13,7,2,57,8,0.62
47,"JaQuan Bailey, Iowa St. (Big 12)",Jr.,DL,13,6,4,60,8,0.62
52,"Dre'Mont Jones, Ohio St. (Big Ten)",Sr.,DL,14,8,1,61,8.5,0.61
52,"Kaimana Padello, Hawaii (Mountain West)",Jr.,DL,14,8,1,87,8.5,0.61
52,"Christian Miller, Alabama (SEC)",Sr.,LB,14,7,3,35,8.5,0.61
55,"Korey Rush, Nevada (Mountain West)",Sr.,DL,10,6,0,34,6,0.60
56,"Josh Uche, Michigan (Big Ten)",Jr.,LB,12,7,0,44,7,0.58
56,"A.J. Hotchkins, UTEP (C-USA)",Sr.,LB,12,6,2,49,7,0.58
56,"Armon Watts, Arkansas (SEC)",Sr.,DL,12,6,2,50,7,0.58
59,"Channing Hames, Marshall (C-USA)",Jr.,DL,13,7,1,51,7.5,0.58
59,"Ladarius Hamilton, North Texas (C-USA)",Jr.,DL,13,7,1,57,7.5,0.58
59,"Shareef Miller, Penn St. (Big Ten)",Jr.,DL,13,7,1,63,7.5,0.58
59,"Hunter Reese, Troy (Sun Belt)",Sr.,DL,13,7,1,58,7.5,0.58
59,"D'Andre Walker, Georgia (SEC)",Sr.,LB,13,7,1,43,7.5,0.58
59,"Ali Fayad, Western Mich. (MAC)",So.,DL,13,6,3,46,7.5,0.58
59,"Chris Peace, Virginia (ACC)",Sr.,LB,13,6,3,53,7.5,0.58
66,"Bradlee Anae, Utah (Pac-12)",Jr.,DL,14,7,2,56,8,0.57
67,"Javahn Fergurson, New Mexico St. (FBS Independent)",Jr.,LB,10,5,1,32,5.5,0.55
68,"L.J. Collier, TCU (Big 12)",Sr.,DL,11,5,2,35,6,0.55
68,"Germaine Pratt, NC State (ACC)",Sr.,LB,11,5,2,43,6,0.55
70,"Zach Allen, Boston College (ACC)",Sr.,DL,12,6,1,36,6.5,0.54
70,"Chuck Harris, Buffalo (MAC)",Sr.,DL,12,5,3,36,6.5,0.54
72,"Willie Baker, Louisiana Tech (C-USA)",So.,DL,13,7,0,57,7,0.54
72,"Michael Dogbe, Temple (AAC)",Sr.,DL,13,6,2,49,7,0.54
72,"Kingsley Keke, Texas A&M (SEC)",Sr.,DL,13,6,2,32,7,0.54
75,"Joe Gaziano, Northwestern (Big Ten)",Jr.,DL,14,6,3,61,7.5,0.54
76,"Austin Bryant, Clemson (ACC)",Sr.,DL,15,8,0,45,8,0.53
76,"Quinnen Williams, Alabama (SEC)",So.,DL,15,7,2,57,8,0.53
78,"DQ Thomas, Middle Tenn. (C-USA)",So.,LB,14,7,0,60,7,0.50
78,"Titus Davis, UCF (AAC)",Sr.,LB,13,6,1,36,6.5,0.50
78,"Dajon Emory, Arkansas St. (Sun Belt)",Sr.,DL,13,6,1,48,6.5,0.50
78,"Brandon Garner, North Texas (C-USA)",Sr.,LB,13,6,1,56,6.5,0.50
78,"Justin Hollins, Oregon (Pac-12)",Sr.,DL,13,6,1,51,6.5,0.50
78,"Gary Johnson, Texas (Big 12)",Sr.,LB,13,6,1,36,6.5,0.50
78,"Jabari Zuniga, Florida (SEC)",Jr.,DL,13,6,1,54,6.5,0.50
78,"Landis Durham, Texas A&M (SEC)",Sr.,DL,13,5,3,34,6.5,0.50
78,"Doug Costin, Miami (OH) (MAC)",Jr.,DL,12,5,2,24,6,0.50
78,"Deangelo Malone, Western Ky. (C-USA)",So.,DL,12,5,2,40,6,0.50
78,"James Smith-Williams, NC State (ACC)",Jr.,DL,12,5,2,23,6,0.50
78,"William Bradley-King, Arkansas St. (Sun Belt)",Jr.,DL,12,4,4,37,6,0.50
78,"Sherrod Ruff, Southern Miss. (C-USA)",Sr.,LB,11,5,1,38,5.5,0.50
78,"Jason Strowbridge, North Carolina (ACC)",Jr.,DL,11,5,1,24,5.5,0.50
78,"Jacob Thieneman, Purdue (Big Ten)",Sr.,DB,10,5,0,43,5,0.50
93,"Khalil Brooks, Middle Tenn. (C-USA)",Sr.,LB,14,6,1,53,6.5,0.46
93,"Rashad Weaver, Pittsburgh (ACC)",So.,DL,14,6,1,37,6.5,0.46
95,"Anthony Ekpe, Rice (C-USA)",So.,LB,13,6,0,46,6,0.46
95,"Jarrell Owens, Oklahoma St. (Big 12)",Sr.,DL,13,6,0,26,6,0.46
95,"Austin Robinson, Houston (AAC)",Sr.,LB,13,6,0,29,6,0.46
95,"Quincy Roche, Temple (AAC)",So.,DL,13,6,0,39,6,0.46
95,"Ralph Holley, Western Mich. (MAC)",So.,DL,13,5,2,29,6,0.46
95,"Shaquille Quarterman, Miami (FL) (ACC)",Jr.,LB,13,5,2,41,6,0.46
101,"Christian Albright, Ball St. (MAC)",So.,LB,12,5,1,38,5.5,0.46
101,"Rhashaun Epting, New Mexico (Mountain West)",So.,LB,12,5,1,43,5.5,0.46
101,"Luke Gifford, Nebraska (Big Ten)",Sr.,LB,12,5,1,52,5.5,0.46
101,"Lucas Weber, Nevada (Mountain West)",Sr.,LB,12,5,1,44,5.5,0.46
101,"Jamal Davis II, Akron (MAC)",Sr.,LB,12,4,3,37,5.5,0.46
106,"Jacques Turner, Southern Miss. (C-USA)",So.,DL,11,5,0,36,5,0.45
107,"Jonathan Wilson, Memphis (AAC)",Jr.,DL,14,6,0,49,6,0.43
107,"Joseph Dorceus, Memphis (AAC)",So.,DL,14,5,2,35,6,0.43
107,"Jack Heflin, NIU (MAC)",Jr.,DL,14,5,2,32,6,0.43
110,"Markus Bailey, Purdue (Big Ten)",Jr.,LB,13,5,1,20,5.5,0.42
110,"Kenneth Brinson, Army West Point (FBS Independent)",Sr.,LB,13,5,1,36,5.5,0.42
110,"Evan Croutch, Ohio (MAC)",Sr.,LB,13,5,1,37,5.5,0.42
110,"Jordan Fehr, App State (Sun Belt)",Jr.,LB,13,5,1,41,5.5,0.42
110,"Jabril Frazier, Boise St. (Mountain West)",Sr.,DL,13,5,1,41,5.5,0.42
110,"James Lynch, Baylor (Big 12)",So.,DL,13,5,1,45,5.5,0.42
110,"Daylon Mack, Texas A&M (SEC)",Sr.,DL,13,5,1,35,5.5,0.42
110,"Andrew Van Ginkel, Wisconsin (Big Ten)",Sr.,LB,13,5,1,47,5.5,0.42
110,"Willie Yarbary, Wake Forest (ACC)",Sr.,DL,13,5,1,30,5.5,0.42
110,"Cortez Broughton, Cincinnati (AAC)",Sr.,DL,13,4,3,34,5.5,0.42
110,"Jonathan Garvin, Miami (FL) (ACC)",So.,DL,13,4,3,32,5.5,0.42
110,"Justin Madubuike, Texas A&M (SEC)",So.,,13,4,3,31,5.5,0.42
110,"Gabe Reid, Stanford (Pac-12)",So.,LB,13,4,3,34,5.5,0.42
123,"Kevin Givens, Penn St. (Big Ten)",Jr.,DL,12,5,0,10,5,0.42
123,"Kolin Hill, Texas Tech (Big 12)",Sr.,LB,12,5,0,39,5,0.42
123,"Brad Koenig, Miami (OH) (MAC)",Sr.,DB,12,5,0,31,5,0.42
123,"Kerry Starks, ULM (Sun Belt)",Jr.,DL,12,5,0,37,5,0.42
123,"Ben Stille, Nebraska (Big Ten)",So.,DL,12,5,0,28,5,0.42
123,"Jamar Watson, Kentucky (SEC)",Jr.,LB,12,5,0,39,5,0.42
123,"Daniel Wise, Kansas (Big 12)",Sr.,DL,12,5,0,35,5,0.42
123,"Devin Bush, Michigan (Big Ten)",Jr.,LB,12,4,2,36,5,0.42
123,"Michael Divinity Jr., LSU (SEC)",Jr.,LB,12,4,2,27,5,0.42
123,"Jeffrey Gunter, Coastal Carolina (Sun Belt)",So.,DL,12,4,2,36,5,0.42
123,"Logan Hunt, Ga. Southern (Sun Belt)",Sr.,DL,12,4,2,19,5,0.42
123,"Juwuan Jones, Western Ky. (C-USA)",Fr.,DL,12,4,2,22,5,0.42
123,"Richard Moore, SMU (AAC)",Sr.,LB,12,4,2,28,5,0.42
123,"Kyle Phillips, Tennessee (SEC)",Sr.,DL,12,4,2,44,5,0.42
123,"Merlin Robertson, Arizona St. (Pac-12)",Fr.,LB,12,4,2,32,5,0.42
123,"David Woodward, Utah St. (Mountain West)",So.,LB,12,4,2,39,5,0.42
123,"David Griffith, ULM (Sun Belt)",Sr.,LB,12,3,4,25,5,0.42
140,"Ryan Bee, Marshall (C-USA)",Sr.,DL,11,4,1,21,4.5,0.41
140,"Delontae Scott, SMU (AAC)",Jr.,DL,11,3,3,33,4.5,0.41
142,"Christian Wilkins, Clemson (ACC)",Sr.,DL,15,4,4,41,6,0.40
142,"Ty Summers, TCU (Big 12)",Sr.,LB,10,4,0,14,4,0.40
142,"BJ Thompson, Baylor (Big 12)",So.,DL,10,4,0,31,4,0.40
145,"Luc Bequette, California (Pac-12)",Jr.,DL,13,5,0,29,5,0.38
145,"Kent Berger, Ohio (MAC)",Sr.,DL,13,5,0,21,5,0.38
145,"Corey Bethley, TCU (Big 12)",So.,DL,13,5,0,32,5,0.38
145,"Josh Black, South Fla. (AAC)",Sr.,DL,13,5,0,25,5,0.38
145,"Grant Delpit, LSU (SEC)",So.,DB,13,5,0,44,5,0.38
145,"Alex Funches, California (Pac-12)",Sr.,LB,13,5,0,31,5,0.38
145,"Terez Hall, Missouri (SEC)",Sr.,LB,13,5,0,34,5,0.38
145,"Taylor Rapp, Washington (Pac-12)",Jr.,DB,13,5,0,33,5,0.38
145,"Shaka Toney, Penn St. (Big Ten)",So.,DL,13,5,0,40,5,0.38
145,"Willie Gay Jr., Mississippi St. (SEC)",So.,LB,13,4,2,46,5,0.38
145,"Jeremiah Harris, Eastern Mich. (MAC)",Sr.,DL,13,4,2,26,5,0.38
145,"Kingsley Jonathan, Syracuse (ACC)",So.,DL,13,4,2,37,5,0.38
145,"Chase Winovich, Michigan (Big Ten)",Sr.,DL,13,4,2,40,5,0.38
145,"Bryan Wright, Cincinnati (AAC)",Jr.,LB,13,4,2,24,5,0.38
