Rank,Player,Cl,Pos,G,Solo Sack,Asst Sack,Sack Yds,Tot Sack,Sacks PG
1,"Jonathan Petersen, San Diego (Pioneer)",Sr.,DL,13,17,2,141,18,1.38
2,"Matthew Oplinger, Yale (Ivy League)",Sr.,LB,10,11,1,67,11.5,1.15
3,"Nick Wheeler, Colgate (Patriot)",So.,DL,11,11,1,92,11.5,1.05
3,"Thomas Costigan, Bryant (NEC)",Jr.,LB,11,10,3,81,11.5,1.05
5,"Ben Sorensen, Sacramento St. (Big Sky)",Sr.,DL,10,9,2,60,10,1.00
5,"Simeon Page, Bucknell (Patriot)",Fr.,LB,9,8,2,63,9,1.00
7,"Eric Jackson, Central Ark. (Southland)",Sr.,DL,12,9,4,85,11,0.92
7,"Chris Terrell, Central Ark. (Southland)",So.,DL,12,9,4,48,11,0.92
9,"Stefen Banks, Savannah St. (MEAC)",Jr.,DL,11,9,2,65,10,0.91
9,"Luder Jean Louis, Eastern Ky. (OVC)",Sr.,DL,11,9,2,61,10,0.91
9,"Kenney Wooten, Murray St. (OVC)",Jr.,DL,11,9,2,67,10,0.91
9,"Vernon Moland, Alabama A&M (SWAC)",Jr.,DL,11,8,4,66,10,0.91
13,"Keifer Morris, Northern Colo. (Big Sky)",Jr.,DL,10,7,4,42,9,0.90
14,"Chris Stewart, Sam Houston (Southland)",So.,DL,14,12,1,60,12.5,0.89
15,"Aaron Tiller, Southern U. (SWAC)",Sr.,DL,11,9,1,61,9.5,0.86
15,"Cameron Gill, Wagner (NEC)",So.,LB,11,8,3,46,9.5,0.86
17,"Kayon Whitaker, Maine (CAA)",So.,DL,10,8,1,30,8.5,0.85
18,"Zach Hall, Southeast Mo. St. (OVC)",So.,LB,11,9,0,77,9,0.82
18,"Sione Teuhema, Southeastern La. (Southland)",Sr.,LB,11,9,0,79,9,0.82
18,"Kanyia Anderson, Towson (CAA)",Sr.,DL,11,8,2,60,9,0.82
18,"Anthony Ellis, Charleston So. (Big South)",Sr.,DL,11,8,2,67,9,0.82
18,"Andrew Clyde, Richmond (CAA)",Jr.,DL,11,7,4,59,9,0.82
23,"Richard Jarvis, Brown (Ivy League)",Sr.,LB,10,8,0,53,8,0.80
23,"Darius Leonard, South Carolina St. (MEAC)",Jr.,SAM,10,7,2,51,8,0.80
25,"Jaison Williams, Austin Peay (OVC)",So.,DL,12,9,1,46,9.5,0.79
26,"Bryson Armstrong, Kennesaw St. (Big South)",Fr.,LB,14,11,0,78,11,0.79
27,"Gerald Ferguson, Robert Morris (NEC)",Sr.,LB,11,8,1,62,8.5,0.77
27,"George Obinna, Sacramento St. (Big Sky)",Jr.,DL,11,8,1,46,8.5,0.77
27,"Emmanuel Olenga, Campbell (Pioneer)",Fr.,DL,11,8,1,47,8.5,0.77
27,"Tucker Schye, Montana (Big Sky)",Sr.,DL,11,8,1,57,8.5,0.77
27,"Brian Lipscomb, VMI (SoCon)",Jr.,LB,11,6,5,56,8.5,0.77
32,"La'Allan Clark, Grambling (SWAC)",Jr.,DL,12,6,6,70,9,0.75
33,"Rickey Neal, UNI (MVFC)",Jr.,LB,13,9,1,68,9.5,0.73
34,"Dalton Keene, Illinois St. (MVFC)",Sr.,TE,11,8,0,63,8,0.73
34,"Kawuan Cox, N.C. Central (MEAC)",So.,DL,11,7,2,42,8,0.73
34,"Malachi Washington, Morgan St. (MEAC)",Jr.,DL,11,7,2,44,8,0.73
37,"Justin Swift, Southeast Mo. St. (OVC)",So.,LB,10,6,2,34,7,0.70
37,"Brandon Waller, Richmond (CAA)",Sr.,LB,10,5,4,29,7,0.70
39,"Darin Greenfield, South Dakota (MVFC)",So.,LB,13,9,0,71,9,0.69
40,"James Graham, Illinois St. (MVFC)",Sr.,LB,11,7,1,45,7.5,0.68
40,"Rico Kennedy, Morgan St. (MEAC)",Jr.,LB,11,7,1,62,7.5,0.68
42,"Charles Callender, Yale (Ivy League)",So.,DB,9,6,0,31,6,0.67
42,"Kenneth Melton, N.C. A&T (MEAC)",Sr.,DL,9,5,2,44,6,0.67
44,"Johnny Robinson, Charleston So. (Big South)",Jr.,DL,10,5,3,34,6.5,0.65
45,"Rick Holt, New Hampshire (CAA)",Sr.,DL,14,8,2,64,9,0.64
46,"Owen Obasuyi, Hampton (MEAC)",Sr.,DL,11,7,0,45,7,0.64
46,"Marcus Willoughby, Elon (CAA)",So.,DL,11,7,0,44,7,0.64
46,"Brandon Ginnetti, Rhode Island (CAA)",So.,DL,11,6,2,45,7,0.64
46,"Albert Havili, Eastern Wash. (Big Sky)",Sr.,DL,11,6,2,36,7,0.64
46,"Obinna Iheoma, Northwestern St. (Southland)",Jr.,LB,11,6,2,36,7,0.64
46,"Nasir Player, ETSU (SoCon)",So.,DL,11,5,4,38,7,0.64
52,"Sully Laiche, Nicholls (Southland)",So.,DL,12,7,1,61,7.5,0.63
52,"Khalen Saunders, Western Ill. (MVFC)",Jr.,DL,12,7,1,56,7.5,0.63
54,"Shayne Lawless, Stony Brook (CAA)",Jr.,LB,13,8,0,53,8,0.62
55,"Jae'Wuan Horton, New Hampshire (CAA)",Jr.,DL,14,7,3,48,8.5,0.61
56,"Michael Brooks Jr., Alcorn (SWAC)",Sr.,DL,10,3,6,30,6,0.60
57,"Quintin Hampton, Wagner (NEC)",Jr.,LB,11,6,1,37,6.5,0.59
57,"Anthony Knighton, Southern Ill. (MVFC)",Fr.,DL,11,6,1,51,6.5,0.59
57,"Bill Murray, William & Mary (CAA)",So.,DL,11,5,3,34,6.5,0.59
60,"Darius Jackson, Jacksonville St. (OVC)",Sr.,DL,12,7,0,70,7,0.58
60,"Tahjai Watt, Western Caro. (SoCon)",Sr.,LB,12,6,2,40,7,0.58
62,"Andrew Ankrah, James Madison (CAA)",Sr.,DL,15,7,3,40,8.5,0.57
62,"Darrious Carter, James Madison (CAA)",Jr.,DL,15,6,5,61,8.5,0.57
64,"Stone Hart, Harvard (Ivy League)",Sr.,DL,9,4,2,38,5,0.56
64,"Aaron Motley, Howard (MEAC)",Fr.,,9,4,2,25,5,0.56
66,"Glenn Cunningham, Fordham (Patriot)",Fr.,LB,10,5,1,27,5.5,0.55
66,"Sterling Sheffield, Maine (CAA)",Jr.,LB,10,4,3,41,5.5,0.55
68,"Teddy Capsis, Holy Cross (Patriot)",Jr.,DL,11,6,0,41,6,0.55
68,"Kendall Donnerson, Southeast Mo. St. (OVC)",Sr.,LB,11,6,0,39,6,0.55
68,"Chris Favoroso, Montana (Big Sky)",So.,DL,11,6,0,42,6,0.55
68,"John Haggart, Stony Brook (CAA)",Jr.,LB,11,6,0,51,6,0.55
68,"Brandon Weaver, UC Davis (Big Sky)",Sr.,DL,11,6,0,31,6,0.55
68,"Tashad Charity, Ark.-Pine Bluff (SWAC)",Sr.,DL,11,5,2,49,6,0.55
68,"Tanner Evans, Drake (Pioneer)",Sr.,DL,11,5,2,49,6,0.55
68,"Marques Ford, Bethune-Cookman (MEAC)",Fr.,DL,11,5,2,28,6,0.55
68,"Steven Smith, Hampton (MEAC)",Sr.,LB,11,5,2,20,6,0.55
68,"Jalyn Williams, Prairie View (SWAC)",Sr.,LB,11,4,4,33,6,0.55
78,"Sam Blue, N.C. A&T (MEAC)",Jr.,DL,12,6,1,41,6.5,0.54
78,"Kenny Dotson, Nicholls (Southland)",Jr.,DL,12,6,1,44,6.5,0.54
78,"Darryl Johnson, N.C. A&T (MEAC)",So.,DL,12,6,1,37,6.5,0.54
78,"Pete Swenson, Western Ill. (MVFC)",Jr.,LB,12,6,1,38,6.5,0.54
82,"Cardon Malan, Weber St. (Big Sky)",Sr.,DL,14,7,1,62,7.5,0.54
83,"Derrek Tuszka, North Dakota St. (MVFC)",So.,DL,15,7,1,48,7.5,0.50
83,"Simeyon Robinson, James Madison (CAA)",Sr.,DL,15,6,3,65,7.5,0.50
83,"Nick DeLuca, North Dakota St. (MVFC)",Sr.,LB,13,6,1,68,6.5,0.50
83,"De'Andre Hogues, Grambling (SWAC)",So.,LB,13,5,3,44,6.5,0.50
83,"Jeb Boudreaux, Stetson (Pioneer)",Sr.,LB,11,5,1,39,5.5,0.50
83,"Connor Buck, Colgate (Patriot)",Sr.,DL,11,5,1,27,5.5,0.50
83,"Isaiah Buehler, Mercer (SoCon)",Jr.,DL,11,5,1,46,5.5,0.50
83,"Josh Buss, Montana (Big Sky)",Jr.,LB,11,5,1,53,5.5,0.50
83,"Kenneth Davis, Alabama A&M (SWAC)",Sr.,LB,11,5,1,40,5.5,0.50
83,"Jose Duncan, Rhode Island (CAA)",Sr.,DL,11,5,1,57,5.5,0.50
83,"Mike Ezirike, Rhode Island (CAA)",Sr.,DL,11,5,1,33,5.5,0.50
83,"Bryson Gates, Abilene Christian (Southland)",Sr.,LB,11,5,1,35,5.5,0.50
83,"Zak Krolczyk, Northwestern St. (Southland)",Jr.,DL,11,5,1,30,5.5,0.50
83,"Chris Lee, Norfolk St. (MEAC)",Sr.,DL,11,5,1,35,5.5,0.50
83,"L.B. Mack III, Rhode Island (CAA)",So.,DL,11,5,1,35,5.5,0.50
83,"Bilal Nichols, Delaware (CAA)",Sr.,DL,11,5,1,51,5.5,0.50
83,"Nathan Stone, Duquesne (NEC)",Sr.,LB,11,5,1,33,5.5,0.50
83,"Anthony Stubbs, Prairie View (SWAC)",Jr.,LB,11,5,1,17,5.5,0.50
83,"Jonas Griffith, Indiana St. (MVFC)",So.,LB,11,4,3,36,5.5,0.50
83,"Matt Ahola, William & Mary (CAA)",Sr.,DL,11,3,5,33,5.5,0.50
83,"Terrell Cloud, UC Davis (Big Sky)",Jr.,DL,10,5,0,28,5,0.50
83,"Michael Hoecht, Brown (Ivy League)",So.,DL,10,5,0,25,5,0.50
83,"Antonio Brown, N.C. Central (MEAC)",Sr.,DL,10,4,2,36,5,0.50
83,"Jack Ferguson, Cal Poly (Big Sky)",Sr.,DL,10,4,2,30,5,0.50
83,"Cyrus Nolan, Cornell (Ivy League)",Jr.,LB,9,4,1,38,4.5,0.50
108,"Kyre Hawkins, James Madison (CAA)",Sr.,LB,15,6,2,39,7,0.47
109,"Marcel Andry, Nicholls (Southland)",Sr.,DL,12,5,1,36,5.5,0.46
109,"Chris Chambers, Central Ark. (Southland)",Sr.,LB,12,5,1,31,5.5,0.46
109,"Terrell Encalade, Nicholls (Southland)",Sr.,DL,12,5,1,27,5.5,0.46
109,"P. J. Hall, Sam Houston (Southland)",Sr.,DL,12,5,1,34,5.5,0.46
109,"Seth Manzanares, Central Conn. St. (NEC)",Sr.,LB,12,5,1,28,5.5,0.46
109,"Warren Messer, Elon (CAA)",Jr.,LB,12,5,1,19,5.5,0.46
109,"Ahmad Gooden, Samford (SoCon)",Jr.,DL,12,4,3,34,5.5,0.46
116,"Nigel Chavis, Norfolk St. (MEAC)",So.,DL,11,5,0,46,5,0.45
116,"Malachi Hoskins, UAlbany (CAA)",Sr.,DL,11,5,0,27,5,0.45
116,"Colby Isbell, Missouri St. (MVFC)",Sr.,DL,11,5,0,44,5,0.45
116,"Tyler Lamica, Robert Morris (NEC)",So.,LB,11,5,0,43,5,0.45
116,"Jeff Steeb, Villanova (CAA)",Jr.,LB,11,5,0,38,5,0.45
116,"James Banks, Montana (Big Sky)",Sr.,LB,11,4,2,32,5,0.45
116,"Dariyn Choates, Sacramento St. (Big Sky)",So.,DL,11,4,2,50,5,0.45
116,"Bryce Perry-Martin, Davidson (Pioneer)",So.,DL,11,4,2,29,5,0.45
116,"Khristian Tate, Georgetown (Patriot)",So.,DL,11,4,2,30,5,0.45
116,"Tez Wilson, Rhode Island (CAA)",Jr.,DL,11,4,2,33,5,0.45
116,"Yurik Bethune, Alabama A&M (SWAC)",Jr.,DL,11,3,4,42,5,0.45
127,"Chad Burdo, Butler (Pioneer)",Sr.,DL,10,4,1,28,4.5,0.45
127,"Charles Mitchell, Maine (CAA)",So.,DL,10,4,1,21,4.5,0.45
127,"Kyle Mullen, Yale (Ivy League)",Jr.,DL,10,4,1,34,4.5,0.45
127,"Alex White, Harvard (Ivy League)",Sr.,LB,10,3,3,18,4.5,0.45
131,"Paea Moala, Idaho St. (Big Sky)",Jr.,LB,9,4,0,23,4,0.44
131,"Ebenezer Ogundeko, Tennessee St. (OVC)",Sr.,DL,9,3,2,22,4,0.44
133,"Taylor Lambert, South Dakota (MVFC)",Sr.,DL,13,5,1,35,5.5,0.42
134,"Nathan Schultz, South Dakota (MVFC)",Fr.,DL,12,5,0,29,5,0.42
134,"Manny Maragoto, Monmouth (Big South)",Fr.,DL,12,4,2,35,5,0.42
136,"Blake Bockrath, ETSU (SoCon)",Fr.,LB,11,4,1,27,4.5,0.41
136,"Fazson Chapman, Youngstown St. (MVFC)",Sr.,DL,11,4,1,38,4.5,0.41
136,"Theron Chatman, Mississippi Val. (SWAC)",Sr.,DL,11,4,1,14,4.5,0.41
136,"Jalan Coleman, Prairie View (SWAC)",Sr.,LB,11,4,1,30,4.5,0.41
136,"Josh Dulaney, William & Mary (CAA)",Jr.,LB,11,4,1,23,4.5,0.41
136,"Patrick Harbin, Jr., Mississippi Val. (SWAC)",Jr.,LB,11,4,1,32,4.5,0.41
136,"Harrison Rodormer, Jacksonville (Pioneer)",Sr.,LB,11,4,1,28,4.5,0.41
136,"Josh Willis, Butler (Pioneer)",Sr.,DL,11,4,1,45,4.5,0.41
136,"Dylan Ledbetter, Eastern Wash. (Big Sky)",So.,DL,11,3,3,31,4.5,0.41
145,"Nate Howard, Austin Peay (OVC)",So.,DL,10,4,0,21,4,0.40
145,"Jordan Landsman, Cornell (Ivy League)",So.,DL,10,4,0,20,4,0.40
145,"Keegan O'Hearn, Brown (Ivy League)",Sr.,DL,10,4,0,34,4,0.40
145,"Dayshaw Taylor, South Carolina St. (MEAC)",Jr.,,10,4,0,24,4,0.40
145,"Isaiah Stephens, William & Mary (CAA)",Sr.,DL,10,3,2,29,4,0.40
150,"Jonah Williams, Weber St. (Big Sky)",So.,DL,14,5,1,39,5.5,0.39
151,"Kodi Ojukwu, Bryant (NEC)",Jr.,DL,9,3,1,8,3.5,0.39
152,"Legrand Toia, Weber St. (Big Sky)",Sr.,LB,13,5,0,37,5,0.38
153,"Edward Rudinski, Princeton (Ivy League)",Jr.,LB,8,2,2,22,3,0.38
153,"Isaiah Williams, Northern Colo. (Big Sky)",Sr.,LB,8,2,2,11,3,0.38
155,"Ryan Brady, Holy Cross (Patriot)",Jr.,LB,11,4,0,34,4,0.36
155,"Bryce Carter, Towson (CAA)",Fr.,LB,11,4,0,37,4,0.36
155,"Lyn Clark, Northwestern St. (Southland)",Sr.,LB,11,4,0,16,4,0.36
155,"Adam Conley, Illinois St. (MVFC)",Sr.,DL,11,4,0,33,4,0.36
155,"Kenyatta Dunbar, Gardner-Webb (Big South)",Sr.,LB,11,4,0,41,4,0.36
155,"Augustino Elisaia, Cal Poly (Big Sky)",Sr.,DL,11,4,0,15,4,0.36
155,"Marquis Hendrix, Bethune-Cookman (MEAC)",Jr.,LB,11,4,0,18,4,0.36
155,"Boo Jordan, Davidson (Pioneer)",Jr.,DL,11,4,0,22,4,0.36
155,"Derek Marks, Montana St. (Big Sky)",So.,DL,11,4,0,34,4,0.36
155,"Troy-Wayne Quinn, Murray St. (OVC)",Sr.,DL,11,4,0,14,4,0.36
155,"Shaheed Salmon, Samford (SoCon)",Sr.,LB,11,4,0,27,4,0.36
155,"Max Trudeau, Sacred Heart (NEC)",Sr.,LB,11,4,0,21,4,0.36
155,"Ch. Anderson, Jackson St. (SWAC)",So.,DL,11,3,2,20,4,0.36
155,"Daniel Crosley, Lamar University (Southland)",So.,DL,11,3,2,22,4,0.36
155,"Trae Ferrell, Alcorn (SWAC)",Jr.,LB,11,3,2,25,4,0.36
155,"Dillon Guthro, Bryant (NEC)",Sr.,DL,11,3,2,28,4,0.36
155,"Roderick Harris, N.C. Central (MEAC)",Sr.,DL,11,3,2,28,4,0.36
155,"Jack Kutschke, Holy Cross (Patriot)",Sr.,DL,11,3,2,19,4,0.36
155,"Dale Matthews, Jr., Richmond (CAA)",Jr.,LB,11,3,2,24,4,0.36
155,"Nick McBeath, Holy Cross (Patriot)",Sr.,LB,11,3,2,21,4,0.36
155,"Darrius Montgomery, UIW (Southland)",Jr.,DL,11,3,2,29,4,0.36
155,"Colby Ritten, Richmond (CAA)",Fr.,,11,3,2,18,4,0.36
155,"Andre Walker, Houston Baptist (Southland)",So.,DL,11,3,2,31,4,0.36
155,"Keenan Williams, Eastern Wash. (Big Sky)",Jr.,DL,11,3,2,13,4,0.36
179,"Ryan Earith, South Dakota St. (MVFC)",So.,DL,14,5,0,34,5,0.36
180,"Solomon Brown, Charleston So. (Big South)",Jr.,LB,10,3,1,25,3.5,0.35
180,"D'Sean Cummings, Towson (CAA)",Sr.,DL,10,3,1,18,3.5,0.35
180,"Jason Harris, Illinois St. (MVFC)",So.,DL,10,3,1,23,3.5,0.35
180,"David Richardson, Florida A&M (MEAC)",So.,DL,10,3,1,16,3.5,0.35
180,"Malik Hamner, Jackson St. (SWAC)",Jr.,DL,10,2,3,29,3.5,0.35
185,"Tyrice Beverette, Stony Brook (CAA)",Sr.,DB,13,4,1,35,4.5,0.35
185,"De'Arius Christmas, Grambling (SWAC)",Sr.,LB,13,4,1,31,4.5,0.35
185,"Derick Roberson, Sam Houston (Southland)",Jr.,DL,13,4,1,26,4.5,0.35
185,"Chris Washington, Furman (SoCon)",So.,LB,13,4,1,23,4.5,0.35
189,"Caleb Butler, North Dakota St. (MVFC)",Jr.,DL,15,4,2,29,5,0.33
189,"Chance Bearnson, Southern Utah (Big Sky)",Sr.,DL,12,4,0,31,4,0.33
189,"Keelon Brookins, UNI (MVFC)",Sr.,DB,12,4,0,25,4,0.33
189,"Nathan Grant, Central Ark. (Southland)",Fr.,DL,12,4,0,21,4,0.33
189,"Dondre Howell, Elon (CAA)",Sr.,DL,12,4,0,19,4,0.33
189,"George Odum, Central Ark. (Southland)",Sr.,LB,12,4,0,26,4,0.33
189,"Jalen Nash, Samford (SoCon)",So.,DL,12,3,2,34,4,0.33
189,"Jermaine Williams, N.C. A&T (MEAC)",So.,DL,12,3,2,29,4,0.33
189,"Ramonte Bell, Alcorn (SWAC)",Sr.,DL,12,2,4,20,4,0.33
189,"Joseph Uhatafe, Robert Morris (NEC)",Sr.,LB,9,3,0,18,3,0.33
189,"Chad Wiggins, Richmond (CAA)",Jr.,DL,9,3,0,19,3,0.33
189,"Gavin Johnson, William & Mary (CAA)",So.,DL,9,2,2,16,3,0.33
189,"Alejandro Oregon, Maine (CAA)",So.,DL,9,2,2,30,3,0.33
189,"J. Hunter Roman, Yale (Ivy League)",Jr.,DL,9,2,2,19,3,0.33
