Rank,Player,Cl,Pos,G,Solo Sack,Asst Sack,Sack Yds,Tot Sack,Sacks PG
1,"Joe Ostman, Central Mich. (MAC)",Sr.,DL,11,14,0,68,14,1.27
2,"Ja'Von Rolland-Jones, Arkansas St. (Sun Belt)",Sr.,DL,12,11,4,85,13,1.08
3,"Sutton Smith, NIU (MAC)",So.,DL,13,12,4,95,14,1.08
4,"Anthony Winbush, Ball St. (MAC)",Sr.,DL,12,11,1,69,11.5,0.96
5,"Tee Sims, App State (Sun Belt)",Sr.,DL,10,9,1,78,9.5,0.95
6,"Maxx Crosby, Eastern Mich. (MAC)",So.,DL,12,10,2,91,11,0.92
7,"Brian Womac, Rice (C-USA)",Sr.,DL,12,10,0,82,10,0.83
7,"Bradley Chubb, NC State (ACC)",Sr.,DL,12,9,2,66,10,0.83
9,"Mat Boesen, TCU (Big 12)",Sr.,DL,14,11,1,71,11.5,0.82
10,"Landis Durham, Texas A&M (SEC)",Jr.,LB,13,10,1,56,10.5,0.81
10,"Hercules Mata'afa, Washington St. (Pac-12)",Jr.,DL,13,9,3,55,10.5,0.81
10,"Montez Sweat, Mississippi St. (SEC)",Jr.,LB,13,9,3,64,10.5,0.81
13,"Curtis Weaver, Boise St. (Mountain West)",Fr.,DL,14,11,0,46,11,0.79
14,"Marcus Davenport, UTSA (C-USA)",Sr.,DL,11,8,1,57,8.5,0.77
15,"Charles Wright, Vanderbilt (SEC)",Jr.,RB,12,8,2,65,9,0.75
16,"Carl Granderson, Wyoming (Mountain West)",Jr.,DL,13,9,1,50,9.5,0.73
16,"Justin Lawler, SMU (AAC)",Sr.,DL,13,8,3,67,9.5,0.73
18,"Rasheem Green, Southern California (Pac-12)",Jr.,DL,14,9,2,48,10,0.71
18,"Jeff Holland, Auburn (SEC)",Jr.,LB,14,9,2,67,10,0.71
20,"Oshane Ximines, Old Dominion (C-USA)",Jr.,DL,12,7,3,48,8.5,0.71
21,"Joe Gaziano, Northwestern (Big Ten)",So.,DL,13,9,0,55,9,0.69
22,"Clelin Ferrell, Clemson (ACC)",So.,DL,14,9,1,57,9.5,0.68
22,"Uchenna Nwosu, Southern California (Pac-12)",Sr.,LB,14,9,1,52,9.5,0.68
24,"Malik Reed, Nevada (Mountain West)",Jr.,DL,12,7,2,55,8,0.67
25,"Sharif Finch, Temple (AAC)",Sr.,DL,13,8,1,57,8.5,0.65
25,"Genard Avery, Memphis (AAC)",Sr.,LB,13,7,3,66,8.5,0.65
25,"Trent Harris, Miami (FL) (ACC)",Sr.,DL,13,7,3,48,8.5,0.65
25,"Cedric Wilcots II, New Mexico St. (Independent)",So.,DL,13,7,3,51,8.5,0.65
29,"Anthony Johnson, FIU (C-USA)",Jr.,DL,11,6,2,35,7,0.64
29,"Alani Latu, Arizona St. (Pac-12)",Sr.,LB,11,5,4,41,7,0.64
31,"Marquis Haynes, Ole Miss (SEC)",Sr.,DL,12,7,1,59,7.5,0.63
31,"Christian Rector, Southern California (Pac-12)",So.,DL,12,6,3,56,7.5,0.63
33,"Khaleke Hudson, Michigan (Big Ten)",So.,DB,13,7,2,64,8,0.62
33,"Jacob Martin, Temple (AAC)",Sr.,DL,13,7,2,59,8,0.62
33,"Chase Winovich, Michigan (Big Ten)",Sr.,DL,13,5,6,45,8,0.62
36,"Bunmi Rotimi, Old Dominion (C-USA)",Sr.,DL,9,4,3,34,5.5,0.61
37,"Olasunkanmi Adeniyi, Toledo (MAC)",Jr.,DL,14,8,1,58,8.5,0.61
37,"Ben Banogu, TCU (Big 12)",Jr.,DL,14,8,1,40,8.5,0.61
37,"Nick Bosa, Ohio St. (Big Ten)",So.,DL,14,8,1,61,8.5,0.61
37,"Raekwon Davis, Alabama (SEC)",So.,DL,14,8,1,46,8.5,0.61
37,"Austin Bryant, Clemson (ACC)",Jr.,DL,14,7,3,37,8.5,0.61
42,"Malik Demby, New Mexico St. (Independent)",Jr.,DB,11,6,1,39,6.5,0.59
43,"Aikeem Coleman, Idaho (Sun Belt)",Sr.,DL,12,7,0,32,7,0.58
43,"James Hearns, Louisville (ACC)",Sr.,DB,12,7,0,48,7,0.58
43,"Cole Ormsby, UConn (AAC)",Sr.,DL,12,7,0,38,7,0.58
43,"Breeland Speaks, Ole Miss (SEC)",Jr.,DL,12,7,0,36,7,0.58
43,"Jaylon Ferguson, Louisiana Tech (C-USA)",Jr.,DL,12,6,2,38,7,0.58
43,"Youhanna Ghaifan, Wyoming (Mountain West)",So.,DL,12,6,2,45,7,0.58
43,"Bruce Hector, South Fla. (AAC)",Sr.,DL,12,6,2,53,7,0.58
50,"Khalil Brooks, Middle Tenn. (C-USA)",Jr.,LB,13,7,1,42,7.5,0.58
50,"Chris Peace, Virginia (ACC)",Jr.,LB,13,7,1,60,7.5,0.58
50,"Jacob Tuioti-Mariner, UCLA (Pac-12)",Sr.,DL,13,7,1,22,7.5,0.58
50,"Kylan Wilborn, Arizona (Pac-12)",Fr.,DL,13,7,1,65,7.5,0.58
50,"Anthony Nelson, Iowa (Big Ten)",So.,DL,13,6,3,39,7.5,0.58
50,"Greg Gilmore, LSU (SEC)",Sr.,DL,13,5,5,25,7.5,0.58
56,"Ogbonnia Okoronkwo, Oklahoma (Big 12)",Sr.,LB,14,7,2,61,8,0.57
57,"Jeremiah Harris, Eastern Mich. (MAC)",Jr.,DL,11,5,2,45,6,0.55
58,"Carter Coughlin, Minnesota (Big Ten)",So.,LB,12,6,1,39,6.5,0.54
58,"Duke Ejiofor, Wake Forest (ACC)",Sr.,DL,12,6,1,46,6.5,0.54
58,"Denzil Ware, Kentucky (SEC)",Jr.,DL,12,6,1,47,6.5,0.54
58,"Roe Wilkins, Rice (C-USA)",So.,DL,12,6,1,40,6.5,0.54
58,"Daniel Wise, Kansas (Big 12)",Jr.,DL,12,6,1,45,6.5,0.54
63,"Alex Aukerman, Army West Point (FBS Independent)",Sr.,DB,13,7,0,57,7,0.54
63,"Markus Bailey, Purdue (Big Ten)",So.,LB,13,7,0,56,7,0.54
63,"Jonathan Greenard, Louisville (ACC)",So.,LB,13,7,0,74,7,0.54
63,"Quincy Roche, Temple (AAC)",Fr.,DL,13,7,0,39,7,0.54
63,"Kenny Willekes, Michigan St. (Big Ten)",So.,DL,13,7,0,28,7,0.54
63,"Josh Allen, Kentucky (SEC)",Jr.,LB,13,6,2,48,7,0.54
63,"Bradlee Anae, Utah (Pac-12)",So.,DL,13,6,2,49,7,0.54
63,"Terry Beckner, Jr., Missouri (SEC)",Jr.,DL,13,6,2,30,7,0.54
63,"Shaquem Griffin, UCF (AAC)",Sr.,LB,13,6,2,61,7,0.54
63,"Fermin Silva, FIU (C-USA)",Jr.,DL,13,6,2,30,7,0.54
63,"Jamal Stadom, Troy (Sun Belt)",Sr.,DL,13,6,2,32,7,0.54
63,"Jaquan Bailey, Iowa St. (Big 12)",So.,DL,13,5,4,31,7,0.54
63,"Marcell Frazier, Missouri (SEC)",Sr.,DL,13,5,4,50,7,0.54
63,"Terrill Hanks, New Mexico St. (Independent)",Jr.,LB,13,5,4,43,7,0.54
77,"Garret Dooley, Wisconsin (Big Ten)",Sr.,LB,14,6,3,45,7.5,0.54
77,"Harrison Phillips, Stanford (Pac-12)",Sr.,DL,14,5,5,38,7.5,0.54
79,"E.J. Ejiya, North Texas (C-USA)",Jr.,LB,14,6,2,42,7,0.50
79,"Sam Hubbard, Ohio St. (Big Ten)",Jr.,DL,14,6,2,49,7,0.50
79,"Tyquan Lewis, Ohio St. (Big Ten)",Sr.,DL,14,6,2,42,7,0.50
79,"Dalton Herrington, New Mexico St. (Independent)",Sr.,LB,13,6,1,34,6.5,0.50
79,"Jalen Jelks, Oregon (Pac-12)",Jr.,DL,13,6,1,37,6.5,0.50
79,"Frankie Luvu, Washington St. (Pac-12)",Sr.,LB,13,6,1,41,6.5,0.50
79,"Joe Jackson, Miami (FL) (ACC)",So.,DL,13,5,3,26,6.5,0.50
79,"Hunter Reese, Troy (Sun Belt)",Jr.,DL,13,4,5,46,6.5,0.50
79,"Kaden Elliss, Idaho (Sun Belt)",Jr.,LB,12,6,0,52,6,0.50
79,"Rashaan Evans, Alabama (SEC)",Sr.,LB,12,6,0,41,6,0.50
79,"Jeremy Smith, Tulsa (AAC)",Sr.,DL,12,6,0,51,6,0.50
79,"Da'Sean Downey, Massachusetts (FBS Independent)",Sr.,DL,12,5,2,30,6,0.50
79,"Robert McCray III, Indiana (Big Ten)",Sr.,DL,12,5,2,29,6,0.50
79,"Tegray Scales, Indiana (Big Ten)",Sr.,LB,12,5,2,36,6,0.50
79,"Deadrin Senat, South Fla. (AAC)",Sr.,DL,12,5,2,47,6,0.50
79,"Corey Thompson, LSU (SEC)",Sr.,LB,12,5,2,40,6,0.50
79,"Jim Jones, Kent St. (MAC)",Jr.,LB,12,4,4,42,6,0.50
79,"Jarrett Johnson, Texas A&M (SEC)",Sr.,DL,11,5,1,31,5.5,0.50
79,"Antonio Simmons, Georgia Tech (ACC)",Sr.,DL,11,5,1,45,5.5,0.50
79,"Kiante Anderson, East Carolina (AAC)",Sr.,DL,9,4,1,38,4.5,0.50
99,"Alec James, Wisconsin (Big Ten)",Sr.,DL,14,6,1,49,6.5,0.46
99,"Andrew Van Ginkel, Wisconsin (Big Ten)",Jr.,LB,14,6,1,49,6.5,0.46
101,"Zach Allen, Boston College (ACC)",Jr.,DL,13,6,0,37,6,0.46
101,"Corbin Kaufusi, BYU (FBS Independent)",Jr.,DL,13,6,0,42,6,0.46
101,"D.J. Wonnum, South Carolina (SEC)",So.,DL,13,6,0,37,6,0.46
101,"Josh Fatu, Southern California (Pac-12)",Sr.,DL,13,5,2,33,6,0.46
101,"Christian LaCouture, LSU (SEC)",Sr.,DL,13,5,2,32,6,0.46
101,"Joel Lanning, Iowa St. (Big 12)",Sr.,LB,13,5,2,40,6,0.46
101,"Dequinton Osborne, Oklahoma St. (Big 12)",Sr.,DL,13,5,2,48,6,0.46
101,"Hunter Snyder, Fla. Atlantic (C-USA)",Jr.,DL,13,5,2,50,6,0.46
101,"Jojo Wicker, Arizona St. (Pac-12)",Jr.,DL,13,5,2,34,6,0.46
101,"Rashan Gary, Michigan (Big Ten)",So.,DL,13,4,4,37,6,0.46
111,"Malik Carney, North Carolina (ACC)",Jr.,DL,12,5,1,21,5.5,0.46
111,"Leonard Hazewood, Idaho (Sun Belt)",Sr.,LB,12,5,1,35,5.5,0.46
111,"Ira Lewis, Baylor (Big 12)",Jr.,DL,12,5,1,39,5.5,0.46
111,"Mike Love, South Fla. (AAC)",Sr.,DL,12,5,1,26,5.5,0.46
111,"Jonah Moi, Oregon (Pac-12)",Sr.,LB,12,5,1,38,5.5,0.46
111,"Ed Oliver, Houston (AAC)",So.,DL,12,5,1,26,5.5,0.46
111,"Josh Sweat, Florida St. (ACC)",Jr.,DL,12,5,1,22,5.5,0.46
111,"Jahlani Tavai, Hawaii (Mountain West)",Jr.,LB,12,5,1,38,5.5,0.46
111,"Miles Fox, Old Dominion (C-USA)",Jr.,DL,12,4,3,26,5.5,0.46
120,"James Crawford, Illinois (Big Ten)",Sr.,LB,9,4,0,28,4,0.44
121,"Roquan Smith, Georgia (SEC)",Jr.,LB,15,6,1,42,6.5,0.43
122,"Jabril Frazier, Boise St. (Mountain West)",Jr.,DL,14,6,0,40,6,0.43
122,"Tobenna Okeke, Fresno St. (Mountain West)",Sr.,DL,14,6,0,30,6,0.43
122,"Rashad Smith, Fla. Atlantic (C-USA)",So.,LB,14,5,2,37,6,0.43
125,"Otaro Alaka, Texas A&M (SEC)",Jr.,LB,13,5,1,43,5.5,0.42
125,"Ryan Bee, Marshall (C-USA)",Jr.,DL,13,5,1,28,5.5,0.42
125,"Nate Brisson-Fast, Central Mich. (MAC)",Jr.,DL,13,5,1,23,5.5,0.42
125,"DJ Calhoun, Arizona St. (Pac-12)",Sr.,LB,13,5,1,39,5.5,0.42
125,"Evan Colorito, Colorado St. (Mountain West)",Sr.,LB,13,5,1,36,5.5,0.42
125,"Tremaine Edmunds, Virginia Tech (ACC)",Jr.,LB,13,5,1,31,5.5,0.42
125,"Trevon Hill, Virginia Tech (ACC)",So.,DL,13,5,1,38,5.5,0.42
125,"Eli Howard, Texas Tech (Big 12)",Fr.,DL,13,5,1,36,5.5,0.42
125,"Samdup Miller, Northwestern (Big Ten)",Fr.,DL,13,5,1,36,5.5,0.42
125,"Quentin Poling, Ohio (MAC)",Sr.,LB,13,5,1,46,5.5,0.42
125,"Mike Ramsay, Duke (ACC)",Sr.,DL,13,5,1,42,5.5,0.42
125,"Paxton Schrimsher, Southern Miss. (C-USA)",So.,LB,13,5,1,30,5.5,0.42
125,"Chad Thomas, Miami (FL) (ACC)",Sr.,DL,13,5,1,21,5.5,0.42
125,"John Voit, Army West Point (FBS Independent)",Sr.,DL,13,5,1,45,5.5,0.42
125,"Ryan Bowman, Washington (Pac-12)",Fr.,DL,13,4,3,40,5.5,0.42
140,"Bryton Barr, Massachusetts (FBS Independent)",Sr.,LB,12,5,0,29,5,0.42
140,"Caleb Caston, Arkansas St. (Sun Belt)",Sr.,DL,12,5,0,31,5,0.42
140,"Demone Harris, Buffalo (MAC)",Sr.,DL,12,5,0,34,5,0.42
140,"Oluwaseun Idowu, Pittsburgh (ACC)",Jr.,LB,12,5,0,30,5,0.42
140,"Alton Robinson, Syracuse (ACC)",So.,DL,12,5,0,27,5,0.42
140,"Rashaad Townes, App State (Sun Belt)",Sr.,LB,12,5,0,24,5,0.42
140,"Ronheen Bingham, Arkansas St. (Sun Belt)",Jr.,DL,12,4,2,32,5,0.42
140,"Doug Costin, Miami (OH) (MAC)",So.,DL,12,4,2,32,5,0.42
140,"Logan Hunt, Ga. Southern (Sun Belt)",Jr.,DL,12,4,2,19,5,0.42
149,"Joe Dillon, Louisiana (Sun Belt)",So.,DL,11,4,1,49,4.5,0.41
149,"Channing Hames, Marshall (C-USA)",So.,DL,11,4,1,28,4.5,0.41
149,"Cece Jefferson, Florida (SEC)",Jr.,DL,11,3,3,14,4.5,0.41
