Rank,Player,Cl,Pos,G,Solo Sack,Asst Sack,Sack Yds,Tot Sack,Sacks PG
1,"Zeke Vandenburgh, Illinois St. (MVFC)",Sr.,LB,10,13,2,104,14,1.40
2,"David Walker, Central Ark. (ASUN)",So.,DE,11,9,6,83,12,1.09
3,"Todd Hill, Duquesne (NEC)",Jr.,LB,11,10,3,62,11.5,1.05
4,"Ronnie Thomas, Mississippi Val. (SWAC)",Sr.,DL,11,9,3,73,10.5,0.95
5,"Dylan Ruiz, New Hampshire (CAA)",So.,DE,13,11,2,53,12,0.92
6,"Eric O'Neill, LIU (NEC)",Fr.,DE,11,9,2,73,10,0.91
7,"Jake Heimlicher, Penn (Ivy League)",Sr.,LB,10,8,2,39,9,0.90
7,"Muhindo Kapapa, San Diego (Pioneer)",Sr.,DL,10,7,4,76,9,0.90
9,"Ty French, Gardner-Webb (Big South)",Jr.,DE,13,10,3,72,11.5,0.88
9,"John Pius, William & Mary (CAA)",So.,LB,13,10,3,71,11.5,0.88
11,"Malachi Bailey, Alcorn (SWAC)",Jr.,DL,11,8,3,62,9.5,0.86
12,"Kamari Stephens, Florida A&M (SWAC)",Jr.,DL,11,9,0,72,9,0.82
12,"Elijiah Williams, Morgan St. (MEAC)",So.,LB,11,7,4,55,9,0.82
14,"Mike DeNucci, Lehigh (Patriot)",Jr.,LB,11,8,1,66,8.5,0.77
14,"Marlem Louis, Richmond (CAA)",Sr.,DL,11,8,1,68,8.5,0.77
14,"Kenny Dyson Jr., Bryant (Big South)",Sr.,DL,11,7,3,56,8.5,0.77
14,"Malik Hamm, Lafayette (Patriot)",Sr.,DL,11,7,3,79,8.5,0.77
18,"Justin Ragin, Jackson St. (SWAC)",Sr.,DL,13,8,4,85,10,0.77
19,"Jacob Saewitz, San Diego (Pioneer)",Jr.,DL,10,6,3,54,7.5,0.75
20,"Finn Claypool, Drake (Pioneer)",So.,DL,11,8,0,56,8,0.73
20,"Ben Brewton, Chattanooga (SoCon)",Jr.,DL,11,7,2,51,8,0.73
20,"Devonnsha Maxwell, Chattanooga (SoCon)",Sr.,DL,11,7,2,40,8,0.73
20,"Daylan Dotson, UT Martin (OVC)",Jr.,DL,11,6,4,70,8,0.73
20,"Patrick O'Connell, Montana (Big Sky)",Sr.,LB,11,5,6,51,8,0.73
25,"Marcus Hillman, Elon (CAA)",Sr.,LB,12,8,1,70,8.5,0.71
26,"Micheal Mason, Wofford (SoCon)",Sr.,DL,11,7,1,49,7.5,0.68
26,"Jay Person, Chattanooga (SoCon)",Jr.,LB,11,6,3,60,7.5,0.68
28,"Devin Harrell, N.C. A&T (Big South)",Sr.,DE,9,6,0,50,6,0.67
29,"Josiah Silver, New Hampshire (CAA)",So.,DE,13,7,3,51,8.5,0.65
30,"Richie Hagarty, Southern Ill. (MVFC)",So.,DE,10,6,1,45,6.5,0.65
30,"Clay Patterson, Yale (Ivy League)",Sr.,DL,10,5,3,41,6.5,0.65
32,"E.J. Ane, Portland St. (Big Sky)",Sr.,DL,11,7,0,59,7,0.64
32,"Jalyx Hunt, Houston Christian (Southland)",Jr.,DL,11,6,2,42,7,0.64
32,"Eloi Kwete, Northern Ariz. (Big Sky)",Jr.,DL,11,6,2,51,7,0.64
32,"Sam Schadek, Dayton (Pioneer)",Sr.,DT,11,5,4,52,7,0.64
36,"Sebastian Benjamin, Saint Francis (PA) (NEC)",So.,LB,12,7,1,54,7.5,0.62
37,"Nate Lynn, William & Mary (CAA)",Sr.,DL,13,7,2,46,8,0.62
38,"Spencer Waege, North Dakota St. (MVFC)",Sr.,DE,15,8,2,61,9,0.60
38,"Reid Nickerson, Yale (Ivy League)",Sr.,DL,10,6,0,41,6,0.60
38,"Anton Williams, Charleston So. (Big South)",Sr.,DL,10,6,0,51,6,0.60
38,"Truman Jones, Harvard (Ivy League)",Sr.,LB,10,5,2,24,6,0.60
38,"Justin Townsend, Columbia (Ivy League)",So.,DL,10,5,2,42,6,0.60
43,"Christian Dunn, VMI (SoCon)",So.,LB,11,6,1,39,6.5,0.59
43,"Mateen Ibirogba, Georgetown (Patriot)",Fr.,DE,11,6,1,39,6.5,0.59
43,"Logan Jessup, Central Ark. (ASUN)",Jr.,DL,11,4,5,38,6.5,0.59
46,"Nyles Gaddy, Jackson St. (SWAC)",So.,DL,12,6,2,37,7,0.58
47,"Jake Reichwein, Holy Cross (Patriot)",Sr.,DL,13,6,3,59,7.5,0.58
48,"Matt Jaworski, Fordham (Patriot)",So.,DL,9,4,2,27,5,0.56
48,"Nelson Jordan, Alabama St. (SWAC)",Sr.,DL,9,4,2,37,5,0.56
48,"Chris Morgan, Western Caro. (SoCon)",So.,DL,9,4,2,19,5,0.56
51,"Jacoby Brass, Houston Christian (Southland)",Fr.,DL,10,5,1,30,5.5,0.55
51,"Claudin Cherelus, Alcorn (SWAC)",Sr.,LB,10,5,1,32,5.5,0.55
51,"Zach Strand, Southern Utah (WAC)",Sr.,DL,10,4,3,43,5.5,0.55
54,"Tyler Alston, Bucknell (Patriot)",Jr.,LB,11,5,2,40,6,0.55
54,"Sundiata Anderson, Grambling (SWAC)",Jr.,DL,11,5,2,44,6,0.55
54,"Delvin Mason, Houston Christian (Southland)",Jr.,DL,11,4,4,30,6,0.55
54,"K.J. Milner, Western Caro. (SoCon)",Sr.,DE,11,4,4,31,6,0.55
58,"Tahj Brown, Southern U. (SWAC)",Jr.,DL,12,6,1,30,6.5,0.54
58,"Ben McNaboe, North Dakota (MVFC)",Jr.,DL,12,6,1,56,6.5,0.54
58,"Kevin Spelman, Valparaiso (Pioneer)",Fr.,DL,12,6,1,34,6.5,0.54
61,"Sebastian Valdez, Montana St. (Big Sky)",So.,DL,14,7,1,40,7.5,0.54
61,"Chris Whittaker, UIW (Southland)",Sr.,DL,14,7,1,51,7.5,0.54
63,"Reece Winkelman, South Dakota St. (MVFC)",Sr.,DE,15,7,2,49,8,0.53
64,"Steven Parker, UIW (Southland)",Sr.,DL,14,6,2,43,7,0.50
64,"Jalan Campbell, Southern U. (SWAC)",Jr.,,12,6,0,38,6,0.50
64,"TK McLendon, Eastern Ky. (ASUN)",Sr.,DL,12,6,0,35,6,0.50
64,"Chris Hardie, Jacksonville St. (ASUN)",So.,DE,11,5,1,35,5.5,0.50
64,"KeShaun Moore, Hampton (CAA)",Sr.,LB,11,5,1,24,5.5,0.50
64,"A.J. Pena, Rhode Island (CAA)",Fr.,LB,11,5,1,22,5.5,0.50
64,"Justin Sambu, Maine (CAA)",Sr.,DL,11,5,1,46,5.5,0.50
64,"Kenton Wilhoit, Illinois St. (MVFC)",Sr.,LB,11,5,1,40,5.5,0.50
64,"Eric Black, Stony Brook (CAA)",Sr.,DL,10,5,0,30,5,0.50
64,"Andy Matthews, Hampton (CAA)",Sr.,DL,10,5,0,34,5,0.50
64,"Thor Griffith, Harvard (Ivy League)",Jr.,DT,10,4,2,37,5,0.50
64,"Ibri Harrell, Georgetown (Patriot)",So.,DL,10,4,2,40,5,0.50
64,"Evan Stewart, Rhode Island (CAA)",So.,LB,10,4,2,34,5,0.50
64,"Marcus Brown, Howard (MEAC)",Jr.,DL,10,3,4,39,5,0.50
64,"Shayne Manson, Central Conn. St. (NEC)",Sr.,DL,9,4,1,37,4.5,0.50
64,"Fermon Reid, Stetson (Pioneer)",Sr.,DE,9,3,3,25,4.5,0.50
80,"Armon Bailey, Sacramento St. (Big Sky)",Sr.,LB,13,6,0,63,6,0.46
80,"Jeremiah Brown, Jackson St. (SWAC)",So.,LB,13,5,2,50,6,0.46
80,"Jack Kelly, Weber St. (Big Sky)",Fr.,LB,13,5,2,41,6,0.46
83,"Donnell Brown, Saint Francis (PA) (NEC)",So.,DL,12,5,1,49,5.5,0.46
83,"Ckelby Givens, Southern U. (SWAC)",Fr.,,12,5,1,22,5.5,0.46
83,"Jonathan Hammond, Davidson (Pioneer)",Jr.,DL,12,5,1,42,5.5,0.46
86,"Mitchell Johnson, Eastern Wash. (Big Sky)",Sr.,DL,11,5,0,35,5,0.45
86,"Keyshawn Johnson, Prairie View (SWAC)",Jr.,LB,11,5,0,54,5,0.45
86,"Brooks Parker, Delaware St. (MEAC)",Sr.,LB,11,5,0,24,5,0.45
86,"Cade Shupperd, Murray St. (OVC)",So.,LB,11,5,0,34,5,0.45
86,"Marje Smith, SFA (ASUN)",Sr.,DL,11,5,0,41,5,0.45
86,"J-Rock Swain, Jacksonville St. (ASUN)",So.,DE,11,5,0,36,5,0.45
86,"Dylan Wudke, Youngstown St. (MVFC)",Jr.,DL,11,5,0,29,5,0.45
86,"Gianini Belizaire, Indiana St. (MVFC)",So.,DL,11,4,2,32,5,0.45
86,"John Ford, UT Martin (OVC)",Sr.,LB,11,4,2,35,5,0.45
86,"Cosmas Kwete, Northern Ariz. (Big Sky)",Jr.,DL,11,4,2,47,5,0.45
86,"Tyler Long, Norfolk St. (MEAC)",Jr.,LB,11,4,2,34,5,0.45
86,"AJ Simon, UAlbany (CAA)",Jr.,DL,11,4,2,25,5,0.45
86,"Jesus Gibbs, Towson (CAA)",Sr.,DL,11,3,4,37,5,0.45
99,"Terrell Allen, Tennessee St. (OVC)",Jr.,DT,10,4,1,17,4.5,0.45
99,"Demontario Anderson, Texas Southern (SWAC)",Sr.,LB,10,4,1,19,4.5,0.45
99,"Shane Cokes, Dartmouth (Ivy League)",Sr.,DL,10,4,1,28,4.5,0.45
99,"Jonathan Coste, Fordham (Patriot)",Sr.,DL,10,4,1,30,4.5,0.45
99,"Nate Leskovec, Harvard (Ivy League)",Sr.,DL,10,4,1,23,4.5,0.45
99,"Jordan Lewis, Southern U. (SWAC)",Sr.,LB,10,4,1,25,4.5,0.45
99,"Isaiah Williams, Delaware St. (MEAC)",Sr.,DL,10,4,1,28,4.5,0.45
99,"Payton Payne, Southern Utah (WAC)",So.,DT,10,3,3,18,4.5,0.45
99,"Joey Slackman, Penn (Ivy League)",Sr.,DL,10,3,3,26,4.5,0.45
108,"Santonial Rice, Alcorn (SWAC)",So.,LB,9,2,4,30,4,0.44
109,"Caleb Sanders, South Dakota St. (MVFC)",Sr.,DT,15,6,1,51,6.5,0.43
110,"William McRainey, Gardner-Webb (Big South)",Jr.,LB,13,5,1,30,5.5,0.42
110,"Willie Harris, Gardner-Webb (Big South)",So.,DT,13,4,3,28,5.5,0.42
110,"Marcus Welnel, Montana (Big Sky)",Sr.,LB,13,3,5,43,5.5,0.42
113,"Sam Hafner, Valparaiso (Pioneer)",So.,DL,12,5,0,37,5,0.42
113,"Lawrence Johnson, Southeast Mo. St. (OVC)",Sr.,DB,12,5,0,36,5,0.42
113,"Trey Laing, Southern U. (SWAC)",Jr.,,12,4,2,34,5,0.42
116,"Aaron Acosta, Marist (Pioneer)",Sr.,DL,11,4,1,29,4.5,0.41
116,"David Meyer, Cal Poly (Big Sky)",So.,LB,11,4,1,37,4.5,0.41
116,"Andrew Ogletree, Alabama St. (SWAC)",Jr.,DL,11,4,1,28,4.5,0.41
116,"E.J. Porter, Western Caro. (SoCon)",Jr.,LB,11,4,1,26,4.5,0.41
116,"Kris Reid Jr, Indiana St. (MVFC)",Sr.,DL,11,4,1,32,4.5,0.41
116,"Ryan Saddler, Bryant (Big South)",Sr.,LB,11,4,1,24,4.5,0.41
116,"BJ Thompson, SFA (ASUN)",Sr.,DE,11,4,1,41,4.5,0.41
116,"Cole Watts, Western Ill. (MVFC)",Sr.,DL,11,4,1,27,4.5,0.41
116,"Jalen Bell, Mississippi Val. (SWAC)",Jr.,DL,11,3,3,36,4.5,0.41
116,"Kendarius Clark, Ark.-Pine Bluff (SWAC)",So.,OL,11,3,3,32,4.5,0.41
116,"Anton Juncaj, UAlbany (CAA)",Jr.,DE,11,3,3,27,4.5,0.41
116,"Tadarrius Patterson, Tennessee St. (OVC)",Sr.,DE,11,3,3,27,4.5,0.41
116,"Bryan Powell, Grambling (SWAC)",Jr.,LB,11,3,3,33,4.5,0.41
116,"Kwame Sutton, Austin Peay (ASUN)",Sr.,DL,11,3,3,31,4.5,0.41
116,"Jamehl Wiley, Maine (CAA)",Sr.,DL,11,3,3,30,4.5,0.41
131,"Patrick GODBOLT, South Carolina St. (MEAC)",Jr.,DL,10,4,0,17,4,0.40
131,"Omakus Langley, Delaware St. (MEAC)",Fr.,DL,10,4,0,14,4,0.40
131,"Ariel Ngata, Sacramento St. (Big Sky)",Sr.,DL,10,4,0,26,4,0.40
131,"Chris Ballard, Alcorn (SWAC)",Jr.,DL,10,3,2,34,4,0.40
131,"Kam'ron Green, North Ala. (ASUN)",So.,DL,10,3,2,26,4,0.40
131,"Zareon Hayes, Alabama A&M (SWAC)",Jr.,DE,10,3,2,23,4,0.40
131,"Mason Henry, Dayton (Pioneer)",So.,DE,10,3,2,28,4,0.40
131,"Terrence Lane, Brown (Ivy League)",Jr.,DL,10,3,2,22,4,0.40
131,"Davion Nash, Tennessee St. (OVC)",Sr.,LB,10,3,2,19,4,0.40
131,"Julian Sanderlin, Southern Utah (WAC)",Jr.,DL,10,3,2,23,4,0.40
131,"Will Buck, San Diego (Pioneer)",Jr.,DL,10,2,4,27,4,0.40
142,"Cameron Preston, UIW (Southland)",Sr.,DL,14,5,1,30,5.5,0.39
142,"Brandon Richard, UIW (Southland)",Sr.,DB,14,5,1,39,5.5,0.39
144,"Anas Luqman, Ark.-Pine Bluff (SWAC)",Fr.,DL,9,3,1,24,3.5,0.39
144,"A.J. Roberts, Stony Brook (CAA)",So.,LB,9,3,1,27,3.5,0.39
146,"Dan Kuznetsov, Holy Cross (Patriot)",Sr.,DL,13,4,2,33,5,0.38
146,"Chase McGowan, Delaware (CAA)",Sr.,DL,13,4,2,36,5,0.38
148,"Ryan Greenhagen, Fordham (Patriot)",Sr.,LB,12,4,1,24,4.5,0.38
149,"Kemari Bailey, Idaho (Big Sky)",So.,DL,11,4,0,30,4,0.36
149,"Hasan Black, The Citadel (SoCon)",Sr.,LB,11,4,0,40,4,0.36
149,"Tyrin Bradley, Abilene Christian (WAC)",So.,DL,11,4,0,29,4,0.36
149,"Austin Collier, Chattanooga (SoCon)",Sr.,DL,11,4,0,32,4,0.36
149,"Monchovia Gaffney, Campbell (Big South)",Sr.,LB,11,4,0,33,4,0.36
149,"Devin Goree, Missouri St. (MVFC)",So.,DL,11,4,0,36,4,0.36
149,"Shane Hartzell, Villanova (CAA)",Fr.,LB,11,4,0,39,4,0.36
149,"Alex Herriott, Presbyterian (Pioneer)",So.,LB,11,4,0,21,4,0.36
149,"Stephen Hillis, South Dakota (MVFC)",Sr.,LB,11,4,0,14,4,0.36
149,"James Jackson, Youngstown St. (MVFC)",Sr.,DL,11,4,0,19,4,0.36
149,"Dre Jones, Florida A&M (SWAC)",Sr.,DL,11,4,0,28,4,0.36
149,"Zach Kennedy, UC Davis (Big Sky)",So.,DL,11,4,0,27,4,0.36
149,"Isaiah Longino, Northwestern St. (Southland)",Sr.,DE,11,4,0,34,4,0.36
149,"Isaiah  Major, Florida A&M (SWAC)",Jr.,LB,11,4,0,31,4,0.36
149,"Carson Primrose, Sacred Heart (NEC)",Jr.,DL,11,4,0,27,4,0.36
149,"Aaron SMITH, South Carolina St. (MEAC)",So.,LB,11,4,0,23,4,0.36
149,"Nuu Sellesin, Weber St. (Big Sky)",Fr.,LB,11,4,0,28,4,0.36
149,"Damon Washington, Lafayette (Patriot)",Sr.,DL,11,4,0,44,4,0.36
149,"Campbell Watson, Presbyterian (Pioneer)",Jr.,LB,11,4,0,28,4,0.36
149,"Antoine Williams, Austin Peay (ASUN)",Jr.,LB,11,4,0,45,4,0.36
149,"Jalen Williams, Missouri St. (MVFC)",So.,DL,11,4,0,28,4,0.36
149,"Joe Andreessen, Bryant (Big South)",Sr.,LB,11,3,2,35,4,0.36
149,"Joe Durham, Dayton (Pioneer)",Sr.,DE,11,3,2,24,4,0.36
149,"Perry Ganci, Nicholls (Southland)",Jr.,DL,11,3,2,22,4,0.36
149,"Dewey Greene, Southern Ill. (MVFC)",So.,DL,11,3,2,20,4,0.36
149,"Pat Hayden, Monmouth (CAA)",Sr.,DL,11,3,2,20,4,0.36
149,"Elijah Hills, UAlbany (CAA)",So.,DL,11,3,2,29,4,0.36
149,"Terray Jones, Tennessee St. (OVC)",Jr.,DL,11,3,2,40,4,0.36
149,"Leonick Tamba, Idaho (Big Sky)",Sr.,LB,11,3,2,28,4,0.36
149,"Curley Young Jr., Jacksonville St. (ASUN)",So.,LB,11,3,2,36,4,0.36
149,"Jevin Jackson, Howard (MEAC)",Sr.,DL,11,2,4,28,4,0.36
149,"Khairi Manns, Maine (CAA)",Jr.,DL,11,2,4,25,4,0.36
181,"Kenneth Eiden IV, Montana St. (Big Sky)",Fr.,DE,14,4,2,42,5,0.36
182,"Henry Daniel, N.C. A&T (Big South)",So.,DE,10,3,1,18,3.5,0.35
182,"Tyler Huenemann, Harvard (Ivy League)",Jr.,DT,10,3,1,22,3.5,0.35
182,"Chandler Martin, ETSU (SoCon)",Fr.,LB,10,3,1,24,3.5,0.35
182,"Micah Morris, Penn (Ivy League)",Sr.,DL,10,3,1,22,3.5,0.35
182,"Jack Plank, Penn (Ivy League)",Jr.,LB,10,3,1,17,3.5,0.35
187,"Ray Eldridge, Richmond (CAA)",Sr.,DL,13,4,1,25,4.5,0.35
187,"Xavier Stephens, Furman (SoCon)",So.,DL,13,3,3,19,4.5,0.35
187,"Alex Maier, Furman (SoCon)",Fr.,LB,13,2,5,20,4.5,0.35
190,"Keandre Booker, Southeast Mo. St. (OVC)",Sr.,LB,12,3,2,23,4,0.33
190,"Sam Buerkle, Fordham (Patriot)",Fr.,DL,12,3,2,23,4,0.33
190,"Cazeem Moore, Elon (CAA)",Fr.,DL,12,3,2,17,4,0.33
190,"Matthew Brown, Eastern Wash. (Big Sky)",Jr.,DL,9,3,0,16,3,0.33
190,"Cannon Butler, UNI (MVFC)",Jr.,DL,9,3,0,25,3,0.33
190,"Thomas Douglas, Alabama A&M (SWAC)",Jr.,LB,9,3,0,26,3,0.33
190,"Kavian Gaither, Sam Houston (WAC)",So.,LB,9,3,0,23,3,0.33
190,"Robert Holt, Portland St. (Big Sky)",Sr.,DB,9,3,0,19,3,0.33
190,"Troy James, Prairie View (SWAC)",Sr.,DL,9,3,0,10,3,0.33
190,"Miles Kauderer, Marist (Pioneer)",So.,DL,9,3,0,19,3,0.33
190,"Uche Ndukwe, Princeton (Ivy League)",Sr.,DL,9,3,0,31,3,0.33
190,"Patrick Quinlivan, Bucknell (Patriot)",So.,DL,9,3,0,25,3,0.33
