Rank,Player,Cl,Pos,G,Solo Sack,Asst Sack,Sack Yds,Tot Sack,Sacks PG
1,"Nate Orchard, Utah (Pac-12)",Sr.,DL,13,17,3,118,18.5,1.42
2,"Hau'Oli Kikana, Washington (Pac-12)",Sr.,LB,14,18,2,130,19,1.36
3,"Shane Ray, Missouri (SEC)",Jr.,DL,14,12,5,94,14.5,1.04
4,"Scooby Wright III, Arizona (Pac-12)",So.,LB,14,14,0,71,14,1.00
4,"Pete Robertson, Texas Tech (Big 12)",Jr.,LB,12,12,0,67,12,1.00
6,"Myles Garrett, Texas A&M (SEC)",---,,12,10,3,67,11.5,0.96
7,"Zach Patt, Rice (C-USA)",Sr.,DL,10,9,1,64,9.5,0.95
8,"Vic Beasley, Clemson (ACC)",Sr.,DL,13,12,0,95,12,0.92
9,"Hunter Dimick, Utah (Pac-12)",So.,DL,11,8,4,57,10,0.91
10,"Joey Bosa, Ohio St. (Big Ten)",So.,DL,15,12,3,96,13.5,0.90
11,"Andrew Hudson, Washington (Pac-12)",Sr.,DL,14,12,1,68,12.5,0.89
12,"Christian Ringo, Louisiana (Sun Belt)",Sr.,DL,13,11,1,89,11.5,0.88
13,"Kamalei Correa, Boise St. (Mountain West)",So.,DL,14,11,2,60,12,0.86
14,"Ja'Von Rolland-Jones, Arkansas St. (Sun Belt)",Fr.,DB,10,8,1,44,8.5,0.85
15,"Curt Maggitt, Tennessee (SEC)",Jr.,DL,13,11,0,56,11,0.85
15,"Shawn Oakman, Baylor (Big 12)",Jr.,DL,13,11,0,73,11,0.85
15,"Emmanuel Ogbah, Oklahoma St. (Big 12)",So.,DL,13,11,0,78,11,0.85
18,"Diaheem Watkins, UAB (C-USA)",Sr.,DL,12,10,0,69,10,0.83
19,"Andre Monroe, Maryland (Big Ten)",Sr.,DL,13,10,1,76,10.5,0.81
20,"Marcus Hardison, Arizona St. (Pac-12)",Sr.,DL,13,10,0,67,10,0.77
20,"Derek Barnett, Tennessee (SEC)",Fr.,DL,13,9,2,52,10,0.77
20,"Markus Golden, Missouri (SEC)",Sr.,DL,13,8,4,66,10,0.77
23,"Michael Odiari, Texas St. (Sun Belt)",Sr.,DL,12,8,2,43,9,0.75
23,"Max Valles, Virginia (ACC)",So.,DL,12,8,2,46,9,0.75
25,"Ken Ekanem, Virginia Tech (ACC)",So.,DL,13,7,5,72,9.5,0.73
26,"Houston Bates, Louisiana Tech (C-USA)",Sr.,DL,14,8,4,79,10,0.71
27,"Dante Fowler, Jr., Florida (SEC)",Jr.,DL,12,8,1,64,8.5,0.71
28,"Deon Hollins, UCLA (Pac-12)",So.,LB,13,9,0,39,9,0.69
28,"Terrell Hartsfield, Cincinnati (AAC)",Sr.,DL,13,8,2,58,9,0.69
28,"Sheldon Rankins, Louisville (ACC)",Jr.,DL,13,8,2,60,9,0.69
28,"Preston Smith, Mississippi St. (SEC)",Sr.,DL,13,8,2,60,9,0.69
28,"Dadi Nicolas, Virginia Tech (ACC)",Sr.,DL,13,7,4,74,9,0.69
28,"Eric Striker, Oklahoma (Big 12)",Jr.,LB,13,7,4,48,9,0.69
34,"Henry Coley, Virginia (ACC)",Sr.,LB,12,7,2,43,8,0.67
34,"Michael Wakefield, FIU (C-USA)",Jr.,DL,12,7,2,54,8,0.67
34,"Michael Johnson, ULM (Sun Belt)",Jr.,LB,12,5,6,50,8,0.67
37,"Ian Seau, Nevada (Mountain West)",Jr.,DL,13,8,1,34,8.5,0.65
37,"Henry Anderson, Stanford (Pac-12)",Sr.,DL,13,7,3,55,8.5,0.65
39,"Derek Landisch, Wisconsin (Big Ten)",Sr.,LB,14,9,0,83,9,0.64
39,"B.J. Larsen, Utah St. (Mountain West)",Sr.,DL,14,9,0,75,9,0.64
39,"Xzavier Dickson, Alabama (SEC)",Sr.,LB,14,8,2,49,9,0.64
39,"Danny Shelton, Washington (Pac-12)",Sr.,DL,14,8,2,33,9,0.64
39,"Zach Vigil, Utah St. (Mountain West)",Sr.,LB,14,8,2,62,9,0.64
44,"Bronson Kaufusi, BYU (FBS Independent)",Jr.,LB,11,7,0,52,7,0.64
44,"Randy Gregory, Nebraska (Big Ten)",Jr.,DL,11,6,2,67,7,0.64
44,"J.R. Tavai, Southern California (Pac-12)",Sr.,LB,11,6,2,51,7,0.64
47,"Praise Martin-Oguike, Temple (AAC)",Jr.,DL,12,7,1,48,7.5,0.63
47,"Alvin Dupree, Kentucky (SEC)",Sr.,DL,12,6,3,44,7.5,0.63
47,"Pat O'Connor, Eastern Mich. (MAC)",Jr.,DL,12,6,3,63,7.5,0.63
47,"Derrick Alexander, Tulsa (AAC)",Jr.,DL,12,5,5,58,7.5,0.63
51,"Arnold Blackmon, Marshall (C-USA)",Sr.,DL,13,8,0,39,8,0.62
51,"Anthony Zettel, Penn St. (Big Ten)",Jr.,DL,13,8,0,46,8,0.62
51,"Shilique Calhoun, Michigan St. (Big Ten)",Sr.,DL,13,7,2,91,8,0.62
51,"Drew Ott, Iowa (Big Ten)",Jr.,DL,13,7,2,41,8,0.62
51,"Theo Rich, South Alabama (Sun Belt)",Sr.,DL,13,7,2,61,8,0.62
56,"Tyeler Davison, Fresno St. (Mountain West)",Sr.,DL,14,8,1,54,8.5,0.61
57,"Adam Redden, Buffalo (MAC)",Sr.,DB,11,6,1,57,6.5,0.59
58,"Michael Reynolds, Kansas (Big 12)",Sr.,DL,12,7,0,53,7,0.58
58,"Eli Harold, Virginia (ACC)",Jr.,DL,12,6,2,42,7,0.58
58,"Cameron Lynch, Syracuse (ACC)",Sr.,LB,12,6,2,37,7,0.58
61,"Marquis Haynes, Ole Miss ()",Fr.,DL,13,7,1,72,7.5,0.58
61,"Thomas Niles, UCF (AAC)",Jr.,DL,13,7,1,59,7.5,0.58
61,"Brian Nordstrom, Rice (C-USA)",Jr.,DL,13,7,1,44,7.5,0.58
61,"Marcus Rush, Michigan St. (Big Ten)",Sr.,DL,13,6,3,60,7.5,0.58
61,"Kemoko Turay, Rutgers (Big Ten)",Fr.,DL,13,5,5,59,7.5,0.58
66,"Bryan Thomas, Bowling Green (MAC)",Sr.,DL,14,7,2,35,8,0.57
67,"Chad Polk, North Texas (C-USA)",Jr.,DL,10,4,3,27,5.5,0.55
68,"Quinton Bradley, Idaho (Sun Belt)",Jr.,DL,11,6,0,43,6,0.55
68,"Reshard Cliett, South Fla. (AAC)",Sr.,LB,11,6,0,43,6,0.55
68,"Miles Pace, UCF (AAC)",Jr.,DL,11,5,2,41,6,0.55
