Rank,Player,Cl,Pos,G,Solo Sack,Asst Sack,Sack Yds,Tot Sack,Sacks PG
1,"Jordan Lewis, Southern U. (SWAC)",Jr.,LB,5,10,1,73,10.5,2.10
2,"Marcus Cushnie, Alabama A&M (SWAC)",Jr.,LB,4,7,0,41,7,1.75
3,"Isaac Peppers, Ark.-Pine Bluff (SWAC)",Jr.,LB,5,7,1,51,7.5,1.50
3,"Gunner Gibson, New Hampshire (CAA)",Jr.,DE,1,1,1,9,1.5,1.50
5,"Devonnsha Maxwell, Chattanooga (SoCon)",Jr.,DL,4,5,0,27,5,1.25
5,"Darius Reynolds, Richmond (CAA)",Sr.,DL,4,4,2,47,5,1.25
7,"La'akea Kaho'ohanohano-Davis, Southern Utah (Big Sky)",Jr.,DB,5,6,0,50,6,1.20
8,"Kahari Scarlett, Monmouth (Big South)",Sr.,DL,3,3,1,25,3.5,1.17
9,"Isaiah Chambers, McNeese (Southland)",Sr.,DL,7,7,1,49,7.5,1.07
10,"Stone Snyder, VMI (SoCon)",So.,LB,8,7,2,62,8,1.00
10,"Kevin Glajchen, San Diego (Pioneer)",Sr.,DL,6,4,4,36,6,1.00
10,"Simeon Page, Bucknell (Patriot)",Sr.,LB,4,4,0,19,4,1.00
10,"Fermon Reid, Stetson (Pioneer)",Jr.,DE,4,4,0,26,4,1.00
10,"Jared Verse, UAlbany (CAA)",Fr.,DL,4,4,0,16,4,1.00
10,"Ty French, Gardner-Webb (Big South)",Fr.,DE,4,3,2,32,4,1.00
10,"Jason Dumas, Prairie View (SWAC)",Jr.,,3,2,2,23,3,1.00
10,"Titus Leo, Wagner (NEC)",Jr.,LB,2,2,0,9,2,1.00
10,"Deion Harry, Howard (MEAC)",So.,DL,2,1,2,13,2,1.00
10,"Randall Harris, New Hampshire (CAA)",So.,DB,1,1,0,11,1,1.00
10,"Niko Kvietkus, New Hampshire (CAA)",Jr.,DT,1,1,0,13,1,1.00
21,"Jake Hoper, Drake (Pioneer)",Jr.,DL,4,3,1,21,3.5,0.88
21,"Kobie Turner, Richmond (CAA)",Jr.,DL,4,3,1,22,3.5,0.88
23,"Logan Jessup, Central Ark. (Southland)",So.,DL,8,6,1,51,6.5,0.81
24,"Brawntae Wells, UNI (MVFC)",Sr.,DL,6,4,1,26,4.5,0.75
24,"Kurt Aumer, Monmouth (Big South)",Sr.,DL,4,3,0,19,3,0.75
24,"BJ DAVIS, South Carolina St. (MEAC)",So.,,4,3,0,16,3,0.75
24,"Malik Fisher, Villanova (CAA)",Sr.,DL,4,3,0,20,3,0.75
24,"Sha Haltiwanger, South Carolina St. (MEAC)",Sr.,,4,3,0,23,3,0.75
24,"Jay Person, Chattanooga (SoCon)",So.,LB,4,3,0,18,3,0.75
24,"Anton Williams, Charleston So. (Big South)",Sr.,DL,4,3,0,11,3,0.75
24,"Darrian Brokenburr, Howard (MEAC)",So.,DL,2,1,1,4,1.5,0.75
24,"Aaron Motley, Howard (MEAC)",Sr.,DL,2,1,1,8,1.5,0.75
24,"Christian White, Howard (MEAC)",So.,LB,2,1,1,3,1.5,0.75
34,"Jaxson Turner, North Dakota (MVFC)",Sr.,LB,7,5,0,30,5,0.71
34,"Davoan Hawkins, Tennessee St. (OVC)",So.,DL,7,4,2,28,5,0.71
36,"Brandon Arnold, Lamar University (Southland)",Sr.,DL,5,3,1,26,3.5,0.70
36,"Donovan Manuel, ETSU (SoCon)",So.,LB,5,3,1,36,3.5,0.70
38,"DJ Coleman, Jacksonville St. (OVC)",Jr.,DL,13,7,4,51,9,0.69
39,"Kevin Ellis, Missouri St. (MVFC)",Jr.,DE,9,4,4,35,6,0.67
39,"Francis Bemiy, Southern Utah (Big Sky)",Jr.,DL,6,4,0,34,4,0.67
39,"Chance Main, UIW (Southland)",Jr.,DL,6,3,2,24,4,0.67
39,"Hunter Mason, Western Ill. (MVFC)",Jr.,LB,6,3,2,13,4,0.67
39,"Darrell Brown, South Carolina St. (MEAC)",Sr.,,3,2,0,14,2,0.67
39,"Jerry Garner, Mississippi Val. (SWAC)",Sr.,DB,3,2,0,7,2,0.67
39,"Sam Kamara, Stony Brook (CAA)",Sr.,DL,3,2,0,17,2,0.67
39,"Jarrett Martin, Rhode Island (CAA)",So.,LB,3,2,0,14,2,0.67
39,"Evan Stewart, Rhode Island (CAA)",Fr.,LB,3,2,0,15,2,0.67
39,"Storey Jackson, Prairie View (SWAC)",Sr.,,3,1,2,22,2,0.67
49,"Markel Perry, Sam Houston (Southland)",Jr.,LB,10,4,5,40,6.5,0.65
50,"Josh Navratil, North Dakota (MVFC)",So.,LB,7,4,1,28,4.5,0.64
51,"Chase McGowan, Delaware (CAA)",So.,DL,8,5,0,25,5,0.62
51,"Connor Riddle, VMI (SoCon)",Sr.,LB,8,4,2,21,5,0.62
51,"Taylor Bolesta, LIU (NEC)",Fr.,DL,4,2,1,17,2.5,0.62
51,"Jack Daly, Bryant (NEC)",So.,DL,4,2,1,20,2.5,0.62
51,"AJ Garson, Duquesne (NEC)",Sr.,DL,4,2,1,12,2.5,0.62
51,"Lorenzo Hernandez, Monmouth (Big South)",Jr.,DL,4,2,1,18,2.5,0.62
51,"Chris Newton, Ark.-Pine Bluff (SWAC)",So.,DB,4,2,1,21,2.5,0.62
51,"Mazon Walker, UAlbany (CAA)",Jr.,DL,4,2,1,21,2.5,0.62
51,"Shai Thomas, Gardner-Webb (Big South)",Sr.,DE,4,1,3,10,2.5,0.62
60,"Jalen Bedell, Central Ark. (Southland)",Jr.,DL,9,5,1,30,5.5,0.61
61,"Jahari Kay, Sam Houston (Southland)",Sr.,DL,10,5,2,34,6,0.60
61,"BJ Thompson, SFA (Southland)",Jr.,DE,10,5,2,37,6,0.60
61,"Micheal Mason, Wofford (SoCon)",So.,DL,5,3,0,20,3,0.60
61,"Xavier Mitchell, Ark.-Pine Bluff (SWAC)",Jr.,DL,5,3,0,16,3,0.60
61,"Peyton Moore, Kennesaw St. (Big South)",Sr.,DL,5,3,0,17,3,0.60
61,"Luka Nixon, UC Davis (Big Sky)",Jr.,DL,5,3,0,20,3,0.60
61,"Carson Taylor, Northern Ariz. (Big Sky)",Sr.,DL,5,3,0,9,3,0.60
61,"Blaine Hoover, UIW (Southland)",Jr.,DE,5,2,2,21,3,0.60
69,"Chris Hardie, Jacksonville St. (OVC)",Fr.,DL,12,6,2,38,7,0.58
69,"Khristian Boyd, UNI (MVFC)",So.,DL,6,3,1,19,3.5,0.58
69,"Vaughn Taylor, Morehead St. (Pioneer)",Jr.,DL,6,2,3,15,3.5,0.58
72,"Jonathan Hammond, Davidson (Pioneer)",Fr.,DL,7,4,0,17,4,0.57
72,"Nelson Jordan, Samford (SoCon)",Jr.,DL,7,4,0,22,4,0.57
74,"Isaac Dowling, Mercer (SoCon)",Fr.,LB,10,5,1,52,5.5,0.55
75,"Solomon Zubairu, Mercer (SoCon)",So.,DL,11,4,3,31,5.5,0.50
75,"Spencer Waege, North Dakota St. (MVFC)",Jr.,DE,9,4,1,30,4.5,0.50
75,"Jordan Ward, VMI (SoCon)",Sr.,DL,8,4,0,23,4,0.50
75,"Kelvin Azanama, James Madison (CAA)",Sr.,LB,8,3,2,15,4,0.50
75,"Jared Brinkman, UNI (MVFC)",Sr.,DL,7,3,1,23,3.5,0.50
75,"Mason Kinsey, McNeese (Southland)",So.,DL,7,3,1,19,3.5,0.50
75,"Chris Tucker, Tennessee Tech (OVC)",Sr.,DL,7,3,1,18,3.5,0.50
75,"Jonah Kim, Idaho (Big Sky)",Sr.,DL,6,3,0,23,3,0.50
75,"Jomard Valsin Jr., Northwestern St. (Southland)",Jr.,LB,6,3,0,20,3,0.50
75,"Mikail Kamara, James Madison (CAA)",Fr.,DL,6,2,2,19,3,0.50
75,"Austin Martins, Valparaiso (Pioneer)",Jr.,DL,6,2,2,25,3,0.50
75,"Jared Pedraza, Northwestern St. (Southland)",Fr.,LB,6,2,2,21,3,0.50
75,"Omar Fraser, Sacred Heart (NEC)",Sr.,DL,5,2,1,10,2.5,0.50
75,"Jalen Ivy, Southern U. (SWAC)",Jr.,DL,5,2,1,17,2.5,0.50
75,"Andrew Ogletree, Alabama St. (SWAC)",Jr.,DL,5,2,1,17,2.5,0.50
75,"Jerick Pitre, UIW (Southland)",Sr.,LB,5,2,1,10,2.5,0.50
75,"Miqueal Pillow-Smiley, Jackson St. (SWAC)",Jr.,DL,5,1,3,13,2.5,0.50
75,"Mike Bright Jr., Bucknell (Patriot)",Fr.,DL,4,2,0,9,2,0.50
75,"Timmy Furgeson, Villanova (CAA)",Fr.,LB,4,2,0,17,2,0.50
75,"Michael Gomez, Illinois St. (MVFC)",Sr.,DL,4,2,0,17,2,0.50
75,"Da'Quan Grimes, Monmouth (Big South)",Sr.,LB,4,2,0,7,2,0.50
75,"Erik Massey, Monmouth (Big South)",Sr.,LB,4,2,0,5,2,0.50
75,"Brandon Simon, Illinois St. (MVFC)",Jr.,LB,4,2,0,5,2,0.50
75,"Athen Smith, Ark.-Pine Bluff (SWAC)",Fr.,DL,4,2,0,10,2,0.50
75,"Gerrit Van Itallie, Bucknell (Patriot)",Sr.,DB,4,2,0,11,2,0.50
75,"Benton Whitley, Holy Cross (Patriot)",Sr.,DL,4,2,0,25,2,0.50
75,"Honus Wagner, Gardner-Webb (Big South)",Jr.,LB,4,1,2,11,2,0.50
75,"Elisha Armstrong, Fordham (Patriot)",So.,DL,3,1,1,11,1.5,0.50
75,"Malik Hamm, Lafayette (Patriot)",Jr.,DL,3,1,1,13,1.5,0.50
75,"Majeste' Hansberry, Stetson (Pioneer)",Jr.,LB,3,1,1,9,1.5,0.50
75,"Jeremy Imperati, Fordham (Patriot)",Sr.,DL,3,1,1,9,1.5,0.50
75,"Supilani Mailei, Robert Morris (Big South)",Sr.,DE,3,1,1,11,1.5,0.50
75,"Marco Olivas, Lafayette (Patriot)",So.,LB,3,1,1,6,1.5,0.50
75,"Michael Badejo, Texas Southern (SWAC)",Sr.,DL,2,1,0,6,1,0.50
75,"Macai Bruce, Wagner (NEC)",Sr.,DL,2,1,0,2,1,0.50
75,"John Gioia, Wagner (NEC)",So.,LB,2,1,0,4,1,0.50
75,"Viramontes Pippens, Texas Southern (SWAC)",So.,DL,2,1,0,10,1,0.50
75,"Alec Prince, Texas Southern (SWAC)",Sr.,DB,2,1,0,4,1,0.50
75,"Tajhir Tate, Wagner (NEC)",So.,DL,2,1,0,4,1,0.50
75,"Matthew Williams, Texas Southern (SWAC)",Sr.,DB,2,1,0,13,1,0.50
75,"Jared Petrichick, Colgate (Patriot)",Jr.,LB,2,0,2,8,1,0.50
75,"Owen Rosenberger, Colgate (Patriot)",Sr.,DL,2,0,2,9,1,0.50
75,"Brian Carter, New Hampshire (CAA)",Sr.,DL,1,0,1,3,0.5,0.50
118,"Eli Mostaert, North Dakota St. (MVFC)",Fr.,DT,10,4,1,35,4.5,0.45
119,"Ty Harris, Western Caro. (SoCon)",Sr.,LB,9,3,2,25,4,0.44
119,"Terrell Lucas, Austin Peay (OVC)",Sr.,DL,9,3,2,21,4,0.44
121,"Griffin Hoak, Youngstown St. (MVFC)",So.,LB,7,3,0,14,3,0.43
121,"Devon Krzanowski, North Dakota (MVFC)",Jr.,LB,7,3,0,17,3,0.43
121,"Noah Larson, North Dakota (MVFC)",Jr.,LB,7,3,0,17,3,0.43
121,"Joshua Jerome, Eastern Wash. (Big Sky)",So.,DL,7,2,2,19,3,0.43
121,"Izaiah Reed, Murray St. (OVC)",So.,DL,7,2,2,28,3,0.43
126,"Kyle Bilchik, San Diego (Pioneer)",Sr.,LB,6,2,1,12,2.5,0.42
126,"Trimarcus Cheeks, Samford (SoCon)",So.,LB,6,2,1,9,2.5,0.42
126,"Accord Green, McNeese (Southland)",Jr.,DL,6,2,1,25,2.5,0.42
126,"Muhindo Kapapa, San Diego (Pioneer)",Jr.,DL,6,2,1,17,2.5,0.42
126,"Jordan Paup, Abilene Christian (Southland)",Jr.,DE,6,2,1,10,2.5,0.42
126,"Eryk Preston, Western Ill. (MVFC)",Sr.,LB,6,2,1,25,2.5,0.42
126,"George Tarlas, Weber St. (Big Sky)",Jr.,DL,6,2,1,14,2.5,0.42
126,"Cole Watts, Western Ill. (MVFC)",Jr.,DL,6,2,1,11,2.5,0.42
126,"Torrence Williams, Elon (CAA)",Jr.,DL,6,2,1,24,2.5,0.42
126,"Chris Reese, San Diego (Pioneer)",Sr.,DL,6,1,3,17,2.5,0.42
136,"Caleb Sanders, South Dakota St. (MVFC)",Jr.,DT,10,4,0,22,4,0.40
136,"Quentin Brown, Sam Houston (Southland)",Jr.,LB,10,3,2,12,4,0.40
136,"Jevon Leon, Sam Houston (Southland)",So.,DL,10,3,2,24,4,0.40
136,"John Beckley, Wofford (SoCon)",Sr.,LB,5,2,0,23,2,0.40
136,"Cole Hansen, UC Davis (Big Sky)",Sr.,LB,5,2,0,12,2,0.40
136,"Kevin Peprah, Sacred Heart (NEC)",Jr.,DL,5,2,0,8,2,0.40
136,"Cameron Rampersaud, Alabama St. (SWAC)",Sr.,DL,5,2,0,1,2,0.40
136,"Bryce Rodgers, UC Davis (Big Sky)",Sr.,DL,5,2,0,7,2,0.40
136,"Desmond Scott, Kennesaw St. (Big South)",Jr.,DL,5,2,0,14,2,0.40
136,"Isaiah Williams, Delaware St. (MEAC)",Jr.,DL,5,2,0,9,2,0.40
136,"Harrison Beemiller, Northern Ariz. (Big Sky)",Sr.,LB,5,1,2,11,2,0.40
136,"Eloi Kwete, Northern Ariz. (Big Sky)",So.,DL,5,1,2,11,2,0.40
148,"J.W. Jones, Central Ark. (Southland)",Sr.,DL,9,3,1,36,3.5,0.39
148,"Lane Tucker, North Dakota St. (MVFC)",Jr.,DT,9,3,1,17,3.5,0.39
150,"Matthew Gayle, Austin Peay (OVC)",Sr.,DE,8,3,0,18,3,0.38
150,"Mike Greene, James Madison (CAA)",Sr.,DL,8,2,2,16,3,0.38
150,"Nolan DeFranco, Stetson (Pioneer)",Sr.,DE,4,1,1,6,1.5,0.38
150,"Eddie Hahn, Monmouth (Big South)",Sr.,LB,4,1,1,8,1.5,0.38
150,"Jordan Jackson, Holy Cross (Patriot)",Sr.,DL,4,1,1,9,1.5,0.38
150,"Kieran Kohorst, Drake (Pioneer)",Jr.,DL,4,1,1,4,1.5,0.38
150,"Dan Kuznetsov, Holy Cross (Patriot)",Jr.,DL,4,1,1,10,1.5,0.38
150,"Anthony Lang, UAlbany (CAA)",Jr.,DL,4,1,1,8,1.5,0.38
150,"Khairi Manns, Maine (CAA)",Fr.,DL,4,1,1,4,1.5,0.38
150,"Jacob Matthew, South Dakota (MVFC)",Sr.,LB,4,1,1,13,1.5,0.38
150,"Shaundre Mims, Charleston So. (Big South)",Jr.,DL,4,1,1,10,1.5,0.38
150,"Clay Myers, Bucknell (Patriot)",Sr.,DL,4,1,1,5,1.5,0.38
150,"Bryan Powell, Grambling (SWAC)",Jr.,LB,4,1,1,9,1.5,0.38
150,"Jameson Turner, Gardner-Webb (Big South)",So.,WR,4,1,1,12,1.5,0.38
150,"Nnamdi Unachukwu, Bucknell (Patriot)",Sr.,DL,4,1,1,10,1.5,0.38
165,"Tay Berry, Samford (SoCon)",Jr.,DL,7,2,1,28,2.5,0.36
165,"Kam Bowdry, UT Martin (OVC)",So.,DL,7,2,1,10,2.5,0.36
165,"Pig Cage, Nicholls (Southland)",Fr.,DB,7,2,1,27,2.5,0.36
165,"Perry Ganci, Nicholls (Southland)",So.,DL,7,2,1,17,2.5,0.36
165,"Darrius Harry, Southeastern La. (Southland)",Fr.,DL,7,2,1,18,2.5,0.36
165,"Quintin Seguin, North Dakota (MVFC)",Jr.,DL,7,2,1,6,2.5,0.36
165,"Armond Lloyd, Samford (SoCon)",Sr.,DL,7,1,3,16,2.5,0.36
172,"Jordan Berner, Southern Ill. (MVFC)",Sr.,DL,10,3,1,25,3.5,0.35
172,"Scean Mustin, Sam Houston (Southland)",Sr.,DL,10,3,1,23,3.5,0.35
172,"Isaiah Sayles, Missouri St. (MVFC)",Jr.,DE,10,2,3,27,3.5,0.35
175,"Marquise Blount, The Citadel (SoCon)",Jr.,LB,12,4,0,24,4,0.33
175,"Chris Hill, Mercer (SoCon)",Fr.,DL,9,3,0,16,3,0.33
175,"Charles Akanno, Idaho (Big Sky)",Sr.,LB,6,2,0,21,2,0.33
175,"Emmanuel Baez, Tennessee St. (OVC)",Fr.,DE,6,2,0,7,2,0.33
175,"Ty'Ree Evans, Nicholls (Southland)",Jr.,LB,6,2,0,7,2,0.33
175,"Jack Gibbens, Abilene Christian (Southland)",Sr.,LB,6,2,0,13,2,0.33
175,"Earenest Grayson, McNeese (Southland)",Fr.,DL,6,2,0,11,2,0.33
175,"Darian Green, Idaho St. (Big Sky)",Jr.,LB,6,2,0,15,2,0.33
175,"Michael Hawkins, San Diego (Pioneer)",Sr.,DB,6,2,0,19,2,0.33
175,"Caden Houghtelling, UNI (MVFC)",Jr.,DL,6,2,0,11,2,0.33
175,"Sherwin Lavaka, Weber St. (Big Sky)",Sr.,LB,6,2,0,16,2,0.33
175,"Isaiah Longino, Northwestern St. (Southland)",Jr.,LB,6,2,0,19,2,0.33
175,"Jordan Miles, Eastern Ill. (OVC)",Fr.,DE,6,2,0,14,2,0.33
175,"Jalen Porter, ETSU (SoCon)",So.,LB,6,2,0,10,2,0.33
175,"Trejuan Purty, Valparaiso (Pioneer)",Sr.,DL,6,2,0,15,2,0.33
175,"Raemo Trevino, Idaho St. (Big Sky)",Sr.,DL,6,2,0,8,2,0.33
175,"Aaron Warren, Davidson (Pioneer)",Fr.,DL,6,2,0,7,2,0.33
175,"Jaumonie Crain, Jackson St. (SWAC)",Jr.,,6,1,2,12,2,0.33
175,"John Daigle, Northwestern St. (Southland)",Fr.,DE,6,1,2,13,2,0.33
175,"Max Evans, ETSU (SoCon)",Fr.,DL,6,1,2,14,2,0.33
175,"Jaxon Peifer, Valparaiso (Pioneer)",Jr.,LB,6,1,2,14,2,0.33
175,"Darien Townsend, UIW (Southland)",Sr.,DL,6,1,2,9,2,0.33
175,"Sydney Audiger, Robert Morris (Big South)",Jr.,DB,3,1,0,6,1,0.33
175,"Jalen Bell, Mississippi Val. (SWAC)",So.,DL,3,1,0,4,1,0.33
175,"Caleb Caslow, LIU (NEC)",So.,LB,3,1,0,7,1,0.33
175,"Myles Cecil, Cal Poly (Big Sky)",Jr.,DL,3,1,0,7,1,0.33
175,"Tyler Crist, William & Mary (CAA)",Sr.,LB,3,1,0,5,1,0.33
175,"Glenn Cunningham, Fordham (Patriot)",Sr.,LB,3,1,0,4,1,0.33
175,"Mike DeNucci, Lehigh (Patriot)",Fr.,LB,3,1,0,1,1,0.33
175,"Anthony Diodato, Fordham (Patriot)",Sr.,DL,3,1,0,5,1,0.33
175,"Lorenzo Euline, Robert Morris (Big South)",Fr.,DB,3,1,0,5,1,0.33
175,"Carl Fowler, William & Mary (CAA)",Jr.,DL,3,1,0,8,1,0.33
175,"Dajo Funderburk, South Carolina St. (MEAC)",Fr.,DL,3,1,0,7,1,0.33
175,"Ryan Greenhagen, Fordham (Patriot)",Jr.,LB,3,1,0,4,1,0.33
175,"Pete Haffner, Lehigh (Patriot)",Sr.,LB,3,1,0,9,1,0.33
175,"Eli Jackson, Alabama A&M (SWAC)",So.,DL,3,1,0,6,1,0.33
175,"Keirston Johnson, Stony Brook (CAA)",Sr.,LB,3,1,0,1,1,0.33
175,"Marcus Joseph, Lafayette (Patriot)",Fr.,DL,3,1,0,4,1,0.33
175,"Kharee Lockley, Mississippi Val. (SWAC)",Sr.,DB,3,1,0,2,1,0.33
175,"Levi Metheny, UAlbany (CAA)",Sr.,LB,3,1,0,3,1,0.33
175,"Westley Neal, Jr., Rhode Island (CAA)",Fr.,DT,3,1,0,2,1,0.33
175,"Desmond Obi, Prairie View (SWAC)",So.,DE,3,1,0,9,1,0.33
175,"John Pius, William & Mary (CAA)",Fr.,LB,3,1,0,13,1,0.33
175,"Eric Powell, Mississippi Val. (SWAC)",Sr.,DL,3,1,0,9,1,0.33
175,"Jack Smith, Campbell (Big South)",So.,LB,3,1,0,5,1,0.33
175,"Lance Vecchio, Cal Poly (Big Sky)",Sr.,LB,3,1,0,8,1,0.33
175,"Kevin Victorian, Prairie View (SWAC)",Jr.,DL,3,1,0,4,1,0.33
175,"Rico Watson, Robert Morris (Big South)",Fr.,LB,3,1,0,1,1,0.33
175,"Devalon Whitcomb, South Dakota (MVFC)",Sr.,DL,3,1,0,4,1,0.33
175,"Stefan Williams, Charleston So. (Big South)",Sr.,DL,3,1,0,8,1,0.33
175,"LaTreil Wimberly, Lehigh (Patriot)",Fr.,DB,3,1,0,2,1,0.33
175,"Troy James, Prairie View (SWAC)",Sr.,NT,3,0,2,4,1,0.33
