Rank,Player,Cl,Pos,G,Solo Sack,Asst Sack,Sack Yds,Tot Sack,Sacks PG
1,"Karter Schult, UNI (MVFC)",Sr.,DL,11,16,2,99,17,1.55
2,"Christian Kuntz, Duquesne (NEC)",Sr.,LB,11,10,3,99,11.5,1.05
3,"Jonathan Petersen, San Diego (Pioneer)",Jr.,DL,12,12,1,84,12.5,1.04
4,"Darien Anderson, Alcorn (SWAC)",Sr.,LB,11,9,4,72,11,1.00
4,"Ryan Smith, Holy Cross (Patriot)",Sr.,LB,11,9,4,50,11,1.00
4,"Pat Afriyie, Colgate (Patriot)",Jr.,DL,10,8,4,83,10,1.00
7,"Kedrick Harrison, SFA (Southland)",Sr.,DL,11,10,1,54,10.5,0.95
8,"Marquis Smith, Savannah St. (MEAC)",Sr.,LB,10,9,1,69,9.5,0.95
9,"Folarin Orimolade, Dartmouth (Ivy League)",Sr.,LB,10,9,0,47,9,0.90
10,"Derek Rivers, Youngstown St. (MVFC)",Sr.,DL,16,13,2,86,14,0.88
10,"Solomon Leaeno, Saint Francis (PA) (NEC)",Sr.,LB,12,9,3,65,10.5,0.88
12,"Sully Laiche, Nicholls (Southland)",Fr.,DL,11,9,1,57,9.5,0.86
12,"Abdullah Anderson, Bucknell (Patriot)",Jr.,DL,11,8,3,58,9.5,0.86
14,"Frederick Henry-Ajudua, N.C. Central (MEAC)",Sr.,DL,10,8,1,50,8.5,0.85
15,"Tanoh Kpassagnon, Villanova (CAA)",Sr.,DL,13,10,2,59,11,0.85
15,"P. J. Hall, Sam Houston (Southland)",Jr.,DL,13,9,4,72,11,0.85
17,"Darius Jackson, Jacksonville St. (OVC)",Jr.,LB,12,9,2,62,10,0.83
18,"Keionta Davis, Chattanooga (SoCon)",Sr.,DL,13,10,1,64,10.5,0.81
19,"Greg Menard, North Dakota St. (MVFC)",Jr.,DL,14,9,4,78,11,0.79
20,"Keontre Anderson, Jackson St. (SWAC)",Jr.,DL,11,8,1,56,8.5,0.77
20,"Gee Stanley, Robert Morris (NEC)",Fr.,LB,11,8,1,64,8.5,0.77
20,"Siupeli Anau, Northern Ariz. (Big Sky)",Sr.,DL,11,7,3,66,8.5,0.77
20,"Nick Surges, Dayton (Pioneer)",So.,DL,11,7,3,47,8.5,0.77
24,"Stefen Banks, Savannah St. (MEAC)",So.,DL,10,7,1,30,7.5,0.75
24,"Kurt Holuba, Princeton (Ivy League)",Jr.,DL,10,7,1,55,7.5,0.75
24,"Richard Jarvis, Brown (Ivy League)",Sr.,LB,10,7,1,48,7.5,0.75
27,"Aaron Tiller, Southern U. (SWAC)",Jr.,LB,11,8,0,61,8,0.73
27,"Mike Gray, Dayton (Pioneer)",Sr.,DL,11,7,2,58,8,0.73
27,"Chris Livings, McNeese (Southland)",So.,DL,11,7,2,49,8,0.73
30,"George Obinna, Sacramento St. (Big Sky)",So.,DL,9,6,1,41,6.5,0.72
31,"Samuel Reese, Grambling (SWAC)",Sr.,DL,12,8,1,54,8.5,0.71
32,"Avery Moss, Youngstown St. (MVFC)",Sr.,DL,15,10,1,76,10.5,0.70
32,"Jasawn Thompson, Delaware (CAA)",So.,LB,10,7,0,48,7,0.70
32,"DJ Bailey, Harvard (Ivy League)",So.,DL,10,6,2,46,7,0.70
32,"Anthony Ellis, Charleston So. (Big South)",Jr.,DL,10,6,2,28,7,0.70
36,"Jammerio Gross-Whitaker, McNeese (Southland)",Fr.,DL,11,6,3,38,7.5,0.68
37,"Samson Ebukam, Eastern Wash. (Big Sky)",Sr.,DL,14,9,1,73,9.5,0.68
38,"Antonio Brown, N.C. Central (MEAC)",Jr.,DL,12,7,2,36,8,0.67
38,"Ahmad Gooden, Samford (SoCon)",So.,DL,12,7,2,69,8,0.67
38,"Boo Jordan, Davidson (Pioneer)",So.,DL,9,5,2,37,6,0.67
41,"Brett Field, Colgate (Patriot)",Sr.,DL,10,6,1,44,6.5,0.65
42,"Dewayne Cameron, Holy Cross (Patriot)",Sr.,DL,11,7,0,41,7,0.64
42,"Malachi Hoskins, UAlbany (CAA)",Jr.,DL,11,7,0,38,7,0.64
42,"John Franklin, SFA (Southland)",---,DE,11,6,2,51,7,0.64
42,"Aaron Patrick, Eastern Ky. (OVC)",So.,DL,11,5,4,48,7,0.64
46,"Ryan Francis, VMI (SoCon)",Jr.,LB,10,6,0,40,6,0.60
