Rank,Player,Cl,Pos,G,Solo Sack,Asst Sack,Sack Yds,Tot Sack,Sacks PG
1,"Andre Carter II, Army West Point (FBS Independent)",Jr.,LB,13,14,3,88,15.5,1.19
2,"Will Anderson Jr., Alabama (SEC)",So.,LB,15,16,3,108,17.5,1.17
3,"Aidan Hutchinson, Michigan (Big Ten)",Sr.,DE,14,12,4,73,14,1.00
3,"Ali Fayad, Western Mich. (MAC)",Sr.,DL,13,11,4,79,13,1.00
3,"Jermaine Johnson, Florida St. (ACC)",Sr.,DE,12,10,4,72,12,1.00
6,"Josaiah Stewart, Coastal Carolina (Sun Belt)",Fr.,DE,13,11,3,76,12.5,0.96
7,"Javon Solomon, Troy (Sun Belt)",Fr.,DE,12,10,2,67,11,0.92
8,"Tristan Nichols, Nevada (Mountain West)",Sr.,DT,11,9,2,60,10,0.91
9,"Will McDonald, Iowa St. (Big 12)",Jr.,DE,13,10,3,77,11.5,0.88
10,"Scott Patchan, Colorado St. (Mountain West)",Sr.,DL,12,9,3,79,10.5,0.88
11,"Felix Anudike-Uzomah, Kansas St. (Big 12)",So.,DE,13,11,0,52,11,0.85
11,"Isaiah Foskey, Notre Dame (FBS Independent)",Jr.,DL,13,11,0,127,11,0.85
13,"Collin Oliver, Oklahoma St. (Big 12)",Fr.,DE,14,11,1,76,11.5,0.82
13,"Cameron Thomas, San Diego St. (Mountain West)",Jr.,DL,14,10,3,63,11.5,0.82
15,"Sam Williams, Ole Miss (SEC)",Sr.,DL,13,10,1,58,10.5,0.81
16,"Arnold Ebiketie, Penn St. (Big Ten)",Sr.,DE,12,9,1,62,9.5,0.79
17,"Nick Hampton, App State (Sun Belt)",Jr.,LB,14,11,0,55,11,0.79
17,"David Ojabo, Michigan (Big Ten)",Jr.,LB,14,10,2,86,11,0.79
19,"Yasir Abdullah, Louisville (ACC)",Sr.,LB,13,10,0,77,10,0.77
19,"Jamal Hines, Toledo (MAC)",Jr.,DE,13,8,4,52,10,0.77
21,"Chauncey Manac, Louisiana (Sun Belt)",Sr.,LB,14,10,1,86,10.5,0.75
21,"Clarence Hicks, UTSA (C-USA)",Sr.,LB,14,9,3,66,10.5,0.75
23,"Vince Sanford, Air Force (Mountain West)",Jr.,LB,13,9,1,91,9.5,0.73
24,"Richard Jibunor, Troy (Sun Belt)",So.,DE,11,7,2,67,8,0.73
24,"Leo Chenal, Wisconsin (Big Ten)",Jr.,LB,11,6,4,63,8,0.73
26,"Tyree Johnson, Texas A&M (SEC)",Sr.,DL,12,8,1,53,8.5,0.71
26,"Demarvin Leal, Texas A&M (SEC)",Jr.,DL,12,7,3,44,8.5,0.71
26,"Cody Roscoe, Syracuse (ACC)",Sr.,DL,12,6,5,45,8.5,0.71
29,"Micheal Clemons, Texas A&M (SEC)",Sr.,DL,10,6,2,43,7,0.70
30,"Jordan Ferguson, Middle Tenn. (C-USA)",Jr.,DL,13,8,2,59,9,0.69
30,"Derick Hall, Auburn (SEC)",Jr.,DL,13,8,2,49,9,0.69
30,"Nick Herbig, Wisconsin (Big Ten)",So.,LB,13,8,2,57,9,0.69
30,"Brock Martin, Oklahoma St. (Big 12)",Sr.,DE,13,8,2,56,9,0.69
30,"Eyioma Uwazurike, Iowa St. (Big 12)",Sr.,DE,13,8,2,74,9,0.69
30,"Troy Hairston, Central Mich. (MAC)",Sr.,DL,13,7,4,75,9,0.69
30,"Lonnie Phelps, Miami (OH) (MAC)",Jr.,DL,13,7,4,73,9,0.69
37,"Cameron Goode, California (Pac-12)",Sr.,LB,11,6,3,59,7.5,0.68
38,"Mika Tafua, Utah (Pac-12)",Jr.,DE,14,9,1,77,9.5,0.68
39,"Isaiah Thomas, Oklahoma (Big 12)",Sr.,DL,12,7,2,56,8,0.67
39,"Kivon Bennett, Arkansas St. (Sun Belt)",Jr.,DL,12,6,4,42,8,0.67
39,"Zachary Carter, Florida (SEC)",Sr.,DL,12,6,4,44,8,0.67
42,"Brenton Cox Jr., Florida (SEC)",Jr.,LB,13,8,1,44,8.5,0.65
42,"Tomon Fox, North Carolina (ACC)",Sr.,LB,13,7,3,59,8.5,0.65
42,"Grayson Murphy, North Texas (C-USA)",So.,LB,13,7,3,53,8.5,0.65
45,"Nick Heninger, Utah St. (Mountain West)",Sr.,DE,14,9,0,61,9,0.64
45,"Habakkuk Baldonado, Pittsburgh (ACC)",Jr.,DL,14,8,2,46,9,0.64
45,"DeAngelo Malone, Western Ky. (C-USA)",Sr.,DE,14,8,2,61,9,0.64
45,"Luiji Vilain, Wake Forest (ACC)",Sr.,DL,14,8,2,56,9,0.64
49,"Kayvon Thibodeaux, Oregon (Pac-12)",So.,DE,11,7,0,53,7,0.64
50,"Karl Brooks, Bowling Green (MAC)",Jr.,DL,12,7,1,55,7.5,0.62
50,"Mohamed Kamara, Colorado St. (Mountain West)",Jr.,LB,12,6,3,39,7.5,0.62
50,"Joe Ozougwu, Arkansas St. (Sun Belt)",Sr.,DL,12,5,5,36,7.5,0.62
53,"Kameron Butler, Miami (OH) (MAC)",Sr.,DL,13,8,0,43,8,0.62
54,"Jonah Tavai, San Diego St. (Mountain West)",Sr.,DL,14,7,3,57,8.5,0.61
55,"Phidarian Mathis, Alabama (SEC)",Sr.,DL,15,8,2,52,9,0.60
56,"Viliami Fehoko, San Jose St. (Mountain West)",Jr.,DL,12,7,0,30,7,0.58
56,"Scott Matlock, Boise St. (Mountain West)",Jr.,DT,12,7,0,42,7,0.58
56,"Nik Bonitto, Oklahoma (Big 12)",Jr.,LB,12,6,2,39,7,0.58
59,"Terrel Bernard, Baylor (Big 12)",Sr.,LB,13,7,1,53,7.5,0.58
59,"Tyrus Wheat, Mississippi St. (SEC)",Sr.,LB,13,7,1,52,7.5,0.58
59,"Jordan Jackson, Air Force (Mountain West)",Sr.,DL,13,5,5,79,7.5,0.58
62,"Devin Lloyd, Utah (Pac-12)",Jr.,LB,14,8,0,60,8,0.57
62,"Rondell Bothroyd, Wake Forest (ACC)",So.,DL,14,7,2,45,8,0.57
64,"Dallas Turner, Alabama (SEC)",Fr.,LB,15,8,1,52,8.5,0.57
65,"Marcus Valdez, Boston College (ACC)",Sr.,DE,9,5,0,49,5,0.56
66,"Owen Carney, Jr., Illinois (Big Ten)",Sr.,LB,12,6,1,40,6.5,0.54
66,"Kyron Johnson, Kansas (Big 12)",Sr.,DE,12,6,1,41,6.5,0.54
66,"DeVere Levelston, SMU (AAC)",Jr.,DT,12,6,1,30,6.5,0.54
66,"Micah McFadden, Indiana (Big Ten)",Sr.,LB,12,6,1,56,6.5,0.54
66,"Joey Noble, New Mexico (Mountain West)",Sr.,DL,12,6,1,38,6.5,0.54
66,"Keir Thomas, Florida St. (ACC)",Sr.,DE,12,6,1,26,6.5,0.54
66,"Daymond Williams, Buffalo (MAC)",Jr.,DT,12,6,1,42,6.5,0.54
66,"Jacoby Windmon, UNLV (Mountain West)",Jr.,LB,12,6,1,41,6.5,0.54
66,"Jeffrey Gunter, Coastal Carolina (Sun Belt)",Sr.,DE,12,5,3,59,6.5,0.54
75,"Eku Leota, Auburn (SEC)",Jr.,DL,13,7,0,40,7,0.54
75,"Boye Mafe, Minnesota (Big Ten)",Sr.,DL,13,7,0,41,7,0.54
75,"Darius Muasau, Hawaii (Mountain West)",Jr.,LB,13,7,0,47,7,0.54
75,"Dante Stills, West Virginia (Big 12)",Sr.,DL,13,7,0,51,7,0.54
75,"Tyree Wilson, Texas Tech (Big 12)",Jr.,DL,13,7,0,58,7,0.54
75,"D'Anthony Jones, Houston (AAC)",Jr.,DL,13,6,2,47,7,0.54
75,"Myles Murphy, Clemson (ACC)",So.,DE,13,6,2,38,7,0.54
75,"BJ Ojulari, LSU (SEC)",So.,DE,13,6,2,51,7,0.54
75,"Kevin Atkins, Fresno St. (Mountain West)",Sr.,DL,13,5,4,39,7,0.54
75,"Storey Jackson, Liberty (FBS Independent)",Sr.,LB,13,5,4,49,7,0.54
75,"Gabriel Murphy, North Texas (C-USA)",So.,LB,13,5,4,52,7,0.54
75,"David Perales, Fresno St. (Mountain West)",Sr.,DE,13,5,4,56,7,0.54
75,"Jacub Panasiuk, Michigan St. (Big Ten)",Sr.,DL,13,4,6,51,7,0.54
88,"Curtis Brooks, Cincinnati (AAC)",Sr.,DL,14,6,3,46,7.5,0.54
89,"Joe Evans, Iowa (Big Ten)",Jr.,DE,14,6,2,47,7,0.50
89,"Calijah Kancey, Pittsburgh (ACC)",So.,DL,14,6,2,58,7,0.50
89,"Demetrius Taylor, App State (Sun Belt)",Sr.,DL,14,6,2,43,7,0.50
89,"Lukas Van Ness, Iowa (Big Ten)",Fr.,DL,14,6,2,46,7,0.50
89,"Sam Hammond, Nevada (Mountain West)",Sr.,DE,13,6,1,67,6.5,0.50
89,"Zi'Yon Hill, Louisiana (Sun Belt)",Jr.,DL,13,6,1,42,6.5,0.50
89,"Cedric Johnson, Ole Miss (SEC)",So.,LB,13,6,1,28,6.5,0.50
89,"Jose Ramirez, Eastern Mich. (MAC)",So.,DL,13,6,1,42,6.5,0.50
89,"Jadrian Taylor, UTEP (C-USA)",Jr.,DE,13,6,1,31,6.5,0.50
89,"John Wesley Whiteside, Central Mich. (MAC)",Jr.,DL,13,5,3,32,6.5,0.50
89,"Logan Hall, Houston (AAC)",Jr.,DL,13,4,5,46,6.5,0.50
89,"Isaiah Bagnah, Boise St. (Mountain West)",So.,DE,12,6,0,32,6,0.50
89,"Cam'Ron Carter, Colorado St. (Mountain West)",Sr.,LB,12,6,0,33,6,0.50
89,"Turner Coxe, SMU (AAC)",Sr.,DE,12,6,0,36,6,0.50
89,"Drake Thomas, NC State (ACC)",So.,LB,12,6,0,20,6,0.50
89,"Markees Watts, Charlotte (C-USA)",Sr.,DE,12,6,0,41,6,0.50
89,"Levi Jones, NC State (ACC)",Jr.,LB,12,5,2,40,6,0.50
89,"Stefon Thompson, Syracuse (ACC)",So.,LB,12,5,2,34,6,0.50
89,"J.J. Weaver, Kentucky (SEC)",So.,LB,12,5,2,39,6,0.50
89,"Tre Williams, Arkansas (SEC)",Sr.,DL,12,5,2,26,6,0.50
89,"Alex Wright, UAB (C-USA)",Jr.,DE,12,4,4,46,6,0.50
89,"Byron Young, Tennessee (SEC)",Jr.,DL,11,5,1,49,5.5,0.50
89,"Kyon Barrs, Arizona (Pac-12)",So.,DL,10,4,2,34,5,0.50
89,"Kyler Laing, Buffalo (MAC)",So.,DL,9,4,1,32,4.5,0.50
113,"Gabe Hall, Baylor (Big 12)",So.,DL,13,6,0,23,6,0.46
113,"Arron Mosby, Fresno St. (Mountain West)",Sr.,DE,13,6,0,40,6,0.46
113,"Jamil Muhammad, Georgia St. (Sun Belt)",So.,LB,13,6,0,69,6,0.46
113,"Sam Okuayinonu, Maryland (Big Ten)",Sr.,DL,13,6,0,55,6,0.46
113,"Big Kat Bryant, UCF (AAC)",Sr.,DL,13,5,2,31,6,0.46
113,"Chance Campbell, Ole Miss (SEC)",Sr.,LB,13,5,2,36,6,0.46
113,"Anthony Goodlow, Tulsa (AAC)",Jr.,DL,13,5,2,33,6,0.46
113,"Isaiah McGuire, Missouri (SEC)",Jr.,DL,13,5,2,36,6,0.46
113,"Ralph Holley, Western Mich. (MAC)",Sr.,DL,13,4,4,42,6,0.46
113,"Andrezj Hughes-Murray, Oregon St. (Pac-12)",Sr.,LB,13,4,4,27,6,0.46
113,"Trenton Simpson, Clemson (ACC)",So.,LB,13,4,4,45,6,0.46
124,"Damone Clark, LSU (SEC)",Sr.,LB,12,5,1,40,5.5,0.46
124,"Haskell Garrett, Ohio St. (Big Ten)",Sr.,DL,12,5,1,31,5.5,0.46
124,"Daniel Grzesiak, Nevada (Mountain West)",Jr.,DE,12,5,1,28,5.5,0.46
124,"Zach McCloud, Miami (FL) (ACC)",Sr.,LB,12,5,1,50,5.5,0.46
124,"Joshua Paschal, Kentucky (SEC)",Sr.,DL,12,5,1,39,5.5,0.46
124,"Ty Shelby, ULM (Sun Belt)",Sr.,DE,12,5,1,41,5.5,0.46
124,"Tuli Tuipulotu, Southern California (Pac-12)",So.,DL,12,5,1,39,5.5,0.46
124,"Carson Wells, Colorado (Pac-12)",Sr.,LB,12,5,1,16,5.5,0.46
124,"Perrion Winfrey, Oklahoma (Big 12)",Sr.,DL,12,4,3,29,5.5,0.46
133,"Darius Hodges, Tulane (AAC)",Fr.,DE,11,5,0,31,5,0.45
133,"Drake Jackson, Southern California (Pac-12)",Jr.,LB,11,5,0,30,5,0.45
133,"Kendy Charles, Liberty (FBS Independent)",Fr.,DT,11,4,2,34,5,0.45
133,"Tre'mon Morris-Brash, UCF (AAC)",Jr.,DL,11,4,2,31,5,0.45
137,"Robert Beal Jr., Georgia (SEC)",Sr.,LB,15,6,1,57,6.5,0.43
138,"D'Marco Jackson, App State (Sun Belt)",Sr.,LB,14,6,0,38,6,0.43
138,"Devin Harper, Oklahoma St. (Big 12)",Sr.,LB,14,5,2,45,6,0.43
138,"Andre Jones, Louisiana (Sun Belt)",Jr.,DL,14,4,4,26,6,0.43
141,"Praise Amaewhule, UTEP (C-USA)",So.,DL,13,5,1,23,5.5,0.42
141,"Jeremy Banks, Tennessee (SEC)",Jr.,LB,13,5,1,35,5.5,0.42
141,"Blake Carroll, Georgia St. (Sun Belt)",Sr.,LB,13,5,1,30,5.5,0.42
141,"Marcus Haynes, Old Dominion (C-USA)",Jr.,DE,13,5,1,39,5.5,0.42
141,"Jeff Pietrowski, Michigan St. (Big Ten)",So.,DE,13,5,1,38,5.5,0.42
141,"Thomas Rush, Minnesota (Big Ten)",Sr.,DL,13,5,1,51,5.5,0.42
141,"KD Davis, North Texas (C-USA)",Sr.,LB,13,4,3,36,5.5,0.42
141,"Eli Neal, Marshall (C-USA)",So.,LB,13,4,3,28,5.5,0.42
141,"Dom Peterson, Nevada (Mountain West)",Sr.,DT,13,4,3,30,5.5,0.42
141,"Jasheen Davis, Wake Forest (ACC)",Fr.,DL,13,3,5,28,5.5,0.42
