Rank,Player,Cl,Pos,G,Solo Sack,Asst Sack,Sack Yds,Tot Sack,Sacks PG
1,"Adrian Hope, Furman (SoCon)",Fr.,LB,10,14,2,65,15,1.50
2,"Derick Roberson, Sam Houston (Southland)",Sr.,DL,11,14,2,95,15,1.36
3,"Pete Swenson, Western Ill. (MVFC)",Sr.,LB,11,12,5,86,14.5,1.32
4,"Cameron Gill, Wagner (NEC)",Jr.,LB,11,12,3,76,13.5,1.23
5,"Tomas Wright, Bryant (NEC)",Jr.,DL,11,11,3,69,12.5,1.14
6,"BJ Blunt, McNeese (Southland)",Sr.,DB,10,11,0,73,11,1.10
7,"Jordan Lewis, Southern U. (SWAC)",Fr.,LB,11,11,2,86,12,1.09
8,"Maurice Jackson, Richmond (CAA)",Jr.,DL,10,9,2,71,10,1.00
8,"Kapri  Doucet , Hampton (FCS Independent)",Sr.,LB,9,9,0,55,9,1.00
10,"Kenney Wooten, Murray St. (OVC)",Sr.,DL,11,10,1,62,10.5,0.95
11,"Daniel DeLorenzi, Columbia (Ivy League)",Jr.,DL,10,8,3,56,9.5,0.95
12,"Khristian Tate, Georgetown (Patriot)",Jr.,DL,11,9,2,70,10,0.91
13,"Darryl Johnson, N.C. A&T (MEAC)",Jr.,DL,12,8,5,69,10.5,0.88
14,"Yurik Bethune, Alabama A&M (SWAC)",Sr.,DL,11,8,3,59,9.5,0.86
15,"Rocco Di Leo, Dartmouth (Ivy League)",Sr.,DL,10,8,1,58,8.5,0.85
16,"Mason Bennett, North Dakota (FCS Independent)",Jr.,DL,11,8,2,54,9,0.82
17,"Mason Moe, UC Davis (Big Sky)",Sr.,LB,13,10,1,73,10.5,0.81
18,"Malik Hamm, Lafayette (Patriot)",Fr.,DL,11,8,1,46,8.5,0.77
18,"Anthony Knighton, Southern Ill. (MVFC)",So.,DL,11,8,1,53,8.5,0.77
18,"Chris Terrell, Central Ark. (Southland)",Jr.,DL,11,8,1,56,8.5,0.77
18,"Marques Ford, Bethune-Cookman (MEAC)",Jr.,DL,11,7,3,42,8.5,0.77
18,"Justin Alexandre, UIW (Southland)",Sr.,DL,11,6,5,38,8.5,0.77
18,"Isaiah Mack, Chattanooga (SoCon)",Sr.,DL,11,6,5,62,8.5,0.77
24,"John Daka, James Madison (CAA)",Jr.,DL,13,9,2,65,10,0.77
25,"Nick Wheeler, Colgate (Patriot)",Jr.,DL,12,9,0,46,9,0.75
25,"Daniel Crosley, Lamar University (Southland)",Jr.,DL,12,8,2,65,9,0.75
25,"Sam Kamara, Stony Brook (CAA)",Jr.,DL,12,8,2,67,9,0.75
25,"Trey Whittington, Alcorn (SWAC)",Jr.,LB,12,7,4,66,9,0.75
25,"Matt Baker, Elon (CAA)",Sr.,LB,10,7,1,48,7.5,0.75
25,"Quinton Bell, Prairie View (SWAC)",Sr.,DB,10,6,3,38,7.5,0.75
31,"Ryan Greenhagan, Fordham (Patriot)",Fr.,LB,11,7,2,59,8,0.73
31,"Da'Jon Lee, Saint Francis (PA) (NEC)",Jr.,LB,11,6,4,61,8,0.73
33,"Aaron Donaldson, Sacred Heart (NEC)",Sr.,DL,10,7,0,62,7,0.70
34,"Aaron Patrick, Eastern Ky. (OVC)",Jr.,DL,11,6,3,43,7.5,0.68
35,"Sterling Sheffield, Maine (CAA)",Sr.,LB,14,8,3,68,9.5,0.68
35,"Kayon Whitaker, Maine (CAA)",Jr.,DL,14,8,3,50,9.5,0.68
37,"Sully Laiche, Nicholls (Southland)",Jr.,DL,13,8,1,70,8.5,0.65
37,"Rickey Neal, UNI (MVFC)",Sr.,LB,13,8,1,62,8.5,0.65
37,"Bryce Sterk, Montana St. (Big Sky)",So.,DL,13,8,1,40,8.5,0.65
37,"Justin Swift, Southeast Mo. St. (OVC)",Jr.,LB,13,7,3,62,8.5,0.65
41,"Deshawn Stevens, Maine (CAA)",So.,LB,14,8,2,62,9,0.64
42,"Kameron Hill, Abilene Christian (Southland)",So.,DL,11,7,0,44,7,0.64
42,"Chris Agyemang, Sacred Heart (NEC)",Jr.,DL,11,6,2,40,7,0.64
42,"Andrew Clyde, Richmond (CAA)",Sr.,DL,11,6,2,46,7,0.64
42,"Kaden Elliss, Idaho (Big Sky)",Sr.,LB,11,6,2,45,7,0.64
42,"Jalen Steward, Ark.-Pine Bluff (SWAC)",Jr.,DL,11,6,2,41,7,0.64
42,"Obinna Iheoma, Northwestern St. (Southland)",Sr.,LB,11,5,4,42,7,0.64
48,"Greg Menard, North Dakota St. (MVFC)",Sr.,DL,15,7,5,58,9.5,0.63
49,"Sterling Shippy, Alcorn (SWAC)",Sr.,DL,13,6,4,47,8,0.62
50,"Devonnsha Maxwell, Chattanooga (SoCon)",Fr.,DL,9,5,1,34,5.5,0.61
50,"Sean Orsini, Saint Francis (PA) (NEC)",Sr.,LB,9,5,1,49,5.5,0.61
52,"Ryan Burke, Yale (Ivy League)",Jr.,LB,10,6,0,43,6,0.60
52,"L.B. Mack III, Rhode Island (CAA)",Jr.,DL,10,6,0,39,6,0.60
52,"Claudio Martin, Missouri St. (MVFC)",So.,DL,10,5,2,35,6,0.60
52,"Nick Miller, Penn (Ivy League)",Sr.,LB,10,4,4,38,6,0.60
56,"Owen Kessler, Georgetown (Patriot)",So.,DL,11,6,1,57,6.5,0.59
56,"Khalen Saunders, Western Ill. (MVFC)",Sr.,DL,11,6,1,38,6.5,0.59
58,"Ron'Dell Carter, James Madison (CAA)",Jr.,DL,13,7,1,45,7.5,0.58
58,"Elerson Smith, UNI (MVFC)",So.,TE,13,7,1,49,7.5,0.58
60,"Solomon Clark, Western Caro. (SoCon)",Sr.,DL,9,5,0,49,5,0.56
60,"Niko Lalos, Dartmouth (Ivy League)",Jr.,DL,9,5,0,30,5,0.56
60,"Johnathan Picone, Abilene Christian (Southland)",So.,LB,9,4,2,24,5,0.56
63,"Ahmad Gooden, Samford (SoCon)",Sr.,DL,10,5,1,36,5.5,0.55
63,"Mike Wagner, Princeton (Ivy League)",Sr.,LB,10,5,1,30,5.5,0.55
63,"Gyasi Yeldell, Presbyterian (Big South)",Sr.,DL,10,5,1,28,5.5,0.55
63,"Demetrion Amie, SFA (Southland)",Sr.,DL,10,4,3,29,5.5,0.55
67,"Isaac Adeyemi-Berglund, Southeastern La. (Southland)",Jr.,LB,11,6,0,36,6,0.55
67,"Teddy Capsis, Holy Cross (Patriot)",Sr.,DL,11,6,0,30,6,0.55
67,"Darin Greenfield, South Dakota (MVFC)",Jr.,DL,11,6,0,34,6,0.55
67,"Ian McBorrough, Morgan St. (MEAC)",Jr.,LB,11,6,0,49,6,0.55
67,"Austin Cieslak, North Dakota (FCS Independent)",Sr.,DL,11,5,2,45,6,0.55
67,"Quinlen Dean, New Hampshire (CAA)",Jr.,LB,11,5,2,55,6,0.55
67,"Jared Folks, ETSU (SoCon)",Sr.,LB,11,5,2,41,6,0.55
67,"Dante Olson, Montana (Big Sky)",Jr.,LB,11,5,2,43,6,0.55
67,"Matt McClellan, Missouri St. (MVFC)",Jr.,DL,11,4,4,40,6,0.55
76,"Bryce Carter, Towson (CAA)",So.,DL,12,6,1,59,6.5,0.54
76,"Jason Maduafokwa, ETSU (SoCon)",Jr.,DL,12,6,1,51,6.5,0.54
76,"Jacob  Bergstrom, San Diego (Pioneer)",So.,DL,12,5,3,40,6.5,0.54
79,"Evan Veron, Nicholls (Southland)",Jr.,LB,13,7,0,57,7,0.54
79,"Adam Rodriguez, Weber St. (Big Sky)",Jr.,DL,13,6,2,44,7,0.54
81,"Cole Karcz, North Dakota St. (MVFC)",Jr.,DL,15,7,1,42,7.5,0.50
81,"Derrek Tuszka, North Dakota St. (MVFC)",Jr.,DL,15,6,3,49,7.5,0.50
81,"Legrand Toia, Weber St. (Big Sky)",Sr.,LB,13,5,3,48,6.5,0.50
81,"Casey Williams, Stony Brook (CAA)",Fr.,DL,12,6,0,42,6,0.50
81,"Nasir Player, ETSU (SoCon)",Jr.,DL,12,5,2,42,6,0.50
81,"Nigel Chavis, Norfolk St. (MEAC)",Jr.,DL,11,5,1,36,5.5,0.50
81,"De'Arius Christmas, Grambling (SWAC)",Sr.,LB,11,5,1,46,5.5,0.50
81,"Thomas Costigan, Bryant (NEC)",Sr.,LB,11,5,1,29,5.5,0.50
81,"Royce See, Sam Houston (Southland)",Jr.,LB,11,5,1,35,5.5,0.50
81,"Josh Buss, Montana (Big Sky)",Sr.,LB,11,4,3,44,5.5,0.50
81,"Austin Petrie, Valparaiso (Pioneer)",Jr.,LB,11,4,3,38,5.5,0.50
81,"Larry Ross, Portland St. (Big Sky)",Sr.,DL,11,4,3,38,5.5,0.50
81,"Khalil Johnson, Jackson St. (SWAC)",Jr.,DL,10,5,0,31,5,0.50
81,"Zamon Robinson, Howard (MEAC)",Fr.,LB,10,4,2,29,5,0.50
81,"Kawuan Cox, N.C. Central (MEAC)",Jr.,DL,9,4,1,28,4.5,0.50
81,"Tevaughn Grant, Wagner (NEC)",Sr.,LB,9,4,1,28,4.5,0.50
81,"Brennan Young, Houston Baptist (Southland)",Fr.,LB,9,4,1,38,4.5,0.50
81,"Mekhi Brown, Tennessee St. (OVC)",Jr.,LB,8,4,0,31,4,0.50
99,"Anthony Gore, Jr., Kennesaw St. (Big South)",Sr.,LB,13,6,0,58,6,0.46
100,"Miles Brown, Wofford (SoCon)",Sr.,DL,12,4,3,30,5.5,0.46
100,"Trae Ferrell, Alcorn (SWAC)",Sr.,LB,12,4,3,34,5.5,0.46
102,"Jae'Wuan Horton, New Hampshire (CAA)",Sr.,DL,11,5,0,49,5,0.45
102,"Mickey Kane, Butler (Pioneer)",Fr.,DL,11,5,0,18,5,0.45
102,"Anfernee Mullins, Grambling (SWAC)",Jr.,DL,11,5,0,36,5,0.45
102,"Nik Navarro, Cal Poly (Big Sky)",Jr.,LB,11,5,0,31,5,0.45
102,"Malik Fisher, Villanova (CAA)",So.,DL,11,4,2,26,5,0.45
102,"Darius Royster, N.C. Central (MEAC)",Sr.,DL,11,4,2,36,5,0.45
102,"Savon Smith, Youngstown St. (MVFC)",Sr.,DL,11,4,2,41,5,0.45
102,"Nick Surges, Dayton (Pioneer)",Sr.,DL,11,4,2,24,5,0.45
102,"Andre Walker, Houston Baptist (Southland)",Jr.,DL,11,4,2,29,5,0.45
102,"Erick Fowler, Sam Houston (Southland)",Jr.,DL,11,3,4,29,5,0.45
102,"Willie Green, Prairie View (SWAC)",Sr.,LB,11,3,4,27,5,0.45
102,"Nelson Jordan, Samford (SoCon)",Fr.,DL,11,3,4,25,5,0.45
102,"Corey Smith, Abilene Christian (Southland)",Jr.,DL,11,2,6,17,5,0.45
115,"Elijah Chambers, Sacramento St. (Big Sky)",So.,DL,10,4,1,33,4.5,0.45
115,"Bill Murray, William & Mary (CAA)",Jr.,DL,10,4,1,27,4.5,0.45
115,"Anthony Stubbs, Prairie View (SWAC)",Sr.,LB,10,4,1,23,4.5,0.45
118,"Jeremiah Caine, Tennessee St. (OVC)",So.,DL,9,4,0,29,4,0.44
118,"Brogan McPartland, Harvard (Ivy League)",Jr.,DB,9,4,0,18,4,0.44
118,"Kevin Prather, Jr., UT Martin (OVC)",Sr.,LB,9,3,2,26,4,0.44
121,"Chauntez Thomas, Northern Ariz. (Big Sky)",So.,DL,8,3,1,32,3.5,0.44
122,"Connor Christian, Jacksonville St. (OVC)",Sr.,DL,13,5,1,27,5.5,0.42
122,"Ryan Earith, South Dakota St. (MVFC)",Jr.,DL,13,4,3,43,5.5,0.42
124,"Andre Bibeault, Rhode Island (CAA)",So.,DL,11,4,1,18,4.5,0.41
124,"Amin Black, Villanova (CAA)",So.,LB,11,4,1,31,4.5,0.41
124,"Wesley Bowers, Georgetown (Patriot)",So.,LB,11,4,1,31,4.5,0.41
124,"Dante Hibbert, Abilene Christian (Southland)",Sr.,DL,11,4,1,22,4.5,0.41
124,"Tre Jones, Central Conn. St. (NEC)",So.,LB,11,4,1,24,4.5,0.41
124,"Eli Mencer, UAlbany (CAA)",Sr.,RB,11,4,1,46,4.5,0.41
124,"Cody Roscoe, McNeese (Southland)",So.,DL,11,4,1,23,4.5,0.41
124,"Jaxson Turner, North Dakota (FCS Independent)",So.,LB,11,4,1,16,4.5,0.41
124,"Jaison Williams, Austin Peay (OVC)",Jr.,DL,11,4,1,33,4.5,0.41
124,"Chris Fatogoma, Morgan St. (MEAC)",Sr.,LB,11,3,3,22,4.5,0.41
124,"Rico Kennedy, Morgan St. (MEAC)",Sr.,LB,11,3,3,25,4.5,0.41
124,"Enmanuel Soriano, Marist (Pioneer)",Sr.,DL,11,3,3,22,4.5,0.41
136,"Charles Akanno, Idaho (Big Sky)",So.,LB,10,4,0,49,4,0.40
136,"Aaron Andrews, Northern Ariz. (Big Sky)",Jr.,DL,10,4,0,21,4,0.40
136,"Stefen Banks, Savannah St. (MEAC)",Sr.,DL,10,4,0,24,4,0.40
136,"Cooper Gardner, Penn (Ivy League)",Sr.,DL,10,4,0,19,4,0.40
136,"Anthony Lang, UAlbany (CAA)",So.,DL,10,4,0,30,4,0.40
136,"Antonio Miller, Florida A&M (MEAC)",Sr.,DL,10,4,0,26,4,0.40
136,"Jesse Nemerowicz, Bryant (NEC)",Jr.,LB,10,4,0,19,4,0.40
136,"Jackson Perry, Dartmouth (Ivy League)",Sr.,DL,10,4,0,17,4,0.40
136,"Jacquez Williams, Western Caro. (SoCon)",Sr.,LB,10,4,0,30,4,0.40
136,"Samuel Wright, Princeton (Ivy League)",So.,DL,10,4,0,35,4,0.40
136,"Benji Mowatt, Penn (Ivy League)",So.,DL,10,3,2,31,4,0.40
147,"Dedrick Garner, Lamar University (Southland)",Sr.,DL,9,3,1,38,3.5,0.39
147,"Erin Morgan, Drake (Pioneer)",Sr.,DL,9,3,1,28,3.5,0.39
147,"Langston Tunson, Houston Baptist (Southland)",So.,LB,9,3,1,16,3.5,0.39
150,"Tre' Threat, Jacksonville St. (OVC)",So.,LB,13,5,0,40,5,0.38
150,"Kenny Dotson, Nicholls (Southland)",Sr.,DL,13,4,2,48,5,0.38
152,"Ronald Ollie, Nicholls (Southland)",Sr.,DL,12,4,1,25,4.5,0.38
152,"Jake Wittwer, San Diego (Pioneer)",Sr.,DL,12,3,3,31,4.5,0.38
152,"Kentrelle Groom, Hampton (FCS Independent)",Fr.,DL,8,3,0,32,3,0.38
152,"Miles Oldare, Yale (Ivy League)",Fr.,DB,8,3,0,28,3,0.38
156,"Je'Kevin Carter, Ark.-Pine Bluff (SWAC)",Sr.,LB,11,4,0,25,4,0.36
156,"Willie Eubanks III, The Citadel (SoCon)",So.,LB,11,4,0,19,4,0.36
156,"Jacob Hardy, Drake (Pioneer)",Jr.,DL,11,4,0,23,4,0.36
156,"Jackie Harvell, Central Ark. (Southland)",So.,DB,11,4,0,24,4,0.36
156,"Jared Kuehl, New Hampshire (CAA)",Sr.,LB,11,4,0,28,4,0.36
156,"Warren Messer, Elon (CAA)",Sr.,LB,11,4,0,27,4,0.36
156,"T.J.  Neal, Wofford (SoCon)",Fr.,LB,11,4,0,35,4,0.36
156,"Chuck Weatherman, VMI (SoCon)",So.,DL,11,4,0,18,4,0.36
156,"Noah Dawkins, The Citadel (SoCon)",Sr.,LB,11,3,2,39,4,0.36
156,"Jason Dumas, Prairie View (SWAC)",Fr.,,11,3,2,28,4,0.36
156,"Nathan Grant, Central Ark. (Southland)",So.,DL,11,3,2,16,4,0.36
156,"Krockett Krolikowski, South Dakota St. (MVFC)",Fr.,DL,11,3,2,18,4,0.36
156,"Bryce Perry-Martin, Davidson (Pioneer)",Jr.,DL,11,3,2,36,4,0.36
156,"Joseph Randolph, The Citadel (SoCon)",Jr.,DL,11,3,2,20,4,0.36
156,"Ayodeji Agbelese, Morgan St. (MEAC)",Sr.,DL,11,2,4,26,4,0.36
156,"Solomon Muhammad, Alcorn (SWAC)",Jr.,LB,11,2,4,27,4,0.36
172,"Darrious Carter, James Madison (CAA)",Sr.,DL,10,3,1,28,3.5,0.35
172,"Michael Hoecht, Brown (Ivy League)",Jr.,DL,10,3,1,12,3.5,0.35
172,"Rayshad Nichols, SFA (Southland)",So.,DL,10,3,1,17,3.5,0.35
172,"Arman Samouk, Columbia (Ivy League)",Jr.,DL,10,3,1,19,3.5,0.35
172,"Garrett Sayegh, Charleston So. (Big South)",Fr.,LB,10,3,1,17,3.5,0.35
172,"Nick Friedel, San Diego (Pioneer)",So.,DL,10,2,3,18,3.5,0.35
172,"Zack Monson, Elon (CAA)",Fr.,LB,10,2,3,14,3.5,0.35
172,"Richie Ryan, Harvard (Ivy League)",Sr.,DL,10,2,3,24,3.5,0.35
180,"Jalen Booker, Duquesne (NEC)",Sr.,LB,13,4,1,26,4.5,0.35
181,"Abel Daily, Lamar University (Southland)",Fr.,LB,12,3,2,25,4,0.33
181,"John Haggart, Stony Brook (CAA)",Sr.,LB,12,3,2,37,4,0.33
181,"Kwanzi Jackson, Alcorn (SWAC)",Jr.,DL,12,3,2,32,4,0.33
181,"John Dean, Yale (Ivy League)",So.,LB,9,3,0,28,3,0.33
181,"Brad Earnest, Mercer (SoCon)",Sr.,LB,9,3,0,19,3,0.33
181,"Todney Evans, Bethune-Cookman (MEAC)",Sr.,DL,9,3,0,18,3,0.33
181,"Stephon Mayes, Indiana St. (MVFC)",So.,DL,9,3,0,17,3,0.33
181,"Noah Yunker, Portland St. (Big Sky)",So.,DL,9,3,0,21,3,0.33
181,"Jeff Steeb, Villanova (CAA)",Sr.,LB,9,2,2,20,3,0.33
190,"Jordan Berner, Southern Ill. (MVFC)",So.,DL,11,3,1,30,3.5,0.32
190,"Ben Bruni, Saint Francis (PA) (NEC)",Sr.,LB,11,3,1,14,3.5,0.32
190,"Cole Burgess, Abilene Christian (Southland)",Jr.,DL,11,3,1,18,3.5,0.32
190,"Shereif Bynum, Youngstown St. (MVFC)",Jr.,DL,11,3,1,33,3.5,0.32
190,"Sam Chitty, Bucknell (Patriot)",Jr.,LB,11,3,1,20,3.5,0.32
190,"Sean Clavelle, Southeastern La. (Southland)",Sr.,LB,11,3,1,23,3.5,0.32
190,"Nathan Clayberg, Drake (Pioneer)",Sr.,DL,11,3,1,32,3.5,0.32
190,"Damien Dozier, Campbell (Big South)",Jr.,DL,11,3,1,40,3.5,0.32
190,"Damu Ford, South Carolina St. (MEAC)",Jr.,MLB,11,3,1,23,3.5,0.32
190,"Jonas Griffith, Indiana St. (MVFC)",Jr.,LB,11,3,1,20,3.5,0.32
190,"Nate Howard, Austin Peay (OVC)",Sr.,DL,11,3,1,13,3.5,0.32
190,"Rodney Jackson, Grambling (SWAC)",Sr.,DL,11,3,1,16,3.5,0.32
190,"Lacale London, Western Ill. (MVFC)",Jr.,DL,11,3,1,25,3.5,0.32
190,"Roger Mellado, Bucknell (Patriot)",So.,DL,11,3,1,26,3.5,0.32
190,"Jack Ryan, Campbell (Big South)",Sr.,LB,11,3,1,32,3.5,0.32
190,"Gunnar Scholato, Austin Peay (OVC)",Sr.,LB,11,3,1,22,3.5,0.32
190,"Antoine White, UAlbany (CAA)",Jr.,DL,11,3,1,21,3.5,0.32
190,"Darien Wilson, Lamar University (Southland)",Jr.,DL,11,3,1,9,3.5,0.32
190,"Anthony Brown, UT Martin (OVC)",Sr.,DL,11,2,3,32,3.5,0.32
190,"Justin Cates, N.C. A&T (MEAC)",Sr.,DL,11,2,3,21,3.5,0.32
190,"Jeremy Imperati, Fordham (Patriot)",So.,LB,11,2,3,19,3.5,0.32
190,"O'Shea Jackson, Northwestern St. (Southland)",Jr.,DL,11,2,3,18,3.5,0.32
190,"Darius Reynolds, Richmond (CAA)",So.,DL,11,2,3,13,3.5,0.32
190,"Hawk Schrider, Chattanooga (SoCon)",Jr.,LB,11,2,3,15,3.5,0.32
