Rank,Player,Cl,Pos,G,Solo Sack,Asst Sack,Sack Yds,Tot Sack,Sacks PG
1,"Chase Young, Ohio St. (Big Ten)",Jr.,DL,12,14,5,117,16.5,1.38
2,"Gregory Rousseau, Miami (FL) (ACC)",Fr.,DL,13,14,3,94,15.5,1.19
3,"Hamilcar Rashed Jr., Oregon St. (Pac-12)",Jr.,LB,12,13,2,109,14,1.17
4,"Alex Highsmith, Charlotte (C-USA)",Sr.,DL,13,12,4,83,14,1.08
5,"Quincy Roche, Temple (AAC)",Jr.,DL,13,12,2,85,13,1.00
6,"Curtis Weaver, Boise St. (Mountain West)",Jr.,DL,14,13,1,85,13.5,0.96
6,"James Lynch, Baylor (Big 12)",Jr.,DL,14,12,3,82,13.5,0.96
8,"Bradlee Anae, Utah (Pac-12)",Sr.,DL,14,12,2,91,13,0.93
9,"Patrick Nelson, SMU (AAC)",Sr.,DB,13,11,2,85,12,0.92
10,"Kendall Futrell, East Carolina (AAC)",Sr.,DL,12,11,0,68,11,0.92
11,"Oluwole Betiku Jr., Illinois (Big Ten)",Jr.,DL,10,8,2,53,9,0.90
12,"Zack Baun, Wisconsin (Big Ten)",Sr.,LB,14,12,1,80,12.5,0.89
13,"A.J. Epenesa, Iowa (Big Ten)",Jr.,DL,13,10,3,67,11.5,0.88
13,"DeAngelo Malone, Western Ky. (C-USA)",Jr.,DL,13,10,3,97,11.5,0.88
15,"Carlos Basham, Jr., Wake Forest (ACC)",Jr.,DL,13,9,4,47,11,0.85
16,"Tarron Jackson, Coastal Carolina (Sun Belt)",Jr.,DL,12,7,6,72,10,0.83
17,"Chris Orr, Wisconsin (Big Ten)",Sr.,LB,14,11,1,83,11.5,0.82
18,"Jessie Lemonier, Liberty (FBS Independent)",Sr.,DL,13,10,1,63,10.5,0.81
18,"Jaylen Twyman, Pittsburgh (ACC)",So.,DL,13,8,5,76,10.5,0.81
18,"Kenny Willekes, Michigan St. (Big Ten)",Sr.,DL,13,7,7,61,10.5,0.81
21,"Cameron Goode, California (Pac-12)",Jr.,LB,12,9,1,62,9.5,0.79
21,"Yetur Gross-Matos, Penn St. (Big Ten)",Jr.,DL,12,9,1,76,9.5,0.79
21,"Jonathan Greenard, Florida (SEC)",Sr.,LB,12,8,3,52,9.5,0.79
24,"Delontae Scott, SMU (AAC)",Sr.,DL,13,9,2,74,10,0.77
25,"Dom Peterson, Nevada (Mountain West)",So.,DL,12,9,0,58,9,0.75
25,"Joe Gaziano, Northwestern (Big Ten)",Sr.,DL,12,8,2,56,9,0.75
27,"Markees Watts, Charlotte (C-USA)",So.,LB,13,8,3,48,9.5,0.73
28,"Khalil Davis, Nebraska (Big Ten)",Sr.,DL,11,7,2,44,8,0.73
29,"Jordan Smith, UAB (C-USA)",So.,LB,14,9,2,65,10,0.71
30,"Victor Dimukeje, Duke (ACC)",Jr.,DL,12,8,1,59,8.5,0.71
30,"Ladarius Hamilton, North Texas (C-USA)",Sr.,DL,12,8,1,63,8.5,0.71
32,"Malcolm Koonce, Buffalo (MAC)",Jr.,DL,13,8,2,43,9,0.69
32,"Kristopher Moll, UAB (C-USA)",Jr.,LB,13,7,4,60,9,0.69
34,"Trevis Gipson, Tulsa (AAC)",Sr.,DL,12,8,0,52,8,0.67
34,"Casey Toohill, Stanford (Pac-12)",Sr.,LB,12,8,0,62,8,0.67
36,"Darrell Taylor, Tennessee (SEC)",Sr.,LB,13,8,1,47,8.5,0.65
36,"Calvin Taylor Jr., Kentucky (SEC)",Sr.,DL,13,8,1,53,8.5,0.65
36,"Josh Uche, Michigan (Big Ten)",Sr.,LB,13,8,1,65,8.5,0.65
36,"William Bradley-King, Arkansas St. (Sun Belt)",Jr.,DL,13,7,3,48,8.5,0.65
36,"Patrick Jones II, Pittsburgh (ACC)",Jr.,DL,13,7,3,64,8.5,0.65
36,"Taylor Riggins, Buffalo (MAC)",Jr.,DL,13,6,5,46,8.5,0.65
42,"Kayvon Thibodeaux, Oregon (Pac-12)",Fr.,DL,14,8,2,56,9,0.64
43,"Marlon Davidson, Auburn (SEC)",Sr.,DL,12,7,1,41,7.5,0.63
43,"Brendon Hayes, UCF (AAC)",Sr.,DL,12,7,1,42,7.5,0.63
43,"Terry Whittington, Southern Miss. (C-USA)",Jr.,LB,12,7,1,55,7.5,0.63
43,"Derrick Barnes, Purdue (Big Ten)",Jr.,DL,12,6,3,30,7.5,0.63
43,"George Karlaftis, Purdue (Big Ten)",Fr.,DL,12,6,3,57,7.5,0.63
48,"Ledarius Mack, Buffalo (MAC)",Sr.,DL,13,8,0,52,8,0.62
48,"Jacob Springer, Navy (AAC)",Jr.,DB,13,8,0,51,8,0.62
48,"Joe Tryon, Washington (Pac-12)",So.,LB,13,8,0,59,8,0.62
48,"Anfernee Jennings, Alabama (SEC)",Sr.,LB,13,7,2,61,8,0.62
52,"Wyatt Hubert, Kansas St. (Big 12)",So.,DL,12,7,0,54,7,0.58
52,"Darius Stills, West Virginia (Big 12)",Jr.,DL,12,7,0,46,7,0.58
52,"Dante Stills, West Virginia (Big 12)",So.,DL,12,7,0,49,7,0.58
52,"Keandre Jones, Maryland (Big Ten)",Jr.,LB,12,6,2,52,7,0.58
52,"Larrell Murchison, NC State (ACC)",Sr.,DL,12,6,2,40,7,0.58
52,"Ivan Pace Jr., Miami (OH) (MAC)",Fr.,LB,12,6,2,53,7,0.58
58,"Akileis Leroy, Fla. Atlantic (C-USA)",Jr.,LB,13,7,1,53,7.5,0.58
58,"Jordan Mack, Virginia (ACC)",Sr.,LB,13,6,3,48,7.5,0.58
60,"Joe Dillon, Louisiana (Sun Belt)",Jr.,LB,14,8,0,60,8,0.57
61,"Terrell Lewis, Alabama (SEC)",Jr.,LB,11,6,0,40,6,0.55
62,"Chris Rumph II, Duke (ACC)",So.,DL,12,6,1,30,6.5,0.54
62,"O'Rien Vance, Iowa St. (Big 12)",So.,LB,12,6,1,42,6.5,0.54
62,"Kobie Whiteside, Missouri (SEC)",Jr.,DL,12,6,1,51,6.5,0.54
62,"Solomon Byrd, Wyoming (Mountain West)",Fr.,DL,12,5,3,44,6.5,0.54
62,"Ifeanyi Maijeh, Temple (AAC)",So.,DL,12,5,3,53,6.5,0.54
62,"Kwity Paye, Michigan (Big Ten)",Jr.,DL,12,5,3,44,6.5,0.54
68,"Darius Hodge, Marshall (C-USA)",So.,DL,13,6,2,40,7,0.54
68,"Juwuan Jones, Western Ky. (C-USA)",So.,DL,13,6,2,46,7,0.54
70,"Sean Adesanya, Central Mich. (MAC)",Sr.,DL,14,7,0,48,7,0.50
70,"Demetrius Taylor, App State (Sun Belt)",Jr.,DL,14,6,2,74,7,0.50
70,"Noah Taylor, Virginia (ACC)",So.,LB,14,6,2,49,7,0.50
70,"K'Lavon Chaisson, LSU (SEC)",So.,LB,13,6,1,54,6.5,0.50
70,"Ali Fayad, Western Mich. (MAC)",Jr.,DL,13,6,1,47,6.5,0.50
70,"Kylan Johnson, Pittsburgh (ACC)",Sr.,LB,13,6,1,41,6.5,0.50
70,"Jalen Redmond, Oklahoma (Big 12)",Fr.,DL,13,6,1,50,6.5,0.50
70,"Shaka Toney, Penn St. (Big Ten)",Jr.,DL,13,6,1,45,6.5,0.50
70,"Jamar Watson, Kentucky (SEC)",Jr.,LB,13,6,1,59,6.5,0.50
70,"Tomon Fox, North Carolina (ACC)",Jr.,LB,13,5,3,35,6.5,0.50
70,"Jermayne Lole, Arizona St. (Pac-12)",So.,DL,13,5,3,46,6.5,0.50
70,"Chazz Surratt, North Carolina (ACC)",Jr.,LB,13,5,3,44,6.5,0.50
70,"Jacobi Hearn, New Mexico (Mountain West)",Jr.,LB,12,6,0,44,6,0.50
70,"Aaron Sterling, South Carolina (SEC)",Jr.,DL,12,6,0,34,6,0.50
70,"Javon Kinlaw, South Carolina (SEC)",Sr.,DL,12,5,2,30,6,0.50
70,"Marcus Webb, Troy (Sun Belt)",Sr.,DL,12,5,2,28,6,0.50
70,"Sam Williams, Ole Miss (SEC)",Jr.,LB,12,5,2,26,6,0.50
70,"Drake Jackson, Southern California (Pac-12)",Fr.,DL,11,4,3,44,5.5,0.50
70,"Louis Acceus, NC State (ACC)",Jr.,LB,9,4,1,36,4.5,0.50
70,"Mustafa Johnson, Colorado (Pac-12)",Jr.,DL,9,4,1,26,4.5,0.50
90,"Isaiah Simmons, Clemson (ACC)",Jr.,LB,15,7,0,46,7,0.47
91,"Devin Lloyd, Utah (Pac-12)",So.,LB,14,6,1,41,6.5,0.46
91,"Bryce Huff, Memphis (AAC)",Sr.,LB,14,5,3,43,6.5,0.46
93,"Chase Hatada, Boise St. (Mountain West)",Sr.,DL,13,6,0,27,6,0.46
93,"LaQuan Johnson, Central Mich. (MAC)",Fr.,DL,13,6,0,60,6,0.46
93,"Will McDonald, Iowa St. (Big 12)",Fr.,LB,13,6,0,33,6,0.46
93,"Ronnie Perkins, Oklahoma (Big 12)",So.,DL,13,6,0,28,6,0.46
93,"Mosese Fifita, Air Force (Mountain West)",Sr.,DL,13,5,2,38,6,0.46
98,"Ellison Hubbard, Colorado St. (Mountain West)",Jr.,DL,12,5,1,51,5.5,0.46
98,"Benito Jones, Ole Miss (SEC)",Sr.,DL,12,5,1,19,5.5,0.46
98,"Terrance Lang, Colorado (Pac-12)",So.,DL,12,5,1,53,5.5,0.46
98,"Donald Louis Jr, ULM (Sun Belt)",Sr.,DL,12,5,1,32,5.5,0.46
98,"Alim McNeill, NC State (ACC)",So.,DL,12,5,1,34,5.5,0.46
98,"Jovan Swann, Stanford (Pac-12)",Sr.,DL,12,5,1,17,5.5,0.46
98,"Brandon Berry, Syracuse (ACC)",Sr.,DL,12,4,3,31,5.5,0.46
98,"Justin Madubuike, Texas A&M (SEC)",Jr.,DL,12,4,3,36,5.5,0.46
106,"Emmanuel Jones, Colorado St. (Mountain West)",Jr.,DL,11,5,0,14,5,0.45
106,"Michael Pinckney, Miami (FL) (ACC)",Sr.,LB,11,5,0,21,5,0.45
106,"Jan-Phillip Bombek, Colorado St. (Mountain West)",Sr.,DL,11,4,2,31,5,0.45
106,"Kerry Starks, ULM (Sun Belt)",Jr.,DL,11,4,2,23,5,0.45
110,"Jamario Bell, Arkansas (SEC)",Sr.,DL,10,4,1,23,4.5,0.45
110,"Alexy Jean-Baptiste, FIU (C-USA)",So.,LB,10,2,5,31,4.5,0.45
112,"Davon Hamilton, Ohio St. (Big Ten)",Sr.,DL,14,6,0,45,6,0.43
112,"James Lockhart, Baylor (Big 12)",Sr.,DL,14,5,2,31,6,0.43
112,"Leighton McCarthy, Fla. Atlantic (C-USA)",Jr.,DL,14,5,2,41,6,0.43
112,"Garrett Marino, UAB (C-USA)",Sr.,DL,14,4,4,34,6,0.43
116,"Deslin Alexandre, Pittsburgh (ACC)",So.,DL,13,5,1,34,5.5,0.42
116,"Ryan Bowman, Washington (Pac-12)",Jr.,DL,13,5,1,43,5.5,0.42
116,"Phil Campbell, Pittsburgh (ACC)",Jr.,LB,13,5,1,39,5.5,0.42
116,"Chamarri Conner, Virginia Tech (ACC)",So.,DB,13,5,1,58,5.5,0.42
116,"Diego Fagot, Navy (AAC)",So.,LB,13,5,1,29,5.5,0.42
116,"Demerick Gary, SMU (AAC)",Sr.,DL,13,5,1,31,5.5,0.42
116,"Khalid Kareem, Notre Dame (FBS Independent)",Sr.,DL,13,5,1,33,5.5,0.42
116,"Dana Levine, Temple (AAC)",Sr.,DL,13,5,1,27,5.5,0.42
116,"Theo Majette, Kent St. (MAC)",Sr.,DL,13,5,1,33,5.5,0.42
116,"Jeremiah Owusu-Koramoah, Notre Dame (FBS Independent)",Jr.,LB,13,5,1,34,5.5,0.42
116,"Michael Pitts, Cincinnati (AAC)",Jr.,DL,13,5,1,39,5.5,0.42
116,"DQ Thomas, Southern Miss. (C-USA)",Sr.,DB,13,5,1,31,5.5,0.42
116,"Milton Williams, Louisiana Tech (C-USA)",So.,DL,13,5,1,31,5.5,0.42
116,"Jacques Turner, Southern Miss. (C-USA)",Jr.,DL,13,4,3,33,5.5,0.42
116,"Cameron Thomas, San Diego St. (Mountain West)",Fr.,DL,13,3,5,25,5.5,0.42
131,"Kevin Atkins, Fresno St. (Mountain West)",Jr.,DL,12,5,0,33,5,0.42
131,"Tipa Galeai, Utah St. (Mountain West)",Sr.,DL,12,5,0,30,5,0.42
131,"Jonathan Garvin, Miami (FL) (ACC)",Jr.,DL,12,5,0,40,5,0.42
131,"McTelvin Agim, Arkansas (SEC)",Sr.,DL,12,4,2,24,5,0.42
131,"David Anenih, Houston (AAC)",Jr.,LB,12,4,2,27,5,0.42
131,"Baron Browning, Ohio St. (Big Ten)",Jr.,LB,12,4,2,25,5,0.42
131,"DeQuarius Henry, UTSA (C-USA)",Jr.,DL,12,4,2,34,5,0.42
131,"Eli Howard, Texas Tech (Big 12)",Jr.,DL,12,4,2,37,5,0.42
139,"Jamir Jones, Notre Dame (FBS Independent)",Sr.,LB,11,4,1,28,4.5,0.41
139,"Jayod Sanders, Liberty (FBS Independent)",Jr.,DL,11,4,1,26,4.5,0.41
139,"Hardrick Willis, Georgia St. (Sun Belt)",So.,DL,11,4,1,31,4.5,0.41
142,"Isaiah Chambers, Houston (AAC)",Jr.,DL,10,3,2,23,4,0.40
143,"Kris Moncrief, Louisiana (Sun Belt)",So.,LB,14,5,1,30,5.5,0.39
143,"Jack Sanborn, Wisconsin (Big Ten)",So.,LB,14,5,1,30,5.5,0.39
143,"Kameron Butler, Miami (OH) (MAC)",So.,DL,14,4,3,34,5.5,0.39
143,"Nick Hampton, App State (Sun Belt)",Fr.,LB,14,4,3,30,5.5,0.39
143,"Azeez Ojulari, Georgia (SEC)",Fr.,LB,14,4,3,42,5.5,0.39
143,"Bravvion Roy, Baylor (Big 12)",Sr.,DL,14,4,3,29,5.5,0.39
149,"Nick Heninger, Utah St. (Mountain West)",Jr.,DL,13,5,0,28,5,0.38
149,"Monty Montgomery, Louisville (ACC)",So.,LB,13,5,0,32,5,0.38
149,"Joseph Ossai, Texas (Big 12)",So.,LB,13,5,0,31,5,0.38
149,"Jayson Oweh, Penn St. (Big Ten)",So.,DL,13,5,0,40,5,0.38
149,"Jacub Panasiuk, Michigan St. (Big Ten)",Jr.,DL,13,5,0,32,5,0.38
149,"Micah Parsons, Penn St. (Big Ten)",So.,LB,13,5,0,44,5,0.38
149,"Sam Renner, Minnesota (Big Ten)",Sr.,DL,13,5,0,42,5,0.38
149,"Turan Rush, Eastern Mich. (MAC)",Jr.,DL,13,5,0,26,5,0.38
149,"Allen Stallings IV, Indiana (Big Ten)",Sr.,DL,13,5,0,25,5,0.38
149,"Myles Cheatum, San Diego St. (Mountain West)",Sr.,DL,13,4,2,36,5,0.38
149,"Tim Collins, Western Mich. (MAC)",Sr.,DL,13,4,2,29,5,0.38
149,"Jordan Glasgow, Michigan (Big Ten)",Sr.,DB,13,4,2,34,5,0.38
149,"Treshaun Hayward, Western Mich. (MAC)",Jr.,LB,13,4,2,36,5,0.38
149,"Jerome Johnson, Indiana (Big Ten)",Jr.,DL,13,4,2,46,5,0.38
149,"Amen Ogbongbemiga, Oklahoma St. (Big 12)",Jr.,LB,13,4,2,37,5,0.38
149,"Chauncey Rivers, Mississippi St. (SEC)",Sr.,DL,13,4,2,36,5,0.38
149,"Rayshard Ashby, Virginia Tech (ACC)",Jr.,LB,13,3,4,47,5,0.38
149,"Cory Durden, Florida St. (ACC)",So.,DL,13,3,4,28,5,0.38
149,"Raequan Williams, Michigan St. (Big Ten)",Sr.,DL,13,3,4,31,5,0.38
