Rank,Player,Cl,Pos,G,Solo Sack,Asst Sack,Sack Yds,Tot Sack,Sacks PG
1,"Alec May, Georgetown (Patriot)",Sr.,DL,11,16,1,134,16.5,1.50
2,"Javon Hargrave, South Carolina St. (MEAC)",Jr.,DL,12,16,0,99,16,1.33
3,"Zack Wagenmann, Montana (Big Sky)",Sr.,DL,14,16,3,100,17.5,1.25
4,"Kyle Emanuel, North Dakota St. (MVFC)",Sr.,DL,16,18,3,110,19.5,1.22
5,"Derek Rivers, Youngstown St. (MVFC)",So.,DL,12,12,2,69,13,1.08
6,"Christopher Robinson, Morgan St. (MEAC)",Sr.,DL,13,11,6,75,14,1.08
7,"James Rentz, Sacred Heart (NEC)",So.,DB,12,11,3,82,12.5,1.04
8,"Sage Harold, James Madison (CAA)",Sr.,DL,13,12,3,85,13.5,1.04
9,"Demetrius Baldwin-Youngblood, Bucknell (Patriot)",Sr.,DL,11,11,0,71,11,1.00
9,"Victor Ochi, Stony Brook (CAA)",Jr.,DL,11,11,0,55,11,1.00
11,"James Cowser, Southern Utah (Big Sky)",Jr.,DL,12,11,1,65,11.5,0.96
11,"Gabe Terry, Tennessee St. (OVC)",Jr.,LB,12,9,5,95,11.5,0.96
13,"Ryan Delaire, Towson (CAA)",Sr.,DL,12,11,0,76,11,0.92
13,"Mike Reilly, William & Mary (CAA)",Sr.,DL,12,10,2,73,11,0.92
15,"Connor Underwood, Indiana St. (MVFC)",Jr.,LB,14,10,5,57,12.5,0.89
16,"Brett Biestek, Fordham (Patriot)",Sr.,DL,13,10,3,64,11.5,0.88
17,"Matt Acree, Drake (Pioneer)",Sr.,DL,10,8,1,52,8.5,0.85
17,"J. Cooks, Alcorn (SWAC)",---,DE,10,7,3,54,8.5,0.85
17,"Zack Hodges, Harvard (Ivy League)",Sr.,DL,10,7,3,39,8.5,0.85
20,"Jonathan Woodard, Central Ark. (Southland)",Jr.,DL,12,9,2,56,10,0.83
21,"Bret Shannon, Butler (Pioneer)",Sr.,DL,11,8,1,50,8.5,0.77
21,"Demarcus Berry, Ark.-Pine Bluff (SWAC)",Sr.,DL,11,7,3,55,8.5,0.77
23,"Davis Tull, Chattanooga (SoCon)",Sr.,DL,14,9,3,65,10.5,0.75
23,"Christian Ricard, Stony Brook (CAA)",Sr.,LB,12,8,2,60,9,0.75
23,"Austin Graves, Idaho St. (Big Sky)",Sr.,DL,12,7,4,43,9,0.75
26,"Jeff Covitz, Bryant (NEC)",Sr.,DL,11,6,4,42,8,0.73
27,"Don Cherry, Villanova (CAA)",Jr.,LB,14,9,2,68,10,0.71
27,"Cody Muller, New Hampshire (CAA)",Sr.,DL,14,7,6,47,10,0.71
29,"Blaine Woodson, Delaware (CAA)",Fr.,DL,12,8,1,46,8.5,0.71
29,"Davion Belk, Stetson (Pioneer)",So.,DL,12,7,3,53,8.5,0.71
29,"Steve Orisakwe, Grambling (SWAC)",Sr.,LB,12,7,3,60,8.5,0.71
29,"Terrell Williams, Youngstown St. (MVFC)",Jr.,DL,12,7,3,46,8.5,0.71
33,"Isaac Ales, UNI (MVFC)",Jr.,DL,13,9,0,55,9,0.69
34,"Brett McMakin, UNI (MVFC)",So.,DL,14,9,1,51,9.5,0.68
34,"Toby Onyechi, Liberty (Big South)",Sr.,DL,14,9,1,66,9.5,0.68
36,"Tony Bell, UT Martin (OVC)",Sr.,LB,12,7,2,43,8,0.67
36,"Aaron Breed, Grambling (SWAC)",Sr.,LB,12,7,2,54,8,0.67
36,"Marquis Ragland, N.C. A&T (MEAC)",So.,DL,12,7,2,23,8,0.67
36,"Lebranden Richardson, Bethune-Cookman (MEAC)",Sr.,DL,12,7,2,55,8,0.67
36,"George Riddick, Norfolk St. (MEAC)",Sr.,DL,12,7,2,57,8,0.67
36,"Gary Wilkins, Furman (SoCon)",Sr.,DL,12,7,2,45,8,0.67
36,"Ugonna Awuruonye, Campbell (Pioneer)",Jr.,DL,12,5,6,33,8,0.67
43,"P. J. Hall, Sam Houston (Southland)",Fr.,DL,16,9,3,68,10.5,0.66
44,"Jerome Howard, Prairie View (SWAC)",Sr.,LB,10,6,1,34,6.5,0.65
45,"Ty Brown, N.C. Central (MEAC)",Sr.,LB,12,7,1,48,7.5,0.63
45,"Justin Oxendine, The Citadel (SoCon)",Sr.,DL,12,7,1,51,7.5,0.63
45,"Samquan Evans, Tennessee St. (OVC)",Sr.,DL,12,6,3,35,7.5,0.63
45,"Deon King, Norfolk St. (MEAC)",Jr.,LB,12,5,5,53,7.5,0.63
49,"Collin Keoshian, Illinois St. (MVFC)",Sr.,DL,15,8,2,39,9,0.60
49,"Tyler Drake, Penn (Ivy League)",Jr.,DL,10,6,0,31,6,0.60
