Rank,Player,Cl,Pos,G,Solo Sack,Asst Sack,Sack Yds,Tot Sack,Sacks PG
1,"Jose Ramirez, Eastern Mich. (MAC)",Sr.,DL,12,12,0,76,12,1.00
1,"Nick Herbig, Wisconsin (Big Ten)",Jr.,LB,11,11,0,86,11,1.00
3,"Tuli Tuipulotu, Southern California (Pac-12)",Jr.,DL,14,13,1,94,13.5,0.96
4,"John Marshall, Navy (AAC)",Sr.,LB,12,11,1,77,11.5,0.96
4,"Thomas Incoom, Central Mich. (MAC)",Sr.,DL,12,10,3,72,11.5,0.96
6,"Isaiah Foskey, Notre Dame (FBS Independent)",Jr.,DL,12,8,6,80,11,0.92
7,"David Perales, Fresno St. (Mountain West)",Sr.,DE,14,11,1,81,11.5,0.82
8,"Laiatu Latu, UCLA (Pac-12)",Jr.,LB,13,9,3,80,10.5,0.81
8,"Jonah Tavai, San Diego St. (Mountain West)",Sr.,DL,13,8,5,80,10.5,0.81
10,"Jadrian Taylor, UTEP (C-USA)",Sr.,DE,12,9,1,71,9.5,0.79
10,"Drew Sanders, Arkansas (SEC)",Jr.,LB,12,8,3,45,9.5,0.79
12,"Nick Hampton, App State (Sun Belt)",Jr.,LB,9,6,2,29,7,0.78
13,"Ivan Pace Jr., Cincinnati (AAC)",Jr.,LB,13,9,2,80,10,0.77
13,"Dominic Quewon, Southern Miss. (Sun Belt)",Sr.,DL,13,9,2,56,10,0.77
13,"Will Anderson Jr., Alabama (SEC)",Jr.,LB,13,8,4,54,10,0.77
13,"Karl Brooks, Bowling Green (MAC)",Sr.,DE,13,8,4,69,10,0.77
17,"Viliami Fehoko, San Jose St. (Mountain West)",Jr.,DL,12,9,0,60,9,0.75
17,"Layton Jordan, Temple (AAC)",Jr.,LB,12,8,2,46,9,0.75
17,"Jared Verse, Florida St. (ACC)",So.,DE,12,8,2,72,9,0.75
17,"Saivon Davis, Kent St. (MAC)",Sr.,DL,10,7,1,55,7.5,0.75
17,"Darian Varner, Temple (AAC)",So.,DL,10,7,1,59,7.5,0.75
22,"Yasir Abdullah, Louisville (ACC)",Sr.,LB,13,8,3,74,9.5,0.73
22,"Owen Porter, Marshall (Sun Belt)",Jr.,DL,13,8,3,60,9.5,0.73
24,"Adam Plant Jr., UNLV (Mountain West)",Sr.,DL,11,8,0,57,8,0.73
25,"TyJuan Garbutt, Virginia Tech (ACC)",Sr.,DL,9,6,1,37,6.5,0.72
26,"Donovan Ezeiruaku, Boston College (ACC)",So.,DE,12,8,1,62,8.5,0.71
26,"Mohamed Kamara, Colorado St. (Mountain West)",Sr.,DL,12,7,3,53,8.5,0.71
28,"Dylan Horton, TCU (Big 12)",Sr.,DL,15,9,3,75,10.5,0.70
28,"Chico Bennett, Jr., Virginia (ACC)",Sr.,LB,10,6,2,47,7,0.70
28,"Tyree Wilson, Texas Tech (Big 12)",Sr.,DL,10,5,4,47,7,0.70
31,"Jordan Ferguson, Middle Tenn. (C-USA)",Sr.,DL,13,9,0,77,9,0.69
31,"Bralen Trice, Washington (Pac-12)",So.,LB,13,8,2,49,9,0.69
31,"Durrell Johnson, Liberty (FBS Independent)",Sr.,DE,13,7,4,64,9,0.69
31,"YaYa Diaby, Louisville (ACC)",Sr.,DL,13,6,6,55,9,0.69
35,"Calijah Kancey, Pittsburgh (ACC)",Jr.,DL,11,6,3,52,7.5,0.68
36,"Cal Wallerstedt, UTEP (C-USA)",Jr.,LB,12,7,2,43,8,0.67
37,"Daniel Grzesiak, Utah St. (Mountain West)",Jr.,DE,13,8,1,54,8.5,0.65
37,"Jeremiah Martin, Washington (Pac-12)",Sr.,LB,13,7,3,58,8.5,0.65
39,"Akheem Mesidor, Miami (FL) (ACC)",Jr.,DL,11,6,2,41,7,0.64
40,"Cade Hall, San Jose St. (Mountain West)",Sr.,DL,12,7,1,34,7.5,0.62
40,"Isaiah McGuire, Missouri (SEC)",Sr.,DL,12,7,1,66,7.5,0.62
40,"Mike Morris, Michigan (Big Ten)",Sr.,DE,12,7,1,50,7.5,0.62
40,"Keion White, Georgia Tech (ACC)",Sr.,DL,12,7,1,49,7.5,0.62
40,"Andre Jones, Louisiana (Sun Belt)",Sr.,LB,12,6,3,54,7.5,0.62
45,"D'Anthony Jones, Houston (AAC)",Sr.,DL,13,8,0,36,8,0.62
45,"DeVonne Harris, Wyoming (Mountain West)",So.,DE,13,6,4,40,8,0.62
47,"Felix Anudike-Uzomah, Kansas St. (Big 12)",Jr.,DE,14,8,1,50,8.5,0.61
47,"JaQues Evans, Western Ky. (C-USA)",So.,LB,14,7,3,67,8.5,0.61
49,"Shaun Peterson Jr., FIU (C-USA)",Jr.,LB,10,6,0,39,6,0.60
50,"Oluwaseyi Omotosho, Wyoming (Mountain West)",Fr.,DE,11,6,1,42,6.5,0.59
51,"Derick Hall, Auburn (SEC)",Sr.,DL,12,7,0,36,7,0.58
51,"Andre Carter, Western Mich. (MAC)",Jr.,DL,12,6,2,41,7,0.58
51,"Ashton Gillotte, Louisville (ACC)",So.,DL,12,6,2,53,7,0.58
51,"SirVocea Dennis, Pittsburgh (ACC)",Sr.,LB,12,5,4,57,7,0.58
55,"Jordan Domineck, Arkansas (SEC)",Sr.,DL,13,7,1,55,7.5,0.58
55,"Drake Thomas, NC State (ACC)",Jr.,LB,13,7,1,54,7.5,0.58
57,"Trey Moore, UTSA (C-USA)",So.,LB,14,7,2,58,8,0.57
57,"T.J. Jackson, Troy (Sun Belt)",So.,DE,14,6,4,56,8,0.57
57,"Richard Jibunor, Troy (Sun Belt)",Jr.,DE,14,6,4,55,8,0.57
60,"DJ Johnson, Oregon (Pac-12)",Sr.,LB,11,6,0,42,6,0.55
60,"Jalen McLeod, App State (Sun Belt)",So.,LB,11,6,0,38,6,0.55
60,"Jacob Busic, Navy (AAC)",Jr.,DE,11,5,2,34,6,0.55
63,"Corvin Moment, Western Mich. (MAC)",Sr.,LB,12,6,1,43,6.5,0.54
63,"Vince Sanford, Air Force (Mountain West)",Sr.,LB,12,6,1,39,6.5,0.54
63,"Michael Shawcroft, San Diego St. (Mountain West)",Sr.,LB,12,6,1,48,6.5,0.54
66,"Jasheen Davis, Wake Forest (ACC)",So.,DL,13,7,0,53,7,0.54
66,"Lonnie Phelps, Kansas (Big 12)",Jr.,DL,13,7,0,40,7,0.54
66,"Lazarus Williams, New Mexico St. (FBS Independent)",Sr.,DL,13,7,0,50,7,0.54
66,"Zi'Yon Hill-Green, Louisiana (Sun Belt)",Sr.,DE,13,6,2,30,7,0.54
66,"Tavius Robinson, Ole Miss (SEC)",Sr.,DE,13,6,2,57,7,0.54
66,"Braden Siders, Wyoming (Mountain West)",Fr.,DE,13,6,2,28,7,0.54
66,"Caleb Okechukwu, Syracuse (ACC)",Jr.,DL,13,5,4,40,7,0.54
66,"Eric Watts, UConn (FBS Independent)",Sr.,DL,13,5,4,36,7,0.54
66,"Byron Young, Tennessee (SEC)",Sr.,DL,13,5,4,41,7,0.54
75,"Harold Perkins Jr., LSU (SEC)",Fr.,LB,14,7,1,59,7.5,0.54
75,"Mazin Richards, North Texas (C-USA)",So.,DL,14,6,3,50,7.5,0.54
77,"Dee Winters, TCU (Big 12)",Sr.,LB,15,7,1,40,7.5,0.50
77,"Abdul Carter, Penn St. (Big Ten)",Fr.,LB,13,6,1,59,6.5,0.50
77,"Marley Cook, Middle Tenn. (C-USA)",So.,DL,13,6,1,50,6.5,0.50
77,"Koby Cumberlander, Marshall (Sun Belt)",Sr.,DL,13,6,1,43,6.5,0.50
77,"Joe Evans, Iowa (Big Ten)",Sr.,DE,13,6,1,47,6.5,0.50
77,"Josh Pearcy, Rice (C-USA)",So.,LB,13,6,1,48,6.5,0.50
77,"Zaylin Wood, Middle Tenn. (C-USA)",So.,DT,13,6,1,57,6.5,0.50
77,"Deontae Craig, Iowa (Big Ten)",So.,DL,13,5,3,57,6.5,0.50
77,"Adrian Hope, Coastal Carolina (Sun Belt)",Sr.,LB,13,5,3,40,6.5,0.50
77,"Myles Murphy, Clemson (ACC)",Jr.,DE,13,5,3,33,6.5,0.50
77,"Lukas Van Ness, Iowa (Big Ten)",So.,DL,13,4,5,41,6.5,0.50
77,"Dom Peterson, Nevada (Mountain West)",Sr.,DT,12,6,0,46,6,0.50
77,"Tyrus Wheat, Mississippi St. (SEC)",Sr.,LB,12,6,0,36,6,0.50
77,"Colby Wooden, Auburn (SEC)",Jr.,DL,12,6,0,48,6,0.50
77,"Rondell Bothroyd, Wake Forest (ACC)",Jr.,DL,12,5,2,53,6,0.50
77,"Braden Fiske, Western Mich. (MAC)",Jr.,DL,12,5,2,43,6,0.50
77,"Nelson Mbanasor, Texas St. (Sun Belt)",Sr.,DL,12,5,2,39,6,0.50
77,"Kivon Bennett, Arkansas St. (Sun Belt)",Sr.,LB,11,4,3,22,5.5,0.50
77,"BJ Ojulari, LSU (SEC)",Jr.,DE,11,4,3,33,5.5,0.50
77,"Jordan Bertagnole, Wyoming (Mountain West)",So.,DT,11,3,5,57,5.5,0.50
77,"Nick Jackson, Virginia (ACC)",Sr.,LB,10,5,0,30,5,0.50
77,"TreShaun Clark, Liberty (FBS Independent)",Jr.,DE,10,4,2,32,5,0.50
99,"Jamal Hines, Toledo (MAC)",Sr.,DE,14,6,1,48,6.5,0.46
99,"Jeremiah Trotter Jr., Clemson (ACC)",So.,LB,14,6,1,27,6.5,0.46
101,"Nathaniel Watson, Mississippi St. (SEC)",Sr.,LB,13,6,0,47,6,0.46
101,"Demetrius Hardamon, Bowling Green (MAC)",Sr.,LB,13,5,2,36,6,0.46
101,"Brennan Jackson, Washington St. (Pac-12)",Jr.,DL,13,5,2,49,6,0.46
101,"Monty Montgomery, Louisville (ACC)",Sr.,LB,13,5,2,59,6,0.46
101,"Jamie Sheriff, South Alabama (Sun Belt)",Sr.,DL,13,5,2,50,6,0.46
101,"Corey Suttle, Miami (OH) (MAC)",Jr.,DE,13,5,2,41,6,0.46
101,"Dennis Osagiede, Liberty (FBS Independent)",Sr.,DT,13,4,4,45,6,0.46
108,"Marcus Cushnie, Massachusetts (FBS Independent)",Sr.,DL,12,5,1,39,5.5,0.46
108,"Jahfari Harvey, Miami (FL) (ACC)",Jr.,DL,12,5,1,18,5.5,0.46
108,"Stephen Herron, Stanford (Pac-12)",Sr.,LB,12,5,1,46,5.5,0.46
108,"Victor Jones, Akron (MAC)",Sr.,DL,12,5,1,43,5.5,0.46
108,"Michael Kennedy, NIU (MAC)",Sr.,DL,12,5,1,34,5.5,0.46
108,"Alii Matau, San Jose St. (Mountain West)",Sr.,LB,12,5,1,35,5.5,0.46
108,"Garrett Nelson, Nebraska (Big Ten)",Jr.,LB,12,5,1,40,5.5,0.46
108,"Devonte O'Malley, NIU (MAC)",Jr.,DL,12,5,1,57,5.5,0.46
108,"Demeioun Robinson, Penn St. (Big Ten)",So.,DE,12,5,1,29,5.5,0.46
108,"Amir Siddiq, Charlotte (C-USA)",Sr.,DL,12,5,1,35,5.5,0.46
108,"Tyler Davis, Clemson (ACC)",Sr.,DT,12,4,3,27,5.5,0.46
119,"Nate Givhan, Toledo (MAC)",Sr.,DE,11,5,0,42,5,0.45
119,"Shaundre Mims, East Carolina (AAC)",Sr.,DL,11,4,2,24,5,0.45
121,"Ryan Henry, Old Dominion (Sun Belt)",Sr.,LB,9,4,0,26,4,0.44
122,"Tre'mon Morris-Brash, UCF (AAC)",Sr.,DL,14,6,0,37,6,0.43
122,"Brendan Mott, Kansas St. (Big 12)",Jr.,DE,14,6,0,46,6,0.43
124,"Tony Bradford Jr., Texas Tech (Big 12)",Sr.,DL,13,5,1,33,5.5,0.42
124,"Barrett Carter, Clemson (ACC)",So.,LB,13,5,1,44,5.5,0.42
124,"Brandon Johnson, Duke (ACC)",So.,S,13,5,1,43,5.5,0.42
124,"Jer'Zhan Newton, Illinois (Big Ten)",So.,DL,13,5,1,50,5.5,0.42
124,"Gabe Reid, Utah (Pac-12)",Sr.,DE,13,5,1,55,5.5,0.42
124,"Quinn Roff, Washington St. (Pac-12)",So.,DE,13,5,1,40,5.5,0.42
124,"Payton Zdroik, Air Force (Mountain West)",So.,DL,13,5,1,37,5.5,0.42
124,"DeWayne Carter, Duke (ACC)",Jr.,DL,13,4,3,33,5.5,0.42
124,"JaQuon Griffin, Coastal Carolina (Sun Belt)",Sr.,DT,13,4,3,40,5.5,0.42
124,"Barryn Sorrell, Texas (Big 12)",So.,DL,13,4,3,46,5.5,0.42
124,"Kendy Charles, Liberty (FBS Independent)",So.,DT,13,2,7,42,5.5,0.42
135,"Sam Burton, Marshall (Sun Belt)",Sr.,DL,12,5,0,23,5,0.42
135,"Hale Motu'apuaka, Utah St. (Mountain West)",Sr.,DT,12,5,0,32,5,0.42
135,"Jason Vaughn, South Fla. (AAC)",Jr.,DL,12,5,0,24,5,0.42
135,"Adetomiwa Adebawore, Northwestern (Big Ten)",Sr.,DL,12,4,2,33,5,0.42
135,"Levi Bell, Texas St. (Sun Belt)",Jr.,DL,12,4,2,36,5,0.42
135,"Mohamoud Diabate, Utah (Pac-12)",Sr.,LB,12,4,2,37,5,0.42
135,"Thomas Gore, Georgia St. (Sun Belt)",Jr.,DL,12,4,2,44,5,0.42
135,"Will McDonald, Iowa St. (Big 12)",Sr.,DE,12,4,2,40,5,0.42
135,"Cole Pearce, Ball St. (MAC)",Sr.,LB,12,4,2,33,5,0.42
135,"Tyrone Taleni, Southern California (Pac-12)",Sr.,DL,12,4,2,45,5,0.42
145,"Khari Coleman, Ole Miss (SEC)",Jr.,LB,11,4,1,34,4.5,0.41
145,"Payton Wilson, NC State (ACC)",Jr.,LB,11,4,1,43,4.5,0.41
145,"Adrian Woliver, Toledo (MAC)",Jr.,DE,11,4,1,27,4.5,0.41
148,"Nathan Latu, Oklahoma St. (Big 12)",Jr.,DE,10,4,0,23,4,0.40
148,"Paul Akere, Virginia (ACC)",Sr.,DL,10,3,2,23,4,0.40
148,"Justin Harris, New Mexico (Mountain West)",Sr.,DL,10,3,2,20,4,0.40
148,"Aaron Faumui, Virginia (ACC)",Sr.,DL,10,2,4,18,4,0.40
