Rank,Player,Cl,Pos,G,Solo Sack,Asst Sack,Sack Yds,Tot Sack,Sacks PG
1,"Terrence Fede, Marist (Pioneer)",Sr.,DL,11,11,4,85,13,1.18
2,"Brad Daly, Montana St. (Big Sky)",Sr.,DL,12,14,0,69,14,1.17
3,"Pat Dowd, Dayton (Pioneer)",Sr.,DL,11,10,3,64,11.5,1.05
4,"Mike Reilly, William & Mary (CAA)",Jr.,DL,12,11,1,86,11.5,0.96
5,"Andrew Carter, South Carolina St. (MEAC)",Jr.,DL,12,9,4,65,11,0.92
6,"Tony Bell, UT Martin (OVC)",Jr.,LB,12,8,5,56,10.5,0.88
7,"Steve Gargiulo, San Diego (Pioneer)",Sr.,DL,10,8,1,48,8.5,0.85
8,"Jeff Covitz, Bryant (NEC)",Jr.,DL,12,9,2,53,10,0.83
8,"Tosin Aguebar, Mercer (Pioneer)",Fr.,LB,12,8,4,66,10,0.83
10,"Brandon Coleman, Drake (Pioneer)",Sr.,DL,11,9,0,54,9,0.82
10,"Rakim Cox, Villanova (CAA)",Sr.,DL,11,9,0,58,9,0.82
10,"Christian Kuntz, Duquesne (NEC)",So.,LB,11,8,2,44,9,0.82
10,"Maroa White, Jacksonville (Pioneer)",So.,DL,11,8,2,57,9,0.82
14,"James Cowser, Southern Utah (Big Sky)",So.,DL,13,10,1,58,10.5,0.81
15,"Michael Cole, Maine (CAA)",Sr.,DL,10,8,0,50,8,0.80
16,"Miles Grooms, Hampton (MEAC)",So.,DL,12,8,3,63,9.5,0.79
16,"Deon King, Norfolk St. (MEAC)",So.,LB,12,8,3,65,9.5,0.79
18,"Amir Bloom, Texas Southern (SWAC)",So.,DL,9,7,0,45,7,0.78
19,"Shaquille Riddick, Gardner-Webb (Big South)",Jr.,DL,11,8,1,71,8.5,0.77
19,"Asalemo Fruean, Saint Francis (PA) (NEC)",Sr.,LB,11,7,3,52,8.5,0.77
21,"Ryan Delaire, Towson (CAA)",Jr.,DL,15,11,1,73,11.5,0.77
22,"Tyler Starr, South Dakota (MVFC)",Sr.,LB,12,9,0,67,9,0.75
22,"Davis Tull, Chattanooga (SoCon)",Jr.,DL,12,8,2,46,9,0.75
24,"Justin Shade, Samford (SoCon)",Sr.,LB,13,9,1,70,9.5,0.73
24,"Alexander Glover, South Carolina St. (MEAC)",Jr.,DL,13,6,7,62,9.5,0.73
26,"Collin Albrecht, UNI (MVFC)",Sr.,DL,11,8,0,60,8,0.73
26,"Demetrius Baldwin-Youngbl, Bucknell (Patriot)",Jr.,DL,11,8,0,47,8,0.73
26,"Matt Johnson, Bucknell (Patriot)",Sr.,LB,11,8,0,42,8,0.73
29,"Anthony Bass, Tennessee St. (OVC)",Jr.,DL,14,8,4,57,10,0.71
30,"Lynden Trail, Norfolk St. (MEAC)",Jr.,LB,12,6,5,42,8.5,0.71
31,"Daniel Pinnix, N.C. A&T (MEAC)",So.,DL,10,6,2,51,7,0.70
32,"Jemarcus Marshall, Northwestern St. (Southland)",Fr.,DL,11,7,1,43,7.5,0.68
32,"Blake Oliaro, San Diego (Pioneer)",Sr.,DL,11,7,1,49,7.5,0.68
34,"Nick Canavan, Missouri St. (MVFC)",Sr.,LB,12,8,0,51,8,0.67
34,"Nick King, UC Davis (Big Sky)",Sr.,DL,12,8,0,40,8,0.67
34,"Sullivan Grosz, Cal Poly (Big Sky)",Sr.,DL,12,7,2,55,8,0.67
34,"Connor Underwood, Indiana St. (MVFC)",So.,LB,12,7,2,58,8,0.67
34,"Jonathan Woodard, Central Ark. (Southland)",So.,DL,12,7,2,36,8,0.67
34,"Ray Hodgson, Sacred Heart (NEC)",Sr.,DL,12,6,4,54,8,0.67
34,"Derrick Saulsberry, Delaware (CAA)",Jr.,DL,12,6,4,45,8,0.67
34,"Jordan Stanton, James Madison (CAA)",Sr.,DL,12,6,4,44,8,0.67
42,"Zack Wagenmann, Montana (Big Sky)",Jr.,DL,13,7,3,50,8.5,0.65
42,"Troy Moore, Sacred Heart (NEC)",Jr.,DL,13,6,5,63,8.5,0.65
44,"Zach Hodges, Harvard (Ivy League)",Jr.,DL,10,6,1,41,6.5,0.65
44,"Caraun Reid, Princeton (Ivy League)",Sr.,DL,10,6,1,52,6.5,0.65
46,"Chase Douglas, South Dakota St. (MVFC)",Sr.,DL,14,8,2,59,9,0.64
47,"Aaron Riley, Jacksonville (Pioneer)",Sr.,DL,11,7,0,47,7,0.64
47,"A.J. Holderman, Robert Morris (NEC)",Sr.,DL,11,6,2,37,7,0.64
47,"Alec May, Georgetown (Patriot)",Jr.,LB,11,6,2,37,7,0.64
47,"Tedderick Terrell, Jackson St. (SWAC)",So.,DL,11,6,2,47,7,0.64
51,"Malcolm Mitchell, Tennessee Tech (OVC)",Sr.,DL,12,7,1,65,7.5,0.63
51,"Darnell Leslie, Monmouth (FCS Independent)",Fr.,DL,12,6,3,40,7.5,0.63
53,"Elijah Mitchall, Princeton (Ivy League)",Sr.,DB,9,5,1,34,5.5,0.61
54,"Michael Yules, Brown (Ivy League)",Sr.,DL,10,6,0,31,6,0.60
54,"Sam Chwarzynski, Penn (Ivy League)",Sr.,DB,10,5,2,24,6,0.60
