Rank,Player,Cl,Pos,G,Pass Att,Pass Com,Int,Pass TD,Pass Yds
1,"Brandon Doughty, Western Ky. (C-USA)",Sr.,QB,13,552,375,10,49,"4,830"
2,"Shane Carden, East Carolina (AAC)",Sr.,QB,13,617,392,10,30,"4,736"
3,"Marcus Mariota, Oregon (Pac-12)",Jr.,QB,15,445,304,4,42,"4,454"
4,"Garrett Grayson, Colorado St. (Mountain West)",Sr.,QB,13,420,270,7,32,"4,006"
5,"Jared Goff, California (Pac-12)",So.,QB,12,509,316,7,35,"3,973"
6,"Jameis Winston, Florida St. (ACC)",So.,QB,13,467,305,18,25,"3,907"
7,"Rakeem Cato, Marshall (C-USA)",Sr.,QB,14,451,267,13,40,"3,903"
8,"Trevone Boykin, TCU (Big 12)",Jr.,QB,13,492,301,10,33,"3,901"
9,"Connor Halliday, Washington St. (Pac-12)",Sr.,QB,9,526,354,11,32,"3,873"
10,"Bryce Petty, Baylor (Big 12)",Sr.,QB,12,428,270,7,29,"3,855"
11,"Cody Kessler, Southern California (Pac-12)",Jr.,QB,13,452,315,5,39,"3,826"
12,"Anu Solomon, Arizona (Pac-12)",Fr.,QB,14,540,313,9,28,"3,793"
13,"Grant Hedrick, Boise St. (Mountain West)",Sr.,QB,14,415,294,14,23,"3,696"
14,"Dylan Thompson, South Carolina (SEC)",Sr.,QB,13,451,270,11,26,"3,574"
15,"Jake Waters, Kansas St. (Big 12)",Sr.,QB,13,397,262,7,22,"3,501"
16,"Blake Sims, Alabama (SEC)",Sr.,QB,14,391,252,10,28,"3,487"
17,"Dak Prescott, Mississippi St. (SEC)",Jr.,QB,13,396,244,11,27,"3,449"
18,"Everett Golson, Notre Dame (FBS Independent)",Sr.,QB,13,427,256,14,29,"3,445"
19,"Zach Terrell, Western Mich. (MAC)",So.,QB,13,368,250,10,26,"3,443"
20,"Cody Sokol, Louisiana Tech (C-USA)",Sr.,QB,14,448,260,13,30,"3,436"
21,"Blake Frohnapfel, Massachusetts (MAC)",Sr.,QB,10,437,241,10,23,"3,345"
22,"Clint Trickett, West Virginia (Big 12)",Sr.,QB,11,419,281,10,18,"3,285"
23,"Nick Arbuckle, Georgia St. (Sun Belt)",Jr.,QB,12,429,259,17,23,"3,283"
24,"Andrew Hendrix, Miami (OH) (MAC)",Sr.,QB,12,458,222,9,23,"3,280"
25,"Fredi Knighten, Arkansas St. (Sun Belt)",Jr.,QB,13,432,269,7,24,"3,277"
26,"Gunner Kiel, Cincinnati (AAC)",So.,QB,13,390,233,13,31,"3,254"
27,"Connor Cook, Michigan St. (Big Ten)",Jr.,QB,13,365,212,8,24,"3,214"
28,"Sefo Liufau, Colorado (Pac-12)",So.,QB,12,498,325,15,28,"3,200"
29,"Brad Kaaya, Miami (FL) (ACC)",Fr.,QB,13,378,221,12,26,"3,198"
30,"Bo Wallace, Ole Miss ()",Sr.,QB,13,381,229,14,22,"3,194"
31,"Pete Thomas, ULM (Sun Belt)",Sr.,QB,12,501,301,6,14,"3,181"
32,"James Knapke, Bowling Green (MAC)",Jr.,QB,14,483,280,12,15,"3,173"
33,"Sean Mannion, Oregon St. (Pac-12)",Sr.,QB,12,453,282,8,15,"3,164"
34,"Cooper Rush, Central Mich. (MAC)",So.,QB,13,382,243,13,27,"3,157"
35,"Brett Hundley, UCLA (Pac-12)",Jr.,QB,13,392,271,5,22,"3,155"
36,"Dane Evans, Tulsa (AAC)",So.,QB,12,462,256,17,23,"3,102"
37,"Marquise Williams, North Carolina (ACC)",Jr.,QB,13,428,270,9,21,"3,073"
38,"Paxton Lynch, Memphis (AAC)",So.,QB,13,413,259,9,22,"3,031"
39,"Christian Hackenberg, Penn St. (Big Ten)",So.,QB,13,484,270,15,12,"2,977"
40,"Justin Holman, UCF (AAC)",So.,QB,13,392,223,14,23,"2,952"
41,"Blake Decker, UNLV (Mountain West)",Jr.,QB,13,401,231,18,15,"2,886"
42,"Gary Nova, Rutgers (Big Ten)",Sr.,QB,13,327,187,12,22,"2,851"
43,"Driphus Jackson, Rice (C-USA)",Jr.,QB,13,331,191,8,24,"2,842"
44,"J.T. Barrett, Ohio St. (Big Ten)",Fr.,QB,12,314,203,10,34,"2,834"
45,"Kevin Hogan, Stanford (Pac-12)",Sr.,QB,13,352,232,8,19,"2,792"
46,"Tyler Rogers, New Mexico St. (Sun Belt)",Jr.,QB,12,436,268,23,19,"2,779"
47,"Patrick Towles, Kentucky (SEC)",So.,QB,12,393,225,9,14,"2,718"
48,"Anthony Boone, Duke (ACC)",Sr.,QB,13,453,255,8,19,"2,700"
49,"Tommy Armstrong Jr., Nebraska (Big Ten)",So.,QB,13,345,184,12,22,"2,695"
50,"Michael Brewer, Virginia Tech (ACC)",Jr.,QB,13,441,262,15,18,"2,692"
51,"Tyler Jones, Texas St. (Sun Belt)",So.,QB,12,376,246,7,22,"2,670"
52,"Sam B. Richardson, Iowa St. (Big 12)",Jr.,QB,11,451,254,9,18,"2,669"
53,"Colby Kirkegaard, Wyoming (Mountain West)",Sr.,QB,12,359,206,9,12,"2,660"
54,"Maty Mauk, Missouri (SEC)",So.,QB,14,414,221,13,25,"2,648"
55,"Joe Licata, Buffalo (MAC)",Jr.,QB,11,345,224,11,29,"2,647"
56,"Christian Stewart, BYU (FBS Independent)",Sr.,QB,11,348,199,9,25,"2,621"
57,"Brian Burrell, Fresno St. (Mountain West)",Jr.,QB,14,432,252,18,22,"2,620"
58,"Jacoby Brissett, NC State (ACC)",Jr.,QB,13,370,221,5,23,"2,606"
59,"Austin Grammer, Middle Tenn. (C-USA)",So.,QB,12,338,221,12,17,"2,557"
60,"Matt Linehan, Idaho (Sun Belt)",Fr.,QB,11,378,221,18,11,"2,540"
61,"Ikaika Woolsey, Hawaii (Mountain West)",So.,QB,13,416,210,13,13,"2,538"
62,"Nick Marshall, Auburn (SEC)",Sr.,QB,13,293,178,7,20,"2,532"
63,"Cody Fajardo, Nevada (Mountain West)",Sr.,QB,13,405,239,11,18,"2,498"
64,"Nick Mullens, Southern Miss. (C-USA)",So.,QB,10,365,218,9,12,"2,470"
65,"Colin Reardon, Kent St. (MAC)",So.,QB,11,400,228,16,14,"2,466"
66,"Jake Rudock, Iowa (Big Ten)",Jr.,QB,12,345,213,5,16,"2,436"
67,"Tyrone Swoopes, Texas (Big 12)",So.,QB,13,384,224,11,13,"2,409"
68,"Cyler Miles, Washington (Pac-12)",So.,QB,12,329,219,4,17,"2,397"
69,"Drew Hare, NIU (MAC)",So.,QB,14,326,194,2,18,"2,322"
70,"P.J. Walker, Temple (AAC)",So.,QB,12,381,203,15,13,"2,317"
71,"Joe Gray, San Jose St. (Mountain West)",Jr.,QB,11,330,210,9,11,"2,305"
72,"Trevor Knight, Oklahoma (Big 12)",So.,QB,10,316,179,12,14,"2,300"
73,"Terrence Broadway, Louisiana (Sun Belt)",Sr.,QB,13,342,216,9,13,"2,295"
74,"C.J. Brown, Maryland (Big Ten)",Sr.,QB,13,354,189,10,13,"2,288"
75,"Brandon Allen, Arkansas (SEC)",Jr.,QB,13,339,190,5,20,"2,285"
76,"Logan Woodside, Toledo (MAC)",So.,QB,12,296,185,8,19,"2,263"
77,"Chad Voytik, Pittsburgh ()",So.,QB,13,287,176,7,16,"2,233"
78,"Cody Clements, UAB (C-USA)",Jr.,QB,11,275,183,8,14,"2,227"
79,"Jaquez Johnson, Fla. Atlantic (C-USA)",Jr.,QB,11,315,182,5,17,"2,215"
80,"Trevor Siemian, Northwestern (Big Ten)",Sr.,QB,11,392,228,11,7,"2,214"
81,"Kyle Pohl, Akron (MAC)",Jr.,QB,10,383,208,8,9,"2,189"
82,"Travis Wilson, Utah (Pac-12)",Jr.,QB,13,313,190,5,18,"2,170"
83,"Hutson Mason, Georgia (SEC)",Sr.,QB,13,277,188,4,21,"2,168"
84,"Quinn Kaehler, San Diego St. (Mountain West)",Sr.,QB,12,307,169,12,9,"2,157"
85,"Taylor Kelly, Arizona St. (Pac-12)",Sr.,QB,10,278,165,5,22,"2,114"
86,"John Wolford, Wake Forest (ACC)",Fr.,QB,12,367,214,14,12,"2,037"
87,"Greg Ward, Jr., Houston (AAC)",So.,WR,13,263,177,7,12,"2,010"
88,"Tanner Lee, Tulane (AAC)",Fr.,QB,10,336,185,14,12,"1,962"
89,"Brandon Bridge, South Alabama (Sun Belt)",Sr.,QB,11,307,160,8,15,"1,927"
90,"Devin Gardner, Michigan (Big Ten)",Sr.,QB,12,283,174,15,10,"1,896"
91,"Cole Stoudt, Clemson (ACC)",Sr.,QB,13,302,191,10,9,"1,892"
92,"Jameill Showers, UTEP (C-USA)",Sr.,QB,13,286,159,6,12,"1,858"
93,"Brandon Silvers, Troy (Sun Belt)",Fr.,QB,11,271,191,3,11,"1,836"
94,"Mitch Leidner, Minnesota (Big Ten)",So.,QB,12,237,122,8,11,"1,798"
95,"Justin Thomas, Georgia Tech (ACC)",So.,QB,14,187,96,6,18,"1,719"
96,"Micheal Cummings, Kansas (Big 12)",Jr.,QB,12,244,137,6,9,"1,715"
97,"Alex McGough, FIU (C-USA)",Fr.,QB,12,274,138,10,14,"1,680"
98,"Mike White, South Fla. (AAC)",So.,QB,11,242,122,7,8,"1,639"
99,"Greyson Lambert, Virginia (ACC)",So.,QB,9,261,154,11,10,"1,632"
100,"Tyler Murphy, Boston College (ACC)",Sr.,QB,13,230,131,10,13,"1,623"
101,"Anthony Jennings, LSU (SEC)",So.,QB,13,227,111,7,11,"1,611"
102,"Kale Pearson, Air Force (Mountain West)",Sr.,QB,12,171,101,3,14,"1,590"
103,"Chandler Whitmer, UConn (AAC)",Sr.,QB,12,223,124,8,11,"1,522"
104,"Austin Appleby, Purdue (Big Ten)",So.,QB,10,272,144,11,10,"1,449"
105,"Mike Bercovici, Arizona St. (Pac-12)",Jr.,QB,13,186,115,4,12,"1,445"
106,"Reilly O'Toole, Illinois (Big Ten)",Sr.,QB,13,206,122,8,10,"1,344"
107,"Reginald Bell, Eastern Mich. (MAC)",Fr.,QB,10,184,105,6,9,"1,297"
108,"Andrew McNulty, North Texas (C-USA)",Jr.,QB,10,202,110,7,6,"1,295"
109,"J.D. Sprague, Ohio (MAC)",So.,QB,10,202,98,5,3,"1,236"
110,"Jeff Driskel, Florida (SEC)",Jr.,QB,9,212,114,10,9,"1,140"
111,"Matt Johns, Virginia (ACC)",Jr.,QB,12,162,89,5,8,"1,109"
112,"Treon Harris, Florida (SEC)",Fr.,QB,9,111,55,4,9,"1,019"
113,"Lamar Jordan, New Mexico (Mountain West)",Fr.,QB,11,112,59,5,6,895
114,"Reggie Bonnafon, Louisville (ACC)",Fr.,QB,10,120,61,4,5,864
115,"Matt Davis, SMU (AAC)",So.,QB,10,164,89,5,3,855
115,"Garrett Krstich, SMU (AAC)",Jr.,QB,10,181,99,7,2,855
117,"Keenan Reynolds, Navy (FBS Independent)",Jr.,QB,11,111,52,3,6,843
118,"Tanner McEvoy, Wisconsin (Big Ten)",Jr.,QB,14,112,65,6,5,709
119,"Angel Santiago, Army West Point (FBS Independent)",Sr.,QB,12,70,35,1,1,488
120,"Mitch Trubisky, North Carolina (ACC)",Fr.,QB,12,78,42,4,5,459
121,"Tim Boyle, UConn (AAC)",So.,QB,9,82,43,3,1,335
122,"Brandon Connette, Fresno St. (Mountain West)",Sr.,QB,13,54,29,3,2,299
123,"A.J. Schurr, Army West Point (FBS Independent)",Jr.,QB,10,28,12,1,1,242
124,"Brayle Brown, ULM (Sun Belt)",Jr.,QB,12,24,14,1,1,172
125,"Luke Rubenzer, California (Pac-12)",Fr.,QB,11,21,12,3,2,166
