Rank,Player,Cl,Pos,G,Pass Att,Pass Com,Int,Pass TD,Pass Yds
1,"Jimmy Garoppolo, Eastern Ill. (OVC)",Sr.,QB,14,568,375,9,53,"5,050"
2,"Vernon Adams, Eastern Wash. (Big Sky)",So.,QB,15,486,319,15,55,"4,994"
3,"Michael Nebrich, Fordham (Patriot)",Jr.,QB,13,480,353,7,35,"4,380"
4,"Brady Attaway, SFA (Southland)",Sr.,QB,12,584,349,21,32,"4,268"
5,"Michael Strauss, Richmond (CAA)",Jr.,QB,12,509,333,8,26,"3,808"
6,"Andy Summerlin, Samford (SoCon)",---,QB,13,478,300,13,26,"3,640"
7,"Dray Joseph, Southern U. (SWAC)",Sr.,QB,13,437,271,11,30,"3,573"
8,"Justin Arias, Idaho St. (Big Sky)",Jr.,QB,12,574,322,14,24,"3,547"
9,"Mason Mills, San Diego (Pioneer)",Sr.,QB,11,388,256,5,35,"3,463"
10,"Peter Athens, Towson (CAA)",Sr.,QB,16,397,256,13,19,"3,461"
11,"Jordan Johnson, Montana (Big Sky)",Jr.,QB,13,388,220,5,32,"3,387"
12,"Caleb Berry, Lamar University (Southland)",Jr.,QB,12,475,295,8,32,"3,332"
13,"Garrett Safron, Sacramento St. (Big Sky)",Jr.,QB,12,460,294,13,27,"3,289"
14,"Marcus Wasilewski, Maine (CAA)",Sr.,QB,13,409,276,9,25,"3,238"
15,"Bryan Bennett, Southeastern La. (Southland)",Jr.,QB,14,354,215,11,21,"3,165"
16,"Alex Ross, Coastal Carolina (Big South)",So.,QB,14,358,232,9,26,"3,093"
17,"Austin Sumner, South Dakota St. (MVFC)",Jr.,QB,14,408,240,8,19,"2,999"
18,"Eric Hoffman, Valparaiso (Pioneer)",Jr.,QB,11,405,252,10,22,"2,986"
19,"Jeff Mathews, Cornell (Ivy League)",Sr.,QB,9,360,228,13,22,"2,953"
20,"Cody Stroud, McNeese (Southland)",Sr.,QB,13,370,211,7,28,"2,935"
21,"Jerry Lovelocke, Prairie View (SWAC)",Jr.,QB,12,428,284,9,23,"2,814"
22,"Andy Rice, Drake (Pioneer)",Jr.,QB,11,388,248,10,21,"2,801"
23,"Brock Jensen, North Dakota St. (MVFC)",Sr.,QB,15,329,218,7,34,"2,793"
24,"Benjamin Anderson, Ark.-Pine Bluff (SWAC)",Jr.,QB,11,357,210,11,19,"2,777"
25,"Chuckie Looney, Marist (Pioneer)",Sr.,QB,11,339,196,8,30,"2,763"
26,"Matt Lancaster, Butler (Pioneer)",Sr.,QB,12,381,230,9,19,"2,761"
27,"Zach Adkins, Northwestern St. (Southland)",Jr.,QB,12,380,246,9,21,"2,729"
28,"Michael Birdsong, James Madison (CAA)",So.,QB,12,376,227,15,22,"2,728"
29,"Seth Lobato, Northern Colo. (Big Sky)",Sr.,QB,10,347,197,13,16,"2,715"
30,"Brandon Bialkowski, Lehigh (Patriot)",Sr.,QB,8,337,216,10,18,"2,647"
31,"Mike Quinn, Elon (SoCon)",Jr.,QB,12,442,275,9,17,"2,618"
32,"Matt Johnson, Charlotte (FCS Independent)",Fr.,QB,11,371,223,12,21,"2,581"
32,"Josh Woodrum, Liberty (Big South)",So.,QB,12,308,198,7,19,"2,581"
34,"Dillon Buechel, Duquesne (NEC)",Fr.,QB,11,373,217,15,14,"2,569"
35,"John Gibbs Jr., Alcorn (SWAC)",So.,QB,12,354,201,5,21,"2,567"
36,"Lucas Beatty, Gardner-Webb (Big South)",Jr.,QB,12,377,229,13,12,"2,497"
37,"Brian Bell, Sam Houston (Southland)",Sr.,QB,14,307,171,10,32,"2,490"
38,"Austin Gahafer, Morehead St. (Pioneer)",Fr.,QB,11,425,263,12,13,"2,430"
39,"Kade Bell, Jacksonville (Pioneer)",So.,QB,8,287,158,13,25,"2,397"
40,"Greg McGhee, Howard (MEAC)",Jr.,QB,12,385,228,12,16,"2,379"
41,"Lyle Negron, Stony Brook (CAA)",Sr.,QB,11,288,167,9,13,"2,367"
42,"Patrick Donnelly, Brown (Ivy League)",Sr.,QB,10,334,219,5,19,"2,364"
43,"Will Fiacchi, UAlbany (CAA)",Jr.,QB,12,372,207,8,9,"2,358"
44,"Brandon Hill, Monmouth (FCS Independent)",Jr.,QB,12,322,181,11,19,"2,356"
45,"Cory Murphy, Delaware St. (MEAC)",Sr.,QB,11,369,205,14,13,"2,312"
46,"Jonathan Carkhuff, Davidson (Pioneer)",Sr.,QB,11,332,177,4,9,"2,266"
47,"Pete Pujals, Holy Cross (Patriot)",Fr.,QB,10,332,211,8,19,"2,261"
48,"Mike Westerhaus, Bryant (NEC)",Sr.,QB,12,362,183,14,14,"2,245"
49,"Kurt Hess, Youngstown St. (MVFC)",Sr.,QB,12,265,164,6,22,"2,229"
50,"Maikhail Miller, Murray St. (OVC)",So.,QB,10,327,219,11,18,"2,221"
51,"Trent Hurley, Delaware (CAA)",Jr.,QB,10,268,172,7,22,"2,207"
52,"RJ Noel, Sacred Heart (NEC)",So.,QB,13,343,178,9,23,"2,203"
53,"Brian Hudson, Campbell (Pioneer)",Sr.,QB,12,303,183,11,15,"2,184"
54,"Trenton Norvell, Western Ill. (MVFC)",Fr.,QB,12,384,195,16,16,"2,140"
55,"Quinn Epperly, Princeton (Ivy League)",Jr.,QB,10,306,208,3,25,"2,137"
56,"Denarius McGhee, Montana St. (Big Sky)",Sr.,QB,10,265,175,4,8,"2,087"
57,"Sean Goldrich, New Hampshire (CAA)",So.,QB,14,264,158,7,14,"2,076"
57,"Nick SanGiacomo, Central Conn. St. (NEC)",So.,QB,11,275,157,12,20,"2,076"
59,"Aaron Cantu, Southern Utah (Big Sky)",Jr.,QB,12,329,213,12,10,"2,052"
60,"Clayton Moore, Jackson St. (SWAC)",Sr.,QB,10,275,139,12,15,"2,009"
61,"Kory Faulkner, Southern Ill. (MVFC)",Sr.,QB,9,272,165,4,18,"1,997"
62,"Richard Cue, South Carolina St. (MEAC)",Jr.,QB,13,298,166,12,16,"1,977"
63,"John Robertson, Villanova (CAA)",So.,QB,11,247,169,7,13,"1,967"
64,"Keiran McDonagh, Portland St. (Big Sky)",So.,QB,10,215,117,11,15,"1,936"
65,"Kevin Earl, South Dakota (MVFC)",So.,QB,10,314,165,9,9,"1,920"
66,"John Russ, Mercer (Pioneer)",Fr.,QB,12,233,121,7,21,"1,916"
67,"Will Bardo, Dayton (Pioneer)",Jr.,QB,10,262,144,8,13,"1,915"
68,"Daniel Duhart, Alabama St. (SWAC)",So.,QB,11,291,158,8,18,"1,903"
69,"Drew Reed, Lafayette (Patriot)",Fr.,QB,8,182,132,5,17,"1,887"
70,"Conner Hempel, Harvard (Ivy League)",Jr.,QB,8,238,157,5,15,"1,866"
71,"Ryan Howard, Central Ark. (Southland)",Jr.,QB,9,234,144,4,18,"1,848"
72,"Sawyer Kollmorgen, UNI (MVFC)",So.,QB,10,248,156,5,14,"1,819"
73,"Wynrick Smothers, Central Ark. (Southland)",Sr.,QB,6,283,187,9,8,"1,816"
74,"Ryan Tentler, Stetson (Pioneer)",Fr.,QB,11,272,166,9,12,"1,774"
75,"Dalyn Williams, Dartmouth (Ivy League)",So.,QB,10,265,147,5,11,"1,773"
76,"Reese Hannon, Furman (SoCon)",So.,QB,11,254,153,5,7,"1,748"
77,"Joe Mollberg, North Dakota (Big Sky)",Fr.,QB,10,241,141,13,7,"1,729"
78,"Randy Wright, UC Davis (Big Sky)",Sr.,QB,11,243,155,4,11,"1,712"
79,"Robert Bentsen, Rhode Island (CAA)",Sr.,QB,11,320,178,10,9,"1,669"
80,"Gavin McCarney, Colgate (Patriot)",Sr.,QB,10,218,144,7,10,"1,661"
81,"Paul Jones, Robert Morris (NEC)",Jr.,QB,10,261,122,11,15,"1,651"
82,"Austin Chipoletti, Weber St. (Big Sky)",Fr.,QB,12,302,172,9,8,"1,650"
83,"Jacob Huesman, Chattanooga (SoCon)",So.,QB,12,240,164,5,16,"1,637"
83,"Blake Winkler, Illinois St. (MVFC)",So.,QB,10,217,127,8,12,"1,637"
85,"Lewis Kindle, N.C. A&T (MEAC)",Sr.,QB,10,223,130,6,9,"1,631"
86,"Eric Kordenbrock, VMI (Big South)",Sr.,QB,8,239,137,5,11,"1,619"
87,"Troy Mitchell, Western Caro. (SoCon)",So.,QB,11,227,131,10,12,"1,614"
88,"Max Shortell, Jacksonville St. (OVC)",Jr.,QB,10,200,114,7,6,"1,608"
89,"Kyren Poe, Northern Ariz. (Big Sky)",So.,QB,11,270,163,10,6,"1,602"
90,"Mike Perish, Indiana St. (MVFC)",Jr.,QB,8,243,139,10,14,"1,586"
91,"Jaymason Lee, Alabama A&M (SWAC)",Jr.,DB,8,211,98,6,11,"1,553"
92,"Jared McClain, Eastern Ky. (OVC)",Jr.,QB,12,228,128,8,13,"1,535"
93,"Jarod Neal, UT Martin (OVC)",So.,QB,12,223,128,7,9,"1,529"
94,"Jordan Reid, N.C. Central (MEAC)",Sr.,QB,12,274,137,10,4,"1,510"
95,"Henry Furman, Yale (Ivy League)",Sr.,QB,9,212,138,4,10,"1,466"
96,"Homer Causey, Texas Southern (SWAC)",So.,QB,11,241,124,9,5,"1,458"
97,"D.J. Williams, Grambling (SWAC)",Jr.,QB,10,260,119,8,11,"1,457"
98,"Patrick Ivy, Mississippi Val. (SWAC)",Jr.,QB,9,232,101,9,10,"1,443"
99,"Ronald Butler, Tennessee St. (OVC)",Fr.,QB,14,230,135,4,13,"1,405"
100,"Antonio Bostick, Savannah St. (MEAC)",Sr.,QB,10,237,125,10,11,"1,397"
101,"Ryan Bartels, North Dakota (Big Sky)",Fr.,QB,8,190,116,6,8,"1,396"
102,"Andy Vailas, New Hampshire (CAA)",Jr.,QB,9,218,130,5,9,"1,392"
103,"Brandon Wesley, Bucknell (Patriot)",Sr.,QB,8,178,110,4,6,"1,351"
104,"Quentin Williams, Bethune-Cookman (MEAC)",Jr.,QB,12,140,90,7,5,"1,270"
105,"Kierra Harris, Missouri St. (MVFC)",Jr.,QB,11,205,103,9,6,"1,220"
106,"Michael German, Tennessee St. (OVC)",Jr.,QB,7,140,84,0,13,"1,168"
107,"Steven Hughes, Jacksonville (Pioneer)",So.,QB,6,132,72,3,7,"1,167"
108,"A.J. Augustine, VMI (Big South)",Sr.,QB,11,158,93,7,9,"1,149"
109,"Heys McMath, Presbyterian (Big South)",Fr.,QB,6,149,85,5,10,"1,142"
110,"Tuskani Figaro, Nicholls (Southland)",So.,QB,11,157,83,6,8,"1,135"
111,"Bryan Bailey, Hampton (MEAC)",Fr.,QB,9,171,96,8,9,"1,131"
112,"Max Ward, Saint Francis (PA) (NEC)",Fr.,QB,11,159,83,7,5,"1,108"
113,"Isaiah Kempf, Georgetown (Patriot)",Sr.,QB,7,191,109,6,6,"1,107"
114,"Billy Ragone, Penn (Ivy League)",Sr.,QB,9,184,95,9,8,"1,105"
115,"Dylan Favre, UT Martin (OVC)",Jr.,QB,9,142,101,5,9,"1,081"
115,"Kyle Nolan, Georgetown (Patriot)",So.,QB,9,195,118,3,4,"1,081"
117,"Ka'Darius Baker, Houston Christian (FCS Independent)",Fr.,QB,7,161,92,4,4,"1,061"
118,"Scott Lathrop, Southeast Mo. St. (OVC)",So.,QB,11,175,99,8,11,"1,049"
119,"Trevor McDonagh, Columbia (Ivy League)",So.,QB,10,251,102,8,3,"1,046"
120,"Eddie Sullivan, Western Caro. (SoCon)",Jr.,QB,11,165,80,8,5,"1,041"
121,"Brent Caprio, William & Mary (CAA)",Sr.,QB,11,135,75,2,5,"1,018"
122,"Collin Ramirez, Portland St. (Big Sky)",Sr.,QB,10,128,58,5,5,"1,017"
123,"Damien Fleming, Florida A&M (MEAC)",Jr.,QB,10,201,106,13,6,"1,016"
124,"Danny Croghan, Charleston So. (Big South)",So.,QB,10,150,85,4,7,"1,014"
125,"Darian Stone, Tennessee Tech (OVC)",Jr.,QB,10,176,94,5,4,"1,008"
126,"Michael Graham, William & Mary (CAA)",Sr.,QB,8,152,81,2,5,989
127,"Tyler Clark, Norfolk St. (MEAC)",So.,QB,11,180,106,6,7,937
128,"Jared Davis, Tennessee Tech (OVC)",Fr.,QB,10,169,95,5,9,935
129,"Eli Jenkins, Jacksonville St. (OVC)",Fr.,QB,14,124,74,2,3,887
130,"Ryan Becker, Penn (Ivy League)",Sr.,QB,10,148,80,7,8,868
