Rank,Player,Cl,Pos,G,Pass Att,Pass Com,Int,Pass TD,Pass Yds
1,"Mac Jones, Alabama (SEC)",Jr.,QB,13,402,311,4,41,"4,500"
2,"Kyle Trask, Florida (SEC)",Sr.,QB,12,437,301,8,43,"4,283"
3,"Zach Wilson, BYU (FBS Independent)",Jr.,QB,12,336,247,3,33,"3,692"
4,"Sam Howell, North Carolina (ACC)",So.,QB,12,348,237,7,30,"3,586"
5,"Dillon Gabriel, UCF (AAC)",So.,QB,10,413,248,4,32,"3,570"
6,"Brady White, Memphis (AAC)",Sr.,QB,11,420,254,10,31,"3,380"
7,"Matt Corral, Ole Miss (SEC)",So.,QB,10,326,231,14,29,"3,337"
8,"Trevor Lawrence, Clemson (ACC)",Jr.,QB,10,334,231,5,24,"3,153"
9,"Shane Buechele, SMU (AAC)",Sr.,QB,10,370,242,6,23,"3,095"
10,"Spencer Rattler, Oklahoma (Big 12)",Fr.,QB,11,317,214,7,28,"3,031"
11,"Carson Strong, Nevada (Mountain West)",So.,QB,9,355,249,4,27,"2,858"
12,"Ian Book, Notre Dame (ACC)",Sr.,QB,12,353,228,3,15,"2,830"
13,"Brock Purdy, Iowa St. (Big 12)",Jr.,QB,12,365,243,9,19,"2,750"
14,"D'Eriq King, Miami (FL) (ACC)",Sr.,QB,11,329,211,5,23,"2,686"
15,"Malik Cunningham, Louisville (ACC)",Jr.,QB,11,304,195,12,20,"2,617"
16,"Jarret Doege, West Virginia (Big 12)",Jr.,QB,10,374,239,4,14,"2,587"
17,"Sam Ehlinger, Texas (Big 12)",Sr.,QB,10,322,194,5,26,"2,566"
18,"Phil Jurkovec, Boston College (ACC)",Jr.,QB,10,336,205,5,17,"2,558"
19,"Grayson McCall, Coastal Carolina (Sun Belt)",Fr.,QB,11,250,172,3,26,"2,488"
20,"Bo Nix, Auburn (SEC)",So.,QB,11,357,214,7,12,"2,415"
21,"Kenny Pickett, Pittsburgh (ACC)",Sr.,QB,9,332,203,9,13,"2,408"
22,"Connor Bazelak, Missouri (SEC)",Fr.,QB,10,324,218,6,7,"2,366"
23,"Desmond Ridder, Cincinnati (AAC)",Jr.,QB,10,281,186,6,19,"2,296"
24,"Kellen Mond, Texas A&M (SEC)",Sr.,QB,10,297,188,3,19,"2,282"
25,"Cornelious Brown, Georgia St. (Sun Belt)",Fr.,QB,10,304,178,10,17,"2,278"
26,"Levi Lewis, Louisiana (Sun Belt)",Sr.,QB,11,297,177,7,19,"2,274"
27,"Malik Willis, Liberty (FBS Independent)",Jr.,QB,10,265,170,6,20,"2,260"
28,"Sam Hartman, Wake Forest (ACC)",So.,QB,9,273,159,5,13,"2,224"
29,"Zac Thomas, App State (Sun Belt)",Sr.,QB,12,291,186,11,20,"2,189"
30,"Nick Starkel, San Jose St. (Mountain West)",Sr.,QB,8,254,163,7,17,"2,174"
31,"Chase Brice, Duke (ACC)",Jr.,QB,11,352,193,15,10,"2,170"
32,"Drew Plitt, Ball St. (MAC)",Sr.,QB,8,250,164,6,17,"2,154"
33,"Gunnar Watson, Troy (Sun Belt)",So.,QB,9,301,211,7,16,"2,141"
34,"Brennan Armstrong, Virginia (ACC)",So.,QB,9,268,157,11,18,"2,117"
35,"Feleipe Franks, Arkansas (SEC)",Sr.,QB,10,238,163,4,17,"2,107"
36,"Justin Fields, Ohio St. (Big Ten)",Jr.,QB,8,225,158,6,22,"2,100"
37,"Grant Wells, Marshall (C-USA)",Fr.,QB,10,270,165,9,18,"2,091"
38,"Bailey Hockman, NC State (ACC)",Jr.,QB,10,266,171,11,13,"2,088"
39,"Chevan Cordeiro, Hawaii (Mountain West)",So.,QB,9,313,195,6,14,"2,083"
40,"Layne Hatcher, Arkansas St. (Sun Belt)",So.,QB,11,194,116,2,19,"2,058"
41,"Clayton Tune, Houston (AAC)",Jr.,QB,8,285,170,10,15,"2,048"
42,"Jake Haener, Fresno St. (Mountain West)",Jr.,QB,6,232,150,5,14,"2,021"
43,"Spencer Sanders, Oklahoma St. (Big 12)",So.,QB,9,247,155,8,14,"2,007"
44,"Will Rogers, Mississippi St. (SEC)",Fr.,QB,9,346,239,7,11,"1,976"
45,"Asher O'Hara, Middle Tenn. (C-USA)",Jr.,QB,9,288,192,8,12,"1,960"
46,"Charlie Brewer, Baylor (Big 12)",Sr.,QB,9,321,198,8,14,"1,958"
47,"Zach Smith, Tulsa (AAC)",Sr.,QB,9,263,147,10,13,"1,947"
48,"Ken Seals, Vanderbilt (SEC)",Fr.,QB,9,288,186,10,12,"1,928"
49,"Brady McBride, Texas St. (Sun Belt)",Jr.,QB,9,282,173,7,17,"1,925"
50,"Holton Ahlers, East Carolina (AAC)",Jr.,QB,8,269,165,9,18,"1,921"
50,"Kedon Slovis, Southern California (Pac-12)",So.,QB,6,264,177,7,17,"1,921"
52,"Desmond Trotter, South Alabama (Sun Belt)",So.,QB,10,248,160,4,11,"1,917"
53,"Sean Clifford, Penn St. (Big Ten)",Jr.,QB,9,251,152,9,16,"1,883"
54,"Jeff Sims, Georgia Tech (ACC)",Fr.,QB,10,257,141,13,13,"1,881"
55,"Logan Bonner, Arkansas St. (Sun Belt)",Jr.,QB,11,262,156,6,18,"1,863"
56,"Michael Pratt, Tulane (AAC)",Fr.,QB,10,254,140,8,20,"1,806"
57,"Max Duggan, TCU (Big 12)",So.,QB,10,240,146,4,10,"1,795"
58,"Peyton Ramsey, Northwestern (Big Ten)",Sr.,QB,9,282,172,8,12,"1,733"
59,"Kaleb Eleby, Western Mich. (MAC)",So.,QB,6,153,99,2,18,"1,715"
60,"Preston Hutchinson, Eastern Mich. (MAC)",Jr.,QB,6,198,126,6,12,"1,657"
61,"Austin Aune, North Texas (C-USA)",So.,QB,8,185,101,4,13,"1,650"
62,"Michael Penix Jr., Indiana (Big Ten)",So.,QB,6,220,124,4,14,"1,645"
63,"Frank Harris, UTSA (C-USA)",Jr.,QB,12,250,159,6,12,"1,630"
64,"Tyrrell Pigrome, Western Ky. (C-USA)",Sr.,QB,11,297,171,2,9,"1,603"
65,"Alan Bowman, Texas Tech (Big 12)",So.,QB,8,232,150,7,10,"1,602"
66,"Spencer Petras, Iowa (Big Ten)",So.,QB,8,245,140,5,9,"1,569"
67,"Tyler Shough, Oregon (Pac-12)",So.,QB,7,167,106,6,13,"1,559"
68,"Colby Suits, ULM (Sun Belt)",So.,QB,8,249,152,7,8,"1,541"
69,"Davis Mills, Stanford (Pac-12)",Sr.,QB,5,195,129,3,7,"1,508"
70,"Luke Anthony, Louisiana Tech (C-USA)",Sr.,QB,9,221,138,5,16,"1,479"
71,"Gavin  Hardison, UTEP (C-USA)",So.,QB,7,199,108,5,5,"1,419"
72,"Collin Hill, South Carolina (SEC)",Sr.,QB,8,215,127,6,6,"1,411"
73,"Tanner Morgan, Minnesota (Big Ten)",Jr.,QB,7,183,106,5,7,"1,374"
74,"Ross Bowers, NIU (MAC)",Sr.,QB,6,212,123,2,10,"1,365"
75,"Jordan McCloud, South Fla. (AAC)",So.,QB,8,194,120,2,9,"1,341"
76,"Hendon Hooker, Virginia Tech (ACC)",Jr.,QB,8,150,98,5,9,"1,339"
77,"Kyle Vantrease, Buffalo (MAC)",Jr.,QB,7,154,96,3,7,"1,326"
78,"Chris Reynolds, Charlotte (C-USA)",Jr.,QB,6,175,96,2,8,"1,305"
79,"K.J. Costello, Mississippi St. (SEC)",Sr.,QB,6,209,134,11,6,"1,283"
80,"Noah Vedral, Rutgers (Big Ten)",Sr.,QB,7,221,136,8,9,"1,253"
81,"Graham Mertz, Wisconsin (Big Ten)",So.,QB,7,193,118,5,9,"1,238"
82,"JT Daniels, Georgia (SEC)",So.,QB,4,119,80,2,10,"1,231"
83,"Jack  Abraham, Southern Miss. (C-USA)",Sr.,QB,5,149,97,4,7,"1,224"
84,"Terry Wilson Jr., Kentucky (SEC)",Sr.,QB,10,200,125,4,7,"1,187"
85,"Dustin Crum, Kent St. (MAC)",Sr.,QB,4,113,83,2,12,"1,181"
86,"Stetson Bennett, Georgia (SEC)",Jr.,QB,8,155,86,6,8,"1,179"
87,"Will Howard, Kansas St. (Big 12)",Fr.,QB,9,168,90,10,8,"1,178"
88,"Hank Bachmeier, Boise St. (Mountain West)",So.,QB,5,156,96,2,6,"1,150"
89,"Jason Bean, North Texas (C-USA)",So.,QB,8,145,79,5,14,"1,131"
90,"Dorian Thompson-Robinson, UCLA (Pac-12)",Jr.,QB,5,138,90,4,12,"1,120"
91,"Myles Brennan, LSU (SEC)",Jr.,QB,3,131,79,3,11,"1,112"
91,"Jarrett Guarantano, Tennessee (SEC)",Sr.,QB,7,166,103,4,6,"1,112"
93,"Eli Peters, Toledo (MAC)",Sr.,QB,4,129,88,2,9,"1,106"
94,"Sam Noyer, Colorado (Pac-12)",Sr.,QB,6,160,88,7,6,"1,101"
95,"Rocky Lombardi, Michigan St. (Big Ten)",Jr.,QB,6,157,84,9,8,"1,090"
96,"Joe Milton, Michigan (Big Ten)",Jr.,QB,6,141,80,4,4,"1,077"
97,"Max Johnson, LSU (SEC)",Fr.,QB,6,150,88,1,8,"1,069"
98,"Henry Colombi, Texas Tech (Big 12)",Jr.,QB,6,166,109,4,8,"1,065"
99,"Shai Werts, Ga. Southern (Sun Belt)",Sr.,QB,11,133,80,6,8,"1,062"
100,"Jordan Travis, Florida St. (ACC)",So.,QB,8,131,72,6,6,"1,056"
101,"Adrian Martinez, Nebraska (Big Ten)",Jr.,QB,7,151,108,3,4,"1,055"
102,"Jacob Free, Troy (Sun Belt)",Jr.,QB,6,152,88,5,6,"1,051"
103,"Rex Culpepper, Syracuse (ACC)",Sr.,QB,10,190,94,8,9,"1,028"
104,"Taulia  Tagovailoa, Maryland (Big Ten)",So.,QB,4,122,75,7,7,"1,011"
105,"Bryson Lucero, UAB (C-USA)",Fr.,QB,7,146,79,8,7,969
106,"TJ  Finley, LSU (SEC)",Fr.,QB,5,140,80,5,5,941
107,"Jack Plummer, Purdue (Big Ten)",So.,QB,3,124,88,2,8,938
108,"Tyler Vitt, Texas St. (Sun Belt)",Jr.,QB,7,122,74,6,9,933
109,"Aidan O'Connell, Purdue (Big Ten)",Jr.,QB,3,136,88,2,7,916
110,"D.J. Uiagalelei, Clemson (ACC)",Fr.,QB,10,117,78,0,5,914
111,"Nick Tronti, Fla. Atlantic (C-USA)",Jr.,QB,9,167,89,3,6,905
112,"Dylan Morris, Washington (Pac-12)",Fr.,QB,4,110,67,3,4,897
113,"Devin Leary, NC State (ACC)",So.,QB,4,110,66,2,8,890
114,"Jayden de Laura, Washington St. (Pac-12)",Fr.,QB,4,129,78,4,5,886
115,"Jake Bentley, Utah (Pac-12)",Sr.,QB,5,124,77,6,6,882
116,"Levi Williams, Wyoming (Mountain West)",Fr.,QB,6,119,59,3,1,877
117,"Anthony Russo, Temple (AAC)",Sr.,QB,4,135,92,6,9,863
118,"Carter Bradley, Toledo (MAC)",So.,QB,4,89,55,5,9,849
119,"Tyler Johnston III, UAB (C-USA)",Jr.,QB,5,97,57,1,7,843
120,"Tristan Gebbia, Oregon St. (Pac-12)",Jr.,QB,4,129,80,3,3,824
121,"Mike Collins, Rice (C-USA)",Sr.,QB,3,86,53,1,10,802
122,"Max Gilliam, UNLV (Mountain West)",Sr.,QB,6,148,89,4,5,786
123,"Zach Gibson, Akron (MAC)",Fr.,QB,6,132,76,5,4,784
124,"Chase Garbers, California (Pac-12)",Jr.,QB,4,136,85,3,6,771
125,"Daniel Richardson, Central Mich. (MAC)",Fr.,QB,4,100,64,2,4,769
126,"Jeremy Hunt, ULM (Sun Belt)",Jr.,QB,7,129,70,4,6,742
127,"Jalon Daniels, Kansas (Big 12)",Fr.,QB,7,152,76,4,1,718
128,"Matt McDonald, Bowling Green (MAC)",Jr.,QB,5,123,54,6,1,712
129,"Jayden Daniels, Arizona St. (Pac-12)",So.,QB,4,84,49,1,5,701
130,"Braxton Burmeister, Virginia Tech (ACC)",Sr.,QB,6,84,48,1,2,687
