Rank,Player,Cl,Pos,G,Pass Att,Pass Com,Int,Pass TD,Pass Yds
1,"Dwayne Haskins, Ohio St. (Big Ten)",So.,QB,14,533,373,8,50,"4,831"
2,"Gardner Minshew II, Washington St. (Pac-12)",Sr.,QB,13,662,468,9,38,"4,779"
3,"Kyler Murray, Oklahoma (Big 12)",Jr.,QB,14,377,260,7,42,"4,361"
4,"Taylor Cornelius, Oklahoma St. (Big 12)",Sr.,QB,13,485,288,13,32,"3,978"
5,"Tua Tagovailoa, Alabama (SEC)",So.,QB,15,355,245,6,43,"3,966"
6,"Ryan Finley, NC State (ACC)",Sr.,QB,13,484,326,11,25,"3,928"
7,"Jordan Ta'amu, Ole Miss (SEC)",Sr.,QB,12,418,266,8,19,"3,918"
8,"Cole McDonald, Hawaii (Mountain West)",So.,QB,13,484,285,10,36,"3,875"
9,"Will Grier, West Virginia (Big 12)",Sr.,QB,11,397,266,8,37,"3,864"
10,"Mason Fine, North Texas (C-USA)",Jr.,QB,13,469,303,5,27,"3,793"
11,"David Blough, Purdue (Big Ten)",Sr.,QB,13,462,305,10,25,"3,705"
11,"Brett Rypien, Boise St. (Mountain West)",Sr.,QB,13,447,301,7,30,"3,705"
13,"Marcus McMaryion, Fresno St. (Mountain West)",Sr.,QB,14,427,293,5,25,"3,629"
14,"Jordan Love, Utah St. (Mountain West)",So.,QB,13,417,267,6,32,"3,567"
15,"Brent Stockstill, Middle Tenn. (C-USA)",Sr.,QB,14,464,326,10,29,"3,544"
16,"K.J. Costello, Stanford (Pac-12)",Jr.,QB,13,413,269,11,29,"3,540"
17,"Drew Lock, Missouri (SEC)",Sr.,QB,13,437,275,8,28,"3,498"
18,"Justice Hansen, Arkansas St. (Sun Belt)",Sr.,QB,13,434,286,9,27,"3,447"
19,"Ty Gangi, Nevada (Mountain West)",Sr.,QB,12,443,268,13,24,"3,331"
20,"Brady White, Memphis (AAC)",So.,QB,14,392,246,9,26,"3,296"
21,"Sam Ehlinger, Texas (Big 12)",So.,QB,14,425,275,5,25,"3,292"
22,"Trevor Lawrence, Clemson (ACC)",Fr.,QB,15,397,259,4,30,"3,280"
23,"Jake Browning, Washington (Pac-12)",Sr.,QB,14,388,252,10,16,"3,192"
24,"Clayton Thorson, Northwestern (Big Ten)",Sr.,QB,14,489,299,15,17,"3,183"
25,"Jake Bentley, South Carolina (SEC)",Jr.,QB,12,388,240,14,27,"3,171"
26,"J'Mar Smith, Louisiana Tech (C-USA)",Jr.,QB,13,461,264,10,15,"3,160"
27,"Justin Herbert, Oregon (Pac-12)",Jr.,QB,13,404,240,8,29,"3,151"
28,"Tyree Jackson, Buffalo (MAC)",Jr.,QB,14,407,225,12,28,"3,131"
29,"Kyle Shurmur, Vanderbilt (SEC)",Sr.,QB,13,406,254,6,24,"3,130"
30,"Kellen Mond, Texas A&M (SEC)",So.,,13,415,238,9,24,"3,107"
31,"Manny Wilkins, Arizona St. (Pac-12)",Sr.,QB,13,393,247,6,20,"3,025"
32,"Charlie Brewer, Baylor (Big 12)",So.,QB,13,390,240,9,19,"3,019"
33,"Blake LaRussa, Old Dominion (C-USA)",Jr.,QB,11,393,249,10,19,"3,015"
34,"D'Eriq King, Houston (AAC)",Jr.,QB,11,345,219,6,36,"2,982"
35,"Joe Burrow, LSU (SEC)",Jr.,QB,13,379,219,5,16,"2,894"
36,"Peyton Ramsey, Indiana (Big Ten)",So.,QB,12,447,295,13,19,"2,875"
37,"Caleb Evans, ULM (Sun Belt)",Jr.,QB,12,374,231,12,16,"2,869"
38,"Eric Dungey, Syracuse (ACC)",Sr.,QB,13,371,226,9,18,"2,868"
39,"Nathan Stanley, Iowa (Big Ten)",Jr.,QB,13,396,235,10,26,"2,852"
40,"Steven Montez, Colorado (Pac-12)",Jr.,QB,12,399,258,9,19,"2,849"
41,"Jarrett Stidham, Auburn (SEC)",Jr.,QB,13,369,224,5,18,"2,794"
42,"Jake Fromm, Georgia (SEC)",So.,QB,14,306,206,6,30,"2,749"
43,"Deondre Francois, Florida St. (ACC)",Jr.,QB,11,396,227,12,15,"2,731"
44,"James Morgan, FIU (C-USA)",Jr.,QB,12,326,213,7,26,"2,727"
45,"Ryan Willis, Virginia Tech (ACC)",Jr.,QB,12,364,213,9,24,"2,716"
46,"Blake Barnett, South Fla. (AAC)",Jr.,QB,11,350,214,11,12,"2,705"
47,"Bryce Perkins, Virginia (ACC)",Jr.,QB,13,349,225,9,25,"2,680"
48,"Daniel Jones, Duke (ACC)",Jr.,QB,11,392,237,9,22,"2,674"
49,"JT Daniels, Southern California (Pac-12)",Fr.,QB,11,363,216,10,14,"2,672"
50,"Mckenzie Milton, UCF (AAC)",Jr.,QB,10,289,171,6,25,"2,663"
51,"Jarret Doege, Bowling Green (MAC)",So.,QB,12,389,242,12,27,"2,660"
52,"Alan Bowman, Texas Tech (Big 12)",Fr.,QB,8,327,227,7,17,"2,638"
53,"Ian Book, Notre Dame (FBS Independent)",Jr.,QB,12,314,214,7,19,"2,628"
54,"Adrian Martinez, Nebraska (Big Ten)",Fr.,QB,11,347,224,8,17,"2,617"
55,"Shea Patterson, Michigan (Big Ten)",Jr.,QB,13,325,210,7,22,"2,600"
56,"Ben Hicks, SMU (AAC)",Jr.,QB,12,372,208,7,19,"2,582"
57,"Josh Adkins, New Mexico St. (FBS Independent)",Fr.,QB,10,393,222,9,13,"2,563"
57,"Anthony Russo, Temple (AAC)",So.,QB,13,345,198,14,14,"2,563"
59,"Gus Ragland, Miami (OH) (MAC)",Sr.,QB,12,371,226,5,17,"2,547"
60,"Chris Robison, Fla. Atlantic (C-USA)",So.,QB,12,304,192,12,12,"2,533"
61,"Trace McSorley, Penn St. (Big Ten)",Sr.,QB,13,361,192,7,18,"2,530"
61,"Khalil Tate, Arizona (Pac-12)",Jr.,QB,11,302,170,8,26,"2,530"
63,"Isaiah Green, Marshall (C-USA)",Fr.,QB,10,330,187,10,15,"2,459"
64,"Feleipe Franks, Florida (SEC)",So.,QB,13,322,188,6,24,"2,457"
65,"Desmond Ridder, Cincinnati (AAC)",Fr.,QB,13,311,194,5,20,"2,445"
66,"Nathan Rourke, Ohio (MAC)",Jr.,QB,13,275,165,8,23,"2,431"
67,"Jack  Abraham, Southern Miss. (C-USA)",Jr.,QB,9,305,223,10,15,"2,347"
68,"Woody Barrett, Kent St. (MAC)",So.,QB,12,390,229,9,11,"2,339"
69,"Kato Nelson, Akron (MAC)",So.,QB,11,342,178,8,15,"2,329"
70,"Andre Nunez, Louisiana (Sun Belt)",Sr.,QB,14,287,182,12,20,"2,272"
71,"K.J. Carta-Samuels, Colorado St. (Mountain West)",Sr.,QB,10,296,183,9,19,"2,261"
72,"Brock Purdy, Iowa St. (Big 12)",Fr.,QB,10,220,146,7,16,"2,250"
73,"Marcus Childers, NIU (MAC)",So.,QB,14,397,234,10,15,"2,175"
74,"Nathan Elliott, North Carolina (ACC)",Jr.,QB,10,325,201,9,11,"2,169"
75,"Anthony Brown, Boston College (ACC)",So.,QB,12,285,158,9,20,"2,121"
76,"Dan Ellington, Georgia St. (Sun Belt)",Jr.,QB,11,292,174,5,12,"2,119"
77,"Brian Lewerke, Michigan St. (Big Ten)",Jr.,QB,11,339,184,11,8,"2,040"
78,"Zac Thomas, App State (Sun Belt)",So.,QB,12,254,159,6,21,"2,039"
79,"Jon Wassink, Western Mich. (MAC)",Jr.,QB,9,245,151,6,16,"1,994"
80,"Sam Hartman, Wake Forest (ACC)",Fr.,QB,9,291,161,8,16,"1,984"
81,"Kenny Pickett, Pittsburgh (ACC)",So.,QB,14,310,180,6,12,"1,969"
82,"Josh Love, San Jose St. (Mountain West)",Jr.,QB,8,289,162,9,14,"1,963"
83,"David Pindell, UConn (AAC)",Sr.,QB,12,314,186,13,19,"1,962"
84,"Jawon Pass, Louisville (ACC)",So.,QB,11,300,162,12,8,"1,960"
85,"Riley Neal, Ball St. (MAC)",Jr.,QB,9,335,194,4,11,"1,917"
86,"Jarrett Guarantano, Tennessee (SEC)",So.,QB,12,246,153,3,12,"1,907"
87,"Peyton Bender, Kansas (Big 12)",Sr.,QB,11,321,183,3,13,"1,894"
88,"Terry Wilson Jr., Kentucky (SEC)",So.,QB,13,268,180,8,11,"1,889"
89,"Tyler Wiegers, Eastern Mich. (MAC)",Sr.,QB,12,264,171,3,11,"1,887"
90,"Eli Peters, Toledo (MAC)",So.,QB,12,265,146,7,18,"1,837"
91,"Ross Comis, Massachusetts (FBS Independent)",Sr.,QB,11,194,122,3,14,"1,799"
92,"Evan Orth, South Alabama (Sun Belt)",Sr.,QB,10,222,145,6,11,"1,795"
93,"Tyler Huntley, Utah (Pac-12)",Jr.,QB,9,234,150,6,12,"1,788"
94,"Holton Ahlers, East Carolina (AAC)",Fr.,QB,10,263,127,3,12,"1,785"
95,"Nick Fitzgerald, Mississippi St. (SEC)",Sr.,QB,12,281,145,9,16,"1,767"
96,"Sawyer Smith, Troy (Sun Belt)",So.,QB,13,229,144,6,14,"1,669"
97,"Jake Luton, Oregon St. (Pac-12)",Sr.,QB,8,224,140,4,10,"1,660"
98,"Ryan Agnew, San Diego St. (Mountain West)",Jr.,QB,12,223,115,6,10,"1,651"
99,"Reid Herring, East Carolina (AAC)",So.,QB,9,288,154,10,6,"1,607"
100,"Ty Storey, Arkansas (SEC)",Jr.,QB,10,250,143,10,11,"1,584"
101,"Zach Wilson, BYU (FBS Independent)",Fr.,QB,9,182,120,3,12,"1,578"
102,"AJ Erdely, UAB (C-USA)",Sr.,QB,9,198,111,7,7,"1,539"
103,"Alex Hornibrook, Wisconsin (Big Ten)",Jr.,QB,9,205,122,11,13,"1,532"
104,"Wilton Speight, UCLA (Pac-12)",Sr.,QB,7,208,126,6,6,"1,527"
105,"Chase Garbers, California (Pac-12)",Fr.,QB,12,260,159,10,14,"1,506"
106,"Sheriron Jones, New Mexico (Mountain West)",Jr.,QB,11,187,102,12,13,"1,422"
107,"AJ Bush, Illinois (Big Ten)",Sr.,QB,10,217,117,10,6,"1,413"
108,"Tanner Morgan, Minnesota (Big Ten)",Fr.,QB,9,152,89,6,9,"1,401"
109,"Max Gilliam, UNLV (Mountain West)",So.,QB,11,226,125,8,14,"1,394"
110,"Skylar Thompson, Kansas St. (Big 12)",So.,QB,11,208,122,4,9,"1,391"
111,"Collin Hill, Colorado St. (Mountain West)",So.,QB,10,202,119,7,7,"1,387"
112,"Seth Boomer, Tulsa (AAC)",Fr.,QB,9,198,101,4,9,"1,378"
113,"Andrew Ford, Massachusetts (FBS Independent)",Sr.,QB,7,177,115,5,9,"1,366"
114,"Shawn Robinson, TCU (Big 12)",So.,QB,7,204,124,8,9,"1,334"
115,"Shawn Stankavage, Rice (C-USA)",Sr.,QB,10,219,124,10,10,"1,328"
116,"Tyler Johnston III, UAB (C-USA)",Fr.,QB,13,140,80,9,11,"1,323"
117,"Dorian Thompson-Robinson, UCLA (Pac-12)",Fr.,QB,10,194,112,4,7,"1,311"
118,"Tyler Vander Waal, Wyoming (Mountain West)",So.,QB,10,246,120,4,5,"1,310"
119,"J. McMILLAN, Tulane (AAC)",Jr.,,9,154,79,4,10,"1,304"
120,"Zack Annexstad, Minnesota (Big Ten)",Fr.,QB,8,187,97,7,9,"1,277"
121,"Jett Duffey, Texas Tech (Big 12)",So.,QB,8,154,104,6,8,"1,221"
122,"Chris Reynolds, Charlotte (C-USA)",Fr.,QB,6,154,100,2,6,"1,173"
123,"Jason Shelley, Utah (Pac-12)",Fr.,QB,9,168,98,6,5,"1,162"
124,"Tyler Vitt, Texas St. (Sun Belt)",Fr.,QB,9,191,116,10,7,"1,159"
125,"Artur Sitkowski, Rutgers (Big Ten)",Fr.,QB,11,273,134,18,4,"1,158"
126,"Conor Blount, Oregon St. (Pac-12)",So.,QB,9,153,95,2,7,"1,117"
127,"Tanner Mangum, BYU (FBS Independent)",Sr.,QB,8,186,114,4,5,"1,104"
128,"Kaleb Eleby, Western Mich. (MAC)",Fr.,QB,5,147,92,3,4,"1,092"
129,"N'Kosi Perry, Miami (FL) (ACC)",Fr.,QB,11,191,97,6,13,"1,091"
130,"Kasim Hill, Maryland (Big Ten)",Fr.,QB,10,170,84,4,9,"1,083"
130,"Jamie Newman, Wake Forest (ACC)",So.,QB,6,141,84,4,9,"1,083"
