Rank,Player,Cl,Pos,G,Pass Att,Pass Com,Int,Pass TD,Pass Yds
1,"Mason Rudolph, Oklahoma St. (Big 12)",Sr.,QB,13,489,318,9,37,"4,904"
2,"Baker Mayfield, Oklahoma (Big 12)",Sr.,QB,14,404,285,6,43,"4,627"
3,"Riley Ferguson, Memphis (AAC)",Sr.,QB,13,474,299,9,38,"4,257"
4,"Mike White, Western Ky. (C-USA)",Sr.,QB,13,560,368,8,26,"4,177"
5,"Sam Darnold, Southern California (Pac-12)",So.,QB,14,480,303,13,26,"4,143"
6,"Mason Fine, North Texas (C-USA)",So.,QB,14,511,324,15,31,"4,052"
7,"Mckenzie Milton, UCF (AAC)",So.,QB,13,395,265,9,37,"4,037"
8,"Tyler Rogers, New Mexico St. (Independent)",Sr.,QB,12,566,348,18,27,"4,016"
9,"Justice Hansen, Arkansas St. (Sun Belt)",Jr.,QB,12,487,305,16,37,"3,967"
10,"Drew Lock, Missouri (SEC)",Jr.,QB,13,419,242,13,44,"3,964"
11,"Nic Shimonek, Texas Tech (Big 12)",Sr.,QB,13,493,328,10,33,"3,963"
12,"Logan Woodside, Toledo (MAC)",Sr.,QB,14,411,264,8,28,"3,882"
13,"Nick Stevens, Colorado St. (Mountain West)",Sr.,QB,13,459,284,10,29,"3,799"
14,"Josh Rosen, UCLA (Pac-12)",Jr.,QB,11,452,283,10,26,"3,756"
15,"Lamar Jackson, Louisville (ACC)",Jr.,QB,13,430,254,10,27,"3,660"
16,"Luke Falk, Washington St. (Pac-12)",Sr.,QB,12,534,357,13,30,"3,593"
17,"Trace McSorley, Penn St. (Big Ten)",Jr.,QB,13,427,284,10,28,"3,570"
18,"Ben Hicks, SMU (AAC)",So.,QB,13,472,276,12,33,"3,569"
19,"Ryan Finley, NC State (ACC)",Jr.,QB,13,479,312,6,17,"3,518"
20,"Will Grier, West Virginia (Big 12)",Jr.,QB,11,388,250,12,34,"3,490"
21,"Brandon Silvers, Troy (Sun Belt)",Sr.,QB,13,443,283,7,17,"3,290"
22,"Manny Wilkins, Arizona St. (Pac-12)",Jr.,QB,13,410,260,8,20,"3,270"
23,"Shane Morris, Central Mich. (MAC)",Sr.,QB,13,446,249,17,27,"3,237"
24,"Kurt Benkert, Virginia (ACC)",Sr.,QB,13,509,298,9,25,"3,207"
25,"John Wolford, Wake Forest (ACC)",Sr.,QB,12,374,239,6,29,"3,192"
26,"Jarrett Stidham, Auburn (SEC)",So.,QB,14,370,246,6,18,"3,158"
27,"Kenny Hill, TCU (Big 12)",Sr.,QB,13,400,269,8,23,"3,152"
28,"Conner Manning, Georgia St. (Sun Belt)",Sr.,QB,12,403,259,7,14,"3,146"
29,"Tanner Lee, Nebraska (Big Ten)",Jr.,QB,12,428,246,16,23,"3,143"
30,"Malik Rosier, Miami (FL) (ACC)",Sr.,QB,13,415,224,14,26,"3,120"
31,"Chase Litton, Marshall (C-USA)",Jr.,QB,13,443,266,14,25,"3,115"
32,"J.T. Barrett, Ohio St. (Big Ten)",Sr.,QB,14,371,240,9,35,"3,053"
33,"Ross Bowers, California (Pac-12)",So.,QB,12,461,272,12,18,"3,039"
34,"Josh Jackson, Virginia Tech (ACC)",Fr.,QB,13,396,236,9,20,"2,991"
35,"Steven Montez, Colorado (Pac-12)",So.,QB,12,377,228,9,18,"2,975"
36,"J'Mar Smith, Louisiana Tech (C-USA)",So.,QB,13,409,229,5,16,"2,974"
37,"Andrew Ford, Massachusetts (FBS Independent)",Jr.,QB,11,353,223,4,22,"2,924"
38,"Quinton Flowers, South Fla. (AAC)",Sr.,QB,12,354,188,6,25,"2,911"
39,"Brogan Roback, Eastern Mich. (MAC)",Sr.,QB,12,409,245,15,19,"2,890"
40,"Brett Rypien, Boise St. (Mountain West)",Jr.,QB,13,348,218,6,16,"2,877"
41,"Caleb Evans, ULM (Sun Belt)",So.,QB,12,344,211,6,17,"2,868"
42,"Clayton Thorson, Northwestern (Big Ten)",Jr.,QB,13,434,262,12,15,"2,844"
43,"Kyle Shurmur, Vanderbilt (SEC)",Jr.,QB,12,380,220,10,26,"2,823"
44,"Kelly Bryant, Clemson (ACC)",Jr.,QB,14,398,262,8,13,"2,802"
45,"Alex McGough, FIU (C-USA)",Sr.,QB,13,355,232,8,17,"2,798"
46,"Jake Bentley, South Carolina (SEC)",So.,QB,13,394,245,12,18,"2,794"
47,"Brian Lewerke, Michigan St. (Big Ten)",So.,QB,13,417,246,7,20,"2,793"
48,"Dru Brown, Hawaii (Mountain West)",Jr.,QB,12,412,254,8,18,"2,785"
49,"Ty Gangi, Nevada (Mountain West)",Jr.,QB,10,374,228,11,25,"2,746"
50,"Taylor Lamb, App State (Sun Belt)",Sr.,QB,13,337,206,6,27,"2,737"
51,"Marcus McMaryion, Fresno St. (Mountain West)",Jr.,QB,14,351,218,5,14,"2,726"
52,"Jake Browning, Washington (Pac-12)",Jr.,QB,13,336,230,5,19,"2,719"
53,"Daniel Jones, Duke (ACC)",So.,QB,13,453,257,11,14,"2,691"
54,"Alex Hornibrook, Wisconsin (Big Ten)",So.,QB,14,318,198,15,25,"2,644"
55,"Jake Fromm, Georgia (SEC)",Fr.,QB,15,291,181,7,24,"2,615"
56,"Hayden Moore, Cincinnati (AAC)",Jr.,QB,12,424,239,9,20,"2,562"
57,"Eric Dungey, Syracuse (ACC)",Jr.,QB,9,377,225,9,14,"2,495"
58,"Danny Etling, LSU (SEC)",Sr.,QB,13,275,165,2,16,"2,463"
59,"Nathan Stanley, Iowa (Big Ten)",So.,QB,13,351,196,6,26,"2,437"
60,"Tyler Huntley, Utah (Pac-12)",So.,QB,10,312,199,10,15,"2,411"
61,"AJ Erdely, UAB (C-USA)",Jr.,QB,13,338,205,4,16,"2,331"
62,"Stephen Johnson, Kentucky (SEC)",Sr.,QB,13,316,189,6,10,"2,305"
63,"Bryant Shierreffs, UConn (AAC)",Sr.,QB,9,260,171,5,14,"2,287"
64,"Shea Patterson, Ole Miss (SEC)",So.,QB,7,260,166,9,17,"2,259"
65,"Jason Driskel, Fla. Atlantic (C-USA)",Jr.,QB,13,278,185,4,15,"2,247"
66,"James Blackman, Florida St. (ACC)",Fr.,QB,13,297,173,11,19,"2,230"
67,"Nathan Rourke, Ohio (MAC)",So.,QB,13,292,161,7,17,"2,203"
68,"Dalton Sturm, UTSA (C-USA)",Sr.,QB,11,297,185,5,15,"2,185"
69,"Gardner Minshew, East Carolina (AAC)",Jr.,QB,10,304,174,7,16,"2,140"
70,"Elijah Sindelar, Purdue (Big Ten)",So.,QB,12,329,187,7,18,"2,099"
71,"Tyree Jackson, Buffalo (MAC)",So.,QB,9,237,143,3,12,"2,096"
72,"Jalen Hurts, Alabama (SEC)",So.,QB,14,254,154,1,17,"2,081"
73,"Damian Williams, Texas St. (Sun Belt)",Sr.,QB,12,333,194,9,12,"2,061"
74,"Matt Linehan, Idaho (Sun Belt)",Sr.,QB,9,281,173,4,16,"2,056"
75,"Gus Ragland, Miami (OH) (MAC)",Jr.,QB,9,268,150,7,19,"2,032"
76,"Justin Herbert, Oregon (Pac-12)",So.,QB,8,206,139,5,15,"1,983"
77,"Richard Lagow, Indiana (Big Ten)",Sr.,QB,10,295,172,8,15,"1,936"
78,"Sam Ehlinger, Texas (Big 12)",Fr.,QB,9,275,158,7,11,"1,915"
79,"Kwadra Griggs, Southern Miss. (C-USA)",Sr.,QB,10,265,148,2,16,"1,879"
80,"Christian Chapman, San Diego St. (Mountain West)",Jr.,QB,13,243,146,4,13,"1,873"
81,"Brandon Wimbush, Notre Dame (FBS Independent)",Jr.,QB,12,275,136,6,16,"1,870"
82,"Josh Allen, Wyoming (Mountain West)",Jr.,QB,11,270,152,6,16,"1,812"
83,"Jonathan Banks, Tulane (AAC)",Jr.,QB,11,219,124,5,12,"1,797"
84,"Kyle Kempt, Iowa St. (Big 12)",Sr.,QB,9,243,161,3,15,"1,787"
85,"Nick Fitzgerald, Mississippi St. (SEC)",Jr.,QB,12,286,159,11,15,"1,782"
86,"Thomas Woodson, Akron (MAC)",Sr.,QB,10,278,159,9,14,"1,777"
87,"Nick Starkel, Texas A&M (SEC)",So.,QB,6,192,117,6,14,"1,731"
88,"Jordan Ta'amu, Ole Miss (SEC)",Jr.,QB,8,173,115,4,11,"1,682"
89,"Marcus Childers, NIU (MAC)",So.,QB,12,265,152,5,16,"1,674"
90,"Brent Stockstill, Middle Tenn. (C-USA)",Jr.,QB,7,239,138,8,16,"1,672"
91,"Logan Marchi, Temple (AAC)",So.,QB,7,245,136,8,9,"1,658"
92,"Thomas Sirk, East Carolina (AAC)",Sr.,QB,11,238,132,9,9,"1,655"
93,"Jordan Love, Utah St. (Mountain West)",Fr.,QB,12,235,129,6,8,"1,631"
94,"Peyton Bender, Kansas (Big 12)",Jr.,QB,10,273,148,10,10,"1,609"
95,"Frank Nutile, Temple (AAC)",Jr.,QB,8,199,122,7,12,"1,600"
96,"Khalil Tate, Arizona (Pac-12)",So.,QB,11,179,111,9,14,"1,591"
97,"K.J. Costello, Stanford (Pac-12)",So.,QB,11,211,124,4,14,"1,573"
98,"Charlie Brewer, Baylor (Big 12)",Fr.,QB,8,204,139,4,11,"1,562"
99,"Tanner Mangum, BYU (FBS Independent)",Jr.,QB,8,257,147,9,8,"1,540"
100,"Montel Aaron, San Jose St. (Mountain West)",Fr.,QB,10,225,126,10,8,"1,531"
101,"Steven Williams Jr., Old Dominion (C-USA)",Fr.,QB,10,263,147,11,6,"1,528"
102,"Hasaan Klugh, Charlotte (C-USA)",Jr.,QB,11,279,133,13,10,"1,524"
103,"John Urzua, Middle Tenn. (C-USA)",So.,QB,6,220,136,9,7,"1,522"
104,"Cole Garvin, South Alabama (Sun Belt)",Jr.,QB,8,232,122,7,7,"1,490"
105,"Armani Rogers, UNLV (Mountain West)",Fr.,QB,10,189,99,5,6,"1,471"
105,"Zach Smith, Baylor (Big 12)",So.,QB,9,201,105,8,8,"1,471"
107,"Darell Garretson, Oregon St. (Pac-12)",Sr.,QB,10,221,128,8,6,"1,465"
108,"Feleipe Franks, Florida (SEC)",Fr.,QB,11,229,125,8,9,"1,438"
109,"Austin Allen, Arkansas (SEC)",Sr.,QB,8,187,105,5,10,"1,427"
110,"Shane Buechele, Texas (Big 12)",So.,QB,9,213,137,4,7,"1,405"
111,"Jon Wassink, Western Mich. (MAC)",So.,QB,8,193,124,4,14,"1,391"
112,"Jordan Davis, Louisiana (Sun Belt)",Jr.,QB,10,215,122,8,10,"1,386"
113,"Jarret Doege, Bowling Green (MAC)",Fr.,QB,7,188,120,3,12,"1,381"
114,"Anthony Brown, Boston College (ACC)",Fr.,QB,10,258,134,9,11,"1,367"
115,"Dallas Davis, South Alabama (Sun Belt)",Jr.,QB,9,175,100,7,8,"1,355"
116,"Kellen Mond, Texas A&M (SEC)",Fr.,,9,210,114,6,8,"1,348"
117,"Chazz Surratt, North Carolina (ACC)",Fr.,QB,9,183,107,3,8,"1,342"
118,"Max Bortenschlager, Maryland (Big Ten)",So.,QB,12,233,121,5,10,"1,313"
119,"Kent Myers, Utah St. (Mountain West)",Sr.,QB,10,197,124,7,8,"1,278"
120,"Jeff George, Jr., Illinois (Big Ten)",So.,QB,7,181,94,10,7,"1,273"
121,"D'Eriq King, Houston (AAC)",So.,QB,10,139,90,2,7,"1,260"
121,"James Morgan, Bowling Green (MAC)",So.,QB,7,212,96,7,9,"1,260"
123,"Peyton Ramsey, Indiana (Big Ten)",Fr.,QB,9,205,134,5,10,"1,252"
124,"Keon Howard, Southern Miss. (C-USA)",So.,QB,9,170,96,5,8,"1,199"
125,"Jacob Park, Iowa St. (Big 12)",Jr.,QB,4,162,100,5,9,"1,181"
126,"Tyler Hilinski, Washington St. (Pac-12)",So.,QB,8,179,130,7,7,"1,176"
127,"Luke Skipper, Tulsa (AAC)",Fr.,QB,7,127,71,4,3,"1,141"
128,"George Bollas, Kent St. (MAC)",Jr.,QB,11,182,88,12,4,"1,133"
129,"Kyle Postma, Houston (AAC)",Sr.,QB,7,167,111,6,5,"1,125"
130,"Carter Stanley, Kansas (Big 12)",So.,QB,9,185,101,7,4,"1,108"
