Rank,Player,Cl,Pos,G,Pass Att,Pass Com,Int,Pass TD,Pass Yds
1,"Bailey Zappe, Western Ky. (C-USA)",Sr.,QB,14,687,475,11,62,"5,967"
2,"Bryce Young, Alabama (SEC)",So.,QB,15,547,366,7,47,"4,872"
3,"Will Rogers, Mississippi St. (SEC)",So.,QB,13,683,505,9,36,"4,739"
4,"Brennan Armstrong, Virginia (ACC)",Jr.,QB,11,500,326,10,31,"4,449"
5,"C.J. Stroud, Ohio St. (Big Ten)",So.,QB,12,441,317,6,44,"4,435"
6,"Kenny Pickett, Pittsburgh (ACC)",Sr.,QB,13,497,334,7,42,"4,319"
7,"Sam Hartman, Wake Forest (ACC)",So.,QB,14,508,299,14,39,"4,228"
8,"Carson Strong, Nevada (Mountain West)",Jr.,QB,12,523,366,8,36,"4,175"
9,"Jake Haener, Fresno St. (Mountain West)",Sr.,QB,13,490,329,9,33,"4,096"
10,"Taulia Tagovailoa, Maryland (Big Ten)",Jr.,QB,13,474,328,11,26,"3,860"
11,"Aidan O'Connell, Purdue (Big Ten)",Sr.,QB,12,439,315,11,28,"3,712"
12,"Logan Bonner, Utah St. (Mountain West)",Sr.,QB,14,430,263,12,36,"3,628"
12,"Tanner Mordecai, SMU (AAC)",Jr.,QB,12,454,308,12,39,"3,628"
14,"Clayton Tune, Houston (AAC)",Jr.,QB,14,421,287,10,30,"3,546"
15,"Grant Wells, Marshall (C-USA)",Fr.,QB,13,445,295,13,16,"3,532"
16,"Devin Leary, NC State (ACC)",So.,QB,12,431,283,5,35,"3,433"
17,"Matt Corral, Ole Miss (SEC)",Jr.,QB,13,386,262,5,20,"3,349"
18,"Chase Brice, App State (Sun Belt)",Sr.,QB,14,390,242,11,27,"3,337"
19,"Desmond Ridder, Cincinnati (AAC)",Sr.,QB,14,387,251,8,30,"3,334"
20,"Seth Henigan, Memphis (AAC)",Fr.,QB,11,393,235,8,25,"3,322"
21,"Kaleb Eleby, Western Mich. (MAC)",So.,QB,13,363,230,6,23,"3,277"
22,"Davis Brin, Tulsa (AAC)",Jr.,QB,13,411,244,16,18,"3,244"
23,"Payton Thorne, Michigan St. (Big Ten)",Jr.,QB,13,389,235,10,27,"3,240"
24,"Gavin Hardison, UTEP (C-USA)",So.,QB,13,357,198,13,18,"3,217"
25,"Dustin Crum, Kent St. (MAC)",Sr.,QB,14,381,244,6,20,"3,206"
26,"Brock Purdy, Iowa St. (Big 12)",Sr.,QB,13,407,292,8,19,"3,188"
27,"Frank Harris, UTSA (C-USA)",Sr.,QB,14,399,263,6,27,"3,177"
28,"Jack Coan, Notre Dame (FBS Independent)",Sr.,QB,13,386,253,7,25,"3,150"
29,"Holton Ahlers, East Carolina (AAC)",Jr.,QB,12,414,256,10,18,"3,126"
30,"Ben Bryant, Eastern Mich. (MAC)",Sr.,QB,13,408,279,7,14,"3,121"
31,"Sean Clifford, Penn St. (Big Ten)",Sr.,QB,13,428,261,8,21,"3,107"
32,"Hank Bachmeier, Boise St. (Mountain West)",Jr.,QB,12,401,252,8,20,"3,079"
33,"Sam Howell, North Carolina (ACC)",Jr.,QB,12,347,217,9,24,"3,056"
34,"Jarret Doege, West Virginia (Big 12)",Sr.,QB,13,417,272,12,19,"3,048"
35,"Anthony Brown, Oregon (Pac-12)",Sr.,QB,14,390,250,7,18,"2,989"
36,"Todd Centeio, Colorado St. (Mountain West)",Sr.,QB,12,380,229,10,15,"2,958"
37,"Hendon Hooker, Tennessee (SEC)",Sr.,QB,13,303,206,3,31,"2,945"
38,"Malik Cunningham, Louisville (ACC)",Jr.,QB,13,337,209,6,19,"2,940"
39,"Max Bortenschlager, FIU (C-USA)",Sr.,QB,12,342,178,12,19,"2,935"
40,"Tyler Van Dyke, Miami (FL) (ACC)",So.,QB,10,324,202,6,25,"2,931"
41,"Levi Lewis, Louisiana (Sun Belt)",Sr.,QB,14,404,242,4,20,"2,905"
42,"Grayson McCall, Coastal Carolina (Sun Belt)",So.,QB,11,241,176,3,27,"2,873"
43,"Adrian Martinez, Nebraska (Big Ten)",Jr.,QB,11,306,189,10,14,"2,863"
44,"Stetson Bennett, Georgia (SEC)",Sr.,QB,14,287,185,7,29,"2,862"
44,"Malik Willis, Liberty (FBS Independent)",Jr.,QB,13,339,207,12,27,"2,862"
46,"Spencer Sanders, Oklahoma St. (Big 12)",Jr.,QB,13,391,243,12,20,"2,839"
47,"Will Levis, Kentucky (SEC)",Jr.,QB,13,353,233,13,24,"2,827"
48,"Max Johnson, LSU (SEC)",So.,QB,12,373,225,6,27,"2,815"
49,"Jayden de Laura, Washington St. (Pac-12)",So.,QB,12,359,227,9,23,"2,798"
50,"Chevan Cordeiro, Hawaii (Mountain West)",Jr.,QB,11,353,195,11,17,"2,793"
51,"N'Kosi Perry, Fla. Atlantic (C-USA)",Sr.,QB,12,345,210,7,20,"2,771"
52,"Emory Jones, Florida (SEC)",Jr.,QB,13,346,224,13,19,"2,734"
53,"Jonah Johnson, New Mexico St. (FBS Independent)",Sr.,QB,11,439,257,8,10,"2,709"
54,"Chris Reynolds, Charlotte (C-USA)",Sr.,QB,11,337,215,9,26,"2,684"
55,"Chance Nolan, Oregon St. (Pac-12)",So.,QB,13,318,204,10,19,"2,677"
56,"K.J. Jefferson, Arkansas (SEC)",So.,QB,13,294,198,4,21,"2,676"
57,"Brett Gabbert, Miami (OH) (MAC)",Jr.,QB,10,299,178,6,26,"2,648"
58,"Daniel Richardson, Central Mich. (MAC)",Fr.,QB,13,316,191,6,24,"2,633"
59,"Rocky Lombardi, NIU (MAC)",Jr.,QB,13,343,200,8,15,"2,597"
60,"Jaren Hall, BYU (FBS Independent)",So.,QB,10,296,189,5,20,"2,583"
61,"Cade McNamara, Michigan (Big Ten)",Jr.,QB,14,327,210,6,15,"2,576"
62,"Matt McDonald, Bowling Green (MAC)",Sr.,QB,12,393,236,7,12,"2,555"
63,"Connor Bazelak, Missouri (SEC)",So.,QB,11,377,246,11,16,"2,549"
64,"Drew Plitt, Ball St. (MAC)",Sr.,QB,13,411,248,6,18,"2,541"
65,"Chase Garbers, California (Pac-12)",Sr.,QB,11,348,223,8,16,"2,533"
66,"Cameron Rising, Utah (Pac-12)",So.,QB,13,320,204,5,20,"2,493"
67,"Jake Bentley, South Alabama (Sun Belt)",Sr.,QB,10,303,212,8,17,"2,476"
68,"Dylan Morris, Washington (Pac-12)",Fr.,QB,11,363,220,12,14,"2,458"
69,"Layne Hatcher, Arkansas St. (Sun Belt)",So.,QB,11,342,201,13,19,"2,423"
70,"Dorian Thompson-Robinson, UCLA (Pac-12)",Sr.,QB,11,283,176,6,21,"2,409"
71,"Michael Pratt, Tulane (AAC)",Fr.,QB,12,328,189,8,21,"2,381"
72,"Jayden Daniels, Arizona St. (Pac-12)",Jr.,QB,13,301,197,10,10,"2,380"
73,"Gunnar Holmberg, Duke (ACC)",Sr.,QB,11,324,217,8,7,"2,358"
74,"Tanner McKee, Stanford (Pac-12)",So.,QB,10,315,206,7,15,"2,327"
75,"Bo Nix, Auburn (SEC)",Jr.,QB,10,323,197,3,11,"2,293"
76,"Dylan Hopkins, UAB (C-USA)",Jr.,QB,13,235,155,7,18,"2,274"
77,"DJ Uiagalelei, Clemson (ACC)",So.,QB,13,374,208,10,9,"2,246"
78,"Gerry Bohanon, Baylor (Big 12)",Jr.,QB,12,275,173,7,18,"2,205"
79,"Zach Calzada, Texas A&M (SEC)",So.,QB,12,328,184,9,17,"2,185"
80,"Kedon Slovis, Southern California (Pac-12)",Jr.,QB,9,297,193,8,11,"2,153"
81,"Skylar Thompson, Kansas St. (Big 12)",Sr.,QB,10,233,162,4,12,"2,113"
81,"Casey Thompson, Texas (Big 12)",Jr.,QB,12,261,165,9,24,"2,113"
83,"Dequan Finn, Toledo (MAC)",Fr.,QB,13,250,144,2,18,"2,067"
84,"Max Duggan, TCU (Big 12)",Jr.,QB,10,227,145,6,16,"2,048"
85,"Tanner Morgan, Minnesota (Big Ten)",Sr.,QB,13,250,149,9,10,"2,044"
86,"Austin Aune, North Texas (C-USA)",Jr.,QB,13,295,151,9,9,"1,991"
87,"Braxton Burmeister, Virginia Tech (ACC)",Jr.,QB,12,255,142,4,14,"1,960"
88,"Graham Mertz, Wisconsin (Big Ten)",So.,QB,13,284,169,11,10,"1,958"
89,"Hayden Wolff, Old Dominion (C-USA)",Fr.,QB,10,253,159,7,10,"1,933"
90,"Caleb Williams, Oklahoma (Big 12)",Fr.,QB,11,211,136,4,21,"1,912"
91,"Timmy McClain, South Fla. (AAC)",Fr.,QB,11,262,145,7,5,"1,888"
92,"Austin Kendall, Louisiana Tech (C-USA)",Sr.,QB,7,244,148,9,13,"1,884"
93,"Spencer Petras, Iowa (Big Ten)",Jr.,QB,12,288,165,9,10,"1,880"
94,"Kyle Vantrease, Buffalo (MAC)",Sr.,QB,10,261,160,6,8,"1,836"
95,"Noah Vedral, Rutgers (Big Ten)",Sr.,QB,13,303,180,7,7,"1,823"
96,"Kurtis Rourke, Ohio (MAC)",So.,QB,10,259,169,7,11,"1,801"
97,"Mikey Keene, UCF (AAC)",Fr.,QB,11,272,173,6,17,"1,730"
98,"Darren Grainger, Georgia St. (Sun Belt)",Jr.,QB,13,228,136,4,19,"1,715"
99,"Nick Starkel, San Jose St. (Mountain West)",Sr.,QB,7,248,128,7,9,"1,645"
100,"Jake Constantine, Rice (C-USA)",Sr.,QB,8,206,126,7,8,"1,622"
101,"Gunnar Watson, Troy (Sun Belt)",So.,QB,8,228,140,4,8,"1,613"
102,"Will Plummer, Arizona (Pac-12)",Fr.,QB,10,267,155,9,6,"1,610"
103,"Cameron Friel, UNLV (Mountain West)",Fr.,QB,9,226,141,11,6,"1,608"
104,"Brendon Lewis, Colorado (Pac-12)",Fr.,QB,12,257,149,3,10,"1,540"
105,"Jordan Travis, Florida St. (ACC)",Sr.,QB,10,194,122,6,15,"1,539"
106,"Brady McBride, Texas St. (Sun Belt)",So.,QB,7,243,146,10,12,"1,512"
107,"Garrett Shrader, Syracuse (ACC)",Jr.,QB,12,235,124,4,10,"1,507"
108,"Spencer Rattler, Oklahoma (Big 12)",So.,QB,9,187,140,5,11,"1,483"
109,"Jeff Sims, Georgia Tech (ACC)",Fr.,QB,8,188,113,7,12,"1,468"
110,"Lucas Johnson, San Diego St. (Mountain West)",Sr.,QB,13,223,138,4,12,"1,424"
111,"Jaxson Dart, Southern California (Pac-12)",Fr.,QB,6,189,117,5,9,"1,353"
112,"James Blackman, Arkansas St. (Sun Belt)",Jr.,QB,6,183,109,4,8,"1,344"
113,"Chase Cunningham, Middle Tenn. (C-USA)",Jr.,QB,8,176,110,3,16,"1,318"
114,"Chandler Rogers, ULM (Sun Belt)",Jr.,QB,12,181,115,3,9,"1,301"
115,"Henry Colombi, Texas Tech (Big 12)",Sr.,QB,7,149,96,5,5,"1,291"
116,"Zach Gibson, Akron (MAC)",So.,QB,7,157,109,0,10,"1,262"
117,"Jason Bean, Kansas (Big 12)",Sr.,QB,11,182,102,6,6,"1,252"
118,"Taylor Powell, Troy (Sun Belt)",Jr.,QB,8,189,125,6,7,"1,251"
119,"D'Wan Mathis, Temple (AAC)",Jr.,QB,7,195,116,4,6,"1,225"
120,"Steven Krajewski, UConn (FBS Independent)",Jr.,QB,11,230,121,10,7,"1,221"
121,"Dennis Grosel, Boston College (ACC)",Sr.,QB,8,192,111,7,6,"1,216"
122,"Haaziq Daniels, Air Force (Mountain West)",Jr.,QB,12,104,52,3,7,"1,184"
123,"Ken Seals, Vanderbilt (SEC)",So.,QB,8,224,127,8,5,"1,181"
123,"Donovan Smith, Texas Tech (Big 12)",Fr.,QB,11,138,85,2,7,"1,181"
125,"Brandon Peters, Illinois (Big Ten)",Sr.,QB,10,169,91,4,7,"1,170"
126,"Brady Olson, Massachusetts (FBS Independent)",Fr.,QB,9,216,104,7,8,"1,145"
127,"Sean Chambers, Wyoming (Mountain West)",Jr.,QB,9,177,90,7,6,"1,125"
128,"Terry Wilson Jr., New Mexico (Mountain West)",Sr.,QB,6,174,101,4,7,"1,058"
129,"Nicholas Vattiato, Middle Tenn. (C-USA)",Fr.,QB,6,171,115,6,7,"1,047"
130,"Mike Wright, Vanderbilt (SEC)",So.,QB,10,175,93,6,8,"1,042"
