Rank,Player,Cl,Pos,G,Pass Att,Pass Com,Int,Pass TD,Pass Yds
1,"Austin Reed, Western Ky. (C-USA)",Sr.,QB,14,603,389,11,40,"4,746"
2,"Michael Penix Jr., Washington (Pac-12)",Jr.,QB,13,554,362,8,31,"4,641"
3,"Caleb Williams, Southern California (Pac-12)",So.,QB,14,500,333,5,42,"4,537"
4,"Drake Maye, North Carolina (ACC)",Fr.,QB,14,517,342,7,38,"4,321"
5,"Kyle Vantrease, Ga. Southern (Sun Belt)",Sr.,QB,13,603,370,16,27,"4,243"
6,"Stetson Bennett, Georgia (SEC)",Sr.,QB,15,454,310,7,27,"4,127"
7,"Clayton Tune, Houston (AAC)",Sr.,QB,13,496,334,10,40,"4,074"
8,"Frank Harris, UTSA (C-USA)",Sr.,QB,14,471,328,9,32,"4,063"
9,"Will Rogers, Mississippi St. (SEC)",Jr.,QB,13,610,415,8,35,"3,974"
10,"Holton Ahlers, East Carolina (AAC)",Sr.,QB,13,469,315,5,28,"3,708"
11,"Sam Hartman, Wake Forest (ACC)",Jr.,QB,12,428,270,12,38,"3,701"
12,"Max Duggan, TCU (Big 12)",Sr.,QB,15,419,267,8,32,"3,698"
13,"C.J. Stroud, Ohio St. (Big Ten)",Jr.,QB,13,389,258,6,41,"3,688"
14,"Jayden de Laura, Arizona (Pac-12)",Jr.,QB,12,435,272,13,25,"3,685"
15,"Bo Nix, Oregon (Pac-12)",Sr.,QB,13,409,294,7,29,"3,593"
16,"Seth Henigan, Memphis (AAC)",So.,QB,13,445,285,8,22,"3,559"
17,"Austin Aune, North Texas (C-USA)",Jr.,QB,14,411,232,15,33,"3,547"
18,"Tanner Mordecai, SMU (AAC)",Sr.,QB,12,443,288,10,33,"3,524"
19,"Aidan O'Connell, Purdue (Big Ten)",Sr.,QB,12,499,320,13,22,"3,490"
20,"Bryce Young, Alabama (SEC)",Jr.,QB,12,380,245,5,32,"3,328"
21,"Carter Bradley, South Alabama (Sun Belt)",Jr.,QB,13,427,276,12,28,"3,326"
22,"Kurtis Rourke, Ohio (MAC)",Jr.,QB,11,353,244,4,25,"3,257"
23,"Chevan Cordeiro, San Jose St. (Mountain West)",Jr.,QB,12,427,259,6,23,"3,251"
24,"Cameron Ward, Washington St. (Pac-12)",So.,QB,13,497,320,9,23,"3,232"
25,"Jordan Travis, Florida St. (ACC)",Jr.,QB,13,353,226,5,24,"3,214"
26,"Jaren Hall, BYU (FBS Independent)",Jr.,QB,12,376,248,6,31,"3,171"
27,"Dorian Thompson-Robinson, UCLA (Pac-12)",Sr.,QB,13,382,266,10,27,"3,169"
28,"Dillon Gabriel, Oklahoma (Big 12)",Jr.,QB,12,367,230,6,25,"3,168"
29,"Chase Cunningham, Middle Tenn. (C-USA)",Sr.,QB,12,463,309,10,21,"3,156"
30,"Hendon Hooker, Tennessee (SEC)",Sr.,QB,11,329,229,2,27,"3,135"
31,"Jack Plummer, California (Pac-12)",Sr.,QB,12,451,282,9,21,"3,095"
32,"Hunter Dekkers, Iowa St. (Big 12)",So.,QB,12,457,302,14,19,"3,044"
33,"Cameron Rising, Utah (Pac-12)",Jr.,QB,13,385,249,8,26,"3,034"
34,"Cole Snyder, Buffalo (MAC)",So.,QB,13,461,271,8,18,"3,030"
35,"E.J. Warner, Temple (AAC)",Fr.,QB,11,443,268,12,18,"3,028"
36,"Spencer Rattler, South Carolina (SEC)",Jr.,QB,13,399,264,12,18,"3,026"
37,"Michael Pratt, Tulane (AAC)",Jr.,QB,13,338,215,5,27,"3,009"
38,"Taulia Tagovailoa, Maryland (Big Ten)",Sr.,QB,12,391,262,8,18,"3,008"
39,"Jaxson Dart, Ole Miss (SEC)",So.,QB,13,362,226,11,20,"2,974"
40,"Riley Leonard, Duke (ACC)",So.,QB,13,392,250,6,20,"2,967"
41,"Tanner McKee, Stanford (Pac-12)",Jr.,QB,12,426,264,8,13,"2,947"
42,"Chase Brice, App State (Sun Belt)",Sr.,QB,12,349,219,6,27,"2,921"
43,"Jayden Daniels, LSU (SEC)",Sr.,QB,14,388,266,3,17,"2,913"
44,"Hayden Wolff, Old Dominion (Sun Belt)",So.,QB,12,413,234,6,18,"2,908"
45,"Jake Haener, Fresno St. (Mountain West)",Sr.,QB,10,350,252,3,20,"2,896"
46,"Sean Clifford, Penn St. (Big Ten)",Sr.,QB,13,351,226,7,24,"2,822"
47,"Gunnar Watson, Troy (Sun Belt)",Jr.,QB,13,335,206,12,14,"2,818"
48,"Blake Shapen, Baylor (Big 12)",So.,QB,13,368,233,10,18,"2,790"
49,"Brady Cook, Missouri (SEC)",Jr.,QB,13,382,247,7,14,"2,734"
50,"Ben Bryant, Cincinnati (AAC)",Sr.,QB,11,348,213,7,21,"2,731"
51,"J.J. McCarthy, Michigan (Big Ten)",So.,QB,14,322,208,5,22,"2,719"
51,"John Paddock, Ball St. (MAC)",Sr.,QB,12,480,286,14,18,"2,719"
53,"N'Kosi Perry, Fla. Atlantic (C-USA)",Sr.,QB,12,371,215,5,25,"2,712"
54,"Grayson McCall, Coastal Carolina (Sun Belt)",Jr.,QB,11,297,207,2,24,"2,700"
55,"Payton Thorne, Michigan St. (Big Ten)",Sr.,QB,12,387,242,11,19,"2,679"
56,"Matt McDonald, Bowling Green (MAC)",Sr.,QB,12,378,231,9,22,"2,654"
57,"Layne Hatcher, Texas St. (Sun Belt)",Jr.,QB,12,442,275,10,19,"2,653"
58,"Tommy Devito, Illinois (Big Ten)",Sr.,QB,13,369,257,4,15,"2,650"
59,"KJ Jefferson, Arkansas (SEC)",Jr.,QB,11,300,204,5,24,"2,648"
60,"Garrett Shrader, Syracuse (ACC)",Jr.,QB,12,318,206,7,17,"2,645"
61,"Spencer Sanders, Oklahoma St. (Big 12)",Sr.,QB,10,368,212,9,17,"2,642"
62,"DJ Irons, Akron (MAC)",Jr.,QB,10,379,253,7,10,"2,606"
63,"John Rhys Plumlee, UCF (AAC)",Sr.,QB,13,346,218,8,14,"2,586"
64,"Anthony Richardson, Florida (SEC)",So.,QB,12,327,176,9,17,"2,549"
65,"Chris Reynolds, Charlotte (C-USA)",Sr.,QB,10,316,201,11,22,"2,540"
66,"DJ Uiagalelei, Clemson (ACC)",Jr.,QB,13,370,229,7,22,"2,521"
67,"James Blackman, Arkansas St. (Sun Belt)",Sr.,QB,11,347,223,3,14,"2,471"
68,"Darren Grainger, Georgia St. (Sun Belt)",Sr.,QB,12,297,174,7,18,"2,443"
69,"Casey Thompson, Nebraska (Big Ten)",Jr.,QB,10,274,173,10,17,"2,407"
70,"Will Levis, Kentucky (SEC)",Sr.,QB,11,283,185,10,19,"2,406"
71,"Chandler Rogers, ULM (Sun Belt)",So.,QB,12,320,216,7,15,"2,403"
72,"Kedon Slovis, Pittsburgh (ACC)",Sr.,QB,11,315,184,9,10,"2,397"
73,"Brayden Schager, Hawaii (Mountain West)",So.,QB,12,400,221,10,13,"2,348"
74,"Connor Bazelak, Indiana (Big Ten)",Jr.,QB,10,426,235,10,13,"2,312"
75,"Dequan Finn, Toledo (MAC)",So.,QB,12,316,189,12,23,"2,269"
76,"Brennan Armstrong, Virginia (ACC)",Sr.,QB,10,338,185,12,7,"2,210"
77,"Quinn Ewers, Texas (Big 12)",Fr.,QB,10,296,172,6,15,"2,177"
78,"Grant Wells, Virginia Tech (ACC)",Jr.,QB,11,332,196,9,9,"2,171"
79,"Davis Brin, Tulsa (AAC)",Sr.,QB,9,250,148,8,17,"2,138"
80,"Graham Mertz, Wisconsin (Big Ten)",Jr.,QB,12,285,163,10,19,"2,130"
81,"Taylor Powell, Eastern Mich. (MAC)",Jr.,QB,9,269,174,8,16,"2,111"
82,"Collin Schlee, Kent St. (MAC)",Jr.,QB,11,266,157,5,13,"2,109"
83,"JT Daniels, West Virginia (Big 12)",Jr.,QB,10,327,200,9,13,"2,107"
84,"TJ McMahon, Rice (C-USA)",Jr.,QB,10,266,160,14,18,"2,102"
85,"Gavin Hardison, UTEP (C-USA)",Jr.,QB,10,315,164,8,11,"2,044"
86,"Taylen Green, Boise St. (Mountain West)",Fr.,QB,13,271,166,6,14,"2,042"
87,"Jalen Mayden, San Diego St. (Mountain West)",Jr.,QB,13,237,141,10,12,"2,030"
88,"Drew Pyne, Notre Dame (FBS Independent)",So.,QB,11,254,164,6,22,"2,021"
89,"Jalon Daniels, Kansas (Big 12)",Jr.,QB,9,230,152,4,18,"2,014"
90,"Daniel Richardson, Central Mich. (MAC)",So.,QB,12,321,179,5,15,"1,988"
91,"Grayson James, FIU (C-USA)",So.,QB,11,358,210,11,11,"1,969"
92,"Dylan Hopkins, UAB (C-USA)",Sr.,QB,11,215,136,4,10,"1,913"
93,"Clay Millen, Colorado St. (Mountain West)",Fr.,QB,10,234,169,6,10,"1,910"
94,"Parker McNeil, Louisiana Tech (C-USA)",Sr.,QB,8,214,123,8,18,"1,908"
95,"Doug Brumfield, UNLV (Mountain West)",Jr.,QB,10,254,164,5,10,"1,898"
96,"Tyler Van Dyke, Miami (FL) (ACC)",Jr.,QB,9,253,160,5,10,"1,835"
97,"Spencer Petras, Iowa (Big Ten)",Sr.,QB,12,281,157,5,5,"1,725"
98,"Phil Jurkovec, Boston College (ACC)",Sr.,QB,8,247,147,8,11,"1,711"
99,"Ben Wooldridge, Louisiana (Sun Belt)",Jr.,QB,10,244,138,5,15,"1,661"
100,"Ryan Hilinski, Northwestern (Big Ten)",Jr.,QB,8,258,144,7,6,"1,644"
101,"Will Howard, Kansas St. (Big 12)",Jr.,QB,7,199,119,4,15,"1,633"
102,"Robby Ashford, Auburn (SEC)",So.,QB,12,250,123,7,7,"1,613"
103,"Andrew Peasley, Wyoming (Mountain West)",Jr.,QB,12,275,144,9,10,"1,574"
104,"Malik Cunningham, Louisville (ACC)",Sr.,QB,10,218,136,5,8,"1,568"
105,"Cam Fancher, Marshall (Sun Belt)",So.,QB,13,235,131,6,10,"1,558"
106,"Johnathan Bennett, Liberty (FBS Independent)",Jr.,QB,12,224,131,9,12,"1,534"
107,"Emory Jones, Arizona St. (Pac-12)",Jr.,QB,8,199,125,4,7,"1,533"
108,"Donovan Smith, Texas Tech (Big 12)",So.,QB,12,221,146,8,12,"1,505"
109,"Cooper Legas, Utah St. (Mountain West)",Jr.,QB,10,221,135,10,11,"1,499"
110,"Trenton Bourguet, Arizona St. (Pac-12)",Jr.,QB,7,203,145,5,11,"1,490"
111,"Nate Cox, Nevada (Mountain West)",Sr.,QB,12,251,133,5,5,"1,466"
112,"Ben Gulbranson, Oregon St. (Pac-12)",Fr.,QB,10,194,121,5,9,"1,455"
113,"Diego Pavia, New Mexico St. (FBS Independent)",Jr.,QB,12,190,101,6,13,"1,450"
114,"Zion Turner, UConn (FBS Independent)",Fr.,QB,13,258,149,10,9,"1,411"
115,"Tanner Morgan, Minnesota (Big Ten)",Sr.,QB,9,160,107,5,9,"1,382"
116,"Tyler Shough, Texas Tech (Big 12)",Sr.,QB,7,177,106,4,7,"1,304"
117,"Aveon Smith, Miami (OH) (MAC)",Jr.,QB,10,217,108,5,11,"1,299"
118,"Jack Salopek, Western Mich. (MAC)",Fr.,QB,7,212,104,11,7,"1,285"
119,"Jason Bean, Kansas (Big 12)",Sr.,QB,12,136,87,4,14,"1,280"
120,"AJ Swann, Vanderbilt (SEC)",Fr.,QB,9,198,115,2,10,"1,274"
121,"Devin Leary, NC State (ACC)",Jr.,QB,6,193,118,4,11,"1,265"
122,"Adrian Martinez, Kansas St. (Big 12)",Sr.,QB,10,184,118,1,6,"1,261"
123,"Emmett Morehead, Boston College (ACC)",So.,QB,10,192,115,6,10,"1,254"
124,"Haynes King, Texas A&M (SEC)",So.,QB,6,187,104,6,7,"1,220"
124,"J.T. Shrout, Colorado (Pac-12)",So.,QB,9,203,90,8,7,"1,220"
126,"Zach Wilcke, Southern Miss. (Sun Belt)",Fr.,QB,8,176,101,9,9,"1,163"
127,"Braylon Braxton, Tulsa (AAC)",Fr.,QB,9,163,92,2,10,"1,133"
128,"Chandler Fields, Louisiana (Sun Belt)",So.,QB,8,182,106,4,11,"1,123"
129,"Behren Morton, Texas Tech (Big 12)",Fr.,QB,9,169,96,6,7,"1,117"
130,"Jeff Sims, Georgia Tech (ACC)",So.,QB,7,188,110,3,5,"1,115"
