Rank,Player,Cl,Pos,G,Pass Att,Pass Com,Int,Pass TD,Pass Yds
1,"Devlin Hodges, Samford (SoCon)",Sr.,QB,11,550,388,16,32,"4,283"
2,"Anthony Lawrence, San Diego (Pioneer)",Sr.,QB,12,432,282,7,39,"4,107"
3,"Jake Maier, UC Davis (Big Sky)",Jr.,QB,13,557,364,10,34,"3,931"
4,"Zerrick Cooper, Jacksonville St. (OVC)",Fr.,QB,13,417,251,14,32,"3,416"
5,"Tom Flacco, Towson (CAA)",Jr.,QB,12,439,269,11,28,"3,251"
6,"Austin Simmons, South Dakota (MVFC)",Jr.,QB,11,469,287,8,18,"3,124"
7,"Tanner Gueller, Idaho St. (Big Sky)",Sr.,QB,11,340,193,10,27,"3,101"
8,"Reece Udinski, VMI (SoCon)",So.,QB,11,525,302,16,20,"3,067"
9,"Chason Virgil, Southeastern La. (Southland)",Jr.,QB,11,417,248,13,17,"3,034"
10,"Colin McGovern, Stetson (Pioneer)",Sr.,QB,10,336,224,6,26,"3,028"
11,"Taryn Christion, South Dakota St. (MVFC)",Sr.,QB,13,340,197,8,32,"3,020"
12,"L. Anthony, Abilene Christian (Southland)",So.,QB,11,484,319,9,23,"3,019"
13,"Jon Copeland, UIW (Southland)",Fr.,QB,10,368,208,13,22,"2,984"
14,"Chase Fourcade, Nicholls (Southland)",Jr.,QB,13,352,214,8,21,"2,930"
15,"Sean McGuire, Western Ill. (MVFC)",Sr.,QB,11,394,236,13,21,"2,894"
16,"Daniel Santacaterina, Southeast Mo. St. (OVC)",Jr.,QB,13,393,232,11,28,"2,844"
17,"Drew Anderson, Murray St. (OVC)",Sr.,QB,11,429,258,15,20,"2,840"
18,"Bailey Zappe, Houston Christian (Southland)",So.,QB,11,436,252,13,23,"2,812"
19,"Easton Stick, North Dakota St. (MVFC)",Sr.,QB,15,281,175,7,28,"2,752"
20,"Dalton Sneed, Montana (Big Sky)",Jr.,QB,11,384,241,7,22,"2,723"
21,"Nick Tiano, Chattanooga (SoCon)",Jr.,QB,11,378,233,6,15,"2,710"
22,"Will Marty, Butler (Pioneer)",Sr.,QB,11,381,234,6,19,"2,679"
23,"Grant Kraemer, Drake (Pioneer)",Sr.,QB,11,340,196,13,28,"2,674"
24,"Shelton Eppler, Northwestern St. (Southland)",Jr.,QB,9,328,199,10,26,"2,639"
25,"Caylin Newton, Howard (MEAC)",So.,QB,10,304,156,17,22,"2,629"
26,"Kenji Bahar, Monmouth (Big South)",Jr.,QB,11,345,207,6,20,"2,626"
27,"Eli Dunne, UNI (MVFC)",Sr.,QB,13,373,219,8,18,"2,584"
28,"Ryan Stanley, Florida A&M (MEAC)",Jr.,QB,11,342,205,12,17,"2,519"
29,"Eric Barriere, Eastern Wash. (Big Sky)",So.,QB,14,311,190,9,24,"2,450"
30,"Daniel Parr, Duquesne (NEC)",Jr.,QB,13,311,188,11,20,"2,447"
31,"Jack Cook, Dayton (Pioneer)",So.,QB,11,280,170,2,20,"2,421"
31,"Aqeel Glass, Alabama A&M (SWAC)",So.,QB,11,346,194,9,20,"2,421"
33,"Tyrie Adams, Western Caro. (SoCon)",Jr.,QB,11,300,188,6,16,"2,417"
33,"Ty Brock, Sam Houston (Southland)",Fr.,QB,9,312,178,12,15,"2,417"
35,"Price Wilson, Bryant (NEC)",Sr.,QB,10,349,208,8,20,"2,374"
36,"Chris Ferguson, Maine (CAA)",So.,QB,12,371,209,11,22,"2,372"
37,"Jalen Morton, Prairie View (SWAC)",Jr.,QB,11,327,170,12,18,"2,344"
38,"Juwan Carter, Norfolk St. (MEAC)",So.,QB,10,322,187,14,13,"2,302"
39,"Ben DiNucci, James Madison (CAA)",Jr.,QB,13,309,211,12,16,"2,275"
40,"Lawson Page, Morehead St. (Pioneer)",Sr.,QB,11,360,189,11,16,"2,240"
41,"Jacob Dolegela, Central Conn. St. (NEC)",Sr.,QB,11,269,164,6,16,"2,221"
42,"Noah Johnson, Alcorn (SWAC)",Jr.,QB,13,317,197,9,15,"2,207"
43,"Jake Constantine, Weber St. (Big Sky)",So.,QB,12,341,208,12,18,"2,205"
44,"Michael McGovern, Brown (Ivy League)",So.,QB,10,357,187,10,8,"2,202"
45,"Bear Fenimore, Saint Francis (PA) (NEC)",Sr.,QB,11,339,184,6,22,"2,155"
46,"Peyton Huslig, Missouri St. (MVFC)",Jr.,QB,11,322,165,16,13,"2,113"
47,"Brad Mayes, Lehigh (Patriot)",Sr.,QB,11,328,169,13,10,"2,083"
48,"Pat Kehoe, Delaware (CAA)",Jr.,QB,12,298,147,9,17,"2,075"
49,"Delmon Williams, Hampton (FCS Independent)",Sr.,QB,9,216,137,9,22,"2,035"
50,"Johnathan Brantley, Eastern Ill. (OVC)",Jr.,QB,10,307,200,2,14,"2,016"
51,"Mason Petrino, Idaho (Big Sky)",Jr.,QB,11,333,199,8,15,"1,957"
52,"Geremy Hickbottom, Grambling (SWAC)",So.,QB,11,259,145,9,16,"1,945"
53,"Brady Davis, Illinois St. (MVFC)",Jr.,QB,10,252,140,5,19,"1,944"
54,"Montgomery VanGorder, Youngstown St. (MVFC)",Sr.,QB,11,277,149,10,14,"1,934"
55,"Jimmy Walker, Robert Morris (NEC)",Sr.,QB,11,257,144,11,20,"1,925"
56,"Lamar Raynard, N.C. A&T (MEAC)",Sr.,QB,11,268,152,6,20,"1,922"
57,"Joe Carbone, Stony Brook (CAA)",Sr.,QB,12,282,144,9,15,"1,884"
58,"Geoff Wade, Holy Cross (Patriot)",Jr.,QB,10,255,154,12,16,"1,844"
59,"John Lovett, Princeton (Ivy League)",Sr.,QB,9,221,146,3,18,"1,833"
60,"Austin Herink, ETSU (SoCon)",Sr.,QB,11,264,156,8,6,"1,825"
61,"Nate Ketteringham, North Dakota (FCS Independent)",Jr.,QB,11,289,158,11,16,"1,823"
62,"Davis Alexander, Portland St. (Big Sky)",So.,QB,11,238,126,7,11,"1,786"
63,"Chris Duncan, Valparaiso (Pioneer)",So.,QB,10,244,124,9,14,"1,781"
64,"Sean O'Malley, Lafayette (Patriot)",So.,QB,11,341,185,12,4,"1,741"
65,"Kevin Duke, Sacred Heart (NEC)",Sr.,QB,10,218,120,8,13,"1,736"
66,"Skyler Perry, Ark.-Pine Bluff (SWAC)",Fr.,,10,292,175,5,8,"1,729"
67,"Gunther Johnson, Georgetown (Patriot)",Jr.,QB,11,296,152,6,9,"1,696"
68,"Bailey Fisher, Tennessee Tech (OVC)",Fr.,QB,10,268,139,7,11,"1,661"
69,"Dalton Banks, Cornell (Ivy League)",Sr.,QB,10,263,159,11,9,"1,654"
70,"Tim DeMorat, Fordham (Patriot)",Fr.,QB,10,264,148,6,11,"1,633"
71,"Jeremiah Oatsvall, Austin Peay (OVC)",So.,QB,11,201,104,10,20,"1,631"
72,"Ryan Boyle, Indiana St. (MVFC)",Jr.,QB,10,205,128,3,12,"1,627"
73,"Tom Stewart, Harvard (Ivy League)",Sr.,QB,9,200,106,2,14,"1,614"
74,"Darrel Colbert, Jr., Lamar University (Southland)",Sr.,QB,12,203,107,8,14,"1,611"
75,"Grant Breneman, Colgate (Patriot)",So.,QB,10,204,126,4,6,"1,605"
76,"Jake Blumrick, SFA (Southland)",Jr.,QB,8,224,138,7,9,"1,597"
77,"Jordan Smith, Gardner-Webb (Big South)",Fr.,QB,11,268,132,14,10,"1,588"
78,"Daniel Smith, Campbell (Big South)",So.,QB,10,214,126,3,13,"1,582"
79,"James Tabary, McNeese (Southland)",Sr.,QB,11,248,139,7,12,"1,576"
80,"Ryan Glover, Penn (Ivy League)",So.,QB,10,205,122,6,7,"1,482"
81,"T.J. Linta, Wagner (NEC)",Sr.,QB,9,217,111,4,13,"1,481"
82,"Glen Cuiellette, Texas Southern (SWAC)",Sr.,QB,9,235,116,8,8,"1,479"
83,"Akevious Williams, Bethune-Cookman (MEAC)",Jr.,QB,9,185,116,6,12,"1,435"
84,"Micheal Hughes, Tennessee St. (OVC)",Jr.,QB,7,196,122,7,9,"1,405"
85,"Harry Woodbery, Eastern Ill. (OVC)",So.,QB,11,210,121,6,13,"1,374"
86,"Derek Kyler, Dartmouth (Ivy League)",So.,QB,10,177,122,2,13,"1,362"
87,"John Walker, Presbyterian (Big South)",Sr.,QB,10,224,136,10,10,"1,312"
88,"Shon Mitchell, William & Mary (CAA)",So.,QB,9,194,115,6,6,"1,281"
89,"Tyler Phelps, Davidson (Pioneer)",So.,QB,11,129,71,7,12,"1,200"
90,"Troy Andersen, Montana St. (Big Sky)",So.,QB,13,208,115,7,3,"1,195"
91,"Joe Mancuso, Richmond (CAA)",So.,QB,9,137,80,10,7,"1,185"
92,"Tyrece Nick, South Carolina St. (MEAC)",Fr.,,11,189,86,4,5,"1,163"
93,"Harris Roberts, Furman (SoCon)",Sr.,QB,8,109,75,2,11,"1,092"
94,"Joe Newman, Wofford (SoCon)",Jr.,QB,13,145,88,7,8,"1,070"
95,"Matt DeSomer, Southern Ill. (MVFC)",Sr.,DB,11,150,86,4,9,"1,065"
96,"Jarrad Hayes, Jackson St. (SWAC)",Sr.,QB,9,186,113,4,6,"1,047"
97,"Joe Hudson, UT Martin (OVC)",Jr.,QB,9,152,90,6,5,"1,044"
98,"Chandler Burks, Kennesaw St. (Big South)",Sr.,QB,13,117,67,6,10,"1,043"
99,"Ladarius Skelton, Southern U. (SWAC)",So.,QB,10,115,60,2,10,997
100,"Kha'Darrius Davis, Alabama St. (SWAC)",So.,QB,9,173,92,7,10,961
101,"Deandre Harris, Morgan St. (MEAC)",Jr.,QB,9,155,80,7,5,947
102,"David Israel, Bethune-Cookman (MEAC)",So.,QB,11,110,54,7,4,801
103,"Ty Lenhart, Columbia (Ivy League)",Fr.,QB,9,125,74,5,1,778
104,"Khaleel Jenkins, Cal Poly (Big Sky)",Sr.,QB,10,89,46,0,9,777
105,"D'Vonn Gibbons, Savannah St. (MEAC)",So.,QB,10,129,55,6,5,773
106,"John Lampley, Southern U. (SWAC)",So.,QB,10,132,72,6,9,768
107,"Jordan Black, The Citadel (SoCon)",Jr.,QB,9,96,42,5,3,753
108,"Naiil Ramadan, N.C. Central (MEAC)",Jr.,QB,9,159,76,2,5,704
109,"J. McDANIELS, Delaware St. (MEAC)",So.,QB,9,145,70,6,5,702
110,"DJ Golatt, Morgan St. (MEAC)",So.,QB,10,118,63,4,6,694
111,"Jordan Hoy, Lamar University (Southland)",Jr.,QB,9,67,40,2,6,654
112,"Dejerric Bryant, Mississippi Val. (SWAC)",Jr.,,10,133,68,8,4,622
113,"Luke Massei, Wagner (NEC)",Sr.,QB,11,99,51,7,5,603
114,"London Johnson, Charleston So. (Big South)",Jr.,QB,9,122,55,6,4,554
115,"Derrick Ponder, Jackson St. (SWAC)",So.,QB,9,115,56,4,1,521
116,"Keenan Black, Delaware St. (MEAC)",Jr.,QB,10,99,44,2,2,493
117,"Daniel Thompson, Elon (CAA)",Sr.,QB,9,75,38,2,1,459
118,"Zion Webb, Jacksonville St. (OVC)",So.,QB,10,61,34,1,5,444
119,"Jalen Greene, Elon (CAA)",So.,QB,9,73,30,0,2,436
120,"Ted Hefter, William & Mary (CAA)",So.,QB,10,76,37,4,2,424
121,"Cody Orgeron, McNeese (Southland)",So.,QB,11,90,50,3,2,406
122,"Kevin Davidson, Princeton (Ivy League)",Jr.,QB,9,50,33,0,5,386
123,"Calvin Turner Jr, Jacksonville (Pioneer)",So.,QB,10,50,20,4,1,377
124,"Kylil Carter, N.C. A&T (MEAC)",Sr.,QB,11,74,41,0,4,374
125,"Jalani Eason, Portland St. (Big Sky)",So.,QB,11,40,21,0,3,343
125,"Miller Mosley, Wofford (SoCon)",So.,QB,13,36,18,3,2,343
127,"Tommy Herion, New Hampshire (CAA)",Fr.,QB,10,53,25,2,0,284
128,"George Martin, Robert Morris (NEC)",So.,QB,9,35,18,1,2,225
129,"Jordan Morgan, Presbyterian (Big South)",Fr.,QB,8,35,18,0,2,218
130,"TJ Bell, Savannah St. (MEAC)",So.,QB,8,61,19,4,1,214
131,"Daniel David, Kennesaw St. (Big South)",Jr.,QB,11,14,8,1,2,201
132,"Jared Gerbino, Dartmouth (Ivy League)",Jr.,WR,8,21,12,1,4,159
133,"Brandon Porter, Northern Ariz. (Big Sky)",Fr.,WR,10,30,10,2,3,154
134,"Preston Rice, Murray St. (OVC)",Fr.,QB,10,12,6,0,0,121
135,"Adeyemi DaSilva, Villanova (CAA)",Sr.,WR,11,8,6,0,1,117
136,"Carson Crawford, UC Davis (Big Sky)",Fr.,WR,11,6,2,0,0,100
137,"Joe Walker, Delaware (CAA)",Sr.,WR,12,2,2,0,0,83
138,"Sam McPherson, Eastern Wash. (Big Sky)",Sr.,RB,15,3,3,0,0,78
139,"Brett Brumbaugh, Duquesne (NEC)",Jr.,QB,11,7,3,1,1,77
140,"Gunnar Leyendecker, Davidson (Pioneer)",Fr.,QB,9,1,1,0,1,74
141,"Justis Stokes, Northern Ariz. (Big Sky)",So.,WR,9,2,2,0,2,73
142,"Caleb Drake, Richmond (CAA)",Sr.,WR,11,2,2,0,2,65
143,"Jerreth Sterns, Houston Christian (Southland)",Fr.,WR,11,2,2,0,1,63
144,"Drew Belcher, Maine (CAA)",Sr.,QB,14,4,4,0,2,61
144,"Jon Jon Roberts, Holy Cross (Patriot)",Jr.,WR,11,1,1,0,0,61
146,"Lorenzo Nunez, Southeastern La. (Southland)",Jr.,QB,9,7,5,0,1,58
147,"Dev Holmes, UAlbany (CAA)",Fr.,WR,11,1,1,0,1,54
148,"Kendall Catalon, Southern U. (SWAC)",So.,WR,11,3,2,0,0,53
149,"Kyle Castner, Columbia (Ivy League)",Sr.,WR,10,5,4,0,2,52
150,"Jason Hill, Wofford (SoCon)",Jr.,WR,13,2,2,0,1,51
