Rank,Player,Cl,Pos,G,Pass Att,Pass Com,Int,Pass TD,Pass Yds
1,"Patrick Mahomes, Texas Tech (Big 12)",Jr.,QB,12,591,388,10,41,"5,052"
2,"Ryan Higgins, Louisiana Tech (C-USA)",Sr.,QB,13,496,329,8,41,"4,617"
3,"Deshaun Watson, Clemson (ACC)",Jr.,QB,15,579,388,17,41,"4,593"
4,"Luke Falk, Washington St. (Pac-12)",Jr.,QB,13,633,443,11,38,"4,468"
5,"Mike White, Western Ky. (C-USA)",Jr.,QB,14,416,280,7,37,"4,363"
6,"Davis Webb, California (Pac-12)",Sr.,QB,12,620,382,12,37,"4,295"
7,"Logan Woodside, Toledo (MAC)",Jr.,QB,13,418,289,9,45,"4,129"
8,"Mason Rudolph, Oklahoma St. (Big 12)",Jr.,QB,13,448,284,4,28,"4,091"
9,"Baker Mayfield, Oklahoma (Big 12)",Jr.,QB,13,358,254,8,40,"3,965"
10,"Mitch Trubisky, North Carolina (ACC)",Jr.,QB,13,447,304,6,30,"3,748"
11,"Riley Ferguson, Memphis (AAC)",Jr.,QB,13,443,280,10,32,"3,698"
12,"Brett Rypien, Boise St. (Mountain West)",So.,QB,13,394,244,8,24,"3,646"
13,"Trace McSorley, Penn St. (Big Ten)",So.,QB,14,387,224,8,29,"3,614"
14,"Greg Ward Jr., Houston (AAC)",Sr.,QB,12,469,319,13,22,"3,557"
15,"Jerod Evans, Virginia Tech (ACC)",Jr.,QB,14,422,268,8,29,"3,552"
16,"Lamar Jackson, Louisville (ACC)",So.,QB,13,409,230,9,30,"3,543"
17,"Cooper Rush, Central Mich. (MAC)",Sr.,QB,13,465,278,16,23,"3,540"
18,"Zach Terrell, Western Mich. (MAC)",Sr.,QB,14,377,263,4,33,"3,533"
19,"Brad Kaaya, Miami (FL) (ACC)",Jr.,QB,13,421,261,7,27,"3,532"
20,"Austin Allen, Arkansas (SEC)",Jr.,QB,13,401,245,15,25,"3,430"
20,"Jake Browning, Washington (Pac-12)",So.,QB,14,391,243,9,43,"3,430"
22,"Drew Lock, Missouri (SEC)",So.,QB,12,434,237,10,23,"3,399"
23,"Richard Lagow, Indiana (Big Ten)",Jr.,QB,13,438,253,17,19,"3,362"
24,"David Blough, Purdue (Big Ten)",So.,QB,12,517,295,21,25,"3,352"
25,"Deondre Francois, Florida St. (ACC)",Fr.,QB,13,400,235,7,20,"3,350"
26,"Dane Evans, Tulsa (AAC)",Sr.,QB,13,435,259,12,32,"3,348"
27,"Skyler Howard, West Virginia (Big 12)",Sr.,QB,13,404,247,10,26,"3,328"
28,"Phillip Walker, Temple (AAC)",Sr.,QB,14,395,230,13,22,"3,295"
29,"Nick Mullens, Southern Miss. (C-USA)",Sr.,QB,11,384,243,11,24,"3,272"
30,"Brent Stockstill, Middle Tenn. (C-USA)",So.,QB,10,414,262,7,31,"3,233"
31,"Kenny Hill, TCU (Big 12)",Jr.,QB,13,440,269,13,17,"3,208"
32,"Josh Allen, Wyoming (Mountain West)",So.,QB,14,373,209,15,28,"3,203"
33,"Matt Linehan, Idaho (Sun Belt)",Jr.,QB,13,415,257,10,19,"3,184"
34,"Clayton Thorson, Northwestern (Big Ten)",So.,QB,13,478,280,9,22,"3,182"
35,"Brandon Silvers, Troy (Sun Belt)",Jr.,QB,13,460,293,12,23,"3,180"
36,"Sam Darnold, Southern California (Pac-12)",Fr.,QB,13,366,246,9,31,"3,086"
37,"Ryan Finley, NC State (ACC)",Jr.,QB,13,402,243,8,18,"3,055"
38,"Shane Buechele, Texas (Big 12)",Fr.,QB,12,391,236,11,21,"2,958"
39,"Joshua Dobbs, Tennessee (SEC)",Sr.,QB,13,357,225,12,27,"2,946"
40,"Ben Hicks, SMU (AAC)",Fr.,QB,12,422,234,15,19,"2,930"
41,"Deshone Kizer, Notre Dame (FBS Independent)",Jr.,QB,12,361,212,9,26,"2,925"
42,"Nate Peterman, Pittsburgh (ACC)",Sr.,QB,13,306,185,7,27,"2,855"
43,"Daniel Jones, Duke (ACC)",Fr.,QB,12,430,270,9,16,"2,836"
43,"David Washington, Old Dominion (C-USA)",Sr.,QB,13,340,202,5,31,"2,836"
45,"Quinton Flowers, South Fla. (AAC)",Jr.,QB,13,331,207,7,24,"2,812"
46,"Jalen Hurts, Alabama (SEC)",Fr.,QB,15,382,240,9,23,"2,780"
47,"Chad Kelly, Ole Miss (SEC)",Sr.,QB,9,328,205,8,19,"2,758"
48,"Troy Williams, Utah (Pac-12)",Jr.,QB,13,390,207,8,15,"2,757"
49,"Justice Hansen, Arkansas St. (Sun Belt)",So.,QB,13,340,197,8,19,"2,719"
50,"Dallas Davis, South Alabama (Sun Belt)",So.,QB,11,349,198,12,11,"2,706"
51,"Brogan Roback, Eastern Mich. (MAC)",Jr.,QB,10,372,219,7,18,"2,694"
52,"Conner Manning, Georgia St. (Sun Belt)",Jr.,QB,10,373,207,13,16,"2,684"
53,"Eric Dungey, Syracuse (ACC)",So.,QB,9,355,230,7,15,"2,679"
54,"Andrew Ford, Massachusetts (FBS Independent)",So.,QB,11,365,222,14,26,"2,665"
55,"Philip Nelson, East Carolina (AAC)",Sr.,QB,10,349,237,8,16,"2,621"
56,"Chase Litton, Marshall (C-USA)",So.,QB,10,371,231,9,24,"2,612"
57,"Tyler Rogers, New Mexico St. (Sun Belt)",Sr.,QB,11,404,224,12,16,"2,603"
58,"J.T. Barrett, Ohio St. (Big Ten)",Jr.,QB,13,379,233,7,24,"2,555"
59,"Kurt Benkert, Virginia (ACC)",Jr.,QB,11,406,228,11,21,"2,552"
60,"Riley Neal, Ball St. (MAC)",So.,QB,11,394,242,12,13,"2,541"
61,"Wilton Speight, Michigan (Big Ten)",Jr.,QB,12,331,204,7,18,"2,538"
62,"Dru Brown, Hawaii (Mountain West)",So.,QB,13,335,209,7,19,"2,488"
63,"Trevor Knight, Texas A&M (SEC)",Sr.,QB,11,362,193,7,19,"2,432"
64,"Jacob Eason, Georgia (SEC)",Fr.,QB,13,370,204,8,16,"2,430"
65,"Nick Fitzgerald, Mississippi St. (SEC)",So.,QB,13,361,196,10,21,"2,423"
66,"Jason Driskel, Fla. Atlantic (C-USA)",Jr.,QB,12,327,200,11,9,"2,415"
67,"Kyle Shurmur, Vanderbilt (SEC)",So.,QB,13,375,204,10,9,"2,409"
68,"Kent Myers, Utah St. (Mountain West)",Jr.,QB,12,361,211,8,10,"2,389"
69,"Sefo Liufau, Colorado (Pac-12)",Sr.,QB,12,319,200,6,11,"2,366"
70,"Manny Wilkins, Arizona St. (Pac-12)",So.,QB,10,311,197,9,12,"2,329"
71,"Taysom Hill, BYU (FBS Independent)",Sr.,QB,12,372,222,11,12,"2,323"
72,"Taylor Lamb, App State (Sun Belt)",Jr.,QB,13,325,197,8,15,"2,281"
73,"Kenny Potter, San Jose St. (Mountain West)",Sr.,QB,11,308,183,10,16,"2,273"
74,"Tyler Jones, Texas St. (Sun Belt)",Sr.,QB,11,343,221,14,11,"2,186"
75,"Tommy Armstrong Jr., Nebraska (Big Ten)",Sr.,QB,11,294,151,8,14,"2,180"
76,"Anthony Jennings, Louisiana (Sun Belt)",Sr.,QB,13,323,193,13,11,"2,178"
77,"Dalton Sturm, UTSA (C-USA)",Jr.,QB,13,299,169,6,20,"2,170"
78,"Mitch Leidner, Minnesota (Big Ten)",Sr.,QB,12,307,173,12,8,"2,169"
79,"Seth Russell, Baylor (Big 12)",Sr.,QB,9,278,152,8,20,"2,126"
80,"Danny Etling, LSU (SEC)",Jr.,QB,11,269,160,5,11,"2,123"
81,"James Morgan, Bowling Green (MAC)",Fr.,QB,12,326,183,15,16,"2,082"
82,"Thomas Woodson, Akron (MAC)",Jr.,QB,8,242,146,6,18,"2,079"
83,"Tyler Stehling, Rice (C-USA)",Sr.,QB,11,316,194,7,12,"2,049"
84,"Stephen Johnson, Kentucky (SEC)",Jr.,QB,12,265,145,6,13,"2,037"
85,"Chason Virgil, Fresno St. (Mountain West)",Fr.,QB,10,322,166,10,13,"2,021"
86,"Bryant Shierreffs, UConn (AAC)",Jr.,QB,9,283,166,6,7,"2,010"
87,"Christian Chapman, San Diego St. (Mountain West)",So.,QB,14,251,153,6,20,"1,994"
88,"McKenzie Milton, UCF (AAC)",Fr.,QB,10,336,194,7,10,"1,983"
89,"Tyler O'Connor, Michigan St. (Big Ten)",Sr.,QB,11,262,154,9,16,"1,970"
90,"Justin Herbert, Oregon (Pac-12)",Fr.,QB,9,255,162,4,19,"1,936"
90,"Nick Stevens, Colorado St. (Mountain West)",Jr.,QB,10,201,129,5,19,"1,936"
92,"C.J. Beathard, Iowa (Big Ten)",Sr.,QB,13,301,170,10,17,"1,929"
93,"Josh Rosen, UCLA (Pac-12)",So.,QB,6,231,137,5,10,"1,915"
94,"Greg Windham, Ohio (MAC)",Sr.,QB,11,297,161,8,14,"1,895"
95,"Alex McGough, FIU (C-USA)",Jr.,QB,9,286,167,11,13,"1,891"
96,"Jacob Park, Iowa St. (Big 12)",So.,QB,10,226,133,5,12,"1,791"
97,"John Wolford, Wake Forest (ACC)",Jr.,QB,12,299,166,10,9,"1,774"
98,"Tyree Jackson, Buffalo (MAC)",So.,QB,10,311,165,9,9,"1,772"
99,"Jesse Ertz, Kansas St. (Big 12)",Jr.,QB,13,264,152,4,9,"1,755"
100,"Hayden Moore, Cincinnati (AAC)",So.,QB,7,255,146,7,11,"1,744"
101,"Patrick Towles, Boston College (ACC)",Sr.,QB,13,273,138,7,12,"1,730"
102,"Sean White, Auburn (SEC)",So.,QB,11,208,133,3,9,"1,679"
103,"Mike Fafaul, UCLA (Pac-12)",Sr.,QB,12,259,135,11,12,"1,602"
104,"Mason Fine, North Texas (C-USA)",Fr.,QB,10,261,155,5,6,"1,572"
105,"Justin Thomas, Georgia Tech (ACC)",Sr.,QB,12,148,79,2,8,"1,559"
106,"Gus Ragland, Miami (OH) (MAC)",So.,QB,7,179,115,1,17,"1,537"
107,"Zach Smith, Baylor (Big 12)",Fr.,QB,10,196,116,7,13,"1,526"
108,"Perry Hills, Maryland (Big Ten)",Sr.,QB,11,197,122,4,12,"1,464"
109,"Austin Appleby, Florida (SEC)",Sr.,QB,9,209,127,7,10,"1,447"
110,"Jake Bentley, South Carolina (SEC)",Fr.,QB,7,190,125,4,9,"1,420"
111,"Will Worth, Navy (AAC)",Sr.,QB,12,117,72,3,8,"1,397"
112,"Wes Lunt, Illinois (Big Ten)",Sr.,QB,8,232,127,3,8,"1,376"
113,"Ryan Metz, UTEP (C-USA)",So.,QB,11,201,130,4,14,"1,375"
114,"Luke Del Rio, Florida (SEC)",So.,QB,6,201,114,8,8,"1,358"
115,"Hasaan Klugh, Charlotte (C-USA)",So.,QB,11,224,120,3,10,"1,356"
116,"Brandon Dawkins, Arizona (Pac-12)",So.,QB,10,182,98,6,8,"1,348"
117,"Gardner Minshew, East Carolina (AAC)",So.,QB,7,202,119,4,8,"1,347"
118,"Glen Cuiellette, Tulane (AAC)",So.,QB,12,237,101,8,10,"1,309"
119,"Ty Gangi, Nevada (Mountain West)",So.,QB,10,172,99,6,8,"1,301"
120,"Joel Lanning, Iowa St. (Big 12)",Jr.,QB,12,169,99,3,9,"1,290"
121,"Marcus McMaryion, Oregon St. (Pac-12)",So.,QB,8,170,101,5,10,"1,286"
122,"Alex Hornibrook, Wisconsin (Big Ten)",Fr.,QB,13,181,106,7,9,"1,262"
123,"Quinton Maxwell, Ohio (MAC)",So.,QB,10,161,89,4,8,"1,247"
124,"Bart Houston, Wisconsin (Big Ten)",Sr.,QB,11,141,96,3,5,"1,245"
125,"Garrett Smith, ULM (Sun Belt)",So.,QB,8,179,103,7,9,"1,237"
126,"Dakota Prukop, Oregon (Pac-12)",Sr.,QB,6,143,94,2,8,"1,214"
127,"Anthony Maddie, NIU (MAC)",Sr.,WR,7,175,105,5,8,"1,213"
128,"Nate Romine, Air Force (Mountain West)",Sr.,QB,9,108,45,4,10,"1,206"
129,"Tyler Stewart, Nevada (Mountain West)",Sr.,QB,8,174,110,3,9,"1,161"
130,"Billy Bahl, Miami (OH) (MAC)",So.,QB,5,125,69,4,8,"1,154"
