Rank,Player,Cl,Pos,G,Pass Att,Pass Com,Int,Pass TD,Pass Yds
1,"Brandon Doughty, Western Ky. (C-USA)",Sr.,QB,14,540,388,9,48,"5,055"
2,"Matt Johnson, Bowling Green (MAC)",Sr.,QB,14,569,383,8,46,"4,946"
3,"Jared Goff, California (Pac-12)",Jr.,QB,13,529,341,13,43,"4,719"
4,"Patrick Mahomes, Texas Tech (Big 12)",So.,QB,13,573,364,15,36,"4,653"
5,"Luke Falk, Washington St. (Pac-12)",So.,QB,12,645,448,8,38,"4,566"
6,"Nick Mullens, Southern Miss. (C-USA)",Jr.,QB,14,521,331,12,38,"4,476"
7,"Nick Arbuckle, Georgia St. (Sun Belt)",Sr.,QB,13,486,307,12,28,"4,368"
8,"Dane Evans, Tulsa (AAC)",Jr.,QB,13,485,305,8,25,"4,332"
9,"Deshaun Watson, Clemson (ACC)",So.,QB,15,491,333,13,35,"4,104"
10,"Chad Kelly, Ole Miss (SEC)",Jr.,QB,13,458,298,13,31,"4,042"
11,"Jeff Driskel, Louisiana Tech (C-USA)",Sr.,QB,13,450,281,8,27,"4,033"
12,"Brent Stockstill, Middle Tenn. (C-USA)",Fr.,QB,13,490,327,9,30,"4,005"
13,"Mike Bercovici, Arizona St. (Pac-12)",Sr.,QB,13,532,319,9,30,"3,861"
14,"Cooper Rush, Central Mich. (MAC)",Jr.,QB,13,489,324,11,25,"3,848"
15,"Dak Prescott, Mississippi St. (SEC)",Sr.,QB,13,477,316,5,29,"3,793"
16,"Paxton Lynch, Memphis (AAC)",Jr.,QB,13,443,296,4,28,"3,776"
17,"Mason Rudolph, Oklahoma St. (Big 12)",So.,QB,13,424,264,9,21,"3,770"
18,"Baker Mayfield, Oklahoma (Big 12)",Jr.,QB,13,395,269,7,36,"3,700"
19,"Josh Rosen, UCLA (Pac-12)",Fr.,QB,13,487,292,11,23,"3,670"
20,"Trevone Boykin, TCU (Big 12)",Sr.,QB,11,396,257,10,31,"3,575"
21,"Nate Sudfeld, Indiana (Big Ten)",Sr.,QB,12,412,247,7,27,"3,573"
22,"Cody Kessler, Southern California (Pac-12)",Sr.,QB,14,446,298,7,29,"3,536"
23,"Zach Terrell, Western Mich. (MAC)",Jr.,QB,13,391,262,9,29,"3,510"
24,"Brandon Allen, Arkansas (SEC)",Sr.,QB,13,370,244,8,30,"3,440"
25,"Tanner Mangum, BYU (FBS Independent)",Fr.,QB,13,446,267,10,23,"3,377"
26,"Brett Rypien, Boise St. (Mountain West)",Fr.,QB,11,430,273,8,20,"3,353"
27,"Brad Kaaya, Miami (FL) (ACC)",So.,QB,12,390,239,5,16,"3,242"
28,"Skyler Howard, West Virginia (Big 12)",Jr.,QB,13,403,221,14,26,"3,145"
29,"Connor Cook, Michigan St. (Big Ten)",Sr.,QB,13,408,229,7,24,"3,131"
30,"Jake Coker, Alabama (SEC)",Sr.,QB,15,393,263,8,21,"3,110"
31,"Marquise Williams, North Carolina (ACC)",Sr.,QB,14,357,219,10,24,"3,072"
32,"Tommy Armstrong Jr., Nebraska (Big Ten)",Jr.,QB,12,402,222,16,22,"3,030"
33,"Jake Rudock, Michigan (Big Ten)",Sr.,QB,13,389,249,9,20,"3,017"
34,"Matt Linehan, Idaho (Sun Belt)",So.,QB,11,391,248,11,16,"2,992"
35,"P.J. Walker, Temple (AAC)",Jr.,QB,14,433,246,8,19,"2,973"
36,"Joe Licata, Buffalo (MAC)",Sr.,QB,12,449,280,15,16,"2,969"
37,"Phillip Ely, Toledo (MAC)",Sr.,QB,12,403,226,10,23,"2,965"
38,"Jake Browning, Washington (Pac-12)",Fr.,QB,12,368,233,10,16,"2,955"
39,"Blake Frohnapfel, Massachusetts (MAC)",Sr.,QB,12,472,266,13,16,"2,919"
40,"Deshone Kizer, Notre Dame (FBS Independent)",So.,QB,13,335,211,10,21,"2,884"
41,"Kevin Hogan, Stanford (Pac-12)",Sr.,QB,14,304,206,8,27,"2,867"
42,"Greg Ward, Jr., Houston (AAC)",Jr.,QB,14,345,232,6,17,"2,828"
43,"Matt Johns, Virginia (ACC)",Jr.,QB,12,403,247,17,20,"2,810"
44,"C.J. Beathard, Iowa (Big Ten)",Jr.,QB,14,362,223,5,17,"2,809"
45,"Gunner Kiel, Cincinnati (AAC)",Jr.,QB,10,316,206,11,19,"2,777"
46,"Wes Lunt, Illinois (Big Ten)",Jr.,QB,12,481,270,6,14,"2,761"
47,"Alex McGough, FIU (C-USA)",So.,QB,12,420,269,8,21,"2,722"
48,"Mitch Leidner, Minnesota (Big Ten)",Jr.,QB,13,407,242,11,14,"2,701"
49,"Joel Stave, Wisconsin (Big Ten)",Sr.,QB,13,370,225,11,11,"2,687"
50,"Nick Stevens, Colorado St. (Mountain West)",So.,QB,13,347,211,12,21,"2,679"
51,"Anu Solomon, Arizona (Pac-12)",So.,QB,11,330,205,5,20,"2,667"
52,"Jacoby Brissett, NC State (ACC)",Sr.,QB,13,395,237,6,20,"2,662"
53,"Blake Kemp, East Carolina (AAC)",Jr.,QB,11,375,260,10,16,"2,658"
54,"Vernon Adams Jr., Oregon (Pac-12)",Sr.,QB,10,259,168,6,26,"2,643"
55,"Thomas Sirk, Duke (ACC)",Jr.,QB,12,427,251,8,16,"2,625"
56,"Chase Litton, Marshall (C-USA)",Fr.,QB,11,383,230,8,23,"2,605"
57,"Christian Hackenberg, Penn St. (Big Ten)",Jr.,QB,13,359,192,6,16,"2,525"
58,"Tyler Jones, Texas St. (Sun Belt)",Jr.,QB,12,382,223,10,14,"2,517"
59,"Sefo Liufau, Colorado (Pac-12)",Jr.,QB,11,344,214,6,9,"2,418"
60,"Taylor Lamb, App State (Sun Belt)",So.,QB,13,283,170,9,31,"2,387"
61,"Brandon Silvers, Troy (Sun Belt)",So.,QB,11,330,202,7,20,"2,378"
62,"Driphus Jackson, Rice (C-USA)",Sr.,QB,12,316,185,7,18,"2,348"
63,"Brogan Roback, Eastern Mich. (MAC)",So.,QB,12,346,211,11,16,"2,304"
64,"Quinton Flowers, South Fla. (AAC)",So.,QB,13,276,163,8,22,"2,296"
65,"Joshua Dobbs, Tennessee (SEC)",Jr.,QB,13,344,205,5,15,"2,291"
66,"Nate Peterman, Pittsburgh (ACC)",Jr.,QB,13,314,193,8,20,"2,287"
67,"Riley Neal, Ball St. (MAC)",Fr.,QB,11,391,228,6,16,"2,276"
68,"Cody Clements, South Alabama (Sun Belt)",Sr.,QB,12,324,171,15,13,"2,272"
69,"Matt Davis, SMU (AAC)",Jr.,QB,12,336,183,7,16,"2,263"
70,"Chris Laviano, Rutgers (Big Ten)",So.,QB,12,307,187,12,16,"2,247"
71,"Kyle Allen, Texas A&M (SEC)",So.,QB,11,283,160,7,17,"2,210"
72,"Thomas Woodson, Akron ()",So.,QB,13,307,162,11,16,"2,202"
73,"Brandon Harris, LSU (SEC)",So.,QB,12,277,149,6,13,"2,165"
74,"Patrick Towles, Kentucky (SEC)",Jr.,QB,11,326,183,14,9,"2,148"
75,"Tyler Stewart, Nevada (Mountain West)",Jr.,QB,13,326,186,7,15,"2,139"
76,"Seth Russell, Baylor (Big 12)",Jr.,QB,7,200,119,6,29,"2,104"
77,"Travis Wilson, Utah (Pac-12)",Sr.,QB,12,314,195,10,13,"2,095"
78,"Bryant Shierreffs, UConn (AAC)",So.,QB,12,279,168,8,9,"2,078"
79,"Garrett Smith, ULM (Sun Belt)",Fr.,QB,10,333,191,11,17,"2,033"
80,"Kenny Potter, San Jose St. (Mountain West)",Jr.,QB,11,270,182,7,15,"1,984"
81,"Drew Hare, NIU (MAC)",Jr.,QB,9,257,164,4,14,"1,962"
82,"Greyson Lambert, Georgia (SEC)",Jr.,QB,12,256,162,2,12,"1,959"
83,"C. Coffman, Wyoming (Mountain West)",---,QB,9,241,152,10,18,"1,951"
84,"Perry Orth, South Carolina (SEC)",Jr.,QB,12,261,143,9,12,"1,929"
85,"Hayden Moore, Cincinnati (AAC)",Fr.,QB,9,225,133,11,9,"1,885"
86,"Lamar Jackson, Louisville (ACC)",Fr.,QB,12,247,135,8,12,"1,840"
87,"Joe Hubener, Kansas St. (Big 12)",Jr.,QB,13,275,131,10,9,"1,837"
88,"Fredi Knighten, Arkansas St. (Sun Belt)",Sr.,QB,10,251,136,9,19,"1,835"
89,"Derrius Vick, Ohio (MAC)",Sr.,QB,10,247,158,6,10,"1,809"
90,"John Wolford, Wake Forest (ACC)",So.,QB,11,233,142,11,9,"1,791"
91,"Everett Golson, Florida St. (ACC)",Sr.,QB,9,219,147,3,11,"1,778"
92,"Ryan Willis, Kansas (Big 12)",Fr.,QB,10,315,164,10,9,"1,719"
93,"Blake Decker, UNLV (Mountain West)",Sr.,QB,9,209,120,8,12,"1,713"
94,"Michael Brewer, Virginia Tech (ACC)",Sr.,QB,8,216,126,7,13,"1,703"
95,"Treon Harris, Florida (SEC)",So.,QB,12,235,119,6,9,"1,676"
96,"Tanner Lee, Tulane (AAC)",So.,QB,9,276,143,7,11,"1,639"
97,"Karson Roberts, Air Force (Mountain West)",Sr.,QB,14,148,77,11,11,"1,595"
98,"Kent Myers, Utah St. (Mountain West)",So.,QB,9,199,121,3,16,"1,593"
99,"Jaquez Johnson, Fla. Atlantic (C-USA)",Sr.,QB,10,241,129,7,9,"1,592"
100,"David Blough, Purdue (Big Ten)",Fr.,QB,10,293,169,8,10,"1,574"
101,"Max Wittek, Hawaii (Mountain West)",Sr.,QB,9,271,128,15,7,"1,542"
102,"Johnny McCrary, Vanderbilt (SEC)",So.,QB,10,267,146,12,6,"1,533"
103,"Andrew Allen, New Mexico St. (Sun Belt)",So.,WR,7,214,115,8,16,"1,529"
103,"Maxwell Smith, San Diego St. (Mountain West)",Sr.,QB,12,200,110,2,13,"1,529"
105,"Clayton Thorson, Northwestern (Big Ten)",Fr.,QB,13,295,150,9,7,"1,522"
106,"Sean Maguire, Florida St. (ACC)",Jr.,QB,8,189,112,6,11,"1,520"
107,"Cardale Jones, Ohio St. (Big Ten)",Jr.,QB,10,176,110,5,8,"1,460"
108,"Sam B. Richardson, Iowa St. (Big 12)",Sr.,QB,9,213,128,8,8,"1,443"
109,"Shuler Bentley, Old Dominion (C-USA)",Fr.,QB,10,269,140,6,12,"1,432"
110,"Billy Bahl, Miami (OH) (MAC)",Fr.,QB,11,221,99,13,8,"1,416"
111,"Brooks Haack, Louisiana (Sun Belt)",Jr.,QB,10,201,123,7,5,"1,407"
112,"Justin Holman, UCF (AAC)",Jr.,QB,9,250,127,14,7,"1,379"
113,"Dalton Sturm, UTSA (C-USA)",So.,QB,10,212,125,7,13,"1,354"
114,"Justin Thomas, Georgia Tech (ACC)",Jr.,QB,12,180,75,8,13,"1,345"
115,"Drew Lock, Missouri (SEC)",Fr.,QB,12,263,129,8,4,"1,332"
116,"Eric Dungey, Syracuse (ACC)",Fr.,QB,8,176,105,5,11,"1,298"
117,"Jarrett Stidham, Baylor (Big 12)",Fr.,QB,10,109,75,2,12,"1,265"
118,"Austin Appleby, Purdue (Big Ten)",Jr.,QB,5,207,119,8,8,"1,260"
119,"Joel Lanning, Iowa St. (Big 12)",So.,QB,11,193,107,4,10,"1,247"
120,"Mack Leftwich, UTEP (C-USA)",So.,QB,7,192,105,3,9,"1,228"
121,"Jerrod Heard, Texas (Big 12)",Fr.,QB,12,159,92,5,5,"1,214"
122,"Will Grier, Florida (SEC)",Fr.,QB,6,161,106,3,10,"1,204"
123,"Keenan Reynolds, Navy (AAC)",Sr.,QB,13,115,61,1,8,"1,203"
124,"Sean White, Auburn (SEC)",Fr.,QB,7,143,83,4,1,"1,166"
125,"Brenden Motley, Virginia Tech (ACC)",Jr.,QB,10,164,92,7,11,"1,155"
125,"David Washington, Old Dominion (C-USA)",Jr.,QB,9,161,94,3,8,"1,155"
127,"Kyle Bolin, Louisville (ACC)",So.,QB,7,137,78,6,7,"1,154"
128,"Jeremy Johnson, Auburn (SEC)",Jr.,QB,12,157,95,7,10,"1,054"
129,"Lamar Jordan, New Mexico (Mountain West)",So.,QB,12,118,61,8,5,"1,045"
130,"Damarcus Smith, North Texas (C-USA)",Jr.,QB,10,212,99,5,8,"1,010"
