Rank,Player,Cl,Pos,G,Pass Att,Pass Com,Int,Pass TD,Pass Yds
1,"Eric Schmid, Sam Houston (Southland)",Jr.,QB,10,325,194,9,20,"2,808"
2,"Cole Kelley, Southeastern La. (Southland)",Sr.,QB,7,305,210,4,18,"2,662"
3,"Eric Barriere, Eastern Wash. (Big Sky)",Sr.,QB,7,296,183,7,19,"2,448"
4,"Cameron Ward, UIW (Southland)",Fr.,QB,6,303,183,4,24,"2,260"
5,"Liam Welch, Samford (SoCon)",Sr.,QB,6,236,161,5,12,"2,242"
6,"Trae Self, SFA (Southland)",Sr.,QB,10,263,153,7,15,"2,001"
7,"Breylin Smith, Central Ark. (Southland)",Jr.,QB,8,310,174,10,19,"1,861"
8,"Tyler Vander Waal, Idaho St. (Big Sky)",Jr.,QB,6,215,116,10,12,"1,843"
9,"Bailey Zappe, Houston Baptist (Southland)",Sr.,QB,4,215,141,1,15,"1,833"
10,"Zion Webb, Jacksonville St. (OVC)",Jr.,QB,12,205,120,8,13,"1,777"
11,"Connor Sampson, Western Ill. (MVFC)",Sr.,QB,6,275,179,6,8,"1,744"
12,"Justin Miller, Southern Utah (Big Sky)",Jr.,QB,6,234,154,3,15,"1,706"
13,"John Bachus III, UT Martin (OVC)",So.,QB,7,264,155,7,14,"1,694"
14,"Lindsey Scott, Nicholls (Southland)",Sr.,QB,7,215,125,7,18,"1,684"
15,"Cole Johnson, James Madison (CAA)",Sr.,QB,8,166,109,7,11,"1,633"
16,"Mark Pappas, Morehead St. (Pioneer)",Jr.,QB,7,228,141,6,14,"1,568"
17,"Mark Gronowski, South Dakota St. (MVFC)",Fr.,QB,10,188,108,3,15,"1,565"
18,"Mason Randall, San Diego (Pioneer)",Sr.,QB,6,202,128,11,10,"1,561"
19,"Cody Orgeron, McNeese (Southland)",Sr.,QB,7,194,119,3,10,"1,560"
20,"Nolan Henderson, Delaware (CAA)",Jr.,QB,8,191,135,4,10,"1,482"
21,"Tyler Huff, Presbyterian (Pioneer)",So.,QB,6,206,128,5,10,"1,465"
22,"Tommy Schuster, North Dakota (MVFC)",Fr.,QB,7,197,129,5,10,"1,428"
23,"Seth Morgan, VMI (SoCon)",So.,QB,7,171,122,4,10,"1,374"
24,"Andrew Bunch, Southeast Mo. St. (OVC)",Sr.,QB,8,221,125,9,8,"1,370"
25,"Aqeel Glass, Alabama A&M (SWAC)",Sr.,QB,4,158,91,4,16,"1,355"
26,"Carter Peevy, Mercer (SoCon)",Fr.,QB,9,164,89,4,8,"1,318"
27,"Preston Rice, Murray St. (OVC)",Jr.,QB,7,179,93,5,9,"1,294"
28,"Hamp Sisson, Furman (SoCon)",So.,QB,7,172,89,9,12,"1,258"
29,"Peyton Mansell, Abilene Christian (Southland)",Jr.,QB,6,167,104,4,5,"1,237"
30,"Skyler Perry, Ark.-Pine Bluff (SWAC)",Jr.,QB,5,178,102,6,13,"1,236"
31,"Joe Mischler, Duquesne (NEC)",So.,QB,5,130,85,4,9,"1,195"
32,"Bronson Barron, Weber St. (Big Sky)",Fr.,QB,5,132,74,2,7,"1,097"
33,"Bryce Rivers, Northwestern St. (Southland)",Jr.,QB,5,143,76,2,6,"1,091"
34,"Keondre Wudtee, Northern Ariz. (Big Sky)",Sr.,QB,5,137,80,1,4,"1,080"
35,"Sam Brown, Butler (Pioneer)",Jr.,QB,5,163,99,8,3,"1,060"
36,"Tim DeMorat, Fordham (Patriot)",Jr.,QB,3,129,93,3,5,"1,049"
37,"Tony Muskett, Monmouth (Big South)",Fr.,QB,4,128,80,2,9,"1,039"
38,"Jaden Johnson, Missouri St. (MVFC)",Fr.,QB,8,181,96,6,3,"1,028"
39,"Jalon Jones, Jackson St. (SWAC)",So.,,5,143,79,3,11,"1,016"
40,"Jack Chambers, Charleston So. (Big South)",Jr.,QB,4,139,88,4,7,998
41,"Carson Camp, South Dakota (MVFC)",Fr.,QB,4,130,82,4,3,968
42,"Hunter Rodrigues, UC Davis (Big Sky)",Jr.,QB,5,119,78,4,8,931
43,"Ryan Nettles, Alabama St. (SWAC)",So.,QB,5,144,85,5,8,917
44,"Isaiah Green, Tennessee St. (OVC)",Jr.,QB,7,132,76,2,2,916
45,"Willie Miller, Tennessee Tech (OVC)",So.,QB,7,149,80,8,5,879
46,"Marquez McCray, Sacred Heart (NEC)",So.,QB,5,106,69,4,7,859
47,"Joe Fagnano, Maine (CAA)",So.,QB,4,116,67,1,8,795
48,"Drayton Arnold, Chattanooga (SoCon)",Sr.,QB,5,104,50,3,3,783
49,"Carlton Aiken, Gardner-Webb (Big South)",Sr.,QB,4,123,75,7,3,709
50,"Joe Mancuso, Richmond (CAA)",Sr.,QB,4,112,62,1,6,706
51,"Daniel Smith, Villanova (CAA)",Sr.,QB,4,116,57,2,4,688
52,"Tyler Phelps, Davidson (Pioneer)",Sr.,QB,7,91,51,3,7,676
53,"Hajj-Malik Williams, Campbell (Big South)",So.,QB,4,99,53,3,3,662
54,"Bryce  Jefferson, Illinois St. (MVFC)",So.,QB,4,109,54,6,3,640
55,"Harry Woodbery, Eastern Ill. (OVC)",Sr.,QB,5,115,53,3,3,631
56,"Logan Bitikofer, Bucknell (Patriot)",Sr.,QB,4,110,64,7,2,606
57,"Cole Northrup, Lafayette (Patriot)",Sr.,QB,3,77,48,3,4,602
58,"Trazon Connley, Prairie View (SWAC)",Jr.,,3,80,42,4,4,574
59,"Jeff Undercuffler, UAlbany (CAA)",So.,QB,3,114,62,3,6,553
59,"Jimmy Weirick, Wofford (SoCon)",So.,QB,5,70,40,2,3,553
61,"Conor Regan, LIU (NEC)",Sr.,QB,4,101,50,2,4,547
62,"Ladarius Skelton, Southern U. (SWAC)",Sr.,QB,5,65,37,3,3,529
63,"Mark Waid, Youngstown St. (MVFC)",Fr.,QB,7,97,62,4,3,527
64,"John Lampley, Southern U. (SWAC)",Sr.,QB,4,60,39,3,6,526
65,"Alex Piccirilli, Stetson (Pioneer)",Jr.,QB,4,104,55,8,3,521
66,"George Martin, Robert Morris (Big South)",Jr.,QB,3,87,41,2,3,520
67,"Jared LEWIS, Delaware St. (MEAC)",So.,QB,5,84,43,5,7,509
68,"Jalen Dummett, Lamar University (Southland)",Jr.,QB,6,69,44,3,4,478
69,"Cam Humphrey, Montana (Big Sky)",Sr.,QB,2,57,38,1,5,472
70,"Grant Breneman, Colgate (Patriot)",Sr.,QB,2,64,35,5,0,419
71,"Tyquell Fields, Stony Brook (CAA)",Sr.,QB,4,81,41,1,2,401
72,"Cross Wilkinson, Lehigh (Patriot)",So.,QB,3,75,46,1,1,400
73,"Kasim Hill, Rhode Island (CAA)",Jr.,QB,3,63,36,2,2,389
74,"Quinton Williams, Howard (MEAC)",So.,QB,2,70,33,2,2,386
75,"Geremy Hickbottom, Grambling (SWAC)",Sr.,QB,3,61,40,2,1,380
76,"Kaleb Fletcher, Northwestern St. (Southland)",Jr.,QB,5,69,36,4,2,374
77,"Cam Miller, North Dakota St. (MVFC)",Fr.,QB,8,59,30,3,2,363
78,"Chris Duncan, Valparaiso (Pioneer)",Sr.,QB,5,83,39,3,3,361
79,"Jalani Eason, Mississippi Val. (SWAC)",Jr.,QB,3,86,47,2,1,356
80,"Corey FIELDS, South Carolina St. (MEAC)",Jr.,,3,69,34,5,2,354
81,"Jalen Hamler, Cal Poly (Big Sky)",So.,QB,3,54,31,3,3,352
82,"Brandon Thompson, Presbyterian (Pioneer)",Jr.,QB,6,39,18,1,2,337
83,"Elijah Walker, Grambling (SWAC)",Jr.,QB,4,52,30,1,2,332
84,"Jalen Brown, Texas Southern (SWAC)",Fr.,,2,37,21,1,1,281
85,"Jaylan Adams, The Citadel (SoCon)",So.,QB,11,56,24,3,3,279
86,"Will Jones, Western Caro. (SoCon)",Jr.,QB,7,52,26,2,2,256
87,"Javon Williams Jr. , Southern Ill. (MVFC)",So.,RB,9,14,9,0,3,237
88,"Ryan Clark, Bryant (NEC)",Fr.,QB,4,45,23,2,0,230
89,"Chris Oladokun, Samford (SoCon)",Sr.,QB,7,56,37,2,1,221
89,"TJ Starks, Prairie View (SWAC)",Sr.,QB,3,38,18,2,0,221
91,"Davis Alexander, Portland St. (Big Sky)",Sr.,QB,1,25,15,1,1,193
92,"Jeff Widener, Northern Ariz. (Big Sky)",Fr.,QB,5,34,21,2,0,189
93,"Hunter Raquet, Cal Poly (Big Sky)",Jr.,QB,3,32,17,0,2,188
94,"Matthew Sluka, Holy Cross (Patriot)",Fr.,QB,4,35,20,1,2,187
95,"Tyrece Nick, South Carolina St. (MEAC)",Jr.,,3,6,4,0,3,159
96,"Connor Degenhardt, Holy Cross (Patriot)",Sr.,QB,4,38,21,1,2,147
97,"Gunner Talkington, Eastern Wash. (Big Sky)",Jr.,QB,7,9,6,0,2,132
98,"Peyton Derrick, Wofford (SoCon)",Jr.,QB,4,21,12,2,1,131
99,"Max Brosmer, New Hampshire (CAA)",So.,QB,1,35,20,0,2,128
99,"Ted Hefter, William & Mary (CAA)",Sr.,QB,3,20,13,1,1,128
101,"Brandon Robinson, Rhode Island (CAA)",So.,QB,3,12,7,1,0,124
102,"Kris Brown, Montana (Big Sky)",Fr.,QB,2,12,8,0,1,112
103,"Nick Orlando, Butler (Pioneer)",So.,QB,5,8,5,0,2,99
104,"Ryan Yost, Wagner (NEC)",So.,QB,2,22,10,0,0,92
105,"Gage Moloney, James Madison (CAA)",Jr.,QB,6,13,7,0,1,86
106,"Keilon Elder, Grambling (SWAC)",So.,RB,4,1,1,0,1,77
106,"Quincy HILL, South Carolina St. (MEAC)",Jr.,,3,16,7,1,1,77
108,"Connor Watkins, Villanova (CAA)",Fr.,QB,3,5,5,0,0,72
109,"Braeden Zenelovic, UAlbany (CAA)",So.,QB,4,20,9,2,0,69
110,"Cephus Johnson III, Southeastern La. (Southland)",Jr.,QB,7,3,3,0,1,67
111,"Sean O'Malley, Lafayette (Patriot)",Sr.,QB,3,9,6,1,1,65
112,"Jackson Beerman, Eastern Ky. (OVC)",Jr.,WR,7,1,1,0,1,63
113,"Trent Tompkins, UC Davis (Big Sky)",Fr.,QB,4,10,5,0,1,52
114,"Raleigh Webb, The Citadel (SoCon)",Sr.,WR,12,1,1,0,0,38
115,"Carson Crawford, UC Davis (Big Sky)",Jr.,WR,5,1,1,0,0,36
115,"Beau English III, Richmond (CAA)",Jr.,QB,3,6,6,0,0,36
117,"Justin Olibrice, Howard (MEAC)",Sr.,WR,2,1,1,0,1,35
118,"Quinn Revere, Lafayette (Patriot)",Sr.,WR,3,1,1,0,1,28
119,"Keyion Dixon, Eastern Ky. (OVC)",Sr.,WR,9,2,1,0,0,26
119,"Mason Donaldson, Campbell (Big South)",Sr.,WR,4,1,1,0,1,26
121,"Gavin Landry, Northwestern St. (Southland)",Sr.,WR,6,1,1,0,1,25
122,"Pierre  Strong, South Dakota St. (MVFC)",Jr.,RB,9,1,1,0,1,24
123,"Cade Peterson, North Dakota (MVFC)",Jr.,P,7,2,1,0,0,23
124,"Quincy Vaughn, North Dakota (MVFC)",Fr.,QB,7,3,1,0,1,21
125,"Baniko Harley, Austin Peay (OVC)",Sr.,QB,8,2,1,0,0,18
126,"Michael Markett, Drake (Pioneer)",So.,WR,4,1,1,0,1,17
126,"Dejuan Miller, Ark.-Pine Bluff (SWAC)",Jr.,WR,5,3,1,0,0,17
128,"Max Brimigion, VMI (SoCon)",So.,WR,8,1,1,0,0,16
128,"Gabe Lawson, Valparaiso (Pioneer)",Fr.,QB,5,9,2,0,0,16
130,"Hunter Stephenson, Elon (CAA)",Sr.,P,6,2,1,0,0,15
131,"Terrell Carter, Southeastern La. (Southland)",Jr.,WR,6,2,2,0,2,14
132,"Kirkland Banks, Lamar University (Southland)",Sr.,WR,6,1,1,0,0,10
132,"Donovan Tabon, Stetson (Pioneer)",So.,QB,3,3,2,0,0,10
134,"Kirk Rygol, Montana (Big Sky)",Jr.,QB,2,3,1,0,0,9
135,"Naseim Brantley, Sacred Heart (NEC)",Jr.,WR,5,1,1,0,1,6
135,"Jack Hardin, Furman (SoCon)",Jr.,QB,7,3,1,1,0,6
137,"Blaise Bentsen, Houston Baptist (Southland)",Fr.,QB,4,1,1,0,0,5
138,"Antoine Murray, Howard (MEAC)",Sr.,WR,2,1,1,0,0,4
138,"Garrett Oakey, Colgate (Patriot)",Jr.,WR,2,1,1,0,0,4
138,"Anthony Paoletti, Delaware (CAA)",So.,QB,8,2,2,0,0,4
141,"Nico Gualdoni, Southern Ill. (MVFC)",Sr.,K,10,1,1,0,1,3
142,"Ryan DeLuca, Furman (SoCon)",Sr.,WR,7,1,1,0,0,-1
143,"Lance Lawson, Southern Utah (Big Sky)",Jr.,WR,6,1,1,0,0,-3
