Rank,Player,Cl,Pos,G,Pass Att,Pass Com,Int,Pass TD,Pass Yds
1,"Gage Gubrud, Eastern Wash. (Big Sky)",So.,QB,14,570,386,14,48,"5,160"
2,"Jeremiah Briscoe, Sam Houston (Southland)",Jr.,QB,13,503,315,10,57,"4,602"
3,"Devlin Hodges, Samford (SoCon)",So.,QB,12,530,375,8,36,"4,088"
4,"Taryn Christion, South Dakota St. (MVFC)",So.,QB,13,434,279,9,30,"3,714"
5,"Austin Gahafer, Morehead St. (Pioneer)",Sr.,QB,11,458,254,10,25,"3,404"
6,"KD Humphries, Murray St. (OVC)",Sr.,QB,10,442,283,11,23,"3,116"
7,"Hayden Hildebrand, Central Ark. (Southland)",Jr.,QB,13,391,236,10,19,"3,051"
8,"James Tabary, McNeese (Southland)",Jr.,QB,11,415,249,7,23,"3,036"
9,"Jadrian Clark, Weber St. (Big Sky)",Sr.,QB,12,431,265,14,23,"3,033"
10,"Kyle Lauletta, Richmond (CAA)",Jr.,QB,11,349,220,8,24,"3,022"
11,"Bryan Schor, James Madison (CAA)",Jr.,QB,14,297,217,6,29,"3,002"
12,"Anthony Lawrence, San Diego (Pioneer)",So.,QB,12,364,246,8,25,"2,998"
13,"Devante Kincade, Grambling (SWAC)",Jr.,QB,12,341,218,4,30,"2,996"
14,"Jacob Dolegela, Central Conn. St. (NEC)",So.,QB,11,432,258,9,15,"2,934"
15,"Mike White, Marist (Pioneer)",Jr.,QB,11,418,203,11,21,"2,931"
16,"Sean McGuire, Western Ill. (MVFC)",So.,QB,11,396,230,12,20,"2,914"
17,"Dillon Buechel, Duquesne (NEC)",Sr.,QB,11,363,208,10,23,"2,865"
18,"Dalton Easton, Bryant (NEC)",Sr.,QB,11,388,219,14,28,"2,860"
19,"Brady Gustafson, Montana (Big Sky)",Sr.,QB,9,396,260,8,25,"2,785"
20,"Jack Heneghan, Dartmouth (Ivy League)",Jr.,QB,10,414,247,14,11,"2,725"
21,"Kevin Anderson, Fordham (Patriot)",Sr.,QB,10,325,201,4,27,"2,724"
22,"Jake Kolbe, Illinois St. (MVFC)",So.,QB,12,365,226,7,22,"2,703"
23,"Kyle Sloter, Northern Colo. (Big Sky)",Sr.,QB,11,318,198,10,29,"2,656"
24,"Austin Howard, Southern U. (SWAC)",Jr.,QB,11,330,192,8,29,"2,650"
25,"Alejandro Bennifield, Chattanooga (SoCon)",Jr.,QB,13,331,213,7,26,"2,622"
26,"Zack Drayer, Saint Francis (PA) (NEC)",Sr.,QB,12,317,172,12,22,"2,594"
27,"Michael Birdsong, Tennessee Tech (OVC)",Sr.,QB,11,346,216,7,17,"2,577"
28,"Tyrie Adams, Western Caro. (SoCon)",Fr.,QB,11,342,217,9,15,"2,568"
29,"Isaac Harker, Indiana St. (MVFC)",So.,QB,10,370,214,8,19,"2,559"
30,"Dalton Banks, Cornell (Ivy League)",So.,QB,10,378,221,14,18,"2,514"
31,"Nick Shafnisky, Lehigh (Patriot)",Sr.,QB,12,288,187,7,20,"2,489"
32,"Chase Fourcade, Nicholls (Southland)",Fr.,QB,11,365,201,14,18,"2,482"
33,"Reese Hannon, Furman (SoCon)",Sr.,QB,9,295,197,9,20,"2,456"
34,"Alex Thomson, Wagner (NEC)",Jr.,QB,11,323,184,5,16,"2,436"
35,"Malcolm Bell, N.C. Central (MEAC)",Sr.,QB,12,299,179,14,17,"2,431"
36,"Grant Kraemer, Drake (Pioneer)",Jr.,QB,11,325,186,11,23,"2,403"
37,"Daniel Collins, Maine (CAA)",Sr.,QB,11,318,166,16,18,"2,375"
38,"Tanner Gueller, Idaho St. (Big Sky)",So.,QB,10,404,235,10,20,"2,351"
39,"John Russ, Mercer (SoCon)",Sr.,QB,11,357,210,8,20,"2,335"
40,"Jesse Hosket, Southeast Mo. St. (OVC)",Jr.,QB,11,356,178,7,11,"2,332"
41,"Easton Stick, North Dakota St. (MVFC)",So.,QB,14,288,169,9,19,"2,331"
42,"Troy Cook, UT Martin (OVC)",Jr.,QB,12,298,166,12,22,"2,321"
43,"Patrick Tyler, Southern Utah (Big Sky)",Jr.,QB,11,356,213,6,23,"2,296"
44,"Jaylian Williamson, Hampton (MEAC)",Sr.,QB,11,340,193,15,11,"2,290"
45,"Ben Scott, UC Davis (Big Sky)",Sr.,QB,10,313,182,6,16,"2,266"
46,"Brandon Duncan, Ark.-Pine Bluff (SWAC)",Jr.,QB,10,337,209,6,10,"2,240"
47,"Alek Torgersen, Penn (Ivy League)",Sr.,QB,10,296,198,4,17,"2,231"
48,"Zach Conque, SFA (Southland)",Sr.,QB,11,379,185,7,15,"2,201"
49,"Zach Bednarczyk, Villanova (CAA)",So.,QB,13,297,178,10,19,"2,158"
50,"Blake Kemp, Northern Ariz. (Big Sky)",Sr.,QB,9,312,191,8,17,"2,157"
51,"Alex Kuresa, Portland St. (Big Sky)",Sr.,QB,11,257,145,11,12,"2,137"
52,"Ronald Butler, Tennessee St. (OVC)",Sr.,QB,11,256,148,9,21,"2,132"
53,"Eli Jenkins, Jacksonville St. (OVC)",Sr.,QB,12,311,155,8,11,"2,107"
54,"Drew Reed, Lafayette (Patriot)",Sr.,QB,10,292,187,10,12,"2,090"
55,"Jake Melville, Colgate (Patriot)",Sr.,QB,10,268,141,9,16,"2,028"
56,"Keaton Studsrud, North Dakota (Big Sky)",Jr.,QB,11,268,150,2,14,"2,027"
57,"Al Cobb, VMI (SoCon)",Jr.,QB,9,307,196,7,9,"2,020"
58,"Steve Cluley, William & Mary (CAA)",Sr.,QB,11,309,187,12,12,"2,015"
59,"Joe Viviano, Harvard (Ivy League)",Sr.,QB,9,283,173,8,15,"2,013"
60,"Deangelo Ballard, Alabama A&M (SWAC)",Sr.,QB,11,347,161,9,10,"1,997"
61,"Nate Ketteringham, Sacramento St. (Big Sky)",So.,QB,11,327,165,12,13,"1,977"
62,"Chris Streveler, South Dakota (MVFC)",Jr.,QB,10,273,164,9,22,"1,947"
63,"Alex Jeske, Dayton (Pioneer)",Jr.,QB,11,265,149,6,15,"1,936"
64,"Stephen Calvert, Liberty (Big South)",Fr.,QB,11,262,150,9,15,"1,931"
65,"RJ Noel, Sacred Heart (NEC)",Sr.,QB,11,310,165,10,16,"1,905"
66,"Averion Hurts, Texas Southern (SWAC)",Sr.,QB,10,268,137,10,12,"1,857"
67,"Rylan Wells, Jacksonville (Pioneer)",Jr.,QB,10,186,104,7,11,"1,744"
68,"Chad Kanoff, Princeton (Ivy League)",Sr.,QB,10,271,167,6,6,"1,736"
69,"Greg Hankerson, Norfolk St. (MEAC)",Sr.,QB,11,289,152,8,8,"1,718"
70,"Trevor Knight, New Hampshire (CAA)",So.,QB,12,319,179,10,14,"1,714"
71,"Trey Green, Prairie View (SWAC)",So.,,10,211,112,11,14,"1,706"
72,"Tony Dawson, Houston Christian (Southland)",Sr.,QB,11,278,131,3,7,"1,702"
73,"Austin Herink, ETSU (SoCon)",So.,QB,11,270,161,8,7,"1,695"
74,"Brodie Lambert, Missouri St. (MVFC)",Sr.,QB,10,262,147,14,18,"1,691"
75,"Justin Alo, Southeastern La. (Southland)",Sr.,QB,9,194,99,8,14,"1,689"
76,"Tyrell Maxwell, Gardner-Webb (Big South)",Jr.,QB,11,235,131,4,9,"1,657"
77,"Anders Hill, Columbia (Ivy League)",Jr.,QB,10,266,142,8,10,"1,632"
78,"Malcolm Weaver, Butler (Pioneer)",Sr.,QB,10,247,133,8,8,"1,612"
79,"Daniel Thompson, Elon (CAA)",So.,QB,11,297,161,9,4,"1,567"
80,"Austin Bray, Mississippi Val. (SWAC)",---,QB,11,250,135,11,8,"1,490"
81,"Lamar Raynard, N.C. A&T (MEAC)",So.,QB,9,209,135,6,14,"1,489"
82,"Dano Graves, Cal Poly (Big Sky)",Sr.,QB,12,153,97,4,17,"1,485"
83,"Jimmy Seewald, Valparaiso (Pioneer)",Fr.,QB,10,216,124,7,13,"1,443"
84,"Brooks Haack, Northwestern St. (Southland)",So.,QB,10,199,114,7,10,"1,375"
85,"Larry Brihm, Jr., Bethune-Cookman (MEAC)",Jr.,QB,8,175,100,4,11,"1,370"
86,"Ryan Stanley, Florida A&M (MEAC)",Fr.,QB,9,227,128,5,8,"1,362"
87,"Quinteris Toppings, Alabama St. (SWAC)",Sr.,QB,10,209,121,7,9,"1,352"
88,"Chris Andrews, Morgan St. (MEAC)",Sr.,QB,11,230,110,8,11,"1,350"
89,"Kalen Johnson, Howard (MEAC)",Jr.,QB,11,239,116,9,8,"1,337"
90,"Chandler Burks, Kennesaw St. (Big South)",So.,QB,11,138,74,4,13,"1,250"
91,"Stockton McGuire, Davidson (Pioneer)",Fr.,QB,9,222,93,9,8,"1,230"
92,"Jordan Vazzano, Rhode Island (CAA)",Fr.,QB,9,210,86,15,7,"1,195"
93,"Anthony Robbins, Campbell (Pioneer)",Jr.,QB,8,167,96,9,10,"1,139"
94,"Noah Johnson, Alcorn (SWAC)",So.,QB,9,143,85,5,11,"1,119"
95,"Caleb York, South Carolina St. (MEAC)",Fr.,,10,240,111,6,12,"1,116"
96,"Timarious Mitchell, Austin Peay (OVC)",Sr.,QB,10,156,90,4,7,"1,101"
97,"Shane Bucenell, Charleston So. (Big South)",Fr.,QB,9,113,67,6,15,"1,100"
98,"T.J. Linta, Brown (Ivy League)",Jr.,QB,8,201,110,9,6,"1,074"
99,"Daniel Epperson, Delaware St. (MEAC)",Jr.,QB,11,172,91,12,6,"1,023"
100,"Joe Carbone, Stony Brook (CAA)",So.,QB,10,179,93,12,3,"1,017"
101,"Neven Sussman, UAlbany (CAA)",So.,QB,10,153,69,8,7,"1,013"
102,"Carson Earp, Lamar University (Southland)",Sr.,QB,9,123,71,2,5,975
103,"Kenji Bahar, Monmouth (Big South)",So.,QB,11,166,97,6,4,964
104,"Joe Walker, Delaware (CAA)",So.,QB,10,159,77,6,3,954
105,"Jalen Morton, Prairie View (SWAC)",Fr.,,9,146,72,7,8,945
106,"Tyler Swafford, Eastern Ky. (OVC)",So.,QB,9,153,75,6,5,940
107,"Tyler Bruggman, Montana St. (Big Sky)",Jr.,QB,11,163,76,6,6,888
108,"Adam Riese, New Hampshire (CAA)",Sr.,QB,11,119,70,6,6,859
109,"Blake Searfoss, Lafayette (Patriot)",Sr.,QB,11,137,88,3,5,843
110,"Clay Norris, Georgetown (Patriot)",So.,QB,11,199,110,11,2,822
111,"Chris Murray, Montana St. (Big Sky)",Fr.,QB,11,105,47,8,6,778
112,"TJ Bell, Savannah St. (MEAC)",---,,10,146,72,6,5,762
113,"Slade Jarman, Mississippi Val. (SWAC)",So.,QB,10,111,67,7,5,690
114,"Tre Moore, Yale (Ivy League)",So.,QB,8,164,80,5,3,671
115,"Dominique Allen, The Citadel (SoCon)",Jr.,QB,11,107,42,5,3,646
116,"Austin Green, Eastern Ill. (OVC)",Jr.,QB,10,109,68,4,2,642
117,"Brandon Goodson, Wofford (SoCon)",Jr.,QB,14,88,41,4,3,628
118,"John Lovett, Princeton (Ivy League)",Jr.,QB,10,77,51,2,10,582
119,"Oluwafemi Bamiro, N.C. A&T (MEAC)",Sr.,QB,11,119,53,6,8,581
120,"Blake Dever, Savannah St. (MEAC)",---,,8,98,44,3,2,506
121,"Jujuan Young-Battle, Alabama St. (SWAC)",Jr.,QB,9,85,43,2,2,451
122,"Akevious Williams, Bethune-Cookman (MEAC)",Fr.,QB,10,81,40,6,2,439
123,"Deandre Harris, Morgan St. (MEAC)",Fr.,QB,9,87,44,4,3,404
124,"Daniel David, Kennesaw St. (Big South)",Fr.,QB,9,37,18,2,4,387
125,"Jason Collins, Howard (MEAC)",So.,QB,11,67,32,2,3,360
126,"Adrian Kollock, South Carolina St. (MEAC)",Jr.,QB,10,63,31,0,1,308
127,"Trae Pilster, Idaho St. (Big Sky)",Jr.,WR,9,48,23,1,2,279
128,"Kevin Duke, Sacred Heart (NEC)",Jr.,QB,10,32,20,1,2,229
129,"Caleb Griffin, Sam Houston (Southland)",Fr.,QB,10,41,18,1,1,186
130,"Reid Sinnett, San Diego (Pioneer)",Fr.,QB,12,17,10,1,0,181
131,"Jared Pilson, Eastern Ill. (OVC)",So.,WR,9,14,10,0,2,167
132,"Anthony Francis, Marist (Pioneer)",Sr.,QB,10,21,13,1,0,160
133,"Cooper Kupp, Eastern Wash. (Big Sky)",Sr.,WR,13,7,5,0,2,135
134,"Josh Kraght, Portland St. (Big Sky)",Jr.,QB,11,5,3,0,1,125
135,"Nathan Mays, Youngstown St. (MVFC)",Fr.,QB,12,17,10,1,0,123
135,"Nolan Merker, Sacramento St. (Big Sky)",Jr.,QB,11,24,6,1,0,123
137,"Deonte Shorts, Southern U. (SWAC)",Sr.,QB,9,25,11,0,0,120
138,"Bryant Horn, Jacksonville St. (OVC)",So.,QB,12,7,6,0,2,95
139,"Nick Sexton, ETSU (SoCon)",So.,QB,10,23,10,0,2,92
140,"Ben Rogers, Cornell (Ivy League)",Sr.,WR,9,2,2,0,1,81
141,"Ryan Swingle, VMI (SoCon)",Jr.,TE,11,2,2,0,1,80
142,"Cam Jackson, The Citadel (SoCon)",Jr.,RB,10,1,1,0,1,75
143,"Willie Quinn, Southern U. (SWAC)",Sr.,WR,11,2,2,0,1,72
143,"James Smith, Eastern Ky. (OVC)",Fr.,QB,9,11,9,1,0,72
145,"Hunter Burton, Northern Ariz. (Big Sky)",Jr.,WR,11,3,2,0,2,65
146,"Cody Swain, Ark.-Pine Bluff (SWAC)",Sr.,WR,11,1,1,0,1,62
147,"Tyler Roberson, Chattanooga (SoCon)",Jr.,QB,11,11,7,0,0,59
148,"Conley Wilkins, Drake (Pioneer)",Sr.,RB,11,3,2,0,1,53
149,"Kori Garcia, Cal Poly (Big Sky)",Sr.,RB,12,3,2,0,0,49
149,"Tom Jewell, Idaho St. (Big Sky)",Jr.,WR,11,16,7,0,0,49
