Rank,Player,Cl,Pos,G,Pass Att,Pass Com,Int,Pass TD,Pass Yds
1,"Derek Carr, Fresno St. (Mountain West)",Sr.,QB,13,659,453,8,50,"5,082"
2,"Sean Mannion, Oregon St. (Pac-12)",Jr.,QB,13,603,400,15,37,"4,662"
3,"Connor Halliday, Washington St. (Pac-12)",Jr.,QB,13,714,449,22,34,"4,597"
4,"Bryce Petty, Baylor (Big 12)",Jr.,QB,13,403,250,3,32,"4,200"
5,"David Fales, San Jose St. (Mountain West)",Sr.,QB,12,487,312,13,33,"4,189"
6,"Keith Wenning, Ball St. (MAC)",Sr.,QB,13,498,319,7,35,"4,148"
7,"Shane Carden, East Carolina (C-USA)",Jr.,QB,13,549,387,10,33,"4,139"
8,"Johnny Manziel, Texas A&M (SEC)",So.,QB,13,429,300,13,37,"4,114"
9,"Jameis Winston, Florida St. (ACC)",Fr.,QB,14,384,257,10,40,"4,057"
10,"Teddy Bridgewater, Louisville (AAC)",Jr.,QB,13,427,303,4,31,"3,970"
11,"Rakeem Cato, Marshall (C-USA)",Jr.,QB,14,499,298,9,39,"3,916"
12,"Tajh Boyd, Clemson (ACC)",Sr.,QB,13,413,283,11,34,"3,851"
13,"Garrett Grayson, Colorado St. (Mountain West)",Jr.,QB,14,478,297,11,23,"3,696"
14,"Marcus Mariota, Oregon (Pac-12)",So.,QB,13,386,245,4,31,"3,665"
15,"Taylor Kelly, Arizona St. (Pac-12)",Jr.,QB,14,484,302,12,28,"3,635"
16,"Blake Bortles, UCF (AAC)",Jr.,QB,13,382,259,9,25,"3,581"
17,"Garrett Gilbert, SMU (AAC)",Sr.,QB,10,504,335,7,21,"3,528"
18,"Jared Goff, California (Pac-12)",Fr.,QB,12,530,320,10,18,"3,508"
19,"Matt Johnson, Bowling Green (MAC)",So.,QB,14,369,237,7,25,"3,467"
20,"Brett Smith, Wyoming (Mountain West)",Jr.,QB,12,467,293,11,29,"3,375"
21,"Bo Wallace, Ole Miss (SEC)",Jr.,QB,13,437,283,10,18,"3,346"
22,"Brendon Kay, Cincinnati (AAC)",Sr.,QB,13,395,262,12,22,"3,302"
23,"Nathan Scheelhaase, Illinois (Big Ten)",Sr.,QB,12,430,287,13,21,"3,272"
24,"Tommy Rees, Notre Dame (FBS Independent)",Sr.,QB,13,414,224,13,27,"3,257"
25,"Corey Robinson, Troy (Sun Belt)",Sr.,QB,12,421,285,9,20,"3,219"
26,"John O'Korn, Houston (AAC)",Fr.,QB,13,446,259,10,28,"3,117"
27,"Zach Mettenberger, LSU (SEC)",Sr.,QB,12,296,192,8,22,"3,082"
28,"Aaron Murray, Georgia (SEC)",Sr.,QB,11,347,225,9,26,"3,075"
29,"Brett Hundley, UCLA (Pac-12)",So.,QB,13,369,248,9,24,"3,071"
30,"A.J. McCarron, Alabama (SEC)",Sr.,QB,13,336,226,7,28,"3,063"
31,"Stephen Morris, Miami (FL) (ACC)",Sr.,QB,13,344,198,12,21,"3,028"
32,"Quinn Kaehler, San Diego St. (Mountain West)",Jr.,QB,12,389,232,9,19,"3,007"
33,"Cody Kessler, Southern California (Pac-12)",So.,QB,14,361,236,7,20,"2,968"
34,"Keith Price, Washington (Pac-12)",Sr.,QB,12,352,233,6,21,"2,966"
35,"Devin Gardner, Michigan (Big Ten)",Sr.,QB,12,345,208,11,21,"2,960"
35,"Sean Schroeder, Hawaii (Mountain West)",Sr.,QB,11,376,233,14,28,"2,960"
37,"Tom Savage, Pittsburgh (ACC)",Sr.,QB,13,389,238,9,21,"2,958"
38,"Christian Hackenberg, Penn St. (Big Ten)",Fr.,QB,12,392,231,10,20,"2,955"
39,"Taysom Hill, BYU (FBS Independent)",So.,QB,13,438,236,14,19,"2,938"
40,"Logan Thomas, Virginia Tech (ACC)",Sr.,QB,13,402,227,13,16,"2,907"
41,"Derek Thompson, North Texas (C-USA)",Sr.,QB,13,390,251,13,16,"2,896"
42,"Jordan Lynch, NIU (MAC)",Sr.,QB,14,404,253,8,24,"2,892"
43,"Brandon Doughty, Western Ky. (Sun Belt)",Jr.,QB,12,374,246,14,14,"2,857"
44,"Tyler Tettleton, Ohio (MAC)",Sr.,QB,13,371,230,12,21,"2,851"
45,"Joe Licata, Buffalo (MAC)",Jr.,QB,13,402,233,8,24,"2,824"
46,"Connor Cook, Michigan St. (Big Ten)",So.,QB,14,380,223,6,22,"2,755"
47,"Caleb Herring, UNLV (Mountain West)",Sr.,QB,13,405,256,5,24,"2,718"
47,"Davis Webb, Texas Tech (Big 12)",Fr.,QB,10,361,226,9,20,"2,718"
49,"Cody Fajardo, Nevada (Mountain West)",Jr.,QB,10,358,243,3,13,"2,668"
50,"Kevin Hogan, Stanford (Pac-12)",Jr.,QB,14,295,180,10,20,"2,630"
51,"Ross Metheny, South Alabama (Sun Belt)",Sr.,QB,12,324,201,7,15,"2,622"
52,"Nate Sudfeld, Indiana (Big Ten)",So.,QB,12,322,194,9,21,"2,523"
53,"B.J. Denker, Arizona (Pac-12)",Sr.,QB,13,381,233,7,16,"2,516"
54,"Logan Kilgore, Middle Tenn. (C-USA)",Sr.,QB,13,355,216,13,16,"2,507"
55,"Andrew McDonald, New Mexico St. (FBS Independent)",Sr.,QB,12,350,233,11,15,"2,502"
56,"Joel Stave, Wisconsin (Big Ten)",So.,QB,13,336,208,13,22,"2,494"
57,"Jake Waters, Kansas St. (Big 12)",Jr.,QB,13,260,159,9,18,"2,469"
58,"Connor Shaw, South Carolina (SEC)",Sr.,QB,13,284,180,1,24,"2,447"
59,"Kyle Pohl, Akron (MAC)",So.,QB,12,402,225,10,14,"2,438"
60,"James Franklin, Missouri (SEC)",Sr.,QB,11,319,198,6,19,"2,429"
61,"Terrence Broadway, Louisiana (Sun Belt)",Jr.,QB,12,266,166,12,19,"2,419"
62,"Jake Rudock, Iowa (Big Ten)",So.,QB,13,346,204,13,18,"2,383"
63,"Adam Kennedy, Arkansas St. (Sun Belt)",Sr.,QB,13,315,218,6,11,"2,363"
64,"Cooper Rush, Central Mich. (MAC)",Fr.,QB,11,312,177,15,15,"2,349"
65,"Taylor McHargue, Rice (C-USA)",Sr.,QB,14,324,169,8,17,"2,345"
66,"Baker Mayfield, Texas Tech (Big 12)",Fr.,QB,8,340,218,9,12,"2,315"
67,"Austyn Carta-Samuels, Vanderbilt (SEC)",Sr.,QB,10,281,193,9,11,"2,268"
68,"Anthony Boone, Duke (ACC)",Jr.,QB,11,322,206,13,13,"2,260"
69,"C.J. Brown, Maryland (ACC)",Sr.,QB,11,282,166,7,13,"2,242"
70,"Tanner Price, Wake Forest (ACC)",Sr.,QB,12,378,206,10,13,"2,233"
71,"Terrance Owens, Toledo (MAC)",Sr.,QB,12,318,191,9,18,"2,230"
72,"David Watford, Virginia (ACC)",So.,QB,12,427,244,15,8,"2,202"
73,"Kolton Browning, ULM (Sun Belt)",Sr.,QB,10,352,200,8,21,"2,179"
74,"Clint Chelf, Oklahoma St. (Big 12)",Sr.,QB,12,291,164,8,17,"2,173"
75,"Gary Nova, Rutgers (AAC)",Jr.,QB,10,303,165,14,18,"2,159"
76,"Trevor Siemian, Northwestern (Big Ten)",Jr.,QB,12,298,178,9,11,"2,149"
77,"Braxton Miller, Ohio St. (Big Ten)",Jr.,QB,12,255,162,7,24,"2,094"
78,"P.J. Walker, Temple (AAC)",Fr.,QB,9,250,152,8,20,"2,084"
79,"Paxton Lynch, Memphis (AAC)",Fr.,QB,12,349,203,10,9,"2,056"
80,"Chase Rettig, Boston College (ACC)",Sr.,QB,13,263,162,8,17,"1,995"
81,"Nick Marshall, Auburn (SEC)",Jr.,QB,13,239,142,6,14,"1,976"
82,"Colin Reardon, Kent St. (MAC)",So.,QB,11,317,186,9,12,"1,957"
83,"Dak Prescott, Mississippi St. (SEC)",So.,QB,11,267,156,7,10,"1,940"
84,"Case McCoy, Texas (Big 12)",Sr.,QB,13,329,187,13,11,"1,933"
85,"Jaquez Johnson, Fla. Atlantic (C-USA)",So.,QB,11,256,149,8,12,"1,871"
86,"Travis Wilson, Utah (Pac-12)",So.,QB,9,237,133,16,16,"1,827"
87,"Grant Hedrick, Boise St. (Mountain West)",Jr.,QB,13,242,167,5,16,"1,825"
88,"Sefo Liufau, Colorado (Pac-12)",Fr.,QB,8,251,149,8,12,"1,779"
89,"Nick Mullens, Southern Miss. (C-USA)",Fr.,QB,9,276,136,14,13,"1,776"
90,"Bryn Renner, North Carolina (ACC)",Sr.,QB,7,231,152,5,10,"1,765"
91,"Nick Montana, Tulane (C-USA)",Jr.,QB,11,296,158,10,14,"1,722"
92,"Ryan Higgins, Louisiana Tech (C-USA)",Fr.,QB,9,281,166,13,6,"1,715"
93,"Marquise Williams, North Carolina (ACC)",So.,QB,12,217,126,6,15,"1,698"
94,"Danny Etling, Purdue (Big Ten)",Fr.,QB,8,267,149,7,10,"1,690"
95,"Pete Thomas, NC State (ACC)",Jr.,QB,9,247,149,9,4,"1,667"
96,"Joe Southwick, Boise St. (Mountain West)",Sr.,QB,8,208,151,5,12,"1,654"
97,"Blake Bell, Oklahoma (Big 12)",Jr.,QB,11,233,140,5,12,"1,648"
98,"Terrel Hunt, Syracuse (ACC)",So.,QB,12,273,167,8,10,"1,638"
99,"Clint Trickett, West Virginia (Big 12)",---,,8,233,123,7,7,"1,605"
100,"Zach Terrell, Western Mich. (MAC)",Fr.,QB,9,251,133,8,8,"1,602"
101,"Vad Lee, Georgia Tech (ACC)",So.,QB,13,180,82,10,11,"1,561"
102,"Brandon Allen, Arkansas (SEC)",So.,QB,11,258,128,10,13,"1,552"
103,"Tyler Benz, Eastern Mich. (MAC)",Sr.,QB,11,217,129,9,10,"1,497"
104,"Casey Pachall, TCU (Big 12)",Sr.,QB,7,236,133,10,6,"1,468"
105,"Darell Garretson, Utah St. (Mountain West)",Fr.,QB,8,209,126,7,10,"1,446"
106,"Jake Heaps, Kansas (Big 12)",Jr.,QB,11,261,128,10,8,"1,414"
107,"Sam B. Richardson, Iowa St. (Big 12)",So.,QB,11,220,121,7,11,"1,397"
108,"Chuckie Keeton, Utah St. (Mountain West)",Jr.,QB,6,196,136,2,18,"1,388"
109,"Jonathan Perry, UAB (C-USA)",Sr.,QB,10,174,92,6,10,"1,379"
110,"Cody Green, Tulsa (C-USA)",Sr.,QB,8,211,117,8,7,"1,339"
111,"J.W. Walsh, Oklahoma St. (Big 12)",So.,QB,8,190,113,5,9,"1,333"
112,"Taylor Davis, Idaho (FBS Independent)",Sr.,QB,8,212,98,7,8,"1,324"
113,"Phillip Nelson, Minnesota (Big Ten)",So.,QB,12,186,94,6,9,"1,306"
114,"Casey Cochran, UConn (AAC)",Fr.,QB,8,175,111,4,11,"1,293"
115,"Maxwell Smith, Kentucky (SEC)",So.,QB,9,183,105,1,9,"1,276"
116,"A.J. Doyle, Massachusetts (MAC)",So.,QB,11,235,128,11,6,"1,274"
117,"Jameill Showers, UTEP (C-USA)",Jr.,QB,7,188,107,4,11,"1,263"
118,"Justin Worley, Tennessee (SEC)",Jr.,QB,8,196,109,8,10,"1,239"
119,"Chad Chalich, Idaho (FBS Independent)",Fr.,QB,7,184,113,3,5,"1,224"
120,"Tyler Murphy, Florida (SEC)",Jr.,QB,9,185,112,5,6,"1,216"
121,"Brandon Connette, Duke (ACC)",Jr.,QB,13,145,90,6,13,"1,212"
122,"Grant Rohach, Iowa St. (Big 12)",Fr.,QB,7,191,110,7,8,"1,208"
123,"Austin Brown, UAB (C-USA)",So.,QB,9,178,93,3,9,"1,199"
124,"Trevone Boykin, TCU (Big 12)",So.,QB,12,176,105,7,7,"1,198"
125,"Allan Bridgford, Southern Miss. (C-USA)",Sr.,QB,6,207,112,11,6,"1,133"
126,"Tyler Jones, Texas St. (Sun Belt)",Fr.,QB,8,160,100,5,8,"1,130"
127,"Tre Roberson, Indiana (Big Ten)",Jr.,QB,12,138,83,4,15,"1,128"
128,"Paul Millard, West Virginia (Big 12)",Jr.,QB,7,168,93,6,6,"1,122"
129,"Connor Wood, Colorado (Pac-12)",Jr.,QB,7,157,84,7,8,"1,103"
130,"Mike White, South Fla. (AAC)",Fr.,QB,6,175,93,9,3,"1,083"
131,"Maty Mauk, Missouri (SEC)",Fr.,QB,13,133,68,2,11,"1,071"
132,"Keenan Reynolds, Navy (FBS Independent)",So.,QB,13,128,68,2,8,"1,057"
133,"Austin Boucher, Miami (OH) (MAC)",Sr.,QB,8,184,89,8,7,"1,036"
134,"Jalen Whitlow, Kentucky (SEC)",So.,QB,12,159,98,5,5,"1,033"
135,"Brandon Mitchell, NC State (ACC)",Sr.,QB,7,151,86,6,7,"1,011"
