Rank,Player,Cl,Pos,G,Pass Att,Pass Com,Int,Pass TD,Pass Yds
1,"Cole Kelley, Southeastern La. (Southland)",Sr.,QB,13,552,406,10,44,"5,124"
2,"Eric Barriere, Eastern Wash. (Big Sky)",Sr.,QB,13,551,360,8,46,"5,055"
3,"Cameron Ward, UIW (Southland)",So.,QB,13,590,384,10,47,"4,648"
4,"Ren Hefley, Presbyterian (Pioneer)",Jr.,QB,11,563,351,32,39,"3,934"
5,"Cole Johnson, James Madison (CAA)",Sr.,QB,14,422,287,4,41,"3,779"
6,"Aqeel Glass, Alabama A&M (SWAC)",Sr.,QB,10,414,259,7,36,"3,568"
7,"Mark Pappas, Morehead St. (Pioneer)",Sr.,QB,11,490,279,19,28,"3,451"
8,"Liam Welch, Samford (SoCon)",Sr.,QB,11,477,315,15,22,"3,366"
9,"Jason Shelley, Missouri St. (MVFC)",Sr.,QB,12,400,235,9,22,"3,342"
10,"Nic Baker, Southern Ill. (MVFC)",Jr.,QB,13,420,265,11,27,"3,231"
10,"Shedeur Sanders, Jackson St. (SWAC)",Fr.,QB,13,413,272,8,30,"3,231"
12,"Tim DeMorat, Fordham (Patriot)",Sr.,QB,11,400,234,9,31,"3,214"
13,"Trae Self, SFA (WAC)",Sr.,QB,12,382,243,9,28,"3,201"
14,"Connor Sampson, Western Ill. (MVFC)",Sr.,QB,11,477,311,14,22,"3,183"
15,"Chris Oladokun, South Dakota St. (MVFC)",Sr.,QB,15,384,238,7,25,"3,164"
16,"Davis Alexander, Portland St. (Big Sky)",Sr.,QB,11,433,266,12,21,"3,075"
17,"EJ Perry, Brown (Ivy League)",Sr.,QB,10,444,295,14,23,"3,033"
18,"Davis Cheek, Elon (CAA)",Sr.,QB,11,397,253,5,17,"2,924"
19,"Breylin Smith, Central Ark. (ASUN)",Jr.,QB,10,341,220,10,26,"2,884"
20,"Eric Schmid, Sam Houston (WAC)",Jr.,QB,11,367,215,10,29,"2,819"
21,"Tony Muskett, Monmouth (Big South)",So.,QB,11,367,239,6,25,"2,651"
22,"Draylen Ellis, Austin Peay (OVC)",So.,QB,10,353,192,8,19,"2,625"
23,"Jawon Pass, Prairie View (SWAC)",Sr.,QB,12,333,203,12,16,"2,615"
24,"Rogan Wells, Western Caro. (SoCon)",Sr.,QB,9,355,206,13,20,"2,594"
25,"Jake Dunniway, Sacramento St. (Big Sky)",Jr.,QB,12,288,182,5,12,"2,576"
26,"Cole Smith, Princeton (Ivy League)",Sr.,QB,10,301,201,8,14,"2,570"
27,"Daniel Smith, Villanova (CAA)",Sr.,QB,13,332,184,10,24,"2,567"
28,"Jett Duffey, Hampton (Big South)",Sr.,QB,11,296,174,12,15,"2,547"
29,"Juwan Carter, Norfolk St. (MEAC)",Sr.,QB,11,314,199,5,21,"2,511"
30,"Tommy Schuster, North Dakota (MVFC)",So.,QB,11,362,237,7,13,"2,493"
31,"Jack Chambers, Charleston So. (Big South)",Sr.,QB,10,417,230,10,17,"2,490"
32,"Felix Harper, Alcorn (SWAC)",Sr.,QB,11,310,192,5,20,"2,489"
33,"Tyler Riddell, ETSU (SoCon)",Fr.,QB,13,338,211,5,19,"2,464"
34,"Rasean McKay, Florida A&M (SWAC)",Jr.,QB,12,364,211,5,22,"2,457"
35,"Parker McKinney, Eastern Ky. (ASUN)",So.,QB,11,377,229,9,18,"2,434"
36,"Justin Miller, Southern Utah (Big Sky)",So.,QB,11,373,229,13,9,"2,416"
37,"Zevi Eckhaus, Bryant (NEC)",Fr.,QB,11,370,232,3,21,"2,378"
38,"Quinton Williams, Howard (MEAC)",Jr.,QB,11,301,176,7,16,"2,352"
39,"Jack Cook, Dayton (Pioneer)",Sr.,QB,10,284,170,7,14,"2,332"
40,"Corey FIELDS,Jr., South Carolina St. (MEAC)",So.,QB,12,364,181,13,18,"2,310"
41,"Theo Day, UNI (MVFC)",So.,QB,11,276,155,11,16,"2,309"
42,"Bailey Fisher, Gardner-Webb (Big South)",Jr.,QB,11,345,206,5,18,"2,307"
43,"Carson Camp, South Dakota (MVFC)",Fr.,QB,12,276,180,7,17,"2,252"
44,"Mason Randall, San Diego (Pioneer)",Sr.,QB,11,318,202,7,13,"2,236"
45,"Kasim Hill, Rhode Island (CAA)",Jr.,QB,11,282,150,6,18,"2,178"
46,"Seth Morgan, VMI (SoCon)",So.,QB,10,325,200,11,14,"2,170"
47,"Zerrick Cooper, Jacksonville St. (ASUN)",Sr.,QB,10,326,176,7,13,"2,137"
48,"Davius Richard, N.C. Central (MEAC)",Jr.,QB,11,305,177,6,15,"2,133"
49,"Lindsey Scott, Nicholls (Southland)",Sr.,QB,11,270,168,11,16,"2,083"
50,"Cody Orgeron, McNeese (Southland)",Sr.,QB,11,303,177,3,14,"2,061"
51,"George Martin, Robert Morris (Big South)",Sr.,QB,10,314,188,7,14,"2,045"
52,"Andrew Body, Texas Southern (SWAC)",Fr.,QB,10,237,139,4,11,"2,017"
53,"Derek Kyler, Dartmouth (Ivy League)",Sr.,QB,10,239,169,1,17,"1,972"
54,"Marquez McCray, Sacred Heart (NEC)",Jr.,QB,12,238,142,7,9,"1,818"
55,"Geremy Hickbottom, Tennessee St. (OVC)",Sr.,QB,10,241,139,4,12,"1,816"
56,"Tyquell Fields, Stony Brook (CAA)",Sr.,QB,11,271,148,10,9,"1,814"
57,"Keon Howard, UT Martin (OVC)",Sr.,QB,10,258,154,7,15,"1,811"
58,"Cam Humphrey, Montana (Big Sky)",Sr.,QB,10,233,142,7,16,"1,789"
59,"Skyler Perry, Ark.-Pine Bluff (SWAC)",Sr.,QB,11,304,153,9,6,"1,786"
60,"Jeff Undercuffler, UAlbany (CAA)",So.,QB,10,256,141,7,8,"1,781"
61,"Jalen Fowler, N.C. A&T (Big South)",Jr.,QB,10,228,127,8,10,"1,774"
62,"Joe Mancuso, Richmond (CAA)",Sr.,QB,9,231,136,7,14,"1,677"
63,"Camden Orth, LIU (NEC)",Jr.,QB,10,262,145,5,10,"1,665"
64,"Bret Bushka, Butler (Pioneer)",Jr.,QB,10,240,146,11,9,"1,662"
65,"Fred Payton, Mercer (SoCon)",Jr.,QB,10,195,112,10,12,"1,661"
66,"Darius Perrantes, Duquesne (NEC)",So.,QB,9,233,139,7,17,"1,620"
67,"Austin Day, Marist (Pioneer)",Sr.,QB,9,215,137,5,13,"1,606"
68,"Joe Green, Columbia (Ivy League)",So.,QB,10,265,148,3,10,"1,598"
69,"Nolan Grooms, Yale (Ivy League)",Jr.,QB,10,200,107,8,14,"1,569"
70,"Bret Edwards, New Hampshire (CAA)",So.,QB,10,258,160,5,12,"1,568"
71,"Cole Copeland, Chattanooga (SoCon)",Jr.,QB,9,213,125,9,6,"1,555"
72,"Chris Ferguson, Towson (CAA)",Sr.,QB,11,254,145,9,11,"1,541"
73,"Jalani Eason, Mississippi Val. (SWAC)",Sr.,QB,11,210,126,7,10,"1,533"
74,"Matthew Sluka, Holy Cross (Patriot)",So.,QB,13,208,117,5,11,"1,512"
75,"CJ Ogbonna, Southeast Mo. St. (OVC)",Jr.,QB,11,216,110,8,12,"1,503"
76,"Richie Kenney, Cornell (Ivy League)",Sr.,QB,10,258,122,7,5,"1,500"
77,"Cam Miller, North Dakota St. (MVFC)",So.,QB,13,152,103,3,14,"1,444"
78,"Romelo Williams, Central Conn. St. (NEC)",So.,QB,10,230,130,5,10,"1,403"
79,"Dante Perri, Lehigh (Patriot)",So.,QB,9,225,135,5,5,"1,383"
80,"Glendon McDaniel, Southern U. (SWAC)",Jr.,QB,11,206,127,3,10,"1,375"
81,"Jared Lewis, Delaware St. (MEAC)",So.,QB,10,204,105,4,20,"1,364"
82,"Xavier Shepherd, Kennesaw St. (Big South)",Jr.,QB,13,123,77,3,15,"1,341"
83,"Dylan McCaffrey, Northern Colo. (Big Sky)",Jr.,QB,10,265,160,7,5,"1,332"
84,"Neil Boudreau, Morgan St. (MEAC)",Sr.,QB,11,260,135,13,8,"1,330"
85,"Zach Gwynn, Delaware (CAA)",Jr.,QB,11,205,114,9,8,"1,328"
85,"Shannon Patrick, Bethune-Cookman (SWAC)",Sr.,QB,10,210,113,9,9,"1,328"
87,"Anthony Thompson, Indiana St. (MVFC)",Sr.,QB,10,219,135,8,8,"1,326"
88,"Ben Nimz, Valparaiso (Pioneer)",Jr.,QB,11,180,106,7,9,"1,299"
89,"Stone Earle, Abilene Christian (WAC)",Fr.,QB,9,154,101,4,13,"1,216"
90,"Darius Wilson, William & Mary (CAA)",Fr.,QB,9,177,106,8,6,"1,205"
91,"Miles Hastings, UC Davis (Big Sky)",Fr.,QB,10,215,130,8,7,"1,173"
92,"Justin Sliwoski, Saint Francis (PA) (NEC)",So.,QB,9,139,90,1,12,"1,165"
93,"Otto Kuhns, Eastern Ill. (OVC)",So.,QB,9,200,93,10,6,"1,134"
94,"Peyton Mansell, Abilene Christian (WAC)",Jr.,QB,11,156,102,8,5,"1,108"
95,"Jaylan Adams, The Citadel (SoCon)",Jr.,QB,11,122,60,5,7,"1,071"
96,"Hunter Hays, Idaho St. (Big Sky)",So.,QB,9,169,92,7,6,"1,066"
97,"Kris Brown, Montana (Big Sky)",Fr.,QB,12,153,99,4,3,"1,029"
98,"Marco Siderman, Holy Cross (Patriot)",So.,QB,12,131,86,4,8,"1,026"
99,"Zachary Clement, Northwestern St. (Southland)",Fr.,QB,9,154,87,4,6,"1,023"
100,"DJ Williams, Murray St. (OVC)",Fr.,QB,11,149,83,4,3,"1,020"
101,"Louis Colosimo, Davidson (Pioneer)",Sr.,QB,11,115,69,5,11,"1,012"
102,"Asher O'Hara, Sacramento St. (Big Sky)",Jr.,QB,12,143,88,3,7,899
103,"Quincy Patterson, North Dakota St. (MVFC)",Jr.,QB,14,101,55,4,6,813
104,"Demeatric Crenshaw, Youngstown St. (MVFC)",So.,QB,9,156,97,5,6,791
105,"Alex Piccirilli, Stetson (Pioneer)",Jr.,QB,8,137,76,6,4,785
106,"Shon Mitchell, Central Conn. St. (NEC)",Jr.,QB,9,126,61,2,6,739
107,"Grant Breneman, Colgate (Patriot)",Sr.,QB,9,111,65,5,2,731
108,"Willie Miller, Tennessee Tech (OVC)",So.,QB,10,116,54,7,5,648
109,"Michael Brescia, Colgate (Patriot)",Fr.,QB,9,88,50,3,2,614
110,"Nick Semptimphelter, Bucknell (Patriot)",So.,QB,9,146,75,4,3,611
111,"Joey Carino, UAlbany (CAA)",Fr.,QB,11,68,41,0,3,530
112,"Tommy Mellott, Montana St. (Big Sky)",Fr.,QB,14,53,28,0,4,484
113,"Zach Borisch, Idaho (Big Sky)",Jr.,DB,11,36,19,1,2,371
114,"Sheldon Layman, Austin Peay (OVC)",So.,QB,9,57,34,1,3,353
115,"Conner Martin, Northern Colo. (Big Sky)",Jr.,QB,11,53,32,1,3,310
116,"Conor Regan, Mississippi Val. (SWAC)",Sr.,QB,9,73,34,3,1,309
117,"Carter Peevy, Mercer (SoCon)",So.,QB,8,23,14,2,2,293
118,"Daelyn Williams, Lamar University (WAC)",Fr.,QB,8,63,24,0,1,272
119,"Deveon Bryant, Tennessee St. (OVC)",So.,QB,9,42,20,1,0,256
120,"Jalen Dummett, Lamar University (WAC)",Jr.,QB,9,48,25,4,0,248
121,"Nick Orlando, Butler (Pioneer)",Jr.,QB,10,17,7,0,2,204
122,"Keaton Heide, South Dakota St. (MVFC)",Jr.,QB,15,14,10,0,2,203
123,"Aldon Clark, Grambling (SWAC)",Jr.,QB,9,52,23,2,1,195
124,"Cephus Johnson III, Southeastern La. (Southland)",Sr.,QB,11,12,5,0,1,149
125,"Tony Tate, Western Ill. (MVFC)",Sr.,WR,11,5,4,0,1,128
126,"Justin Franklin, Gardner-Webb (Big South)",Fr.,WR,11,2,2,0,2,126
126,"Nick Howard, Dartmouth (Ivy League)",Jr.,QB,10,18,11,1,1,126
128,"Carson Crawford, UC Davis (Big Sky)",Jr.,WR,11,7,4,1,3,114
129,"Trent Tompkins, UC Davis (Big Sky)",Fr.,QB,12,18,10,0,1,102
130,"Gunner Talkington, Eastern Wash. (Big Sky)",Sr.,QB,12,17,11,0,1,98
131,"Tyler Skidmore, Southern Utah (Big Sky)",So.,QB,9,14,11,0,0,95
132,"Michael McGovern, Brown (Ivy League)",Sr.,QB,10,5,2,0,1,75
133,"Quincy Vaughn, North Dakota (MVFC)",So.,QB,11,17,9,0,3,70
134,"Alfonzo Graham, Morgan St. (MEAC)",Jr.,RB,9,1,1,0,0,68
135,"Javon Williams Jr., Southern Ill. (MVFC)",Jr.,RB,13,10,3,0,0,67
136,"Kiaran Turner, Presbyterian (Pioneer)",Sr.,WR,11,1,1,0,0,63
137,"Pierre Strong, South Dakota St. (MVFC)",Sr.,RB,15,4,4,0,4,62
138,"Creyton Cooper, Weber St. (Big Sky)",Fr.,QB,9,9,5,0,2,56
138,"Beau Kelly, Portland St. (Big Sky)",Jr.,WR,11,2,2,0,0,56
140,"Odieu Hiliare, Alabama A&M (SWAC)",Jr.,,10,1,1,0,1,48
140,"Carlos Washington Jr., New Hampshire (CAA)",Jr.,RB,10,1,1,0,1,48
142,"D'Andre Hicks, Robert Morris (Big South)",Sr.,WR,9,2,1,0,0,46
143,"Mackenzie Morgan, Weber St. (Big Sky)",Jr.,P,11,2,2,0,0,45
144,"Jyran Mitchell, Eastern Ky. (ASUN)",So.,RB,11,2,1,0,0,42
145,"Patrick Haughney, Holy Cross (Patriot)",Jr.,P,13,1,1,0,0,41
146,"Nick Kokich, Eastern Wash. (Big Sky)",Jr.,K,12,2,2,0,0,39
146,"Gavin Sharkey, Harvard (Ivy League)",Jr.,WR,8,1,1,0,0,39
148,"Dylan Classi, Princeton (Ivy League)",Sr.,WR,10,2,2,0,1,35
148,"Zach Haynes, Southeast Mo. St. (OVC)",Jr.,P,11,1,1,0,0,35
148,"Ty Holden, Prairie View (SWAC)",So.,WR,10,1,1,0,1,35
