Rank,Player,Cl,Pos,G,Pass Att,Pass Com,Int,Pass TD,Pass Yds
1,"Joe Burrow, LSU (SEC)",Sr.,QB,15,527,402,6,60,"5,671"
2,"Anthony Gordon, Washington St. (Pac-12)",Sr.,QB,13,689,493,16,48,"5,579"
3,"Cole McDonald, Hawaii (Mountain West)",Jr.,QB,14,511,326,14,33,"4,135"
4,"Brady White, Memphis (AAC)",Jr.,QB,14,420,269,11,33,"4,014"
5,"Brock Purdy, Iowa St. (Big 12)",So.,QB,13,475,312,9,27,"3,982"
6,"Shane Buechele, SMU (AAC)",Jr.,QB,13,490,307,10,34,"3,929"
7,"Josh Love, San Jose St. (Mountain West)",Sr.,QB,12,481,293,8,22,"3,923"
8,"Jalen Hurts, Oklahoma (Big 12)",Sr.,QB,14,340,237,8,32,"3,851"
9,"Chris Robison, Fla. Atlantic (C-USA)",Jr.,QB,14,471,291,6,28,"3,701"
10,"Trevor Lawrence, Clemson (ACC)",So.,QB,15,407,268,8,36,"3,665"
11,"Stephen Calvert, Liberty (FBS Independent)",Sr.,QB,13,431,249,7,28,"3,663"
11,"Sam Ehlinger, Texas (Big 12)",Jr.,QB,13,454,296,10,32,"3,663"
13,"Dillon Gabriel, UCF (AAC)",Fr.,QB,13,398,236,7,29,"3,653"
14,"Sam Howell, North Carolina (ACC)",Fr.,QB,13,422,259,7,38,"3,641"
15,"Kaleb Barker, Troy (Sun Belt)",Sr.,QB,12,460,299,10,30,"3,628"
16,"Bryce Perkins, Virginia (ACC)",Sr.,QB,14,496,320,12,22,"3,538"
17,"Kedon Slovis, Southern California (Pac-12)",Fr.,QB,12,392,282,9,30,"3,502"
18,"Jack  Abraham, Southern Miss. (C-USA)",Jr.,QB,13,405,275,15,19,"3,496"
19,"Justin Herbert, Oregon (Pac-12)",Sr.,QB,14,428,286,6,32,"3,471"
20,"Jordan Love, Utah St. (Mountain West)",Jr.,QB,13,473,293,17,20,"3,402"
21,"Holton Ahlers, East Carolina (AAC)",So.,QB,12,442,264,10,21,"3,387"
22,"Zach Smith, Tulsa (AAC)",Jr.,QB,12,429,246,9,19,"3,279"
23,"Justin Fields, Ohio St. (Big Ten)",So.,QB,14,354,238,3,41,"3,273"
24,"Tanner Morgan, Minnesota (Big Ten)",So.,QB,13,318,210,7,30,"3,253"
25,"Mike Glass III, Eastern Mich. (MAC)",Sr.,QB,12,401,266,11,24,"3,169"
26,"Charlie Brewer, Baylor (Big 12)",Jr.,QB,14,389,251,7,21,"3,161"
27,"Jacob Eason, Washington (Pac-12)",Jr.,QB,13,405,260,8,23,"3,132"
28,"Kenny Pickett, Pittsburgh (ACC)",Jr.,QB,12,469,289,9,13,"3,098"
29,"Jon Wassink, Western Mich. (MAC)",Sr.,QB,13,407,241,8,20,"3,097"
30,"Tyler Huntley, Utah (Pac-12)",Sr.,QB,14,301,220,4,19,"3,092"
31,"Mason Fine, North Texas (C-USA)",Sr.,QB,12,414,257,9,29,"3,088"
32,"Brian Lewerke, Michigan St. (Big Ten)",Sr.,QB,13,436,260,13,17,"3,079"
33,"Shea Patterson, Michigan (Big Ten)",Sr.,QB,13,381,214,8,23,"3,061"
34,"Levi Lewis, Louisiana (Sun Belt)",Jr.,QB,14,378,243,4,26,"3,050"
35,"Ian Book, Notre Dame (FBS Independent)",Sr.,QB,13,399,240,6,34,"3,034"
36,"J'Mar Smith, Louisiana Tech (C-USA)",Sr.,QB,11,367,236,5,18,"2,977"
37,"Nathan Stanley, Iowa (Big Ten)",Sr.,QB,13,399,237,7,16,"2,951"
38,"Layne Hatcher, Arkansas St. (Sun Belt)",Fr.,QB,10,310,204,10,27,"2,946"
39,"Jayden Daniels, Arizona St. (Pac-12)",Fr.,QB,12,338,205,2,17,"2,943"
40,"Caleb Evans, ULM (Sun Belt)",Sr.,QB,12,390,239,10,21,"2,942"
41,"Kyle Trask, Florida (SEC)",Jr.,QB,12,354,237,7,25,"2,941"
42,"Drew Plitt, Ball St. (MAC)",Jr.,QB,12,370,238,7,24,"2,918"
43,"Kellen Mond, Texas A&M (SEC)",Jr.,QB,13,419,258,9,20,"2,897"
44,"Jamie Newman, Wake Forest (ACC)",Jr.,QB,12,361,220,11,26,"2,868"
45,"Anthony Russo, Temple (AAC)",Jr.,QB,13,419,246,12,21,"2,861"
46,"Jake Fromm, Georgia (SEC)",Jr.,QB,14,385,234,5,24,"2,860"
47,"Jett Duffey, Texas Tech (Big 12)",Jr.,QB,10,367,239,5,18,"2,840"
47,"Tua Tagovailoa, Alabama (SEC)",Jr.,QB,9,252,180,3,33,"2,840"
49,"Nathan Rourke, Ohio (MAC)",Sr.,QB,13,328,200,5,20,"2,820"
50,"Steven Montez, Colorado (Pac-12)",Sr.,QB,12,405,255,10,17,"2,808"
51,"Patrick O'Brien, Colorado St. (Mountain West)",Jr.,QB,11,338,209,7,13,"2,803"
52,"Jack Coan, Wisconsin (Big Ten)",Jr.,QB,14,339,236,5,18,"2,727"
53,"Zac Thomas, App State (Sun Belt)",Jr.,QB,14,359,225,6,28,"2,718"
54,"Jake Luton, Oregon St. (Pac-12)",Sr.,QB,11,358,222,3,28,"2,714"
55,"Dorian Thompson-Robinson, UCLA (Pac-12)",So.,QB,11,362,216,12,21,"2,701"
56,"Carter Stanley, Kansas (Big 12)",Sr.,QB,12,371,226,11,24,"2,664"
57,"Jorge Reyna, Fresno St. (Mountain West)",Sr.,QB,12,365,236,11,15,"2,655"
58,"Sean Clifford, Penn St. (Big Ten)",So.,QB,12,319,189,7,23,"2,654"
59,"Dustin Crum, Kent St. (MAC)",Jr.,QB,13,312,216,2,20,"2,622"
60,"Asher O'Hara, Middle Tenn. (C-USA)",So.,QB,12,335,210,8,20,"2,616"
61,"Josh Adkins, New Mexico St. (FBS Independent)",So.,QB,12,437,275,15,14,"2,588"
62,"Ty Storey, Western Ky. (C-USA)",Sr.,QB,11,345,241,7,14,"2,567"
63,"Chris Reynolds, Charlotte (C-USA)",So.,QB,13,291,181,11,22,"2,564"
64,"James Morgan, FIU (C-USA)",Sr.,QB,13,357,207,5,14,"2,560"
65,"Bo Nix, Auburn (SEC)",Fr.,QB,13,377,217,6,16,"2,542"
66,"Ryan Agnew, San Diego St. (Mountain West)",Sr.,QB,12,371,234,6,14,"2,462"
67,"Peyton Ramsey, Indiana (Big Ten)",Jr.,QB,11,300,204,5,13,"2,454"
68,"Dan Ellington, Georgia St. (Sun Belt)",Sr.,QB,13,355,227,8,22,"2,447"
69,"J. McMILLAN, Tulane (AAC)",Sr.,QB,13,314,183,10,17,"2,444"
70,"Isaiah Green, Marshall (C-USA)",So.,QB,13,336,189,11,15,"2,438"
71,"Brett Gabbert, Miami (OH) (MAC)",Fr.,QB,14,316,175,8,11,"2,411"
72,"Zach Wilson, BYU (FBS Independent)",So.,QB,9,319,199,9,11,"2,382"
73,"Tommy Devito, Syracuse (ACC)",So.,QB,12,337,213,5,19,"2,360"
74,"Ryan Hilinski, South Carolina (SEC)",Fr.,QB,11,406,236,5,11,"2,357"
75,"James Blackman, Florida St. (ACC)",Jr.,QB,12,292,184,11,17,"2,339"
76,"Carson Strong, Nevada (Mountain West)",Fr.,QB,10,374,237,7,11,"2,335"
77,"Skylar Thompson, Kansas St. (Big 12)",Jr.,QB,13,297,177,5,12,"2,315"
78,"Quinten Dormady, Central Mich. (MAC)",Sr.,QB,10,294,190,9,14,"2,312"
79,"Tyler Johnston III, UAB (C-USA)",So.,QB,11,249,147,15,17,"2,250"
80,"Kelly Bryant, Missouri (SEC)",Sr.,QB,10,292,181,6,15,"2,215"
81,"Jarren Williams, Miami (FL) (ACC)",So.,QB,12,276,169,7,19,"2,187"
82,"Desmond Ridder, Cincinnati (AAC)",So.,QB,13,325,179,9,18,"2,164"
83,"Jarrett Guarantano, Tennessee (SEC)",Jr.,QB,13,257,152,8,16,"2,158"
84,"Ross Bowers, NIU (MAC)",Jr.,QB,9,287,166,8,7,"2,130"
85,"Kenyon Oblad, UNLV (Mountain West)",Fr.,QB,11,308,167,9,18,"2,081"
86,"Quentin Harris, Duke (ACC)",Sr.,QB,12,357,209,11,16,"2,078"
87,"Max Duggan, TCU (Big 12)",Fr.,QB,12,339,181,10,15,"2,077"
88,"Malik Cunningham, Louisville (ACC)",So.,QB,12,179,112,5,22,"2,065"
88,"Spencer Sanders, Oklahoma St. (Big 12)",Fr.,QB,11,247,155,11,16,"2,065"
90,"Austin Kendall, West Virginia (Big 12)",Jr.,QB,9,304,187,10,12,"1,989"
91,"Davis Mills, Stanford (Pac-12)",Jr.,QB,8,241,158,5,11,"1,960"
92,"Adrian Martinez, Nebraska (Big Ten)",So.,QB,10,251,149,9,10,"1,956"
93,"Khalil Tate, Arizona (Pac-12)",Sr.,QB,11,266,160,11,14,"1,954"
94,"Brandon Peters, Illinois (Big Ten)",Jr.,QB,11,275,152,8,18,"1,884"
95,"Hank Bachmeier, Boise St. (Mountain West)",Fr.,QB,8,219,137,6,9,"1,879"
96,"Kato Nelson, Akron (MAC)",Jr.,QB,10,280,151,6,11,"1,825"
97,"Jack Zergiotis, UConn (AAC)",Fr.,QB,10,260,150,11,9,"1,782"
98,"Chase Garbers, California (Pac-12)",So.,QB,9,215,131,3,14,"1,772"
99,"Jack Plummer, Purdue (Big Ten)",Fr.,QB,9,241,144,8,11,"1,603"
100,"Tyler Vitt, Texas St. (Sun Belt)",So.,QB,9,231,147,14,11,"1,590"
101,"Riley Neal, Vanderbilt (SEC)",Sr.,QB,11,258,149,5,9,"1,585"
102,"Hendon Hooker, Virginia Tech (ACC)",So.,QB,11,162,99,2,13,"1,555"
103,"Clayton Tune, Houston (AAC)",So.,QB,7,179,106,9,11,"1,533"
104,"Mac Jones, Alabama (SEC)",So.,QB,12,141,97,3,14,"1,503"
105,"Tevaka Tuioti, New Mexico (Mountain West)",So.,QB,9,195,102,6,7,"1,460"
106,"Jordan McCloud, South Fla. (AAC)",Fr.,QB,12,224,124,8,12,"1,429"
107,"Fred Payton, Coastal Carolina (Sun Belt)",So.,QB,10,187,119,7,12,"1,421"
108,"Michael Penix Jr., Indiana (Big Ten)",Fr.,QB,6,160,110,4,10,"1,394"
109,"Matt Corral, Ole Miss (SEC)",Fr.,QB,10,178,105,3,6,"1,362"
110,"Kai Locksley, UTEP (C-USA)",Sr.,QB,11,181,103,5,6,"1,329"
111,"Donald  Hammond III, Air Force (Mountain West)",Jr.,QB,13,111,56,6,13,"1,316"
112,"Gresch Jensen, Texas St. (Sun Belt)",Jr.,QB,6,206,129,6,5,"1,291"
113,"Josh Jackson, Maryland (Big Ten)",So.,QB,10,207,98,6,12,"1,274"
114,"Anthony Brown, Boston College (ACC)",Jr.,QB,6,137,81,2,9,"1,250"
115,"Grant Gunnell, Arizona (Pac-12)",Fr.,QB,8,155,101,1,9,"1,239"
116,"Lowell Narcisse, UTSA (C-USA)",So.,QB,11,201,107,5,8,"1,226"
117,"Devin Leary, NC State (ACC)",Fr.,QB,8,210,101,5,8,"1,219"
118,"Kyle Vantrease, Buffalo (MAC)",So.,QB,13,172,101,2,8,"1,193"
119,"Garrett Shrader, Mississippi St. (SEC)",Fr.,QB,10,153,88,5,8,"1,170"
120,"James Graham, Georgia Tech (ACC)",Fr.,QB,11,193,87,7,12,"1,164"
121,"Tommy Stevens, Mississippi St. (SEC)",Sr.,QB,9,161,97,5,11,"1,155"
122,"Nick Starkel, Arkansas (SEC)",Jr.,QB,8,179,96,10,7,"1,152"
123,"David Moore, Central Mich. (MAC)",Jr.,QB,6,164,94,4,5,"1,143"
124,"Grant Loy, Bowling Green (MAC)",Jr.,QB,12,204,115,11,6,"1,137"
125,"Aidan O'Connell, Purdue (Big Ten)",So.,QB,6,164,103,4,8,"1,101"
126,"Mitchell Guadagni, Toledo (MAC)",Sr.,QB,6,122,79,2,8,"1,099"
127,"Malcolm Perry, Navy (AAC)",Sr.,QB,13,86,48,3,7,"1,084"
128,"Jaylon Henderson, Boise St. (Mountain West)",Sr.,QB,9,143,89,2,12,"1,080"
129,"Tom Stewart, Rice (C-USA)",Sr.,QB,10,153,92,2,8,"1,054"
130,"Logan Bonner, Arkansas St. (Sun Belt)",Jr.,QB,5,153,91,1,10,"1,052"
