Rank,Player,Cl,Pos,G,Pass Att,Pass Com,Int,Pass TD,Pass Yds
1,"Justin Arias, Idaho St. (Big Sky)",Sr.,QB,12,522,318,10,38,"4,076"
2,"Caleb Berry, Lamar University (Southland)",Sr.,QB,12,459,269,13,33,"3,709"
3,"Michael Nebrich, Fordham (Patriot)",Sr.,QB,12,423,270,9,30,"3,599"
4,"Mike Perish, Indiana St. (MVFC)",Sr.,QB,13,528,324,12,21,"3,515"
5,"Garrett Safron, Sacramento St. (Big Sky)",Sr.,QB,12,432,269,10,34,"3,490"
6,"KD Humphries, Murray St. (OVC)",So.,QB,12,473,319,12,27,"3,483"
7,"Vad Lee, James Madison (CAA)",Jr.,QB,13,465,282,7,30,"3,462"
8,"Alex Ross, Coastal Carolina (Big South)",Jr.,QB,14,422,271,7,20,"3,389"
9,"Morgan Roberts, Yale (Ivy League)",Jr.,QB,10,371,248,9,22,"3,230"
10,"Tre Roberson, Illinois St. (MVFC)",Jr.,QB,15,359,208,10,30,"3,221"
11,"Lamontiez Ivy, Jackson St. (SWAC)",So.,QB,12,422,270,14,22,"3,209"
12,"Kade Bell, Jacksonville (Pioneer)",Jr.,QB,11,376,227,12,31,"3,181"
13,"Carson Wentz, North Dakota St. (MVFC)",Jr.,QB,16,358,228,10,25,"3,111"
14,"Jared Johnson, Sam Houston (Southland)",So.,QB,16,453,260,12,21,"3,054"
15,"Ammon Olsen, Southern Utah (Big Sky)",Jr.,QB,12,381,241,11,21,"3,044"
16,"Al Cobb, VMI (SoCon)",Fr.,QB,12,438,269,10,20,"2,971"
17,"Josh Woodrum, Liberty (Big South)",Jr.,QB,12,339,210,10,19,"2,947"
18,"Trenton Norvell, Western Ill. (MVFC)",So.,QB,12,373,219,11,24,"2,891"
19,"Michael German, Tennessee St. (OVC)",Sr.,QB,10,397,216,15,22,"2,846"
19,"John Robertson, Villanova (CAA)",Jr.,QB,13,301,197,3,35,"2,846"
21,"Austin Gahafer, Morehead St. (Pioneer)",So.,QB,12,451,288,13,23,"2,840"
22,"Zach Adkins, Northwestern St. (Southland)",Sr.,QB,12,383,258,14,28,"2,821"
23,"Jordan Johnson, Montana (Big Sky)",Sr.,QB,13,382,217,6,24,"2,784"
24,"Zach Conque, SFA ()",So.,QB,13,385,249,9,15,"2,733"
25,"Jacob Huesman, Chattanooga (SoCon)",Jr.,QB,14,330,226,8,23,"2,731"
26,"Alek Torgersen, Penn (Ivy League)",So.,QB,10,421,260,11,14,"2,689"
27,"Will Fiacchi, UAlbany (CAA)",Sr.,QB,12,377,207,8,24,"2,636"
28,"Marcus Fuller, Brown (Ivy League)",Sr.,QB,10,361,198,7,15,"2,618"
29,"Kyle Snyder, Southeast Mo. St. (OVC)",Sr.,QB,12,320,196,14,23,"2,582"
30,"Lucas Beatty, Gardner-Webb (Big South)",Sr.,QB,12,388,234,12,16,"2,564"
31,"Dakota Prukop, Montana St. (Big Sky)",So.,QB,11,263,171,6,18,"2,559"
32,"Troy Mitchell, Western Caro. (SoCon)",Jr.,QB,12,352,231,9,20,"2,541"
33,"Jaymason Lee, Alabama A&M (SWAC)",Sr.,DB,11,310,151,9,18,"2,488"
34,"John Gibbs Jr., Alcorn (SWAC)",Jr.,QB,13,324,189,7,21,"2,482"
35,"RJ Noel, Sacred Heart (NEC)",Jr.,QB,12,386,202,15,23,"2,477"
36,"Jerry Lovelocke, Prairie View (SWAC)",Sr.,QB,10,351,202,9,16,"2,473"
37,"Benjamin Anderson, Ark.-Pine Bluff (SWAC)",Sr.,QB,11,313,166,10,17,"2,462"
38,"Johnathan Williams, Grambling (SWAC)",Jr.,QB,9,287,168,7,18,"2,454"
39,"Mike Quinn, Elon (CAA)",Sr.,QB,12,488,265,16,11,"2,436"
40,"Brandon Hill, Monmouth (Big South)",Sr.,QB,10,334,201,6,19,"2,396"
41,"Greg McGhee, Howard (MEAC)",Sr.,QB,12,399,222,8,15,"2,388"
42,"Nick Shafnisky, Lehigh (Patriot)",So.,QB,11,313,187,12,14,"2,373"
43,"Ryan Howard, Central Ark. (Southland)",Sr.,QB,12,301,199,9,23,"2,369"
44,"Bryan Bennett, Southeastern La. (Southland)",Sr.,QB,13,289,143,8,18,"2,357"
45,"Peter Pujals, Holy Cross (Patriot)",So.,QB,12,375,225,12,10,"2,353"
46,"Austin Howard, Southern U. (SWAC)",Fr.,QB,13,325,168,8,17,"2,334"
47,"Trent Hurley, Delaware (CAA)",Sr.,QB,12,319,207,14,13,"2,275"
48,"Ben Lehman, Valparaiso (Pioneer)",Sr.,QB,12,340,198,12,14,"2,264"
49,"Andy Rice, Drake (Pioneer)",Sr.,QB,11,368,208,11,11,"2,261"
50,"Mark Iannotti, Southern Ill. (MVFC)",Jr.,QB,12,319,201,8,22,"2,241"
51,"John Russ, Mercer (SoCon)",So.,QB,12,244,138,10,19,"2,167"
52,"Damien Fleming, Florida A&M (MEAC)",Sr.,QB,12,314,186,13,17,"2,159"
53,"Michael Eubank, Samford (SoCon)",Jr.,QB,11,289,183,8,12,"2,136"
54,"Keith Williams, San Diego (Pioneer)",So.,QB,11,284,153,9,21,"2,127"
55,"Dalyn Williams, Dartmouth (Ivy League)",Jr.,QB,9,268,181,3,21,"2,119"
56,"Nick SanGiacomo, Central Conn. St. (NEC)",Jr.,QB,11,292,165,12,11,"2,108"
57,"Daniel Duhart, Alabama St. (SWAC)",Jr.,QB,11,294,159,7,10,"2,105"
58,"Jalen Whitlow, Eastern Ill. (OVC)",Jr.,QB,11,294,185,7,15,"2,075"
59,"Billy Green, Weber St. (Big Sky)",So.,QB,11,318,194,8,11,"2,055"
60,"Steve Cluley, William & Mary (CAA)",So.,QB,12,287,164,4,11,"2,048"
61,"Dalton Easton, Bryant (NEC)",So.,QB,11,291,156,11,20,"2,007"
62,"Will Bardo, Dayton (Pioneer)",Sr.,QB,11,324,190,10,14,"1,990"
63,"Kierra Harris, Missouri St. (MVFC)",Sr.,QB,12,289,159,8,19,"1,984"
64,"Malcolm Bell, N.C. Central (MEAC)",So.,QB,11,286,177,5,15,"1,982"
65,"Sean Rubalcaba, Northern Colo. (Big Sky)",So.,QB,10,236,160,6,11,"1,935"
66,"Jarod Neal, UT Martin (OVC)",Jr.,QB,12,249,158,6,14,"1,880"
67,"Eli Jenkins, Jacksonville St. (OVC)",So.,QB,12,222,127,9,12,"1,870"
68,"Austin Brown, Charleston So. (Big South)",Jr.,QB,12,241,126,11,11,"1,848"
69,"Ryan Tentler, Stetson (Pioneer)",So.,QB,12,274,153,15,17,"1,834"
70,"Hunter Wells, Youngstown St. (MVFC)",Fr.,QB,10,202,121,7,14,"1,772"
71,"Kyle Nolan, Georgetown (Patriot)",Jr.,QB,11,343,176,6,9,"1,763"
72,"Keiran McDonagh, Portland St. (Big Sky)",Jr.,QB,10,301,154,13,12,"1,742"
73,"Connor Michelsen, Princeton (Ivy League)",Sr.,QB,10,234,151,3,8,"1,507"
74,"Connor Frazier, Towson (CAA)",Jr.,QB,12,293,168,8,9,"1,499"
75,"Dakota Wolf, Campbell (Pioneer)",Sr.,QB,12,226,140,9,10,"1,483"
76,"Chris Brown, Cal Poly (Big Sky)",Jr.,QB,12,170,102,3,12,"1,465"
77,"Zack Drayer, Saint Francis (PA) (NEC)",So.,QB,11,195,112,8,15,"1,455"
78,"Michael Rocco, Richmond (CAA)",Sr.,QB,14,207,117,12,4,"1,451"
79,"Scott Hosch, Harvard (Ivy League)",Jr.,QB,10,176,109,7,8,"1,428"
80,"Quentin Williams, Bethune-Cookman (MEAC)",Sr.,QB,12,183,113,7,7,"1,426"
81,"Kwashaun Quick, N.C. A&T (MEAC)",Jr.,QB,11,213,124,6,13,"1,418"
82,"Trevor McDonagh, Columbia (Ivy League)",Jr.,QB,8,250,130,12,8,"1,349"
83,"Heys McMath, Presbyterian (Big South)",So.,QB,11,223,130,10,6,"1,334"
84,"Conor Bednarski, Stony Brook (CAA)",Jr.,QB,12,208,110,7,9,"1,327"
85,"Terrance Ervin, Norfolk St. (MEAC)",Fr.,QB,12,188,102,9,8,"1,310"
86,"Adrian Kollock, South Carolina St. (MEAC)",Fr.,QB,11,176,96,7,7,"1,244"
87,"Bennie Coney, Eastern Ky. (OVC)",So.,QB,11,171,92,9,7,"1,185"
88,"Brion Carnes, UNI (MVFC)",Sr.,QB,12,198,91,5,6,"1,182"
89,"Andy Vailas, New Hampshire (CAA)",Sr.,QB,14,153,104,4,10,"1,149"
90,"Jared McClain, Eastern Ky. (OVC)",Sr.,QB,12,172,106,9,5,"1,133"
91,"Beaux Hebert, Nicholls (Southland)",Sr.,QB,11,165,95,4,6,"1,090"
92,"Blake Searfoss, Lafayette (Patriot)",So.,QB,10,170,102,4,7,"1,063"
93,"Malcolm Weaver, Butler (Pioneer)",So.,QB,11,208,99,6,5,"1,010"
94,"Anthony Francis, Marist (Pioneer)",So.,QB,9,171,90,6,8,"1,008"
95,"Tyler Bolfing, McNeese (Southland)",Jr.,QB,11,146,79,3,6,990
96,"Quinn Epperly, Princeton (Ivy League)",Sr.,QB,8,171,100,4,4,981
97,"Aaron Miller, The Citadel (SoCon)",Sr.,QB,12,142,63,1,7,932
98,"Darian Stone, Tennessee Tech (OVC)",Sr.,QB,12,177,94,5,5,929
99,"Jamal Small, Texas Southern (SWAC)",Sr.,QB,11,150,71,4,8,904
100,"Gilbert Rivera, Delaware St. (MEAC)",So.,QB,10,188,95,10,6,903
101,"Kalen Henderson, Nicholls (Southland)",Sr.,QB,11,195,94,6,3,882
102,"Quantavius Peterson, Mississippi Val. (SWAC)",Jr.,QB,10,146,66,7,6,874
103,"Patrick Ivy, Mississippi Val. (SWAC)",Sr.,QB,11,130,57,8,9,870
104,"Andrew Manley, Eastern Ill. (OVC)",Sr.,QB,11,146,76,4,4,850
105,"Tino Smith, Savannah St. (MEAC)",Fr.,QB,11,176,89,8,5,849
106,"Jared Davis, Tennessee Tech (OVC)",So.,QB,10,138,70,7,4,770
107,"James Caparell, Rhode Island (CAA)",Fr.,QB,10,149,69,9,3,745
107,"David Salmon, Campbell (Pioneer)",Fr.,QB,11,139,58,5,4,745
109,"Drew Belcher, Maine (CAA)",Fr.,QB,9,152,77,3,3,740
110,"Stephen Johnson, Grambling (SWAC)",Fr.,QB,9,105,59,4,6,723
111,"Marlon Kelly, Delaware St. (MEAC)",Sr.,WR,11,132,66,8,2,668
112,"Chris Andrews, Wagner (NEC)",So.,QB,9,121,51,3,3,657
113,"Daniel Sams, McNeese (Southland)",---,QB,10,97,46,4,7,624
114,"Josh Kraght, Portland St. (Big Sky)",Fr.,QB,9,97,50,3,2,521
115,"Deonte Shorts, Southern U. (SWAC)",So.,QB,11,66,36,0,2,512
116,"Larry Brihm, Bethune-Cookman (MEAC)",So.,QB,12,71,44,0,4,491
117,"Darrien Boone, Austin Peay (OVC)",Fr.,QB,11,81,43,3,2,420
118,"Michael Weimer, Wofford (SoCon)",Jr.,QB,10,54,28,3,2,309
119,"Greg DePugh, Monmouth (Big South)",Sr.,QB,10,47,28,3,2,293
120,"Ker-Sean Wislon, Savannah St. (MEAC)",Jr.,QB,12,82,36,5,2,263
121,"Hayden Alford, VMI (SoCon)",So.,QB,12,29,15,2,1,245
122,"Don King, Sam Houston (Southland)",So.,QB,15,27,18,1,1,233
123,"Kaleb Griffin, Presbyterian (Big South)",Jr.,QB,9,33,18,1,0,172
124,"Patrick McCain, Jacksonville (Pioneer)",Sr.,QB,10,25,16,0,0,156
125,"Daniel Kniffin, Sacramento St. (Big Sky)",Fr.,QB,11,22,15,0,0,146
