Rank,Player,Cl,Pos,G,Pass Att,Pass Com,Int,Pass TD,Pass Yds
1,"Tim DeMorat, Fordham (Patriot)",Sr.,QB,12,499,326,10,56,"4,891"
2,"Lindsey Scott, UIW (Southland)",Sr.,QB,14,454,322,8,60,"4,686"
3,"Parker McKinney, Eastern Ky. (ASUN)",Jr.,QB,12,459,315,8,33,"3,956"
4,"Shedeur Sanders, Jackson St. (SWAC)",So.,QB,13,488,344,6,40,"3,758"
5,"Reece Udinski, Richmond (CAA)",Sr.,QB,13,515,378,5,29,"3,614"
6,"Michael Hiers, Samford (SoCon)",Jr.,,13,461,353,4,36,"3,544"
7,"Zevi Eckhaus, Bryant (Big South)",So.,QB,11,416,253,15,26,"3,228"
8,"Nolan Henderson, Delaware (CAA)",Sr.,QB,13,442,285,9,32,"3,216"
9,"Max Brosmer, New Hampshire (CAA)",Jr.,QB,13,420,263,8,27,"3,157"
10,"Theo Day, UNI (MVFC)",Jr.,QB,11,323,210,6,26,"3,121"
11,"Miles Hastings, UC Davis (Big Sky)",So.,QB,11,367,256,6,20,"3,048"
12,"Fred Payton, Mercer (SoCon)",Sr.,QB,11,325,216,8,32,"3,019"
13,"Reese Poffenbarger, UAlbany (CAA)",Fr.,QB,11,369,227,4,24,"2,999"
14,"Mark Gronowski, South Dakota St. (MVFC)",So.,QB,15,356,232,5,26,"2,966"
15,"Dresser Winn, UT Martin (OVC)",Sr.,QB,11,379,232,11,18,"2,926"
16,"Bailey Fisher, Gardner-Webb (Big South)",Sr.,QB,13,369,240,11,19,"2,923"
17,"Pierce Holley, Georgetown (Patriot)",Sr.,QB,11,442,292,11,18,"2,882"
18,"RJ Martinez, Northern Ariz. (Big Sky)",So.,QB,11,453,294,8,16,"2,877"
19,"Justin Miller, Southern Utah (WAC)",Jr.,QB,11,366,239,8,20,"2,815"
20,"Nic Baker, Southern Ill. (MVFC)",Jr.,QB,11,347,239,7,20,"2,750"
21,"Blake Stenstrom, Princeton (Ivy League)",Jr.,QB,10,350,243,5,16,"2,742"
22,"Jeremy Moussa, Florida A&M (SWAC)",Sr.,QB,11,394,226,10,21,"2,735"
23,"Tommy Schuster, North Dakota (MVFC)",Jr.,QB,12,365,251,5,20,"2,730"
24,"Preston Hutchinson, Chattanooga (SoCon)",Sr.,QB,11,319,194,11,17,"2,723"
25,"Gevani McCoy, Idaho (Big Sky)",Fr.,QB,11,297,203,7,27,"2,721"
26,"Matthew McKay, Elon (CAA)",Sr.,QB,12,323,197,4,21,"2,709"
27,"Paxton DeLaurent, Southeast Mo. St. (OVC)",So.,QB,10,344,210,6,19,"2,684"
28,"Davius Richard, N.C. Central (MEAC)",Jr.,QB,12,311,199,10,25,"2,661"
29,"Jason Shelley, Missouri St. (MVFC)",Sr.,QB,11,334,204,6,18,"2,643"
30,"Spencer Brasch, Cal Poly (Big Sky)",Jr.,QB,10,347,205,13,19,"2,602"
31,"Will McElvain, Central Ark. (ASUN)",Jr.,QB,11,314,190,8,18,"2,592"
32,"Kasim Hill, Rhode Island (CAA)",Sr.,QB,11,327,177,7,19,"2,589"
33,"Trae Self, SFA (ASUN)",Sr.,QB,11,318,192,4,19,"2,575"
34,"Brady Meitz, Stetson (Pioneer)",So.,QB,10,345,203,10,17,"2,548"
35,"Bronson Barron, Weber St. (Big Sky)",So.,QB,13,344,204,7,21,"2,529"
36,"Zachary Clement, Northwestern St. (Southland)",So.,QB,11,410,222,13,19,"2,498"
37,"Matthew Sluka, Holy Cross (Patriot)",Jr.,QB,13,266,153,4,26,"2,489"
38,"Jimmy Weirick, Wofford (SoCon)",Sr.,QB,11,322,187,7,12,"2,480"
39,"Mike DiLiello, Austin Peay (ASUN)",Sr.,QB,11,330,200,11,21,"2,447"
39,"Gunner Talkington, Eastern Wash. (Big Sky)",Sr.,QB,10,345,219,8,22,"2,447"
41,"Jake Dunniway, Sacramento St. (Big Sky)",Sr.,QB,13,314,185,15,19,"2,417"
42,"Bret Bushka, Butler (Pioneer)",Sr.,QB,11,317,205,10,20,"2,377"
43,"Aidan Sayin, Penn (Ivy League)",So.,QB,10,391,253,7,18,"2,344"
44,"Justin Fomby, Houston Christian (Southland)",So.,QB,11,402,238,16,16,"2,297"
45,"Judd Erickson, San Diego (Pioneer)",Sr.,QB,10,325,193,7,20,"2,293"
46,"Jalon Jones, Bethune-Cookman (SWAC)",Jr.,QB,11,321,188,7,14,"2,275"
47,"Jeremiah Oatsvall, Tennessee Tech (OVC)",Sr.,QB,11,324,199,11,19,"2,271"
48,"Darius Wilson, William & Mary (CAA)",So.,QB,13,239,151,7,16,"2,252"
49,"Joe Fagnano, Maine (CAA)",Sr.,QB,11,365,209,6,15,"2,250"
50,"Lucas Johnson, Montana (Big Sky)",Sr.,QB,12,305,187,7,21,"2,233"
51,"Hajj-Malik Williams, Campbell (Big South)",Sr.,QB,10,289,180,7,12,"2,221"
52,"Dante Perri, Lehigh (Patriot)",Jr.,QB,11,357,206,9,12,"2,213"
53,"Maverick McIvor, Abilene Christian (WAC)",So.,QB,11,296,179,9,16,"2,212"
54,"Tyler Huff, Furman (SoCon)",Sr.,QB,12,292,199,8,15,"2,199"
55,"Brock Bagozzi, Marist (Pioneer)",So.,QB,11,357,207,11,11,"2,190"
56,"Noah Walters, North Ala. (ASUN)",Fr.,QB,11,285,151,12,19,"2,149"
57,"Charlie Dean, Harvard (Ivy League)",Sr.,QB,9,285,169,7,18,"2,101"
58,"Connor Watkins, Villanova (CAA)",Jr.,QB,11,233,128,11,16,"2,057"
59,"Cam Miller, North Dakota St. (MVFC)",Jr.,QB,15,243,160,5,13,"1,975"
60,"Marquez McCray, Sacred Heart (NEC)",Sr.,QB,10,273,176,4,8,"1,973"
61,"Tyler Riddell, ETSU (SoCon)",So.,QB,11,278,150,11,15,"1,970"
62,"Dante Chachere, Portland St. (Big Sky)",So.,QB,11,248,148,8,19,"1,956"
63,"Cole Doyle, Saint Francis (PA) (NEC)",So.,QB,11,216,141,3,21,"1,930"
64,"Kohen Granier, Nicholls (Southland)",Sr.,QB,10,312,177,13,14,"1,907"
65,"Quinton Williams, Howard (MEAC)",Sr.,QB,10,267,173,8,16,"1,906"
66,"Dylan McCaffrey, Northern Colo. (Big Sky)",Sr.,QB,11,317,189,12,12,"1,905"
67,"Mikey Appel, Valparaiso (Pioneer)",Fr.,QB,11,253,149,6,10,"1,878"
68,"Joe Mischler, Duquesne (NEC)",Jr.,QB,11,283,165,14,17,"1,856"
69,"Draylen Ellis, Tennessee St. (OVC)",Jr.,QB,10,280,154,6,8,"1,811"
70,"Andrew Body, Texas Southern (SWAC)",So.,QB,11,262,147,6,13,"1,800"
71,"Jalen Fowler, N.C. A&T (Big South)",Sr.,QB,10,227,141,6,15,"1,796"
72,"Zion Webb, Jacksonville St. (ASUN)",Sr.,QB,11,201,111,9,10,"1,737"
73,"Tommy Mellott, Montana St. (Big Sky)",So.,QB,12,210,128,4,10,"1,698"
74,"Nolan Grooms, Yale (Ivy League)",Sr.,QB,10,232,134,10,14,"1,660"
75,"Michael Brescia, Colgate (Patriot)",So.,QB,11,286,153,6,7,"1,656"
76,"Jameson Wang, Cornell (Ivy League)",So.,QB,10,262,150,8,14,"1,650"
77,"Tyrrell Pigrome, Towson (CAA)",Sr.,QB,11,274,155,6,14,"1,638"
78,"Besean McCray, Southern U. (SWAC)",So.,QB,12,206,121,9,13,"1,616"
79,"Mitch Davidson, Youngstown St. (MVFC)",Sr.,QB,11,201,119,1,12,"1,613"
80,"Eli Sawyer, Southeastern La. (Southland)",Fr.,QB,10,194,121,1,11,"1,605"
81,"Malcolm Mays, Hampton (CAA)",Jr.,QB,11,214,118,15,15,"1,574"
82,"Nick Kargman, Wagner (NEC)",So.,QB,9,248,131,9,9,"1,531"
83,"Cephus Johnson III, Southeastern La. (Southland)",Sr.,QB,12,214,138,6,10,"1,527"
84,"Trazon Connley, Prairie View (SWAC)",Jr.,QB,10,207,122,6,11,"1,478"
85,"Otto Kuhns, Norfolk St. (MEAC)",So.,QB,9,213,117,9,11,"1,418"
86,"Aaron Allen, Alcorn (SWAC)",Jr.,QB,9,192,120,7,7,"1,387"
87,"Skyler Perry, Ark.-Pine Bluff (SWAC)",Sr.,QB,9,260,138,6,6,"1,381"
88,"Ian Corwin, Drake (Pioneer)",Sr.,QB,9,244,109,8,10,"1,348"
89,"Nate Hayden, Presbyterian (Pioneer)",Jr.,QB,9,180,101,7,7,"1,289"
90,"Seth Morgan, VMI (SoCon)",Jr.,QB,9,236,129,9,4,"1,283"
91,"Xavier Lankford, Alabama A&M (SWAC)",Jr.,QB,11,198,110,7,6,"1,276"
92,"Derek Green, LIU (NEC)",Sr.,QB,11,186,119,7,4,"1,245"
93,"Michael Chandler, Lamar University (Southland)",Fr.,QB,11,205,87,7,8,"1,244"
94,"Dematrius Davis, Alabama St. (SWAC)",Fr.,QB,9,158,94,4,7,"1,201"
95,"Caden Bell, Columbia (Ivy League)",Sr.,QB,9,175,105,4,10,"1,198"
96,"Corey FIELDS,Jr., South Carolina St. (MEAC)",Sr.,QB,9,203,91,10,11,"1,146"
97,"Xavier Shepherd, Kennesaw St. (ASUN)",Jr.,QB,9,137,68,7,7,"1,130"
98,"Keegan Shoemaker, Sam Houston (WAC)",Jr.,QB,7,204,95,5,6,"1,122"
99,"Quincy Casey, Alabama A&M (SWAC)",Jr.,QB,10,150,88,8,5,"1,063"
100,"Justin Sliwoski, Saint Francis (PA) (NEC)",Jr.,QB,11,120,72,3,9,"1,029"
101,"Daron Bryden, Stony Brook (CAA)",Fr.,QB,9,160,79,8,7,954
102,"Cade Chambers, Indiana St. (MVFC)",So.,QB,9,146,65,3,8,938
103,"Quaterius Hawkins, Grambling (SWAC)",Jr.,QB,11,140,66,5,6,915
104,"Jayden Waddell, Davidson (Pioneer)",Sr.,QB,11,89,55,4,7,889
105,"Asher O'Hara, Sacramento St. (Big Sky)",Sr.,QB,13,111,81,0,11,873
106,"Dylan Cadwallader, Dartmouth (Ivy League)",Jr.,QB,8,133,77,3,3,806
107,"Myles Crawley, Alabama St. (SWAC)",So.,QB,9,96,58,5,4,785
108,"Nick Howard, Dartmouth (Ivy League)",Sr.,QB,8,110,65,3,2,730
109,"Julian Calvez, Grambling (SWAC)",Fr.,QB,10,151,62,6,5,685
110,"Sean Chambers, Montana St. (Big Sky)",Jr.,QB,12,70,42,4,8,612
111,"Sagan Gronauer, Idaho St. (Big Sky)",So.,QB,9,105,59,6,3,596
112,"Peyton Derrick, The Citadel (SoCon)",Sr.,QB,10,84,45,6,5,579
113,"Duce Taylor, Morgan St. (MEAC)",So.,QB,10,119,41,9,4,560
114,"Aidan Gilman, Brown (Ivy League)",Sr.,QB,10,113,67,6,2,557
115,"Demeatric Crenshaw, Youngstown St. (MVFC)",So.,QB,10,81,39,2,5,547
116,"Tyrece Nick, South Carolina St. (MEAC)",Sr.,QB,9,51,28,3,4,475
117,"Luke Durkin, Davidson (Pioneer)",So.,QB,10,40,26,1,6,440
118,"Jaylan Adams, Norfolk St. (MEAC)",Jr.,QB,10,75,40,4,4,417
119,"Christopher  Zellous, Hampton (CAA)",Fr.,QB,9,44,23,4,3,376
120,"Jaylon Tolbert, Howard (MEAC)",So.,QB,9,35,26,2,3,330
121,"Quincy Guy-Barnes, Wagner (NEC)",So.,QB,10,35,13,2,1,173
122,"Lucas Maue, Murray St. (OVC)",So.,QB,10,30,8,0,2,143
123,"Austin Tutas, Yale (Ivy League)",So.,QB,8,12,9,0,1,140
123,"Javon Williams Jr., Southern Ill. (MVFC)",Jr.,RB,11,17,11,0,0,140
125,"Kylin James, Central Ark. (ASUN)",So.,RB,11,2,2,0,2,129
126,"Clifton McDowell, Central Ark. (ASUN)",Jr.,QB,9,21,10,2,2,115
127,"Willie Miller, Tennessee Tech (OVC)",Sr.,WR,10,3,3,0,0,101
128,"Walker Harris, N.C. Central (MEAC)",So.,QB,11,9,5,0,0,90
129,"Re-al Mitchell, San Diego (Pioneer)",Jr.,QB,10,12,8,0,2,69
130,"Jamal Hill, Robert Morris (Big South)",So.,WR,11,3,1,0,1,64
131,"Michael Walsh, Brown (Ivy League)",Sr.,QB,10,11,8,0,0,59
132,"Ty Holden, Prairie View (SWAC)",Jr.,WR,11,1,1,0,0,56
133,"Ross Tallarico, Stony Brook (CAA)",So.,DB,11,1,1,0,1,55
134,"Maurcus McDaniel, Penn (Ivy League)",Jr.,DB,8,2,2,0,0,53
135,"Cole Payton, North Dakota St. (MVFC)",So.,QB,13,12,8,1,0,51
135,"Leroy Thomas, VMI (SoCon)",Sr.,WR,10,1,1,0,0,51
137,"Grant Sergent, San Diego (Pioneer)",Jr.,QB,9,3,3,0,1,50
138,"Jeremiah Hixon, Alabama St. (SWAC)",Jr.,WR,11,1,1,0,0,45
139,"Jalen Mason, Stetson (Pioneer)",Sr.,WR,10,2,2,0,0,43
139,"Isaiah Wilson, ETSU (SoCon)",Jr.,WR,11,2,2,0,0,43
141,"James Collins, Delaware (CAA)",Jr.,WR,11,1,1,0,0,40
142,"Trey Goodman, Austin Peay (ASUN)",So.,WR,11,4,1,0,0,39
142,"Chris Herron, Prairie View (SWAC)",Jr.,QB,11,5,3,1,1,39
142,"Vance Jefferson, San Diego (Pioneer)",So.,WR,9,2,2,0,2,39
145,"Lewis Halton, Murray St. (OVC)",Sr.,P,11,1,1,0,0,37
145,"Isaiah  Scott, Alabama St. (SWAC)",Jr.,WR,11,1,1,0,1,37
147,"Jalen Coker, Holy Cross (Patriot)",Jr.,WR,12,1,1,0,1,36
148,"Chris Faddoul, Florida A&M (SWAC)",Sr.,K,11,2,2,0,0,35
149,"Chris Coleman, Cal Poly (Big Sky)",Sr.,WR,11,1,1,0,0,34
149,"Garrett Oakey, Colgate (Patriot)",Sr.,WR,11,2,1,0,0,34
