Rank,Player,Cl,Pos,G,Pass Att,Pass Com,Int,Pass TD,Pass Yds
1,"Jeremiah Briscoe, Sam Houston (Southland)",Sr.,QB,14,579,335,16,45,"5,003"
2,"Chris Streveler, South Dakota (MVFC)",Sr.,QB,13,481,316,8,32,"4,134"
3,"Devlin Hodges, Samford (SoCon)",Jr.,QB,12,528,347,11,31,"3,983"
4,"Brad Mayes, Lehigh (Patriot)",Jr.,QB,12,455,292,12,31,"3,886"
5,"Kyle Lauletta, Richmond (CAA)",Sr.,QB,11,433,281,12,28,"3,737"
6,"Jake Maier, UC Davis (Big Sky)",So.,QB,11,446,306,10,26,"3,669"
7,"Taryn Christion, South Dakota St. (MVFC)",Jr.,QB,14,428,249,14,35,"3,515"
8,"Chad Kanoff, Princeton (Ivy League)",Sr.,QB,10,388,284,9,29,"3,474"
9,"Trevor Knight, New Hampshire (CAA)",Jr.,QB,14,471,291,10,26,"3,433"
10,"Case Cookus, Northern Ariz. (Big Sky)",So.,QB,12,474,275,6,22,"3,413"
11,"Gage Gubrud, Eastern Wash. (Big Sky)",Jr.,QB,10,422,261,12,26,"3,342"
12,"Price Wilson, Bryant (NEC)",So.,QB,11,431,257,18,24,"3,311"
13,"Bryan Schor, James Madison (CAA)",Sr.,QB,15,417,271,14,26,"3,222"
14,"Anthony Lawrence, San Diego (Pioneer)",Jr.,QB,13,374,245,3,33,"3,131"
15,"Hayden Hildebrand, Central Ark. (Southland)",Sr.,QB,12,309,207,9,29,"3,129"
16,"Stefan Cantwell, Weber St. (Big Sky)",Sr.,QB,14,352,216,7,25,"2,978"
17,"Lamar Raynard, N.C. A&T (MEAC)",Jr.,QB,12,328,209,7,27,"2,932"
18,"Devante Kincade, Grambling (SWAC)",Sr.,QB,13,368,217,4,23,"2,905"
19,"Sean McGuire, Western Ill. (MVFC)",Jr.,QB,12,342,219,7,25,"2,852"
20,"Patrick Tyler, Southern Utah (Big Sky)",Sr.,QB,11,375,240,12,20,"2,796"
21,"Peter Pujals, Holy Cross (Patriot)",Sr.,QB,11,430,238,7,17,"2,776"
22,"Tanner Gueller, Idaho St. (Big Sky)",Jr.,QB,11,325,188,9,22,"2,754"
23,"Eli Dunne, UNI (MVFC)",Jr.,QB,12,358,224,11,26,"2,704"
24,"Lawson Page, Morehead St. (Pioneer)",Jr.,QB,11,355,222,11,21,"2,682"
25,"Grant Kraemer, Drake (Pioneer)",Sr.,QB,10,289,174,10,20,"2,616"
26,"Jimmy Seewald, Valparaiso (Pioneer)",So.,QB,11,306,180,10,18,"2,602"
27,"Kevin Duke, Sacred Heart (NEC)",Sr.,QB,11,357,218,13,15,"2,596"
28,"Gresch Jensen, Montana (Big Sky)",Fr.,QB,10,294,177,10,20,"2,531"
29,"James Tabary, McNeese (Southland)",Jr.,QB,11,353,199,8,21,"2,511"
30,"Joe Carbone, Stony Brook (CAA)",Jr.,QB,13,363,204,8,23,"2,470"
31,"Easton Stick, North Dakota St. (MVFC)",Jr.,QB,15,264,164,8,28,"2,466"
32,"P.J. Blazejowski, Furman (SoCon)",Sr.,QB,13,233,142,5,19,"2,461"
33,"Caylin Newton, Howard (MEAC)",Fr.,QB,11,263,133,12,13,"2,432"
34,"Davis Cheek, Elon (CAA)",Fr.,QB,12,323,190,8,15,"2,431"
35,"Anders Hill, Columbia (Ivy League)",Sr.,QB,10,325,206,10,16,"2,407"
36,"Tommy Stuart, Duquesne (NEC)",Sr.,QB,11,297,198,8,27,"2,405"
37,"Kenji Bahar, Monmouth (Big South)",So.,QB,12,331,205,13,16,"2,368"
38,"Mike White, Marist (Pioneer)",Sr.,QB,10,382,198,15,12,"2,350"
39,"Colin McGovern, Stetson (Pioneer)",Jr.,QB,11,396,247,13,8,"2,331"
40,"Kurt Rawlings, Yale (Ivy League)",So.,QB,10,281,189,6,19,"2,320"
41,"Chase Fourcade, Nicholls (Southland)",So.,QB,12,298,162,13,14,"2,316"
42,"Tyrie Adams, Western Caro. (SoCon)",So.,QB,12,305,189,8,22,"2,294"
43,"Austin Herink, ETSU (SoCon)",Jr.,QB,11,322,182,6,14,"2,213"
44,"Larry Brihm, Jr., Bethune-Cookman (MEAC)",Sr.,QB,11,307,191,4,12,"2,210"
45,"Will Marty, Butler (Pioneer)",Jr.,QB,11,338,198,6,7,"2,198"
46,"Ryan Stanley, Florida A&M (MEAC)",So.,QB,10,284,183,7,16,"2,190"
47,"Jake Kolbe, Illinois St. (MVFC)",Jr.,QB,10,293,163,11,12,"2,138"
48,"Jack Heneghan, Dartmouth (Ivy League)",Sr.,QB,10,293,185,6,17,"2,136"
49,"Tim Boyle, Eastern Ky. (OVC)",Jr.,QB,11,327,201,13,11,"2,134"
50,"Chris Ferguson, Maine (CAA)",Fr.,QB,10,313,171,11,16,"2,064"
51,"Kaelan Riley, Mercer (SoCon)",Fr.,QB,11,288,171,10,13,"2,030"
52,"Ryan Stover, Towson (CAA)",So.,QB,11,341,189,13,11,"2,001"
53,"Dalton Banks, Cornell (Ivy League)",Jr.,QB,10,309,189,14,6,"1,994"
54,"Peyton Huslig, Missouri St. (MVFC)",So.,QB,11,277,159,11,9,"1,981"
55,"Sean O'Malley, Lafayette (Patriot)",Fr.,QB,11,397,241,15,12,"1,967"
56,"Jacob Dolegela, Central Conn. St. (NEC)",Jr.,QB,11,274,145,7,13,"1,953"
57,"Austin Howard, Southern U. (SWAC)",Sr.,QB,10,282,171,7,18,"1,932"
58,"Bear Fenimore, Saint Francis (PA) (NEC)",Sr.,QB,10,278,159,7,14,"1,893"
59,"Will Brunson, UAlbany (CAA)",Jr.,QB,11,294,166,10,9,"1,889"
59,"Daniel Smith, Campbell (Pioneer)",So.,QB,10,255,136,7,18,"1,889"
61,"Keaton Studsrud, North Dakota (Big Sky)",Sr.,QB,10,257,153,11,8,"1,887"
62,"Lenorris Footman, Alcorn (SWAC)",Sr.,QB,9,232,140,4,10,"1,863"
63,"Neiko Hollins, Prairie View (SWAC)",So.,QB,10,247,134,8,21,"1,853"
64,"Juwan Carter, Norfolk St. (MEAC)",Fr.,QB,11,310,165,6,13,"1,827"
65,"Jesse Hosket, Southeast Mo. St. (OVC)",Sr.,QB,11,333,173,8,15,"1,823"
66,"Shuler Bentley, Murray St. (OVC)",So.,QB,9,328,187,4,13,"1,789"
67,"Dewann Ford, South Carolina St. (MEAC)",Fr.,,10,293,147,10,8,"1,763"
68,"Williams Delmon, Hampton (MEAC)",Jr.,,11,256,135,9,13,"1,757"
69,"Jimmy Walker, Robert Morris (NEC)",Jr.,QB,9,272,135,8,9,"1,669"
70,"Jake Blumrick, SFA (Southland)",So.,QB,10,303,171,7,8,"1,654"
71,"Tyler Phelps, Davidson (Pioneer)",Fr.,QB,10,288,151,6,6,"1,620"
72,"Chris Murray, Montana St. (Big Sky)",So.,QB,11,233,120,9,15,"1,597"
73,"Grant Breneman, Colgate (Patriot)",Fr.,QB,10,233,132,5,18,"1,594"
74,"Christopher Fowler, Mississippi Val. (SWAC)",Fr.,QB,10,223,143,7,6,"1,565"
75,"Bailey Zappe, Houston Christian (Southland)",Fr.,QB,10,266,150,10,5,"1,548"
76,"Will Fischer-Colbrie, Penn (Ivy League)",Sr.,QB,10,192,119,11,13,"1,524"
77,"Rylan Wells, Jacksonville (Pioneer)",Sr.,QB,11,159,91,6,11,"1,480"
78,"Elijah Staley, Morgan St. (MEAC)",Jr.,QB,9,267,125,12,4,"1,463"
79,"Chauncey Caldwell, N.C. Central (MEAC)",Fr.,QB,11,214,115,3,10,"1,411"
80,"Bryant Horn, Jacksonville St. (OVC)",Jr.,QB,12,205,114,10,11,"1,376"
81,"Luke Massei, Wagner (NEC)",Jr.,QB,10,226,132,8,7,"1,371"
82,"Tyrell Maxwell, Gardner-Webb (Big South)",Sr.,QB,11,252,119,11,9,"1,324"
83,"Thomas Linta, Brown (Ivy League)",Sr.,QB,10,258,125,6,8,"1,320"
84,"Chandler Burks, Kennesaw St. (Big South)",Jr.,QB,14,155,76,3,9,"1,307"
85,"Conor Regan, Northern Colo. (Big Sky)",So.,QB,9,182,91,6,10,"1,305"
86,"Michael Hughes, Tennessee St. (OVC)",So.,QB,9,162,86,6,15,"1,304"
87,"Sean Brophy, UIW (Southland)",So.,QB,11,240,135,11,11,"1,277"
88,"D'Vonn Gibbons, Savannah St. (MEAC)",Fr.,QB,11,174,88,8,10,"1,259"
89,"Tommy McKee, William & Mary (CAA)",Jr.,QB,10,223,121,9,7,"1,250"
90,"Clay Holgorsen, Northwestern St. (Southland)",Jr.,QB,10,190,109,6,9,"1,240"
91,"Cade Sparks, Indiana St. (MVFC)",So.,QB,10,173,85,10,6,"1,227"
92,"Jajuan Lawson, Rhode Island (CAA)",Jr.,QB,11,176,105,4,7,"1,198"
93,"Aqeel Glass, Alabama A&M (SWAC)",Fr.,QB,10,219,106,10,5,"1,192"
94,"Keenan Black, Delaware St. (MEAC)",So.,QB,9,173,82,11,13,"1,169"
95,"Jake Smith, Harvard (Ivy League)",Fr.,QB,9,171,97,9,5,"1,154"
96,"Jeremiah Oatsvall, Austin Peay (OVC)",Fr.,QB,12,141,80,4,7,"1,148"
97,"J. McDANIELS, Delaware St. (MEAC)",Fr.,QB,10,175,95,7,3,"1,139"
98,"Lorenzo Nunez, Southeastern La. (Southland)",So.,QB,10,165,75,6,11,"1,101"
99,"Brandon Goodson, Wofford (SoCon)",Sr.,QB,13,135,72,1,4,"1,095"
100,"John Chiarolanzio, Bucknell (Patriot)",So.,QB,9,200,109,6,5,"1,069"
101,"J.D. Almond, Northwestern St. (Southland)",Sr.,QB,10,143,75,5,5,994
102,"Ben Cheek, Presbyterian (Big South)",Jr.,QB,9,137,85,4,4,926
103,"Lavell McCullers, Prairie View (SWAC)",Jr.,QB,9,145,72,1,5,907
104,"Andrew Allen, Lamar University (Southland)",Sr.,QB,9,133,71,3,1,883
105,"Darrel Colbert, Jr., Lamar University (Southland)",Jr.,QB,9,153,82,7,8,863
106,"Brent Lyles, Jackson St. (SWAC)",So.,QB,9,169,100,7,2,841
107,"Josh Kraght, Portland St. (Big Sky)",Sr.,QB,11,144,72,5,4,817
108,"Deandre Harris, Morgan St. (MEAC)",So.,QB,10,105,62,7,10,781
109,"J.P. Caruso, Delaware (CAA)",Jr.,QB,10,142,71,5,8,755
110,"Brandon Duncan, Ark.-Pine Bluff (SWAC)",Sr.,QB,9,135,78,10,6,726
111,"Joe Viviano, Harvard (Ivy League)",Sr.,QB,8,91,49,3,3,699
112,"Duncan Hodges, VMI (SoCon)",Fr.,QB,9,159,87,10,3,692
113,"Isaac Harker, Indiana St. (MVFC)",Jr.,QB,9,114,59,6,3,684
114,"Joe Walker, Delaware (CAA)",Jr.,QB,11,93,51,4,4,614
115,"Scotty Gilkey, Eastern Ill. (OVC)",Fr.,QB,9,118,53,5,3,606
116,"Jordan Black, The Citadel (SoCon)",So.,QB,10,50,23,1,6,584
117,"London Johnson, Charleston So. (Big South)",So.,QB,10,78,41,3,4,581
118,"Blake McKenzie, Lamar University (Southland)",Sr.,QB,11,101,53,4,2,566
119,"Jordan Williams, Jackson St. (SWAC)",Jr.,QB,10,92,56,4,3,509
120,"Darryl Pearson, Alabama St. (SWAC)",Fr.,QB,10,122,53,3,4,481
121,"Dominique Allen, The Citadel (SoCon)",Sr.,QB,11,86,29,7,3,458
122,"Kendrick Doss, Jacksonville St. (OVC)",Jr.,QB,9,56,34,2,3,441
123,"Damion May, Alabama A&M (SWAC)",Jr.,QB,10,89,44,4,3,435
124,"Clay Norris, Georgetown (Patriot)",Jr.,QB,9,76,38,2,2,426
125,"Stockton McGuire, Davidson (Pioneer)",So.,QB,11,96,44,2,1,419
126,"Javaughn Craig, Austin Peay (OVC)",So.,QB,11,71,38,3,3,366
127,"Byron Walker, Southeastern La. (Southland)",Fr.,,9,36,19,2,7,355
128,"Jacob Hallenbeck, Marist (Pioneer)",So.,QB,10,47,21,5,1,336
129,"Aaron Zwahlen, Southern Utah (Big Sky)",So.,QB,9,61,34,3,1,300
130,"Chris Duncan, Valparaiso (Pioneer)",Fr.,QB,10,41,22,4,2,286
131,"Corey Newble, Murray St. (OVC)",Fr.,QB,11,66,39,2,4,247
132,"Austin Scott, Eastern Ky. (OVC)",Fr.,QB,11,47,23,3,1,243
133,"Matt DeSomer, Southern Ill. (MVFC)",Jr.,DB,9,41,21,2,2,220
134,"Kade Munden, Abilene Christian (Southland)",Sr.,QB,10,30,15,0,0,194
135,"Sam Schrader, Butler (Pioneer)",Sr.,RB,11,31,16,1,3,184
136,"Joe Newman, Wofford (SoCon)",So.,QB,11,19,8,2,0,167
137,"Neven Sussman, UAlbany (CAA)",Jr.,QB,11,26,12,1,0,163
138,"Jake Jatis, Cornell (Ivy League)",Sr.,QB,10,21,14,0,1,128
139,"Harris Roberts, Furman (SoCon)",Jr.,QB,13,13,9,0,0,110
140,"Stone Smartt, Northern Ariz. (Big Sky)",Fr.,QB,9,28,13,1,1,105
141,"Neil O'Connor, New Hampshire (CAA)",Jr.,WR,14,5,4,0,1,104
142,"Reid Sinnett, San Diego (Pioneer)",So.,QB,10,24,11,2,1,101
143,"Robert Mitchell, Charleston So. (Big South)",Sr.,QB,9,7,2,1,0,76
144,"Lennox McAfee, Wofford (SoCon)",Jr.,RB,12,1,1,0,1,75
145,"Bobby Chan-Chan, Northwestern St. (Southland)",Sr.,WR,9,3,3,0,2,59
146,"Parker Pastorello, Northwestern St. (Southland)",So.,K,10,1,1,0,1,58
147,"Devin Ray, Bryant (NEC)",Sr.,QB,11,14,7,0,2,53
148,"Bradley Boone, Morehead St. (Pioneer)",Fr.,TE,10,2,2,0,0,52
149,"Tanner Brumby, Mercer (SoCon)",Jr.,QB,11,7,5,0,1,49
150,"Thomas Bouldin, Indiana St. (MVFC)",Sr.,P,11,2,2,0,0,47
