Rank,Player,Cl,Pos,G,Pass Att,Pass Com,Int,Pass TD,Pass Yds
1,"KD Humphries, Murray St. (OVC)",Jr.,QB,11,532,330,7,22,"3,778"
2,"Kyle Lauletta, Richmond (CAA)",So.,QB,14,391,241,15,19,"3,598"
3,"Ammon Olsen, Southern Utah (Big Sky)",Sr.,QB,12,489,291,8,26,"3,344"
4,"Austin Gahafer, Morehead St. (Pioneer)",Jr.,QB,11,510,291,10,24,"3,244"
5,"Mark Iannotti, Southern Ill. (MVFC)",Sr.,QB,11,416,273,10,24,"3,195"
5,"Peter Pujals, Holy Cross (Patriot)",Jr.,QB,11,484,286,11,28,"3,195"
7,"Kevin Anderson, Fordham (Patriot)",Jr.,QB,12,342,229,10,32,"3,183"
8,"Johnathan Williams, Grambling (SWAC)",Sr.,QB,12,417,236,18,39,"3,160"
9,"Case Cookus, Northern Ariz. (Big Sky)",Fr.,QB,11,323,223,5,37,"3,117"
9,"Jarod Neal, UT Martin (OVC)",Sr.,QB,11,411,246,14,30,"3,117"
11,"Dakota Prukop, Montana St. (Big Sky)",Jr.,QB,11,344,216,10,28,"3,025"
12,"Alex Ross, Coastal Carolina (Big South)",Sr.,QB,12,346,231,7,21,"3,009"
13,"Jordan West, Eastern Wash. (Big Sky)",Jr.,QB,10,356,230,8,30,"3,002"
14,"Dillon Buechel, Duquesne (NEC)",Jr.,QB,12,401,228,8,24,"2,871"
15,"Scott Hosch, Harvard (Ivy League)",Sr.,QB,10,320,198,6,22,"2,835"
16,"Eli Jenkins, Jacksonville St. (OVC)",Jr.,QB,15,374,227,8,21,"2,788"
17,"Josh Woodrum, Liberty (Big South)",Sr.,QB,11,390,242,4,12,"2,772"
18,"Steve Cluley, William & Mary (CAA)",Jr.,QB,13,354,222,10,16,"2,768"
19,"Al Cobb, VMI (SoCon)",So.,QB,10,389,238,18,14,"2,736"
20,"Matt Shiltz, Butler (Pioneer)",Sr.,QB,11,381,218,9,19,"2,713"
21,"Trey Green, Prairie View (SWAC)",Fr.,,10,308,181,3,21,"2,614"
22,"Morgan Roberts, Yale (Ivy League)",Sr.,QB,10,426,245,10,11,"2,613"
23,"Dalton Easton, Bryant (NEC)",Jr.,QB,11,374,205,13,22,"2,601"
24,"Dalyn Williams, Dartmouth (Ivy League)",Sr.,QB,10,342,219,5,17,"2,592"
25,"Mike White, Marist (Pioneer)",So.,QB,10,336,174,14,14,"2,564"
26,"Jake Melville, Colgate (Patriot)",Jr.,QB,14,351,193,2,11,"2,552"
27,"Marcus Fuller, Brown (Ivy League)",Sr.,QB,10,369,225,15,13,"2,525"
28,"R.J. Nitti, Bucknell (Patriot)",Jr.,QB,11,365,205,10,13,"2,477"
29,"Bennie Coney, Eastern Ky. (OVC)",Jr.,QB,11,367,225,8,23,"2,471"
30,"Kyle Nolan, Georgetown (Patriot)",Sr.,QB,11,397,238,9,18,"2,433"
31,"RJ Noel, Sacred Heart (NEC)",Sr.,QB,11,325,182,9,19,"2,431"
32,"Anthony Lawrence, San Diego (Pioneer)",Fr.,QB,11,295,188,6,23,"2,392"
33,"Kade Bell, Jacksonville (Pioneer)",Sr.,QB,10,357,195,7,21,"2,367"
34,"Troy Mitchell, Western Caro. (SoCon)",Sr.,QB,11,330,208,8,14,"2,337"
35,"Chad Kanoff, Princeton (Ivy League)",Jr.,QB,10,355,203,7,8,"2,304"
36,"Austin Howard, Southern U. (SWAC)",So.,QB,11,263,172,4,16,"2,292"
37,"Nick Shafnisky, Lehigh (Patriot)",Jr.,QB,11,294,196,10,15,"2,279"
38,"Devlin Hodges, Samford (SoCon)",Fr.,QB,9,288,200,6,12,"2,230"
39,"Tre Roberson, Illinois St. (MVFC)",Sr.,QB,13,243,119,9,18,"2,225"
40,"Jared Johnson, Sam Houston (Southland)",Jr.,QB,14,292,168,2,18,"2,216"
41,"Quentin Williams, Bethune-Cookman (MEAC)",Sr.,QB,11,195,132,6,19,"2,171"
42,"John Russ, Mercer (SoCon)",Jr.,QB,11,292,170,3,18,"2,141"
43,"Michael Sanders, Idaho St. (Big Sky)",---,QB,9,319,175,10,21,"2,131"
44,"Jacob Huesman, Chattanooga (SoCon)",Sr.,QB,13,278,186,10,12,"2,117"
45,"Matt Adam, Indiana St. (MVFC)",So.,QB,11,316,178,10,19,"2,098"
46,"David Watford, Hampton (MEAC)",Sr.,QB,10,315,167,14,21,"2,088"
47,"Greg Hankerson, Norfolk St. (MEAC)",Jr.,QB,11,347,177,5,13,"2,052"
47,"Alex Jeske, Dayton (Pioneer)",So.,QB,12,327,194,10,10,"2,052"
49,"Drew Reed, Lafayette (Patriot)",Jr.,QB,10,308,199,10,11,"2,008"
50,"Alek Torgersen, Penn (Ivy League)",Jr.,QB,9,236,163,3,19,"1,996"
51,"Ryan Saeger, South Dakota (MVFC)",Jr.,QB,11,299,165,7,12,"1,984"
52,"Zack Drayer, Saint Francis (PA) (NEC)",Jr.,QB,10,250,152,9,15,"1,977"
53,"Hunter Wells, Youngstown St. (MVFC)",So.,QB,11,292,159,7,13,"1,975"
54,"Jacob Knipp, Northern Colo. (Big Sky)",Jr.,QB,10,265,157,10,13,"1,969"
55,"Alex Kuresa, Portland St. (Big Sky)",Jr.,QB,12,226,123,7,17,"1,968"
56,"Kameron Bryant, Campbell (Pioneer)",Sr.,QB,11,257,148,16,12,"1,936"
57,"Robert Somborn, Cornell (Ivy League)",Jr.,QB,10,272,144,10,12,"1,934"
58,"Zach Conque, SFA (Southland)",Jr.,QB,11,303,177,8,16,"1,933"
59,"Jalen Whitlow, Eastern Ill. (OVC)",Sr.,QB,12,331,171,14,10,"1,909"
60,"Jeremiah Briscoe, Sam Houston (Southland)",So.,QB,14,246,135,5,14,"1,883"
60,"Connor Frazier, Towson (CAA)",Sr.,QB,10,267,163,8,7,"1,883"
62,"Jadrian Clark, Weber St. (Big Sky)",Jr.,QB,11,314,160,11,10,"1,875"
63,"Cody Williams, Monmouth (Big South)",So.,QB,11,311,182,11,12,"1,868"
64,"Sean Goldrich, New Hampshire (CAA)",Sr.,QB,9,329,201,7,9,"1,867"
65,"Zach Lujan, South Dakota St. (MVFC)",Jr.,QB,9,214,125,6,14,"1,861"
66,"Caleb York, South Carolina St. (MEAC)",---,,9,254,142,6,11,"1,723"
67,"Hayden Hildebrand, Central Ark. (Southland)",So.,QB,10,207,132,4,12,"1,707"
68,"Daniel Sams, McNeese (Southland)",Sr.,QB,11,278,137,9,13,"1,666"
69,"Andy Rice, Drake (Pioneer)",Sr.,QB,9,279,161,6,15,"1,664"
70,"Aaron Bailey, UNI (MVFC)",Jr.,QB,14,220,121,6,13,"1,656"
71,"Moses Skillon, Morgan St. (MEAC)",Sr.,QB,10,273,138,5,7,"1,626"
72,"Ryan Tentler, Stetson (Pioneer)",Jr.,QB,11,265,142,11,6,"1,611"
73,"Malcolm Bell, N.C. Central (MEAC)",Jr.,QB,11,243,126,9,8,"1,581"
74,"Dante Vandeven, Southeast Mo. St. (OVC)",Fr.,QB,9,250,155,7,11,"1,568"
75,"Daniel Collins, Maine (CAA)",Jr.,QB,9,273,135,10,6,"1,542"
76,"Deangelo Ballard, Alabama A&M (SWAC)",---,QB,10,197,88,3,9,"1,516"
77,"Taylor Mitchell, Davidson (Pioneer)",So.,QB,10,287,145,11,11,"1,506"
78,"Reese Hannon, Furman (SoCon)",Jr.,QB,9,228,126,6,6,"1,409"
79,"Austin Brown, Charleston So. (Big South)",Sr.,QB,12,211,107,7,11,"1,401"
80,"Zack Bednarczyk, Villanova (CAA)",Fr.,QB,11,210,122,7,10,"1,396"
81,"Stephen Rivers, Northwestern St. (Southland)",So.,QB,10,166,108,5,9,"1,394"
82,"Carson Royal, Florida A&M (MEAC)",Sr.,QB,11,248,122,9,7,"1,360"
83,"Skyler Mornhinweg, Columbia (Ivy League)",Jr.,QB,10,253,149,11,6,"1,338"
84,"Joe Minden, Lamar University (Southland)",Sr.,QB,10,201,116,11,12,"1,296"
85,"Keaton Studsrud, North Dakota (Big Sky)",So.,QB,9,165,99,3,12,"1,262"
86,"Austin Herink, ETSU (FCS Independent)",Fr.,QB,11,192,116,5,6,"1,261"
87,"Connor Christiansen, Elon (CAA)",Fr.,QB,11,233,136,4,7,"1,246"
88,"D'Shaie Landor, Southeastern La. (Southland)",Jr.,QB,9,185,93,4,7,"1,228"
89,"Kalen Johnson, Howard (MEAC)",So.,QB,9,199,111,9,8,"1,174"
90,"DJ Crook, UAlbany (CAA)",So.,QB,10,208,111,8,8,"1,168"
91,"Sean McGuire, Western Ill. (MVFC)",Fr.,QB,10,158,85,6,6,"1,159"
92,"Daniel Duhart, Alabama St. (SWAC)",Sr.,QB,9,142,90,2,7,"1,140"
93,"Lenorris Footman, Alcorn (SWAC)",Jr.,QB,11,170,74,4,14,"1,106"
94,"Alex Thomson, Wagner (NEC)",So.,QB,11,175,90,6,8,"1,079"
95,"Trey White, Kennesaw St. (Big South)",Jr.,QB,10,103,49,6,8,"1,059"
96,"Trey Taylor, Austin Peay (OVC)",Sr.,QB,11,255,130,4,6,"1,058"
97,"Jacob Dolegela, Central Conn. St. (NEC)",Fr.,QB,11,161,87,7,4,"1,021"
98,"Max Staver, Houston Christian (Southland)",So.,QB,9,187,80,9,5,"1,015"
99,"Averion Hurts, Texas Southern (SWAC)",Jr.,QB,9,139,74,3,14,997
99,"Tyrell Maxwell, Gardner-Webb (Big South)",So.,QB,10,219,100,9,7,997
101,"Mathew Barr, Robert Morris (NEC)",Fr.,QB,9,188,90,13,5,989
102,"Ryan Clarke, Valparaiso (Pioneer)",So.,QB,8,182,95,9,10,980
103,"Rylan Wells, Jacksonville (Pioneer)",So.,DB,9,90,55,1,8,967
104,"Tuskani Figaro, Nicholls (Southland)",Jr.,QB,9,164,91,6,4,925
105,"Gilbert Rivera, Delaware St. (MEAC)",Jr.,QB,9,154,81,5,3,875
106,"Dominique Allen, The Citadel (SoCon)",So.,QB,13,99,51,6,4,871
107,"Conor Bednarski, Stony Brook (CAA)",Sr.,QB,9,155,82,2,6,864
108,"Tanner Gueller, Idaho St. (Big Sky)",So.,QB,10,172,92,8,5,855
109,"Chris Brown, Cal Poly (Big Sky)",Sr.,QB,10,113,62,3,12,846
110,"Ruban Thurston, Jr., Mississippi Val. (SWAC)",So.,QB,9,150,69,11,6,836
111,"Ronald Butler, Tennessee St. (OVC)",Jr.,QB,9,115,62,7,8,813
112,"Brodie Lambert, Missouri St. (MVFC)",Jr.,QB,11,194,103,11,3,776
113,"Ellis Richardson, Alabama St. (SWAC)",Fr.,QB,9,115,67,3,6,739
114,"Drew Belcher, Maine (CAA)",So.,QB,9,120,78,2,4,728
115,"Tavion Pauldo, Central Conn. St. (NEC)",So.,QB,9,116,64,5,5,725
116,"Johnathan Bowen, Texas Southern (SWAC)",Sr.,QB,8,108,55,4,5,699
117,"Landry Klann, Nicholls (Southland)",Sr.,QB,10,96,53,4,4,698
118,"Kwashaun Quick, N.C. A&T (MEAC)",Sr.,QB,10,120,68,4,4,661
119,"Lamar Raynard, N.C. A&T (MEAC)",Fr.,QB,11,122,55,1,7,632
120,"Joe Carbone, Stony Brook (CAA)",Fr.,QB,9,122,63,8,2,617
121,"Larry Brihm, Jr., Bethune-Cookman (MEAC)",So.,QB,10,94,52,3,4,614
122,"Joe Walker, Delaware (CAA)",Fr.,QB,11,158,70,6,1,605
123,"Damion May, Alabama A&M (SWAC)",So.,QB,9,112,48,4,5,572
124,"Nick Sexton, ETSU (FCS Independent)",Fr.,QB,11,93,43,7,1,555
125,"Blake Searfoss, Lafayette (Patriot)",Jr.,QB,11,91,55,4,1,529
126,"Arshon Spaulding, Savannah St. (MEAC)",Jr.,WR,10,132,62,6,1,526
127,"Evan Jacks, Wofford (SoCon)",Jr.,QB,11,65,34,3,1,524
128,"Adam Riese, New Hampshire (CAA)",Jr.,QB,10,79,54,2,6,513
129,"Brock McCoin, Tennessee Tech (OVC)",So.,WR,11,51,27,2,4,458
130,"Neven Sussman, UAlbany (CAA)",Fr.,QB,10,105,42,8,2,442
131,"Jake McKenzie, Kennesaw St. (Big South)",Fr.,QB,10,54,27,0,1,408
132,"Quinn Billerman, N.C. Central (MEAC)",Sr.,QB,11,66,42,3,5,406
133,"Kyle Moreno, Brown (Ivy League)",Jr.,QB,9,45,28,2,2,360
134,"Ben Cheek, Presbyterian (Big South)",Fr.,QB,9,79,30,6,2,277
135,"Joel Blumenthal, Northwestern St. (Southland)",So.,QB,10,29,19,1,1,264
135,"Jake Kolbe, Illinois St. (MVFC)",Fr.,QB,12,40,26,1,2,264
137,"Anders Hill, Columbia (Ivy League)",So.,QB,8,50,23,2,1,244
138,"John Cook, Davidson (Pioneer)",Jr.,QB,11,66,22,4,2,218
139,"Chris Willson, San Diego (Pioneer)",Sr.,QB,10,31,11,3,1,211
140,"Kyle Romano, Eastern Ky. (OVC)",Jr.,QB,9,34,21,1,1,202
141,"Jimmy Meyer, Harvard (Ivy League)",Sr.,QB,8,20,13,0,1,180
142,"Hayden Alford, VMI (SoCon)",Jr.,QB,11,40,17,4,1,158
143,"Ricky Davis, Youngstown St. (MVFC)",So.,QB,9,17,8,0,1,142
144,"Alejandro Bennifield, Chattanooga (SoCon)",So.,QB,12,8,5,0,2,138
145,"Wes Holcombe, Western Caro. (SoCon)",So.,QB,11,28,16,0,0,130
146,"Homer Causey, Texas Southern (SWAC)",Sr.,QB,9,15,9,1,0,114
147,"De'Auntre Smiley, Prairie View (SWAC)",---,,10,19,13,0,1,113
148,"Mitch Griebel, Montana St. (Big Sky)",Sr.,WR,11,5,4,0,1,107
149,"John Lovett, Princeton (Ivy League)",So.,QB,9,15,11,0,3,94
150,"Willie Quinn, Southern U. (SWAC)",Sr.,WR,11,1,1,0,1,89
