Rank,Player,Cl,Pos,G,Pass Att,Pass Com,Int,Pass TD,Pass Yds
1,"Case Cookus, Northern Ariz. (Big Sky)",Sr.,QB,12,481,290,7,31,"4,114"
2,"Bailey Zappe, Houston Christian (Southland)",Jr.,QB,12,560,357,15,35,"3,811"
3,"Chason Virgil, Southeastern La. (Southland)",Sr.,QB,13,475,311,12,25,"3,791"
4,"Eric Barriere, Eastern Wash. (Big Sky)",Jr.,QB,12,438,258,4,31,"3,712"
5,"Breylin Smith, Central Ark. (Southland)",So.,QB,13,490,316,16,32,"3,704"
6,"Kenji Bahar, Monmouth (Big South)",Sr.,QB,14,448,289,9,30,"3,684"
7,"Aqeel Glass, Alabama A&M (SWAC)",Jr.,QB,12,445,273,11,32,"3,600"
8,"Shelton Eppler, Northwestern St. (Southland)",Sr.,QB,12,545,341,14,28,"3,587"
9,"Jake Maier, UC Davis (Big Sky)",Sr.,QB,12,492,322,13,28,"3,563"
10,"Jeff Undercuffler, UAlbany (CAA)",So.,QB,14,464,262,10,41,"3,543"
11,"Reid Sinnett, San Diego (Pioneer)",Sr.,QB,12,375,251,10,32,"3,528"
12,"Ben DiNucci, James Madison (CAA)",Sr.,QB,16,378,268,6,29,"3,441"
13,"Dalton Sneed, Montana (Big Sky)",Sr.,QB,12,438,287,14,25,"3,436"
14,"Zerrick Cooper, Jacksonville St. (OVC)",So.,QB,12,439,260,12,28,"3,404"
15,"Jon Copeland, UIW (Southland)",So.,QB,12,507,298,9,22,"3,341"
16,"Reece Udinski, VMI (SoCon)",Jr.,QB,12,479,306,5,19,"3,276"
17,"Daniel Smith, Villanova (CAA)",Jr.,QB,13,396,236,10,35,"3,274"
18,"Vito Priore, Rhode Island (CAA)",Jr.,QB,12,455,271,12,22,"3,268"
19,"Kevin Thomson, Sacramento St. (Big Sky)",Sr.,QB,12,450,265,8,27,"3,216"
20,"Javaughn Craig, Austin Peay (OVC)",Sr.,QB,15,406,234,13,28,"3,208"
21,"Jason Brown, Saint Francis (PA) (NEC)",So.,QB,12,403,251,6,28,"3,084"
22,"Cameron Rosendahl, Tennessee St. (OVC)",Jr.,QB,12,394,241,10,14,"3,023"
23,"Kurt Rawlings, Yale (Ivy League)",Sr.,QB,10,325,202,6,27,"3,002"
24,"Chase Fourcade, Nicholls (Southland)",Sr.,QB,14,335,227,12,17,"2,979"
25,"Felix Harper, Alcorn (SWAC)",Jr.,QB,12,338,204,9,33,"2,954"
26,"Austin Simmons, South Dakota (MVFC)",Sr.,QB,12,413,267,13,27,"2,953"
27,"Chris Helbig, Southern Utah (Big Sky)",Sr.,QB,12,419,276,12,15,"2,952"
28,"EJ Perry, Brown (Ivy League)",So.,QB,10,418,251,13,22,"2,948"
29,"Davis Alexander, Portland St. (Big Sky)",Jr.,QB,12,367,209,8,25,"2,913"
30,"Preston Rice, Murray St. (OVC)",So.,QB,12,441,281,13,20,"2,888"
31,"Jacob Knipp, Northern Colo. (Big Sky)",Sr.,QB,12,401,245,12,16,"2,869"
32,"Tom Flacco, Towson (CAA)",Sr.,QB,12,356,215,6,22,"2,831"
33,"Trey Lance, North Dakota St. (MVFC)",Fr.,QB,16,287,192,0,28,"2,786"
34,"Will McElvain, UNI (MVFC)",Fr.,QB,15,382,203,7,20,"2,778"
35,"Jack Cook, Dayton (Pioneer)",Jr.,QB,11,306,192,5,33,"2,697"
36,"Tim DeMorat, Fordham (Patriot)",So.,QB,12,393,232,11,20,"2,674"
37,"Bailey Fisher, Tennessee Tech (OVC)",So.,QB,12,375,231,10,21,"2,643"
38,"Juwan Carter, Norfolk St. (MEAC)",Jr.,QB,12,327,198,8,23,"2,631"
39,"Cody Orgeron, McNeese (Southland)",Jr.,QB,12,348,202,9,24,"2,628"
40,"Nate Ketteringham, North Dakota (FCS Independent)",Sr.,QB,10,382,245,10,16,"2,612"
41,"Aaron Winchester, Central Conn. St. (NEC)",Sr.,QB,13,271,175,5,20,"2,570"
42,"Kevin Davidson, Princeton (Ivy League)",Sr.,QB,10,313,209,6,20,"2,569"
43,"Ryan Stanley, Florida A&M (MEAC)",Sr.,QB,10,321,193,7,23,"2,566"
44,"Trae Self, SFA (Southland)",Jr.,QB,10,397,212,12,12,"2,550"
45,"John Bachus III, UT Martin (OVC)",Fr.,QB,12,332,188,9,18,"2,549"
46,"Keegan Shoemaker, Lafayette (Patriot)",Fr.,QB,12,360,216,14,14,"2,540"
47,"Luke Anthony, Abilene Christian (Southland)",Jr.,QB,12,412,260,11,17,"2,525"
48,"Deondre Francois, Hampton (Big South)",Sr.,QB,12,361,205,14,26,"2,522"
49,"Tyquell Fields, Stony Brook (CAA)",Jr.,QB,12,286,147,11,16,"2,471"
50,"Daniel Santacaterina, Southeast Mo. St. (OVC)",Sr.,QB,13,337,192,14,18,"2,447"
51,"Connor Degenhardt, Holy Cross (Patriot)",Jr.,QB,13,341,182,8,14,"2,372"
52,"Matt Struck, Idaho St. (Big Sky)",So.,QB,11,320,164,12,20,"2,334"
53,"Nick Robinson, Penn (Ivy League)",Sr.,QB,10,329,196,5,16,"2,331"
54,"Mark Pappas, Morehead St. (Pioneer)",So.,QB,11,298,171,10,19,"2,328"
55,"Peyton Huslig, Missouri St. (MVFC)",Sr.,QB,11,399,229,10,16,"2,311"
56,"Shannon Patrick, Ark.-Pine Bluff (SWAC)",Jr.,QB,11,231,145,13,19,"2,250"
57,"Mason Petrino, Idaho (Big Sky)",Sr.,QB,11,324,207,9,18,"2,244"
58,"Nick Tiano, Chattanooga (SoCon)",Sr.,QB,12,329,174,10,14,"2,242"
59,"Jake Smith, Harvard (Ivy League)",Jr.,QB,10,278,167,9,19,"2,233"
60,"Jake Constantine, Weber St. (Big Sky)",Jr.,QB,12,344,210,10,15,"2,223"
61,"Kylil Carter, N.C. A&T (MEAC)",Sr.,QB,12,284,155,3,18,"2,220"
62,"Davis Cheek, Elon (CAA)",Jr.,QB,11,309,179,6,15,"2,175"
63,"Logan Marchi, Sacred Heart (NEC)",Sr.,QB,9,275,152,9,19,"2,147"
64,"Joe Mancuso, Richmond (CAA)",Jr.,QB,12,259,164,10,13,"2,128"
65,"Ian Corwin, Drake (Pioneer)",Fr.,QB,11,291,172,14,20,"2,101"
66,"Kha'Darrius Davis, Alabama St. (SWAC)",Jr.,QB,10,309,181,14,21,"2,097"
67,"Connor Sampson, Western Ill. (MVFC)",Jr.,QB,12,382,231,9,13,"2,092"
68,"Richie Kenney, Cornell (Ivy League)",Jr.,QB,10,271,154,12,9,"2,069"
69,"Chris Oladokun, Samford (SoCon)",Jr.,QB,12,272,169,7,18,"2,064"
70,"Kalen Whitlow, Gardner-Webb (Big South)",Sr.,QB,10,279,175,8,20,"2,050"
71,"Gaven DeFilippo, Stetson (Pioneer)",Sr.,QB,11,346,198,10,20,"2,045"
72,"Jack Chambers, Charleston So. (Big South)",So.,QB,12,333,191,13,14,"2,027"
73,"Hajj-Malik Williams, Campbell (Big South)",Fr.,QB,11,260,147,9,17,"2,022"
74,"Davius Richard, N.C. Central (MEAC)",Fr.,QB,11,325,169,9,12,"1,997"
75,"Tucker Rovig, Montana St. (Big Sky)",So.,QB,13,279,172,5,15,"1,969"
76,"Max Brosmer, New Hampshire (CAA)",Fr.,,11,311,183,12,12,"1,967"
77,"Christian Alexander, Wagner (NEC)",Sr.,QB,12,344,200,9,8,"1,934"
78,"De'Andre Johnson, Texas Southern (SWAC)",Jr.,QB,10,255,153,5,10,"1,926"
79,"Tyler Monaco, Lehigh (Patriot)",Sr.,QB,9,302,165,7,6,"1,891"
80,"Deandre Harris, Morgan St. (MEAC)",Sr.,QB,11,207,116,10,13,"1,808"
81,"Geremy Hickbottom, Grambling (SWAC)",Jr.,QB,11,285,171,7,12,"1,804"
82,"Akevious Williams, Bethune-Cookman (MEAC)",Sr.,QB,11,269,146,6,10,"1,774"
83,"Kory Curtis, Bryant (NEC)",Jr.,QB,11,301,174,6,7,"1,700"
84,"Tyrie Adams, Western Caro. (SoCon)",Sr.,QB,10,225,145,9,11,"1,699"
85,"Logan Bitikofer, Bucknell (Patriot)",Jr.,QB,11,305,175,6,10,"1,686"
86,"Chris Duncan, Valparaiso (Pioneer)",Jr.,QB,10,307,151,13,10,"1,658"
87,"Corey FIELDS, South Carolina St. (MEAC)",So.,,10,202,102,5,15,"1,652"
88,"Austin Day, Marist (Pioneer)",So.,QB,9,234,140,10,8,"1,651"
89,"Ladarius Skelton, Southern U. (SWAC)",Jr.,QB,13,251,153,9,13,"1,642"
90,"Harry Woodbery, Eastern Ill. (OVC)",Jr.,QB,11,329,169,10,10,"1,631"
91,"Trey Mitchell, ETSU (SoCon)",So.,QB,12,265,148,6,11,"1,616"
92,"Grant Breneman, Colgate (Patriot)",Jr.,QB,10,240,146,5,5,"1,588"
93,"Karé Lyles, Southern Ill. (MVFC)",Jr.,QB,10,202,127,8,12,"1,569"
94,"Gunther Johnson, Georgetown (Patriot)",Sr.,QB,11,208,124,4,12,"1,550"
95,"Tylik Bethea, Delaware St. (MEAC)",Fr.,QB,12,288,134,11,10,"1,478"
96,"Ty Brock, Sam Houston (Southland)",So.,QB,12,229,116,11,9,"1,462"
97,"Parker McKinney, Eastern Ky. (OVC)",Fr.,QB,10,221,116,9,7,"1,371"
98,"George Martin, Robert Morris (NEC)",Jr.,QB,11,196,102,7,11,"1,348"
99,"Pat Kehoe, Delaware (CAA)",Sr.,QB,10,194,116,8,11,"1,335"
100,"Derrick Ponder, Jackson St. (SWAC)",Jr.,QB,11,205,110,6,11,"1,302"
101,"Sam Brown, Butler (Pioneer)",So.,QB,9,223,124,5,6,"1,293"
102,"Nathan Mays, Youngstown St. (MVFC)",Sr.,QB,10,149,91,4,13,"1,287"
103,"Ty Lenhart, Columbia (Ivy League)",So.,QB,10,210,127,6,8,"1,278"
104,"Darren Grainger, Furman (SoCon)",Fr.,QB,13,161,79,3,13,"1,222"
105,"Kurtis Wilderman, Indiana St. (MVFC)",So.,QB,9,169,116,4,6,"1,170"
106,"Jalen Hamler, Cal Poly (Big Sky)",Fr.,QB,11,108,62,5,12,"1,167"
107,"Joe Newman, Wofford (SoCon)",Sr.,QB,12,128,70,5,7,"1,150"
108,"Tyler Phelps, Davidson (Pioneer)",Jr.,QB,12,127,63,5,9,"1,139"
109,"Brandon Rainey, The Citadel (SoCon)",Jr.,QB,11,122,62,4,13,"1,114"
110,"Dejerric Bryant, Mississippi Val. (SWAC)",Sr.,QB,11,290,129,8,11,"1,097"
111,"Derek Kyler, Dartmouth (Ivy League)",Jr.,QB,10,106,71,3,12,"1,075"
112,"Kaelan Riley, Mercer (SoCon)",Jr.,QB,10,172,93,5,5,"1,022"
113,"Brandon Thompson, Presbyterian (Big South)",So.,QB,9,182,96,7,3,"1,021"
114,"Hollis Mathis, William & Mary (CAA)",Fr.,QB,11,154,69,3,4,976
115,"Jared Gerbino, Dartmouth (Ivy League)",Sr.,QB,10,102,70,2,9,940
116,"Nolan Henderson, Delaware (CAA)",Jr.,QB,9,126,71,1,9,933
117,"Joe Craycraft, Youngstown St. (MVFC)",So.,QB,11,127,66,3,8,893
118,"Jalon Jones, Jackson St. (SWAC)",Fr.,,11,111,54,6,9,882
119,"Tyler Huff, Presbyterian (Big South)",Fr.,QB,12,149,87,8,7,871
120,"Cole Kelley, Southeastern La. (Southland)",Jr.,QB,13,93,69,2,10,816
121,"Tyrece Nick, South Carolina St. (MEAC)",So.,,10,111,53,4,7,805
122,"Calvin Turner Jr, Jacksonville (Pioneer)",Jr.,QB,12,99,48,3,6,794
123,"Skyler Perry, Ark.-Pine Bluff (SWAC)",So.,QB,9,110,59,4,8,784
124,"Cam Humphrey, Montana (Big Sky)",Jr.,QB,11,104,63,2,6,761
125,"Brett Brumbaugh, Duquesne (NEC)",Sr.,QB,10,110,53,8,4,645
126,"Hamp Sisson, Furman (SoCon)",Fr.,QB,10,84,51,3,3,638
127,"Glendon McDaniel, Southern U. (SWAC)",Jr.,QB,10,91,53,4,4,631
128,"Tommy Bryant, Kennesaw St. (Big South)",Jr.,QB,11,40,21,1,7,474
129,"Casey Bauman, Montana St. (Big Sky)",Fr.,QB,12,85,41,0,1,450
130,"Conor Blount, Eastern Ky. (OVC)",Jr.,QB,9,97,53,2,1,437
131,"Cam Arnold, SFA (Southland)",Fr.,QB,10,59,35,3,3,433
132,"Sema'J Davis, Abilene Christian (Southland)",So.,QB,12,59,35,4,3,388
133,"Nick Orlando, Butler (Pioneer)",Fr.,QB,12,81,40,5,1,348
134,"Austin  Bradley , Hampton (Big South)",Sr.,QB,9,32,21,1,3,287
135,"DeAndre Clayton, Morehead St. (Pioneer)",Jr.,QB,9,45,27,5,4,277
136,"Addison Shoup, Lehigh (Patriot)",Jr.,QB,11,27,18,2,2,239
137,"Marcellus Johnson, Lamar University (Southland)",Fr.,WR,11,44,16,2,0,219
138,"Griffin O'Connor, Yale (Ivy League)",So.,QB,8,30,16,0,0,197
139,"Louis Colosimo, Davidson (Pioneer)",Jr.,QB,12,11,7,0,3,177
140,"Javon Williams Jr. , Southern Ill. (MVFC)",Fr.,RB,12,11,7,1,2,160
141,"Cameron Towns, Butler (Pioneer)",Sr.,QB,11,25,16,1,0,150
142,"Pierre  Strong, South Dakota St. (MVFC)",So.,RB,11,4,4,0,1,122
143,"Conor Regan, Northern Colo. (Big Sky)",Jr.,QB,10,23,13,1,0,107
144,"Keegan Smith, Gardner-Webb (Big South)",So.,QB,10,15,9,0,0,104
145,"Harrison Frost, Mercer (SoCon)",So.,QB,11,8,6,1,2,101
146,"Craige Saxton, Jacksonville (Pioneer)",So.,WR,12,2,2,0,1,88
147,"Carlos Blackman, Central Ark. (Southland)",Sr.,RB,13,2,2,0,2,84
148,"Gunner Talkington, Eastern Wash. (Big Sky)",So.,QB,11,26,9,2,1,73
149,"B.J. Riley, Jacksonville (Pioneer)",So.,RB,12,2,1,1,1,69
150,"Jaaron Hayek, Villanova (CAA)",Fr.,WR,12,1,1,0,1,68
150,"Ryan Humphries, Sam Houston (Southland)",Fr.,WR,12,11,6,0,1,68
150,"Noah Smith, Sam Houston (Southland)",Fr.,WR,12,2,2,0,2,68
