Rank,Player,Cl,Pos,G,Rec,Rec Yds,Rec TD
1,"Xavier Gipson, SFA (WAC)",Jr.,WR,11,75,"1,377",14
2,"BJ Byrd, Morehead St. (Pioneer)",Sr.,WR,11,90,"1,313",13
3,"Antwane Wells Jr., James Madison (CAA)",Fr.,WR,14,83,"1,250",15
4,"Tyler Hudson, Central Ark. (ASUN)",So.,WR,11,62,"1,227",8
5,"Lance McCutcheon, Montana St. (Big Sky)",Sr.,WR,15,63,"1,219",9
6,"Austin Mitchell, Southeastern La. (Southland)",Sr.,WR,13,78,"1,184",10
7,"Jaxon Janke, South Dakota St. (MVFC)",Jr.,WR,15,72,"1,176",5
8,"Taylor Grimes, UIW (Southland)",Jr.,WR,12,87,"1,145",15
9,"Jalyn Witcher, Presbyterian (Pioneer)",Fr.,WR,11,80,"1,121",12
10,"Talolo Limu-Jones, Eastern Wash. (Big Sky)",Sr.,WR,11,70,"1,107",6
11,"Ty Scott, Missouri St. (MVFC)",Jr.,WR,12,65,"1,102",7
12,"Kris Thornton, James Madison (CAA)",Jr.,WR,14,83,"1,097",13
13,"Caleb Snead, Campbell (Big South)",Sr.,WR,11,73,"1,067",10
14,"Dennis Houston, Western Ill. (MVFC)",Sr.,WR,11,90,"1,015",6
15,"Abdul-Fatai Ibrahim, Alabama A&M (SWAC)",Jr.,WR,10,67,"1,008",8
16,"Dai'Jean Dixon, Nicholls (Southland)",Sr.,WR,10,71,"1,002",8
17,"Beau Kelly, Portland St. (Big Sky)",Jr.,WR,11,69,981,10
18,"Andrew Boston, Eastern Wash. (Big Sky)",Sr.,WR,13,69,969,7
19,"Raphael Williams, Western Caro. (SoCon)",Fr.,WR,11,73,959,9
20,"Kemari Averett, Bethune-Cookman (SWAC)",Sr.,TE,11,52,939,10
21,"Keith Corbin, Jackson St. (SWAC)",Sr.,WR,13,69,921,7
22,"Odieu Hiliare, Alabama A&M (SWAC)",Jr.,,10,71,918,9
23,"Ke'Lenn Davis, Texas Southern (SWAC)",Sr.,WR,10,47,893,2
24,"Isaiah Weston, UNI (MVFC)",Sr.,WR,12,37,883,5
25,"Landon Lenoir, Southern Ill. (MVFC)",Sr.,WR,13,61,876,10
26,"Dequece Carter, Fordham (Patriot)",Jr.,WR,11,48,872,11
27,"Drae McCray, Austin Peay (OVC)",Fr.,WR,11,53,867,8
28,"Shaquan DAVIS, South Carolina St. (MEAC)",So.,WR,10,43,864,8
29,"Rayjuon Pringle, Villanova (CAA)",Jr.,WR,13,41,843,8
30,"Lujuan Winningham, Central Ark. (ASUN)",Jr.,WR,9,53,840,5
31,"Jackson Parham, Elon (CAA)",Jr.,WR,11,57,820,1
32,"Robert Ferrel, UIW (Southland)",Sr.,WR,13,74,815,9
33,"Montrell Washington, Samford (SoCon)",Sr.,WR,11,60,813,9
34,"Christian Watson, North Dakota St. (MVFC)",Sr.,WR,12,43,801,7
35,"Baniko Harley, Austin Peay (OVC)",Sr.,QB,9,48,800,7
36,"Will Huzzie, ETSU (SoCon)",So.,WR,13,58,798,5
37,"Thomas Glover, Cornell (Ivy League)",Sr.,WR,10,55,791,4
38,"Jacob Birmelin, Princeton (Ivy League)",Sr.,WR,10,64,784,3
38,"Xavier Lane, Missouri St. (MVFC)",Sr.,WR,11,56,784,3
40,"Fotis Kokosioulis, Fordham (Patriot)",Sr.,WR,11,57,783,13
41,"Lonnie Moore IV, Monmouth (Big South)",Sr.,WR,11,73,780,6
42,"Freddie Roberson, Eastern Wash. (Big Sky)",Jr.,WR,11,49,779,6
43,"Yogi Flager, Jr. , Butler (Pioneer)",So.,WR,11,48,774,6
44,"Jadakis Bonds, Hampton (Big South)",Jr.,WR,10,54,773,6
44,"Tucker Kraft, South Dakota St. (MVFC)",So.,TE,15,65,773,6
46,"Darion Chafin, UIW (Southland)",Sr.,WR,13,59,771,11
47,"Joshua Tomas, Georgetown (Patriot)",Sr.,WR,10,58,767,4
48,"Pierre Williams, Sacramento St. (Big Sky)",Jr.,WR,10,50,764,3
49,"Justin Smith, Norfolk St. (MEAC)",Sr.,WR,11,51,758,7
50,"Cameron Crayton, Georgetown (Patriot)",Sr.,WR,10,45,756,4
51,"Cayden Jordan, Charleston So. (Big South)",Jr.,WR,10,53,752,1
52,"Ryan Miller, Furman (SoCon)",Jr.,TE,11,43,749,7
53,"Ife Adeyi, Sam Houston (WAC)",So.,WR,12,54,742,10
54,"Kobe Clark, Abilene Christian (WAC)",Jr.,WR,11,63,740,8
55,"Avante Cox, Southern Ill. (MVFC)",Sr.,WR,10,43,739,5
56,"Terez Traynor, Idaho (Big Sky)",So.,WR,11,50,737,3
57,"Efton Chism III, Eastern Wash. (Big Sky)",So.,WR,13,57,735,9
57,"Tanner Conner, Idaho St. (Big Sky)",Sr.,WR,11,42,735,4
59,"Matthew Rivera, Presbyterian (Pioneer)",So.,WR,11,66,722,5
60,"Coleman Owen, Northern Ariz. (Big Sky)",Fr.,WR,11,43,713,6
60,"Xavier Smith, Florida A&M (SWAC)",Sr.,WR,11,64,713,3
62,"Cody Chrest, Sam Houston (WAC)",Sr.,WR,12,54,704,5
63,"Andrei Iosivas, Princeton (Ivy League)",Jr.,WR,10,41,703,5
64,"Rashid Shaheed, Weber St. (Big Sky)",Sr.,WR,11,39,700,4
65,"Michael Jackson, VMI (SoCon)",Sr.,WR,11,51,695,6
66,"Jalen Coker, Holy Cross (Patriot)",So.,WR,13,51,691,4
67,"Samuel Akem, Montana (Big Sky)",Sr.,WR,13,49,689,7
68,"Andre Miller, Maine (CAA)",Sr.,WR,10,39,684,3
69,"Mitch Roberts, Montana (Big Sky)",Jr.,WR,13,55,683,1
70,"Jacory Rankin, Mississippi Val. (SWAC)",Jr.,WR,11,42,682,4
71,"Ryan McDaniel, N.C. Central (MEAC)",Sr.,WR,11,52,678,4
72,"CJ Bolar, Alcorn (SWAC)",Jr.,WR,11,41,676,5
72,"Lecharles Pringle, Alcorn (SWAC)",Sr.,DB,11,43,676,7
74,"Kahtero Summers, Saint Francis (PA) (NEC)",So.,WR,11,44,674,9
75,"Carter Bell, South Dakota (MVFC)",So.,WR,12,41,673,5
76,"Jaaron Hayek, Villanova (CAA)",Jr.,WR,13,40,671,9
77,"Thyrick Pitts, Delaware (CAA)",Sr.,WR,10,43,669,7
78,"Wes Rockett, Brown (Ivy League)",Jr.,WR,10,56,664,8
78,"Graham Walker, Brown (Ivy League)",So.,WR,10,54,664,6
80,"Jadon Janke, South Dakota St. (MVFC)",Jr.,WR,15,41,655,9
81,"Julius Young, Lafayette (Patriot)",Jr.,WR,11,46,651,3
82,"Tyshaun James, Central Conn. St. (NEC)",Sr.,WR,11,45,649,5
82,"Marshel Martin, Sacramento St. (Big Sky)",So.,TE,11,53,649,6
84,"KJ Franklin, Nicholls (Southland)",So.,WR,11,46,636,6
84,"Calvin Jones, Western Caro. (SoCon)",Fr.,WR,11,37,636,4
86,"Cyrus Holder, Duquesne (NEC)",Sr.,WR,10,37,629,8
86,"Antoine Murray, Howard (MEAC)",Sr.,WR,11,33,629,7
88,"Trey Gross, Delaware St. (MEAC)",Sr.,WR,11,48,625,13
89,"David Zorrilla, Bryant (NEC)",Sr.,WR,10,47,623,2
90,"Jah'Marae Sheread, Florida A&M (SWAC)",Jr.,WR,12,55,622,9
91,"Dylan Classi, Princeton (Ivy League)",Sr.,WR,10,35,621,3
91,"Terrance Greene Jr., Monmouth (Big South)",Sr.,WR,10,42,621,5
93,"Trevor Begue, UIW (Southland)",Sr.,WR,13,46,620,3
94,"Nate Bennett, Portland St. (Big Sky)",Fr.,WR,11,50,616,4
95,"Caleb Smith, Towson (CAA)",Sr.,WR,11,52,614,5
96,"Ty James, Mercer (SoCon)",So.,WR,10,26,611,7
97,"Jequez Ezzard, Sam Houston (WAC)",Sr.,WR,10,41,609,6
98,"Romon Copeland, Hampton (Big South)",Fr.,WR,10,26,605,3
98,"Kiaran Turner, Presbyterian (Pioneer)",Sr.,WR,11,55,605,5
100,"Garrett Oakey, Colgate (Patriot)",Sr.,WR,11,35,601,3
101,"Tony Tate, Western Ill. (MVFC)",Sr.,WR,11,63,598,3
102,"Chris Coleman, Cal Poly (Big Sky)",Sr.,WR,10,43,590,4
103,"Will VEREEN, South Carolina St. (MEAC)",Sr.,WR,12,45,587,3
104,"Shawn Harris Jr., Stony Brook (CAA)",So.,WR,11,31,586,3
105,"Devin Young, Maine (CAA)",Sr.,WR,11,54,585,3
106,"Alex Kuzy, Cornell (Ivy League)",Sr.,WR,10,43,583,2
107,"Darien Chase, Portland St. (Big Sky)",Fr.,WR,10,54,579,4
108,"Antonio Mullins, Prairie View (SWAC)",Sr.,WR,12,48,575,3
109,"Quinton Cross, Tennessee Tech (OVC)",So.,WR,11,41,574,3
109,"PJ Wells, Jacksonville St. (ASUN)",Fr.,WR,11,37,574,3
111,"Nolan Givan, Southeastern La. (Southland)",Sr.,TE,13,56,572,6
112,"Mason Tipton, Yale (Ivy League)",Jr.,WR,10,27,570,3
113,"Jeremiah Hixon, Alabama St. (SWAC)",So.,WR,9,44,563,4
114,"Tyson Thompson, Houston Christian (Southland)",So.,WR,10,57,562,2
115,"Ahmad Edwards, Jacksonville St. (ASUN)",Jr.,WR,11,45,561,5
116,"Roy Alexander, UAlbany (CAA)",Fr.,WR,10,37,560,3
116,"Justin Franklin, Gardner-Webb (Big South)",Fr.,WR,11,37,560,4
118,"Leroy Thomas, VMI (SoCon)",Jr.,WR,10,55,557,3
119,"Owen Glascoe, LIU (NEC)",Jr.,WR,10,36,555,3
120,"Melvin Rouse II, Yale (Ivy League)",Sr.,DB,10,48,553,2
121,"Jared Harrell, UC Davis (Big Sky)",Sr.,WR,12,44,551,5
122,"Colin Howard, Drake (Pioneer)",Jr.,WR,10,26,549,2
122,"Garris Schwarting, Charleston So. (Big South)",Sr.,WR,10,48,549,5
124,"Jay Griffin, Northwestern St. (Southland)",Sr.,WR,11,50,548,5
125,"DeVonte Adams, Morehead St. (Pioneer)",Sr.,WR,11,49,542,6
125,"Kortez Weeks, Elon (CAA)",Sr.,WR,11,48,542,5
127,"MJ Wright, Fordham (Patriot)",Jr.,WR,11,39,541,1
128,"Malachi Wideman, Jackson St. (SWAC)",Fr.,WR,11,34,540,12
129,"Jailon Howard, Prairie View (SWAC)",Jr.,WR,12,24,538,5
130,"Raleigh Webb, The Citadel (SoCon)",Sr.,WR,11,25,536,3
131,"Bo Belquist, North Dakota (MVFC)",So.,WR,10,52,535,5
132,"Hayes Sutton, Brown (Ivy League)",Jr.,WR,10,57,530,7
133,"Ayir Asante, Holy Cross (Patriot)",Jr.,WR,13,43,529,4
134,"Dwayne Menders, Marist (Pioneer)",Jr.,WR,10,45,525,3
135,"Dallas Daniels, Western Ill. (MVFC)",Sr.,WR,11,44,524,2
136,"Ethan Bolingbroke, Southern Utah (Big Sky)",So.,WR,11,54,523,2
137,"Josh Wilkes, Ark.-Pine Bluff (SWAC)",Sr.,WR,10,41,522,4
138,"Gage Larvadain, Southeastern La. (Southland)",Fr.,WR,13,37,521,5
139,"Michael Vice, Samford (SoCon)",Jr.,TE,11,44,518,4
140,"Anthony Frederick, Bryant (NEC)",Jr.,WR,11,32,516,8
140,"Brandon Schenks, Southern Utah (Big Sky)",So.,WR,11,39,516,6
142,"Curtis Raymond III, Cornell (Ivy League)",Sr.,WR,10,27,515,4
142,"Trevonte Rucker, Jackson St. (SWAC)",Fr.,WR,13,26,515,2
144,"Greg White, Grambling (SWAC)",Jr.,WR,11,35,514,3
145,"Johnny O'Shea, Butler (Pioneer)",Jr.,WR,9,36,513,1
146,"Bryson Daughtry, Elon (CAA)",Jr.,WR,11,35,512,5
147,"Hendrix Johnson, Northern Ariz. (Big Sky)",So.,WR,11,28,509,5
148,"Paxton Scott, Dartmouth (Ivy League)",So.,WR,10,46,505,4
149,"Kenny Benjamin, Western Caro. (SoCon)",Sr.,RB,11,52,503,3
150,"Izaiah Hartrup, Southern Ill. (MVFC)",So.,WR,13,43,502,3
