Rank,Player,Cl,Pos,G,Rec,Rec Yds,Rec TD
1,"Cooper Kupp, Eastern Wash. (Big Sky)",Fr.,WR,15,93,"1,691",21
2,"Sam Ajala, Fordham (Patriot)",Jr.,WR,14,93,"1,646",14
3,"Erik Lora, Eastern Ill. (OVC)",Sr.,WR,13,123,"1,544",19
4,"Lee Kurfis, Lehigh (Patriot)",Sr.,WR,11,99,"1,351",9
5,"Adam Drake, Eastern Ill. (OVC)",Jr.,WR,14,85,"1,305",13
6,"Ashton Clark, Eastern Wash. (Big Sky)",Sr.,WR,15,83,"1,233",10
7,"Grant Gellatly, Cornell (Ivy League)",Sr.,WR,10,91,"1,224",8
8,"Jeremy Butler, UT Martin (OVC)",Sr.,WR,12,90,"1,203",10
9,"Stephen Barnette, Richmond (CAA)",Jr.,WR,12,77,"1,197",5
10,"Zach Vraa, North Dakota St. (MVFC)",Jr.,WR,15,67,"1,191",15
11,"Tyler Boyd, SFA (Southland)",Jr.,WR,12,79,"1,183",8
12,"Lee Doss, Southern U. (SWAC)",Sr.,WR,12,78,"1,172",11
13,"Kasey Closs, Portland St. (Big Sky)",Jr.,WR,12,63,"1,167",8
14,"Tebucky Jones, Fordham (Patriot)",Jr.,WR,13,85,"1,154",5
15,"Greg Hardin, North Dakota (Big Sky)",Sr.,WR,11,67,"1,153",5
16,"William Morris, Davidson (Pioneer)",So.,WR,11,67,"1,090",5
17,"Jason Schneider, South Dakota St. (MVFC)",Jr.,WR,14,78,"1,088",10
17,"Brian Wetzel, Fordham (Patriot)",Jr.,WR,14,89,"1,088",14
19,"Mark Ross, Lafayette (Patriot)",Sr.,WR,12,74,"1,078",8
20,"Zach Pendleton, Jackson St. (SWAC)",Sr.,WR,11,53,"1,067",10
21,"Andrew Robustelli, Jacksonville (Pioneer)",Jr.,TE,11,51,"1,063",11
22,"Reggie Bell, San Diego (Pioneer)",Jr.,WR,11,65,"1,050",9
23,"Brendan Shannon, Butler (Pioneer)",Sr.,WR,11,76,"1,041",6
24,"Justin Mello, New Hampshire (CAA)",Sr.,WR,15,73,"1,038",10
25,"Michael Johnson, Delaware (CAA)",Jr.,WR,12,60,"1,035",9
26,"Jordan Harris, Bryant (NEC)",Sr.,WR,12,64,"1,031",5
27,"Deandre Cooper, Prairie View (SWAC)",Sr.,WR,12,80,"1,028",12
28,"Kenny Cook, Gardner-Webb (Big South)",Jr.,WR,12,76,"1,008",9
28,"Ellis Henderson, Montana (Big Sky)",So.,WR,13,43,"1,008",14
30,"R.J. Harris, New Hampshire (CAA)",Jr.,WR,12,76,"1,004",5
31,"Dimitri Stimphil, Northern Colo. (Big Sky)",Jr.,WR,11,63,"1,002",6
32,"Matt Hazel, Coastal Carolina (Big South)",Sr.,WR,14,70,990,9
33,"Mike Brooks, SFA (Southland)",Sr.,WR,12,76,985,11
34,"Tanner Bleskin, Montana St. (Big Sky)",Sr.,WR,12,64,969,3
35,"Torrance Williams, Sam Houston (Southland)",Sr.,WR,14,55,964,12
36,"Tyler McDonald, South Carolina St. (MEAC)",Sr.,WR,13,51,958,7
37,"Luke Austin, Idaho St. (Big Sky)",Sr.,WR,10,65,951,11
38,"Deandre Carter, Sacramento St. (Big Sky)",Jr.,WR,11,64,934,14
39,"Roman Wilson, Princeton (Ivy League)",Sr.,WR,10,86,919,11
40,"Malcolm Eugene, Stony Brook (CAA)",Sr.,WR,10,57,894,5
40,"Keiondre Gober, Eastern Ill. (OVC)",So.,WR,11,48,894,9
42,"Mike Fess, Holy Cross (Patriot)",Sr.,WR,12,75,893,9
43,"Milton Williams, Delaware St. (MEAC)",Jr.,WR,11,58,888,5
44,"Josh Barge, Jacksonville St. (OVC)",So.,WR,15,58,885,2
44,"John Lantz, Southern Ill. (MVFC)",Sr.,WR,12,51,885,5
46,"Kenny Golladay, North Dakota (Big Sky)",So.,WR,11,69,884,8
46,"Tanner Kuramata, Valparaiso (Pioneer)",Jr.,WR,11,56,884,8
48,"Morris Norrise, Sacramento St. (Big Sky)",Sr.,WR,12,81,870,4
49,"Tyler Dube, Sacred Heart (NEC)",Jr.,WR,13,55,869,9
50,"Duane Mitchell, Robert Morris (NEC)",Jr.,WR,11,52,867,7
51,"D'Andre Randle, Jacksonville (Pioneer)",Jr.,WR,11,50,865,9
52,"Reggie Begelton, Lamar University (Southland)",So.,WR,12,82,858,8
52,"Nick Rosa, Drake (Pioneer)",Sr.,WR,10,56,858,9
54,"Walter Powell, Murray St. (OVC)",Sr.,WR,10,66,837,13
55,"Diontae Spencer, McNeese (Southland)",Sr.,WR,13,50,835,9
56,"Karnorris Benson, Western Caro. (SoCon)",Jr.,WR,12,51,834,12
57,"Bartley Leneghan, Marist (Pioneer)",---,WR,11,45,833,8
58,"Darrin Peterson, Liberty (Big South)",So.,WR,12,57,809,7
58,"D.J. Ward, SFA (Southland)",Jr.,WR,12,61,809,7
60,"Tre McBride, William & Mary (CAA)",Jr.,WR,12,63,801,5
61,"Shaquille Hill, Eastern Wash. (Big Sky)",So.,WR,14,38,790,9
62,"Kelsey Pope, Samford (SoCon)",Sr.,WR,13,68,789,3
63,"Deon Randall, Yale (Ivy League)",Sr.,WR,10,85,788,8
64,"Montarius Smith, Alabama A&M (SWAC)",Jr.,WR,12,56,779,5
65,"Tyrell Holmes, Central Conn. St. (NEC)",Jr.,WR,12,42,774,7
66,"Sam Hoekstra, San Diego (Pioneer)",Sr.,WR,11,48,771,6
67,"Armani Martin, Marist (Pioneer)",Sr.,WR,10,45,770,12
68,"Tobi Antigha, Presbyterian (Big South)",Jr.,WR,11,54,764,6
69,"Jamaal Jones, Montana (Big Sky)",So.,WR,13,42,760,3
70,"Willie Quinn, Southern U. (SWAC)",So.,WR,13,57,753,7
71,"Tellef Lundevall, Brown (Ivy League)",Sr.,WR,10,61,745,4
71,"Kevin Vereen, UNI (MVFC)",Jr.,WR,12,52,745,4
73,"Jeff Smiley, Southeastern La. (Southland)",So.,WR,14,57,744,6
74,"Dezmond Beverly, Ark.-Pine Bluff (SWAC)",Sr.,WR,11,57,740,0
75,"Gianni Carter, Duquesne (NEC)",Sr.,WR,11,51,737,6
76,"Chester Rogers, Grambling (SWAC)",So.,WR,11,48,735,5
76,"Rasaun Rorie, Elon (SoCon)",Sr.,WR,12,59,735,5
78,"Austin Duke, Charlotte (FCS Independent)",Fr.,WR,11,62,727,6
79,"Gary Hunter, Dayton (Pioneer)",Sr.,WR,9,36,726,4
80,"Jeff LePak, Eastern Ill. (OVC)",Jr.,WR,14,51,723,8
81,"Dezmin Lewis, Central Ark. (Southland)",Jr.,WR,11,50,721,7
82,"Aaron Thomas, SFA (Southland)",So.,WR,11,40,719,4
83,"Ben Edwards, Richmond (CAA)",Sr.,WR,9,74,706,5
84,"Ryan Smith, North Dakota St. (MVFC)",Sr.,WR,14,54,703,5
85,"Ricky Zorn, Harvard (Ivy League)",Sr.,WR,10,50,700,3
86,"Cory Mitchell, Eastern Wash. (Big Sky)",Jr.,WR,15,47,699,3
87,"Andrej Suttles, Furman (SoCon)",Fr.,WR,14,50,697,3
88,"Julian Stafford, Mississippi Val. (SWAC)",Sr.,WR,11,52,694,3
89,"Spencer Wilkins, Towson (CAA)",Jr.,WR,9,40,691,4
90,"Tony McCrea, Southeastern La. (Southland)",Sr.,WR,14,40,689,2
91,"Will Jefferson Jr., Northern Colo. (Big Sky)",Sr.,WR,12,51,688,5
92,"Julian Burton, Missouri St. (MVFC)",Jr.,WR,12,52,686,4
93,"Eddie Poole, Bethune-Cookman (MEAC)",Sr.,WR,13,39,682,3
94,"Jace Davis, Northern Colo. (Big Sky)",Sr.,WR,8,44,673,5
95,"Demario Bennett, Coastal Carolina (Big South)",Sr.,WR,15,40,668,5
95,"Zack Wilke, Georgetown (Patriot)",Sr.,WR,10,59,668,2
97,"Daniel Brown, James Madison (CAA)",Jr.,WR,11,42,665,8
98,"Kevin Chillis, UAlbany (CAA)",Sr.,WR,12,59,664,5
98,"Leon Kinnard, Towson (CAA)",Sr.,WR,11,43,664,1
100,"Erik Walker, Weber St. (Big Sky)",Sr.,WR,12,62,658,3
101,"Karel Hamilton, Samford (SoCon)",Fr.,WR,13,38,657,7
102,"Fatu Moala, Southern Utah (Big Sky)",Sr.,WR,13,60,655,1
103,"Luke Hagy, Cornell (Ivy League)",So.,RB,10,55,652,5
104,"John Ebeling, Maine (CAA)",Sr.,WR,13,60,647,6
104,"Neal Sterling, Monmouth (FCS Independent)",Jr.,WR,12,57,647,6
106,"Paul McRoberts, Southeast Mo. St. (OVC)",So.,WR,12,44,646,9
106,"Samuel Patterson, VMI (Big South)",So.,WR,12,38,646,8
108,"Cameron Richmond, Idaho St. (Big Sky)",Sr.,WR,12,56,645,6
109,"Jake Raymond, Morehead St. (Pioneer)",Fr.,WR,12,56,644,2
110,"Gabe Henderson, Liberty (Big South)",Jr.,WR,12,47,641,3
111,"Tom Hemmingsen, UC Davis (Big Sky)",Sr.,WR,12,60,640,4
112,"Mark Roberts, Lamar University (Southland)",---,,12,33,638,8
113,"Louis Hollier Jr., Northwestern St. (Southland)",Sr.,WR,12,38,637,7
114,"Chris Cephus, Samford (SoCon)",Sr.,WR,13,30,635,6
115,"Ryan Mitchell, Tennessee St. (OVC)",Jr.,WR,13,35,632,7
116,"Marquis Fruge', Southeastern La. (Southland)",Sr.,WR,14,39,630,7
117,"Jordan Evans, Brown (Ivy League)",Sr.,WR,10,51,618,6
118,"Derrick Johnson, Maine (CAA)",Sr.,WR,13,60,608,2
119,"Mycole Pruitt, Southern Ill. (MVFC)",Jr.,TE,10,48,601,5
120,"Lucas Shapiro, Cornell (Ivy League)",Jr.,WR,9,38,600,6
121,"Chad Owens, UNI (MVFC)",Jr.,WR,12,60,595,5
122,"Demario Bell, Alabama St. (SWAC)",So.,WR,12,30,594,3
122,"Trent Bostick, Charlotte (FCS Independent)",Fr.,WR,11,42,594,4
122,"Shane Harrison, Sacramento St. (Big Sky)",So.,WR,12,49,594,1
125,"Sean Ballard, William & Mary (CAA)",Jr.,WR,12,36,593,3
126,"Rashad Ponder, Richmond (CAA)",Jr.,WR,12,45,592,3
126,"David Thomas, Duquesne (NEC)",So.,WR,11,49,592,1
128,"Poppy Livers, Villanova (CAA)",Jr.,WR,11,53,590,3
128,"Brandon White, San Diego (Pioneer)",Jr.,WR,11,47,590,12
130,"Dan Light, Fordham (Patriot)",Jr.,TE,14,66,588,2
131,"Ed Eagan, Northwestern St. (Southland)",So.,WR,12,45,584,3
132,"Robbie Jackson, Rhode Island (CAA)",Sr.,WR,12,61,574,5
133,"Jacoby Anderson, Prairie View (SWAC)",Sr.,WR,12,47,573,2
134,"Simon Heyward, Savannah St. (MEAC)",Sr.,WR,12,36,572,3
135,"Ernest Celestie, McNeese (Southland)",Sr.,WR,13,31,565,5
136,"Terryon Robinson, Western Caro. (SoCon)",Fr.,WR,12,41,562,2
137,"Dedric Shipman, Texas Southern (SWAC)",Sr.,WR,11,40,556,2
138,"Riley Donovan, South Dakota (MVFC)",Fr.,WR,9,31,553,2
139,"Anthony McGhee, Grambling (SWAC)",Jr.,WR,11,45,552,6
140,"Mikel Hunter, Charlotte (FCS Independent)",Sr.,WR,11,45,551,2
141,"Damarr Aultman, Maine (CAA)",Jr.,WR,13,46,550,5
142,"Eric Saubert, Drake (Pioneer)",So.,TE,11,47,549,2
143,"T George, Alcorn (SWAC)",Fr.,DB,9,44,548,2
144,"Trevor Tiefenthaler, South Dakota St. (MVFC)",Sr.,WR,14,45,547,0
145,"Adrian Coxson, Stony Brook (CAA)",Jr.,WR,10,31,544,3
146,"Antwon Chisholm, Hampton (MEAC)",Sr.,RB,12,49,540,5
147,"Andrew Cassara, Valparaiso (Pioneer)",Jr.,WR,11,58,539,3
147,"Jordan Edwards, Lamar University (Southland)",Sr.,WR,12,33,539,5
149,"Courtney Whitehead, Central Ark. (Southland)",So.,WR,12,39,536,3
150,"Matt Costello, Princeton (Ivy League)",Jr.,WR,10,48,534,2
151,"Matt Tralli, Marist (Pioneer)",Jr.,WR,11,50,533,4
152,"Brian Flotkoetter, Montana St. (Big Sky)",Jr.,WR,11,36,530,3
153,"Kitaro Lewis, Morehead St. (Pioneer)",Jr.,WR,12,49,529,3
154,"Seth DeValve, Princeton (Ivy League)",Jr.,WR,9,49,527,4
155,"Broc Malcom, Idaho St. (Big Sky)",Fr.,WR,11,51,524,2
156,"Cody Swain, Ark.-Pine Bluff (SWAC)",So.,WR,11,30,523,4
156,"Chad Ward, Bryant (NEC)",So.,WR,12,40,523,3
158,"Victor Dean, Portland St. (Big Sky)",Jr.,WR,12,23,521,7
158,"JT Palmer, Mercer (Pioneer)",So.,WR,11,30,521,7
160,"Will Tye, Stony Brook (CAA)",Jr.,TE,11,45,520,4
161,"Malik Golson, Delaware St. (MEAC)",So.,WR,11,55,517,4
161,"Earl Lucas, Alabama St. (SWAC)",Jr.,WR,12,52,517,3
163,"Ryan Culbreath, Furman (SoCon)",Sr.,WR,14,39,515,4
163,"Fred Gladney, Valparaiso (Pioneer)",Jr.,WR,6,32,515,5
165,"Cam Warren, Montana (Big Sky)",Sr.,WR,13,38,513,3
166,"Damien Watts, Central Ark. (Southland)",Jr.,WR,12,27,512,5
167,"Devin Borders, Eastern Ky. (OVC)",Fr.,WR,12,34,509,6
168,"Erik Buchanan, Nicholls (Southland)",Sr.,WR,9,21,507,5
169,"Dorian Buford, Missouri St. (MVFC)",Sr.,WR,12,33,504,3
170,"Jameer Jackson, North Dakota (Big Sky)",So.,WR,9,52,502,1
170,"Desmond Smith, Central Ark. (Southland)",Fr.,WR,12,43,502,3
170,"Terrance Terry, South Dakota (MVFC)",Jr.,WR,12,54,502,3
170,"Chris Thompson, UT Martin (OVC)",Sr.,WR,12,39,502,3
174,"Chad Hanson, Idaho St. (Big Sky)",Fr.,WR,11,45,501,3
174,"Mike McLafferty, Monmouth (FCS Independent)",Sr.,TE,9,24,501,4
176,"Dan Cason, Colgate (Patriot)",Sr.,WR,9,34,496,2
177,"Ben Bolling, Campbell (Pioneer)",So.,WR,11,32,495,5
178,"Quintin Hunter, James Madison (CAA)",Sr.,WR,12,33,491,3
179,"Justin Perillo, Maine (CAA)",Sr.,TE,11,39,490,4
180,"Brandon Hall, Lafayette (Patriot)",Sr.,TE,11,29,489,1
180,"Lance Lenoir, Western Ill. (MVFC)",Fr.,WR,12,39,489,7
182,"Jeremiah McKie, Presbyterian (Big South)",Jr.,WR,11,38,487,2
183,"Lasteven McKinney, Southern Ill. (MVFC)",Jr.,WR,12,51,486,5
184,"Tyree Watkins, Wagner (NEC)",Sr.,WR,11,45,484,4
185,"Rob Jones, Delaware (CAA)",Sr.,WR,12,43,479,5
186,"Harold Spears, New Hampshire (CAA)",Jr.,TE,15,34,478,4
187,"Tobias Singleton, Jackson St. (SWAC)",Jr.,WR,11,30,476,2
188,"Tony Taibi, Valparaiso (Pioneer)",Jr.,WR,11,22,475,4
189,"Nick Boyle, Delaware (CAA)",Jr.,TE,12,42,474,7
189,"Nate Stanley, Holy Cross (Patriot)",Sr.,WR,12,44,474,3
191,"Courtney Brown, Prairie View (SWAC)",Jr.,RB,12,50,469,4
192,"Joey Borsellino, Western Ill. (MVFC)",Fr.,WR,12,41,465,3
193,"Andre Davis, Elon (SoCon)",So.,WR,12,42,460,3
194,"Conner Scott, Penn (Ivy League)",Sr.,WR,7,38,458,2
194,"Hi-C Scott, Western Ill. (MVFC)",Jr.,WR,12,32,458,3
196,"Andy Jones, Jacksonville (Pioneer)",So.,WR,11,31,457,2
197,"Kevin Glears, Charleston So. (Big South)",Jr.,WR,13,31,456,6
198,"Nic Jacobs, McNeese (Southland)",Jr.,TE,13,32,453,4
199,"Kierre Brown, Elon (SoCon)",Jr.,WR,12,50,448,2
200,"Josh Brake, Bucknell (Patriot)",Jr.,WR,11,33,445,3
200,"Jake DeCicco, Georgetown (Patriot)",So.,DB,11,38,445,2
202,"Conner Kelley, Princeton (Ivy League)",Jr.,WR,10,42,444,6
203,"Josh Parris, Lehigh (Patriot)",Jr.,WR,11,41,443,2
204,"Telvin Brown, Jacksonville St. (OVC)",So.,WR,14,34,441,2
204,"A.C. Leonard, Tennessee St. (OVC)",Jr.,TE,12,34,441,5
204,"Daniel Sprotte, Georgetown (Patriot)",Sr.,TE,11,46,441,4
207,"Nick Cole, Northern Ariz. (Big Sky)",Sr.,WR,12,38,439,3
208,"Joseph Hawkins, Norfolk St. (MEAC)",Sr.,TE,12,39,438,1
209,"Cole King, UAlbany (CAA)",Jr.,WR,12,37,436,0
209,"Ryan Mitchell, Penn (Ivy League)",Sr.,WR,10,35,436,1
211,"James Rogers, VMI (Big South)",Jr.,WR,12,39,435,2
212,"Dante Shells, Liberty (Big South)",So.,WR,12,29,432,1
212,"Adrian Wilkins, N.C. Central (MEAC)",So.,WR,11,37,432,2
214,"Jeff McDaniels, Davidson (Pioneer)",Sr.,WR,11,37,428,3
215,"Brandon Hubert, South Dakota St. (MVFC)",Sr.,WR,14,36,423,4
216,"Grant Wallace, Yale (Ivy League)",Jr.,WR,10,31,421,2
217,"Jeff Glover, Eastern Ky. (OVC)",So.,WR,12,34,420,0
218,"Brian Dowling, Towson (CAA)",Fr.,WR,16,32,419,1
219,"Tavoris Doss, Alcorn (SWAC)",Sr.,WR,12,32,418,3
220,"Ross Smith, Dayton (Pioneer)",Sr.,WR,11,35,417,0
221,"Anthony Johnson, Jacksonville St. (OVC)",Fr.,WR,15,35,416,4
221,"Josh Jones, Mercer (Pioneer)",Fr.,QB,12,22,416,4
223,"Gabe Macis, Dayton (Pioneer)",Sr.,WR,11,34,413,4
224,"Jatavious Wilson, Central Ark. (Southland)",Fr.,WR,12,41,409,2
225,"Twarn Mixson, Hampton (MEAC)",Fr.,WR,10,22,408,4
225,"Jawaun Wynn, Rhode Island (CAA)",Sr.,WR,12,36,408,1
227,"Lenworth Lennon, Florida A&M (MEAC)",Sr.,WR,11,33,406,2
228,"Demetrius Dixon, Lafayette (Patriot)",Jr.,WR,12,35,405,3
228,"Jon Ellis, Montana St. (Big Sky)",Sr.,WR,11,35,405,5
230,"Trae Heeter, Butler (Pioneer)",Sr.,RB,13,35,404,3
231,"Cameron Brate, Harvard (Ivy League)",Sr.,TE,8,25,403,5
231,"Desmond Lawrence, N.C. A&T (MEAC)",Jr.,WR,11,37,403,3
233,"Griff McNabb, Southern Utah (Big Sky)",Sr.,WR,13,40,402,2
234,"Jameel Gay, UAlbany (CAA)",Sr.,WR,11,25,401,1
234,"Denzell Jones, Central Conn. St. (NEC)",Sr.,WR,12,29,401,4
236,"Kalif Raymond, Holy Cross (Patriot)",So.,WR,10,42,400,3
237,"Darryl Clack, Austin Peay (OVC)",Jr.,WR,12,28,398,2
238,"Tanner Riley, Indiana St. (MVFC)",Sr.,WR,12,42,397,1
239,"Will Carter, Bucknell (Patriot)",Fr.,WR,6,33,396,1
239,"Mason Rutherford, Morehead St. (Pioneer)",Fr.,WR,12,38,396,3
241,"Malik Cross, Texas Southern (SWAC)",So.,WR,9,33,395,1
241,"Bo Patterson, Dartmouth (Ivy League)",Jr.,WR,10,25,395,6
241,"Devin Rahming, Duquesne (NEC)",Jr.,WR,9,32,395,3
241,"Andrew Williams, Youngstown St. (MVFC)",So.,WR,12,26,395,2
245,"Jesse Brantley, Northern Ariz. (Big Sky)",Sr.,WR,12,33,393,3
245,"Marcel Caver, Youngstown St. (MVFC)",So.,WR,10,21,393,3
245,"David Johnson, UNI (MVFC)",Jr.,RB,11,38,393,4
245,"Ty Taylor, Penn (Ivy League)",Sr.,WR,10,31,393,5
249,"Dane Domonkos, Saint Francis (PA) (NEC)",Sr.,WR,11,25,392,0
250,"Nick Bacarella, Central Conn. St. (NEC)",Sr.,WR,12,35,391,4
251,"Krys Cates, Tennessee Tech (OVC)",So.,WR,12,28,390,3
252,"Thomas Carter, Portland St. (Big Sky)",So.,WR,12,38,389,1
252,"Richard Drake, Mississippi Val. (SWAC)",Sr.,WR,11,31,389,4
252,"Gerald Thomas, Sam Houston (Southland)",So.,WR,13,25,389,1
255,"Niccolo Mastromatteo, Coastal Carolina (Big South)",Sr.,WR,12,35,386,4
256,"Sergio Fernandez-Soto, Lehigh (Patriot)",Sr.,WR,8,30,385,2
256,"Gabe Manzanares, UC Davis (Big Sky)",Jr.,RB,11,27,385,1
256,"Easton Pedersen, Southern Utah (Big Sky)",Jr.,WR,13,35,385,2
256,"Jabri Ridenhour, Campbell (Pioneer)",Jr.,WR,11,35,385,1
260,"Darius McGriff, Stetson (Pioneer)",Fr.,WR,11,28,382,1
261,"Reggie Diggs, Richmond (CAA)",So.,WR,12,30,380,1
261,"Larry Jones III, Charleston So. (Big South)",So.,WR,11,25,380,2
263,"Derrick Joseph, Towson (CAA)",Jr.,WR,16,36,379,1
264,"Kade Harrington, Lamar University (Southland)",---,,12,48,376,4
265,"Greg Moore, Sacred Heart (NEC)",Sr.,RB,13,34,373,4
266,"Ladarrien Davis, Alcorn (SWAC)",So.,WR,12,23,371,3
267,"Cameron Meredith, Illinois St. (MVFC)",Jr.,WR,10,21,370,5
267,"Kurt Odom, Campbell (Pioneer)",Sr.,RB,12,35,370,3
269,"Jonathan Booker, Howard (MEAC)",So.,WR,9,30,369,4
270,"Janawski Davis, Murray St. (OVC)",So.,WR,12,29,368,2
270,"Brandon Flanagan, Howard (MEAC)",Jr.,WR,11,42,368,2
272,"Willie Police, Western Caro. (SoCon)",Fr.,WR,12,40,367,0
273,"Randall Menard, Southern U. (SWAC)",Fr.,WR,10,19,366,4
274,"C.J. Crawford, Charlotte (FCS Independent)",Sr.,TE,11,31,364,6
274,"D.J. Foster, Southeast Mo. St. (OVC)",Sr.,WR,12,33,364,3
276,"Patrick Gant, Prairie View (SWAC)",Jr.,WR,12,39,363,3
276,"Markis Merrill, Jacksonville St. (OVC)",So.,WR,7,24,363,2
278,"Jerrell Moore, Mississippi Val. (SWAC)",So.,WR,11,21,362,2
279,"Dejzon Walker, Northern Ariz. (Big Sky)",Jr.,TE,10,24,361,2
280,"Cantrell Frazier, Savannah St. (MEAC)",So.,WR,12,27,360,1
280,"Lavatiae Kelly, Tennessee St. (OVC)",Fr.,WR,11,31,360,1
282,"Andre Stubbs, Youngstown St. (MVFC)",So.,WR,12,29,359,5
283,"T.J. King, UC Davis (Big Sky)",Jr.,WR,12,25,356,2
284,"Jamel Johnson, Alabama St. (SWAC)",Jr.,WR,12,28,355,5
284,"Brian Parker, UAlbany (CAA)",Jr.,OL,11,30,355,2
286,"James Oboh, Towson (CAA)",Sr.,TE,15,24,354,4
286,"Cole Stanford, Cal Poly (Big Sky)",Sr.,RB,11,25,354,4
288,"Tyrell Blanks, Coastal Carolina (Big South)",So.,WR,13,23,353,3
288,"Jeremy Harness, Murray St. (OVC)",So.,WR,12,40,353,1
290,"Thomas Martin, Morgan St. (MEAC)",Fr.,WR,12,28,352,0
290,"Adrian Riley, Jacksonville (Pioneer)",Sr.,WR,11,26,352,3
292,"Richard Jules, Gardner-Webb (Big South)",Sr.,WR,12,36,351,0
292,"Gary Robinson, Furman (SoCon)",Jr.,WR,8,24,351,2
294,"Jerel Harrison, Delaware (CAA)",Jr.,WR,12,36,350,1
294,"Jordan Payne, Alcorn (SWAC)",So.,WR,12,24,350,9
296,"Isiah Ferguson, Ark.-Pine Bluff (SWAC)",Jr.,WR,10,22,349,2
297,"Lamar Davenport, Monmouth (FCS Independent)",Jr.,WR,12,25,348,3
298,"Joe Tralli, Marist (Pioneer)",Jr.,WR,11,29,347,2
299,"Mike Duncan, Lafayette (Patriot)",Jr.,WR,12,29,346,4
299,"Kevin O'Connell, Colgate (Patriot)",Jr.,TE,12,26,346,2
301,"Cameron Livingston, Weber St. (Big Sky)",Fr.,WR,12,26,344,4
301,"Cyrus Strahm, Morehead St. (Pioneer)",Jr.,WR,12,45,344,0
301,"Arthur Williams, Maine (CAA)",Jr.,WR,12,24,344,3
304,"Jordan Hildreth, Campbell (Pioneer)",Jr.,WR,12,25,343,3
304,"Paul Rice, Murray St. (OVC)",So.,WR,12,32,343,0
306,"Justin Adams, Lafayette (Patriot)",Jr.,WR,9,27,342,1
307,"Jaquaa Peters, Texas Southern (SWAC)",Sr.,WR,9,23,339,1
308,"Shakeir Ryan, Northwestern St. (Southland)",Fr.,WR,12,42,338,3
309,"Dennis Rowe, South Carolina St. (MEAC)",Jr.,WR,13,18,337,4
309,"Ross Scheuerman, Lafayette (Patriot)",Jr.,RB,12,31,337,4
309,"Austin Wilbers, Northern Colo. (Big Sky)",Sr.,TE,11,30,337,1
312,"Tyler Wilhelm, South Dakota (MVFC)",Sr.,TE,12,22,336,0
312,"Derrick Ziglar, VMI (Big South)",So.,RB,11,25,336,1
314,"Rob Coggin, Stetson (Pioneer)",Fr.,WR,11,30,335,4
315,"Demario Ross, Alabama A&M (SWAC)",Sr.,WR,11,17,333,3
316,"Chris Crawford, Stetson (Pioneer)",Fr.,WR,11,33,332,1
316,"JT Mesch, Butler (Pioneer)",Jr.,WR,13,40,332,1
318,"Matt Colvin, Howard (MEAC)",So.,WR,9,25,331,2
318,"Kenneth Dabney, Mississippi Val. (SWAC)",Sr.,WR,11,17,331,3
318,"Cody Matthews, Tennessee Tech (OVC)",Jr.,WR,8,22,331,3
321,"Alex Holmes, Northern Ariz. (Big Sky)",So.,WR,12,40,329,3
321,"Dae'Quan Scott, James Madison (CAA)",Sr.,RB,12,40,329,3
323,"Bobby Kaslander, Bucknell (Patriot)",So.,DB,7,24,327,0
324,"Gabe Dunlap, Prairie View (SWAC)",Jr.,WR,7,37,324,3
324,"Demory Lawshe, Indiana St. (MVFC)",Sr.,WR,12,16,324,3
324,"Anthony Warrum, Illinois St. (MVFC)",Fr.,WR,11,12,324,3
327,"Doug Burton, VMI (Big South)",Jr.,WR,12,25,322,1
327,"Joseph Ceravolo, Delaware St. (MEAC)",Jr.,WR,11,30,322,1
327,"Faysal Shafaat, Chattanooga (SoCon)",Jr.,TE,12,35,322,6
330,"Phil Dudley, Illinois St. (MVFC)",Sr.,WR,11,39,321,1
331,"Bryant Mitchell, Northwestern St. (Southland)",So.,RB,12,33,320,2
332,"Mike Jones, Southern U. (SWAC)",So.,WR,13,12,319,4
332,"Fredson Salomon, Western Ill. (MVFC)",Sr.,WR,11,23,319,1
334,"Josh Cook, Idaho St. (Big Sky)",Fr.,TE,12,32,317,0
335,"Caleb Davis, South Carolina St. (MEAC)",Sr.,WR,13,32,316,4
335,"Victor Williams, Dartmouth (Ivy League)",So.,WR,7,21,316,0
337,"Cam Jones, South Dakota St. (MVFC)",So.,TE,7,18,315,1
337,"Marvin Poole, N.C. Central (MEAC)",Sr.,WR,12,24,315,1
337,"Brian Strachan, Brown (Ivy League)",Jr.,WR,10,33,315,1
340,"Brandon Ravenel, James Madison (CAA)",Fr.,WR,12,20,312,1
340,"Blair Townsend, North Dakota (Big Sky)",Sr.,WR,11,29,312,1
340,"Willie Tucker, Cal Poly (Big Sky)",Jr.,WR,5,18,312,2
343,"Scott Benzing, Central Conn. St. (NEC)",Jr.,WR,12,18,311,3
343,"Chris King, Duquesne (NEC)",So.,WR,8,26,311,2
343,"Jordan Marshall, Mercer (Pioneer)",Fr.,WR,12,16,311,4
343,"Keith Sherman, Lehigh (Patriot)",Sr.,RB,11,22,311,4
347,"Jontavious Carter, Bethune-Cookman (MEAC)",So.,WR,13,19,310,2
348,"Robert Brown, Mercer (Pioneer)",Fr.,TE,12,21,308,5
348,"Richard Sincere, Sam Houston (Southland)",Sr.,DB,14,24,308,3
348,"Mike Yonker, Stetson (Pioneer)",Fr.,RB,11,18,308,0
351,"Jesse Blackburn, Murray St. (OVC)",Fr.,WR,12,23,307,3
351,"Chance Nelson, Sam Houston (Southland)",So.,WR,12,22,307,3
353,"Christian Bryan, Youngstown St. (MVFC)",Jr.,WR,12,26,306,2
353,"Jimmy Giansante, New Hampshire (CAA)",Jr.,WR,15,31,306,2
353,"Jeremy Moore, Savannah St. (MEAC)",Sr.,WR,12,18,306,1
356,"Zach Bauman, Northern Ariz. (Big Sky)",Sr.,RB,12,44,305,1
356,"Andre Dessenberg, Towson (CAA)",Fr.,WR,15,18,305,1
356,"Antonio Jefferson, Morgan St. (MEAC)",---,,11,18,305,2
359,"Spencer Davis, Southeast Mo. St. (OVC)",Jr.,WR,12,35,302,3
359,"Carey Fortson, Nicholls (Southland)",Sr.,WR,12,23,302,2
359,"Stewart Hartman, Howard (MEAC)",Jr.,WR,11,30,302,3
359,"Shane Savage, Richmond (CAA)",Sr.,WR,9,39,302,2
359,"Jordan Snellings, Furman (SoCon)",So.,WR,11,30,302,1
364,"Jonathan Dorsey, Alabama A&M (SWAC)",Fr.,TE,11,16,301,3
365,"Dexter Bryant, Ark.-Pine Bluff (SWAC)",Sr.,WR,10,25,300,1
366,"Dylan Davis, UT Martin (OVC)",Sr.,WR,12,25,299,2
366,"G'Alonzo Milton, Alabama A&M (SWAC)",Sr.,DB,10,18,299,0
368,"Kris Drummond, Savannah St. (MEAC)",Jr.,WR,12,23,296,2
368,"Tuff McClain, Northwestern St. (Southland)",Fr.,WR,12,22,296,1
368,"Nick Meyer, South Dakota (MVFC)",So.,QB,12,23,296,1
371,"Fabian Truss, Samford (SoCon)",Sr.,RB,12,36,295,1
372,"Marquis Mosley, SFA (Southland)",Jr.,WR,11,22,292,4
372,"Justin Osborne, Elon (SoCon)",Fr.,WR,12,29,292,0
374,"Tromaine Dennis, Northern Colo. (Big Sky)",Sr.,RB,11,30,291,0
375,"Lamar Scruggs, N.C. Central (MEAC)",Sr.,WR,8,23,290,1
376,"Tyler Artim, Holy Cross (Patriot)",Jr.,WR,11,25,289,3
376,"Eric Christophel, Missouri St. (MVFC)",So.,WR,12,29,289,1
376,"Deandre Sangster, Norfolk St. (MEAC)",So.,WR,10,18,289,2
379,"Bruce Mapp, Coastal Carolina (Big South)",Fr.,WR,15,20,287,1
379,"John Quazza, Colgate (Patriot)",So.,TE,12,22,287,2
381,"Andrew Fischer, Harvard (Ivy League)",So.,WR,6,24,285,3
381,"Tom Judge, Butler (Pioneer)",Sr.,WR,11,25,285,2
383,"Marquis Green, Chattanooga (SoCon)",Jr.,RB,12,31,284,3
384,"Brandon Kensey, Ark.-Pine Bluff (SWAC)",Sr.,WR,11,20,283,4
384,"Isaiah Kepley, Southeastern La. (Southland)",Jr.,WR,14,15,283,1
384,"Andrew Marks, Brown (Ivy League)",Sr.,TE,10,22,283,4
387,"Carlton Koonce, Fordham (Patriot)",Sr.,RB,14,41,282,2
388,"Quincy Forte, Eastern Wash. (Big Sky)",Jr.,RB,14,23,279,5
389,"Mike Estes, Gardner-Webb (Big South)",Fr.,TE,12,18,278,1
390,"Garrett Diehl, Davidson (Pioneer)",Jr.,WR,11,30,274,0
390,"Deonte Swinton, Gardner-Webb (Big South)",Jr.,WR,12,26,274,0
392,"Blake Gardner, Central Ark. (Southland)",So.,WR,12,35,271,0
392,"Colton Korn, Charleston So. (Big South)",Fr.,WR,12,26,271,2
394,"Rees Macshara, Morehead St. (Pioneer)",Jr.,RB,12,47,270,1
395,"Chick Chatham, Illinois St. (MVFC)",Sr.,WR,11,17,269,2
395,"Michael Hudson, Drake (Pioneer)",Jr.,TE,11,30,269,3
395,"Matthew Nicholson, VMI (Big South)",Fr.,WR,12,14,269,4
395,"Zack Wolfe, Butler (Pioneer)",So.,TE,13,17,269,3
399,"Kyani Harris, Indiana St. (MVFC)",Jr.,WR,5,20,265,1
399,"Justin Hill, Georgetown (Patriot)",Fr.,WR,11,26,265,0
399,"Willie Matthews, Central Ark. (Southland)",Jr.,RB,10,45,265,1
399,"Eric Sumlin, Monmouth (FCS Independent)",Jr.,WR,12,17,265,1
399,"Moses Webb, Sacred Heart (NEC)",So.,WR,13,19,265,4
399,"Devin Wilson, Tennessee St. (OVC)",Sr.,WR,11,26,265,0
