Rank,Player,Cl,Pos,G,Rec,Rec Yds,Rec TD
1,"Trent Taylor, Louisiana Tech (C-USA)",Sr.,WR,14,136,"1,803",12
2,"Zay Jones, East Carolina (AAC)",Sr.,WR,12,158,"1,746",8
3,"Taywan Taylor, Western Ky. (C-USA)",Sr.,WR,14,98,"1,730",17
4,"Richie James, Middle Tenn. (C-USA)",So.,WR,13,105,"1,625",12
5,"Carlos Henderson, Louisiana Tech (C-USA)",Jr.,WR,13,82,"1,535",19
6,"Dede Westbrook, Oklahoma (Big 12)",Sr.,WR,13,80,"1,524",17
7,"Corey Davis, Western Mich. (MAC)",Sr.,WR,14,97,"1,500",19
8,"Amba Etta-Tawo, Syracuse (ACC)",Sr.,WR,12,94,"1,482",14
9,"Anthony Miller, Memphis (AAC)",Jr.,WR,13,95,"1,434",14
10,"James Washington, Oklahoma St. (Big 12)",Jr.,WR,13,71,"1,380",10
11,"Mike Williams, Clemson (ACC)",Jr.,WR,15,98,"1,361",11
12,"Tanner Gentry, Wyoming (Mountain West)",Sr.,WR,14,72,"1,326",14
13,"Nicholas Norris, Western Ky. (C-USA)",Sr.,WR,14,76,"1,318",14
14,"Michael Gallup, Colorado St. (Mountain West)",Jr.,WR,13,76,"1,272",14
14,"Thomas Sperbeck, Boise St. (Mountain West)",Sr.,WR,13,80,"1,272",9
16,"Cody Thompson, Toledo (MAC)",Jr.,WR,13,64,"1,269",11
17,"Chad Hansen, California (Pac-12)",Jr.,WR,10,92,"1,249",11
18,"Austin Carr, Northwestern (Big Ten)",Sr.,WR,13,90,"1,247",12
19,"Courtland Sutton, SMU (AAC)",So.,WR,12,76,"1,246",10
20,"KD Cannon, Baylor (Big 12)",Jr.,WR,12,87,"1,215",13
21,"Keevan Lucas, Tulsa (AAC)",Sr.,WR,13,81,"1,180",15
22,"Noel Thomas, UConn (AAC)",Sr.,WR,12,100,"1,179",3
23,"Allenzae Staggers, Southern Miss. (C-USA)",Jr.,WR,13,63,"1,165",7
24,"Jonathan Giles, Texas Tech (Big 12)",So.,WR,12,69,"1,158",13
25,"Kenny Golladay, NIU (MAC)",Sr.,WR,12,87,"1,156",8
26,"John Ross, Washington (Pac-12)",Jr.,WR,14,81,"1,150",17
27,"Cedrick Wilson, Boise St. (Mountain West)",Jr.,WR,13,56,"1,129",11
28,"Linell Bonner, Houston (AAC)",Jr.,WR,12,98,"1,118",3
29,"Ryan Switzer, North Carolina (ACC)",Sr.,WR,13,96,"1,112",6
30,"Marcus Kemp, Hawaii (Mountain West)",Sr.,WR,14,73,"1,100",8
31,"Isaiah Ford, Virginia Tech (ACC)",Jr.,WR,14,79,"1,094",7
32,"Corey Willis, Central Mich. (MAC)",Jr.,WR,13,71,"1,087",9
33,"Josh Atkinson, Tulsa (AAC)",Sr.,WR,13,78,"1,058",8
34,"Josh Reynolds, Texas A&M (SEC)",Sr.,WR,13,61,"1,039",12
35,"Jerome Lane, Akron (MAC)",Jr.,WR,12,62,"1,018",6
35,"Allen Lazard, Iowa St. (Big 12)",Jr.,WR,12,69,"1,018",7
37,"J'Mon Moore, Missouri (SEC)",Jr.,WR,12,62,"1,012",8
38,"Nick Westbrook, Indiana (Big Ten)",So.,WR,13,54,995,6
39,"Cam Phillips, Virginia Tech (ACC)",Jr.,WR,14,76,983,5
40,"Chris Godwin, Penn St. (Big Ten)",Jr.,WR,14,59,982,11
41,"Kevonn Mabon, Ball St. (MAC)",Sr.,WR,12,85,972,3
41,"Josh Malone, Tennessee (SEC)",Jr.,WR,13,50,972,11
43,"Robert Davis, Georgia St. (Sun Belt)",Sr.,WR,12,67,968,5
43,"Scott Miller, Bowling Green (MAC)",So.,WR,12,74,968,10
45,"Equanimeous St. Brown, Notre Dame (FBS Independent)",So.,WR,12,58,961,9
46,"Jalen Robinette, Air Force (Mountain West)",Sr.,WR,13,35,959,6
47,"Shelton Gibson, West Virginia (Big 12)",Jr.,WR,13,43,951,8
47,"Deangelo Yancey, Purdue (Big Ten)",Sr.,WR,12,49,951,10
49,"Zach Pascal, Old Dominion (C-USA)",Sr.,WR,13,65,946,9
50,"Ahmmon Richards, Miami (FL) (ACC)",Fr.,WR,13,49,934,3
50,"Kalib Woods, Fla. Atlantic (C-USA)",Jr.,WR,12,68,934,1
52,"Christian Kirk, Texas A&M (SEC)",So.,WR,13,83,928,9
53,"Evan Engram, Ole Miss (SEC)",Sr.,TE,11,65,926,8
54,"Fred Ross, Mississippi St. (SEC)",Sr.,WR,13,72,917,12
55,"Juju Smith-Schuster, Southern California (Pac-12)",Jr.,WR,13,70,914,10
56,"Sabastian Smith, Ohio (MAC)",Sr.,WR,13,55,900,4
57,"Ventell Bryant, Temple (AAC)",So.,WR,11,54,895,4
58,"Gabe Marks, Washington St. (Pac-12)",Sr.,WR,13,89,894,13
58,"Dakiel Shorts, West Virginia (Big 12)",Sr.,WR,13,63,894,5
60,"Keke Coutee, Texas Tech (Big 12)",So.,WR,12,55,890,7
61,"Shay Fields, Colorado (Pac-12)",Jr.,WR,14,56,883,9
62,"Jester Weah, Pittsburgh (ACC)",Jr.,WR,13,36,870,10
63,"Sergio Bailey II, Eastern Mich. (MAC)",Fr.,WR,13,60,868,7
64,"Curtis Samuel, Ohio St. (Big Ten)",Jr.,RB,13,74,865,7
65,"Ardarius Stewart, Alabama (SEC)",Jr.,WR,12,54,864,8
66,"Amara Darboh, Michigan (Big Ten)",Sr.,WR,13,57,862,7
67,"Devin Gray, Cincinnati (AAC)",Jr.,WR,12,58,860,5
67,"Drew Wolitarsky, Minnesota (Big Ten)",Sr.,WR,13,66,860,5
69,"Steven Sims Jr., Kansas (Big 12)",So.,WR,12,72,859,7
70,"Tre'Quan Smith, UCF (AAC)",So.,WR,13,57,853,5
71,"Ricky Jones, Indiana (Big Ten)",Sr.,WR,13,53,848,3
72,"Travis Rudolph, Florida St. (ACC)",Jr.,WR,13,56,840,7
73,"Jojo Natson, Akron (MAC)",Sr.,WR,12,59,837,10
74,"Bug Howard, North Carolina (ACC)",Sr.,WR,13,53,827,8
75,"Rodney Adams, South Fla. (AAC)",Sr.,WR,13,67,822,5
75,"Josh Magee, South Alabama (Sun Belt)",Sr.,WR,12,49,822,5
75,"Dante Pettis, Washington (Pac-12)",Jr.,WR,14,53,822,15
75,"Ervin Philips, Syracuse (ACC)",Jr.,WR,12,90,822,6
79,"Emanuel Thompson, Troy (Sun Belt)",Jr.,WR,13,80,820,6
80,"Jimmy Williams, East Carolina (AAC)",Sr.,WR,12,45,818,8
81,"Corey Jones, Toledo (MAC)",Sr.,WR,13,66,817,5
82,"Chance Allen, Houston (AAC)",Sr.,WR,12,56,815,6
83,"Jalen McCleskey, Oklahoma St. (Big 12)",So.,WR,13,73,812,7
84,"Ishmael Zamora, Baylor (Big 12)",So.,WR,10,63,809,8
85,"Adam Breneman, Massachusetts (FBS Independent)",Jr.,TE,12,70,808,8
86,"Austin Duke, Charlotte (C-USA)",Sr.,WR,12,59,803,4
87,"Andy Isabella, Massachusetts (FBS Independent)",So.,RB,12,62,801,7
88,"R.J. Shelton, Michigan St. (Big Ten)",Sr.,WR,12,53,789,5
89,"Devin Ross, Colorado (Pac-12)",Jr.,WR,14,69,787,5
90,"Deebo Samuel, South Carolina (SEC)",So.,WR,10,59,783,1
91,"Michael Henry, Western Mich. (MAC)",Sr.,WR,14,63,779,4
92,"Jon'Vea Johnson, Toledo (MAC)",So.,WR,13,40,773,10
92,"Keesean Johnson, Fresno St. (Mountain West)",So.,WR,12,66,773,6
94,"James Quick, Louisville (ACC)",Sr.,WR,13,45,769,6
94,"Calvin Ridley, Alabama (SEC)",So.,WR,15,72,769,7
96,"Demetris Robertson, California (Pac-12)",Fr.,WR,12,50,767,7
97,"Stacy Coley, Miami (FL) (ACC)",Sr.,WR,13,63,754,9
98,"James Gardner, Miami (OH) (MAC)",So.,WR,11,45,750,6
99,"Devonte Boyd, UNLV (Mountain West)",Jr.,WR,10,45,746,4
100,"Keon Hatcher, Arkansas (SEC)",Sr.,WR,12,44,743,8
101,"T.J. Rahming, Duke (ACC)",So.,WR,12,70,742,1
102,"Deondre Douglas, Troy (Sun Belt)",So.,WR,13,60,740,6
103,"Drew Morgan, Arkansas (SEC)",Sr.,WR,13,65,739,3
104,"Jordan Leggett, Clemson (ACC)",Sr.,TE,15,46,736,7
105,"Jonathan Duhart, Old Dominion (C-USA)",Jr.,WR,13,48,735,9
106,"Laquvionte Gonzalez, Kansas (Big 12)",Jr.,WR,12,62,729,3
106,"Al Riles, Louisiana (Sun Belt)",Sr.,WR,13,60,729,2
108,"Tavares Martin, Jr., Washington St. (Pac-12)",So.,WR,13,64,728,7
109,"Deon Cain, Clemson (ACC)",So.,WR,15,38,724,9
110,"Antonio Callaway, Florida (SEC)",So.,WR,12,54,721,3
111,"Gerald Everett, South Alabama (Sun Belt)",Sr.,TE,13,49,717,4
112,"Shaedon Meadors, App State (Sun Belt)",Jr.,WR,13,45,716,2
112,"Damore'Ea Stringfellow, Ole Miss (SEC)",Jr.,WR,12,46,716,6
114,"Jamire Jordan, Fresno St. (Mountain West)",So.,WR,12,45,713,2
114,"Tim White, Arizona St. (Pac-12)",Sr.,WR,12,56,713,2
116,"Malik Turner, Illinois (Big Ten)",Jr.,WR,11,48,712,6
117,"Tim Patrick, Utah (Pac-12)",Sr.,WR,12,45,711,5
118,"Darren Andrews, UCLA (Pac-12)",Jr.,WR,12,55,709,4
118,"Donald Gray, Mississippi St. (SEC)",Jr.,WR,13,41,709,5
118,"James Proche, SMU (AAC)",Fr.,WR,12,57,709,6
121,"Taj Williams, TCU (Big 12)",Jr.,WR,13,39,702,5
122,"River Cracraft, Washington St. (Pac-12)",Sr.,WR,10,53,701,5
123,"Ty Lee, Middle Tenn. (C-USA)",Fr.,WR,13,63,699,9
124,"David Njoku, Miami (FL) (ACC)",So.,WR,13,43,698,8
125,"Darreus Rogers, Southern California (Pac-12)",Sr.,WR,13,56,696,4
126,"Deon Watson, Idaho (Sun Belt)",Sr.,TE,13,41,695,3
127,"Steven Dunbar, Houston (AAC)",Jr.,WR,13,53,692,5
128,"Bucky Hodges, Virginia Tech (ACC)",Jr.,TE,14,48,691,7
129,"Wyatt Demps, Nevada (Mountain West)",Jr.,WR,12,53,686,9
130,"Justin Hobbs, Tulsa (AAC)",So.,WR,13,50,685,4
131,"Josh Stewart, UTSA (C-USA)",Jr.,WR,13,36,682,5
132,"Mike Gesicki, Penn St. (Big Ten)",Jr.,TE,14,48,679,5
133,"Stephen Louis, NC State (ACC)",So.,WR,13,35,678,2
134,"Phil Mayhue, Memphis (AAC)",Jr.,WR,13,42,677,4
135,"Dylan Cantrell, Texas Tech (Big 12)",Jr.,WR,10,58,675,8
136,"Papi White, Ohio (MAC)",So.,RB,12,41,672,6
137,"Jeff Badet, Kentucky (SEC)",Jr.,WR,13,31,670,4
138,"Cole Hikutini, Louisville (ACC)",Sr.,TE,13,50,668,8
139,"N'Keal Harry, Arizona St. (Pac-12)",Fr.,WR,12,58,659,5
140,"Jordan Reid, Ohio (MAC)",Sr.,WR,14,58,655,6
141,"Blake Mack, Arkansas St. (Sun Belt)",Jr.,TE,13,34,652,3
141,"Thomas Owens, FIU (C-USA)",Jr.,WR,12,47,652,7
141,"John Ursua, Hawaii (Mountain West)",Fr.,WR,14,53,652,3
144,"Mason Schreck, Buffalo (MAC)",Sr.,TE,12,59,651,4
145,"Tim Crawley, San Jose St. (Mountain West)",Sr.,WR,12,55,648,3
145,"Keith Kirkwood, Temple (AAC)",Jr.,WR,14,42,648,4
147,"Mitchell Paige, Indiana (Big Ten)",Sr.,WR,13,58,646,4
148,"Cameron Batson, Texas Tech (Big 12)",Jr.,WR,12,60,644,8
149,"D.J. Moore, Maryland (Big Ten)",So.,WR,13,41,637,6
149,"Carrington Thompson, Western Mich. (MAC)",Sr.,WR,14,42,637,6
151,"Jazz Peavy, Wisconsin (Big Ten)",Jr.,WR,14,43,635,5
152,"I'Tavius Mathers, Middle Tenn. (C-USA)",Sr.,RB,13,66,633,3
152,"Isaiah McKenzie, Georgia (SEC)",Jr.,WR,13,44,633,7
154,"Michael Clark, Marshall (C-USA)",So.,WR,12,37,632,5
155,"Josh Knight, Marshall (C-USA)",Sr.,WR,12,62,631,5
155,"Byron Pringle, Kansas St. (Big 12)",So.,WR,13,39,631,4
155,"Jamir Tillman, Navy (AAC)",Sr.,WR,14,40,631,2
158,"Aaron Peck, Fresno St. (Mountain West)",Sr.,WR,11,46,630,3
159,"Doni Dowling, Virginia (ACC)",Jr.,WR,12,50,626,4
160,"Deontay Burnett, Southern California (Pac-12)",So.,WR,13,56,622,7
161,"Jordan Lasley, UCLA (Pac-12)",Jr.,WR,11,41,620,5
162,"Hayden Hurst, South Carolina (SEC)",So.,TE,13,48,616,1
163,"Jhajuan Seales, Oklahoma St. (Big 12)",Sr.,WR,13,37,615,4
163,"Jamari Staples, Louisville (ACC)",Sr.,WR,12,36,615,2
165,"Jake Maulhardt, Wyoming (Mountain West)",Sr.,WR,14,39,614,4
165,"Artavis Scott, Clemson (ACC)",Jr.,WR,15,76,614,5
167,"Justin Holmes, San Jose St. (Mountain West)",So.,WR,12,39,613,3
167,"Olabisi Johnson, Colorado St. (Mountain West)",So.,WR,13,28,613,4
169,"Darren Carrington, Oregon (Pac-12)",Jr.,WR,12,43,606,5
170,"Kahlil Lewis, Cincinnati (AAC)",So.,WR,12,48,605,5
171,"Ron'Quavion Tarver, Utah St. (Mountain West)",So.,WR,12,46,602,3
172,"BJ Johnson III, Ga. Southern (Sun Belt)",Sr.,WR,12,42,600,3
173,"Jaylen Smith, Louisville (ACC)",So.,WR,13,27,599,6
174,"Austin Proehl, North Carolina (ACC)",Jr.,WR,13,43,597,3
175,"O.J. Howard, Alabama (SEC)",Sr.,TE,15,45,595,3
176,"Malachi Dupre, LSU (SEC)",Jr.,WR,12,41,593,3
177,"Mark Chapman, Central Mich. (MAC)",Jr.,WR,13,44,592,4
178,"Bryan Edwards, South Carolina (SEC)",Fr.,WR,12,44,590,4
179,"Dimetrios Mason, Missouri (SEC)",Fr.,WR,11,47,587,3
180,"Garrett Johnson, Kentucky (SEC)",Jr.,WR,13,39,585,5
181,"Olamide Zaccheaus, Virginia (ACC)",So.,WR,12,51,584,7
182,"Ka'Raun White, West Virginia (Big 12)",Jr.,WR,11,48,583,5
183,"Mikah Holder, San Diego St. (Mountain West)",Jr.,WR,13,27,581,5
184,"Troy Fumagalli, Wisconsin (Big Ten)",Jr.,TE,14,47,580,2
184,"Jauan Jennings, Tennessee (SEC)",So.,WR,13,40,580,7
186,"Scott Orndoff, Pittsburgh (ACC)",Sr.,TE,13,35,579,5
187,"Chico McClatcher, Washington (Pac-12)",So.,WR,13,31,574,5
188,"Marcus McGill, Buffalo (MAC)",Sr.,WR,12,40,573,0
189,"Tre Hartley, San Jose St. (Mountain West)",So.,WR,11,33,572,4
190,"Chris Platt, Baylor (Big 12)",So.,WR,13,35,567,4
191,"Jaylen Samuels, NC State (ACC)",Jr.,TE,13,55,565,7
192,"Quay Johnson, East Carolina (AAC)",Jr.,WR,12,58,563,3
193,"Tyler Conklin, Central Mich. (MAC)",Jr.,TE,13,42,560,6
194,"Steve Ishmael, Syracuse (ACC)",Jr.,WR,11,48,559,1
195,"Kerry Thomas Jr., UTSA (C-USA)",Jr.,WR,13,35,555,8
196,"Charles Nelson, Oregon (Pac-12)",Jr.,WR,12,52,554,5
197,"Kendall Sanders, Arkansas St. (Sun Belt)",Sr.,WR,13,38,553,7
198,"Jared Murphy, Miami (OH) (MAC)",Jr.,WR,13,43,552,5
199,"Austin Wolf, Akron (MAC)",Jr.,WR,12,36,550,5
200,"Bryce Bobo, Colorado (Pac-12)",Jr.,WR,13,44,548,2
