Rank,Player,Cl,Pos,G,Rec,Rec Yds,Rec TD
1,"Michael Bandy, San Diego (Pioneer)",Jr.,WR,12,88,"1,698",14
2,"Kelvin McKnight, Samford (SoCon)",Sr.,WR,11,100,"1,453",9
3,"Nsimba Webster, Eastern Wash. (Big Sky)",Sr.,WR,15,84,"1,379",11
4,"Keelan Doss, UC Davis (Big Sky)",Sr.,WR,13,118,"1,334",9
5,"Cade Johnson, South Dakota St. (MVFC)",So.,WR,13,67,"1,332",17
6,"Donald Parham, Stetson (Pioneer)",Sr.,TE,9,85,"1,319",13
7,"Mitch Gueller, Idaho St. (Big Sky)",Jr.,WR,11,62,"1,259",9
8,"Bryce Nunnelly, Chattanooga (SoCon)",So.,WR,11,79,"1,237",7
9,"Juston Christian, Marist (Pioneer)",Sr.,WR,11,46,"1,155",15
10,"Reed Klubnik, Yale (Ivy League)",Jr.,WR,10,73,"1,143",9
11,"Reggie White Jr., Monmouth (Big South)",Sr.,WR,11,71,"1,133",11
12,"Josh Pearson, Jacksonville St. (OVC)",Jr.,,13,67,"1,123",17
13,"Jazz Ferguson, Northwestern St. (Southland)",Jr.,WR,11,66,"1,117",13
14,"Pace Temple, Butler (Pioneer)",Sr.,WR,11,85,"1,097",9
15,"Alexander Hollins, Eastern Ill. (OVC)",Sr.,WR,11,79,"1,090",16
16,"Darrius Shepherd, North Dakota St. (MVFC)",Sr.,WR,15,62,"1,065",9
17,"Jequez Ezzard, Howard (MEAC)",Jr.,WR,10,40,"1,064",12
18,"Nathan Stewart, Sam Houston (Southland)",Jr.,WR,11,58,"1,063",5
19,"Alex Wesley, Northern Colo. (Big Sky)",Sr.,WR,10,57,"1,050",4
20,"Nehari Crawford, Duquesne (NEC)",Sr.,WR,13,71,"1,048",10
21,"Jesper Horsted, Princeton (Ivy League)",Sr.,WR,10,72,"1,047",13
22,"Kris Thornton, VMI (SoCon)",So.,WR,11,87,998,4
23,"Griffin Norberg, Valparaiso (Pioneer)",Sr.,WR,11,57,967,9
24,"Aaron Parker, Rhode Island (CAA)",Jr.,WR,11,61,955,10
25,"Kody Edwards, UIW (Southland)",Jr.,WR,11,52,932,4
26,"Steven Doran, Drake (Pioneer)",Sr.,WR,11,54,920,12
27,"Phillip Baptiste, UIW (Southland)",Sr.,WR,11,59,905,9
28,"Jared Harrell, UC Davis (Big Sky)",So.,WR,13,62,896,5
29,"Kristian Wilkerson, Southeast Mo. St. (OVC)",Jr.,WR,13,61,894,14
30,"Shane Leatherbury, Towson (CAA)",Jr.,WR,12,67,885,7
31,"Samuel Akem, Montana (Big Sky)",So.,WR,11,59,879,13
32,"Spencer Schnell, Illinois St. (MVFC)",Sr.,WR,11,65,872,9
33,"Jamari Hester, Jacksonville St. (OVC)",Jr.,WR,13,59,864,11
34,"Michael Dean, Idaho St. (Big Sky)",Jr.,WR,11,49,863,10
35,"Damion Jeanpiere, Nicholls (Southland)",Sr.,WR,13,44,850,3
36,"Raphael Leonard, Southern Ill. (MVFC)",Sr.,WR,11,57,847,7
37,"Earnest Edwards, Maine (CAA)",Jr.,WR,14,53,839,10
38,"JP Shohfi, Yale (Ivy League)",Jr.,WR,9,55,836,6
39,"Javeon Lara, VMI (SoCon)",Jr.,WR,10,53,820,7
40,"Marquise Irvin, Mercer (SoCon)",Sr.,WR,11,54,814,5
40,"Neil O'Connor, New Hampshire (CAA)",Sr.,WR,11,71,814,3
42,"Caleb Snead, Campbell (Big South)",Fr.,WR,11,45,810,9
43,"Kamron Lewis, Saint Francis (PA) (NEC)",Sr.,WR,11,60,808,7
44,"Jaylon Moore, UT Martin (OVC)",Jr.,WR,11,52,799,8
45,"DJ Montgomery, Austin Peay (OVC)",Sr.,WR,11,42,797,10
46,"Tren'Davian Dickson, Texas Southern (SWAC)",So.,WR,11,46,796,6
46,"Juwan Petit-Frere, Southeastern La. (Southland)",Jr.,WR,11,49,796,5
48,"Jorge Portorreal, Lehigh (Patriot)",So.,WR,11,55,794,3
49,"Dejuan Miller, Ark.-Pine Bluff (SWAC)",Fr.,WR,11,55,781,6
50,"Steven Burdette, Stetson (Pioneer)",Jr.,WR,9,52,769,10
51,"Jaylen Watson, Northwestern St. (Southland)",Sr.,WR,11,51,761,10
52,"Dai'Jean Dixon, Nicholls (Southland)",So.,WR,13,53,753,7
53,"Jabari Allen, Towson (CAA)",So.,WR,12,53,751,8
54,"Andrew Edgar, Illinois St. (MVFC)",Fr.,WR,11,44,746,4
55,"Jakari Dillard, Central Ark. (Southland)",Sr.,WR,11,36,745,7
56,"Terry Williams, UT Martin (OVC)",Jr.,WR,11,67,736,3
57,"Dev Holmes, UAlbany (CAA)",Fr.,WR,11,50,734,5
58,"Chris Rowland, Tennessee St. (OVC)",Jr.,WR,8,57,727,5
58,"Xavier Smith, Florida A&M (MEAC)",Fr.,WR,11,52,727,4
60,"Adam Anderson, South Dakota St. (MVFC)",Jr.,WR,13,47,718,7
61,"Austin Longi, Fordham (Patriot)",Sr.,WR,11,61,716,4
61,"Owen Rockett, Colgate (Patriot)",Sr.,WR,12,35,716,3
63,"Dakarai Allen, South Dakota (MVFC)",Jr.,WR,10,48,703,5
64,"Terian Goree, SFA (Southland)",Sr.,WR,10,64,697,3
64,"David Ungerer, Idaho (Big Sky)",Sr.,WR,11,69,697,4
66,"Riley Stapleton, James Madison (CAA)",Jr.,WR,13,61,696,7
67,"Aaron Gooch, Eastern Ill. (OVC)",Sr.,WR,11,65,695,5
68,"Cyrus Holder, Saint Francis (PA) (NEC)",Jr.,WR,10,47,692,5
69,"Vincent Nisivoccia, Bryant (NEC)",Sr.,WR,11,50,691,6
70,"Chris Shelling, Samford (SoCon)",Jr.,WR,11,63,688,9
71,"Noah Wanzek, North Dakota (FCS Independent)",Jr.,WR,11,52,685,6
72,"Jerreth Sterns, Houston Christian (Southland)",Fr.,WR,11,68,684,4
73,"Stephen Carlson, Princeton (Ivy League)",Sr.,WR,10,51,683,5
74,"Dante Hendrix, Indiana St. (MVFC)",So.,WR,11,47,681,4
75,"Emmanuel Butler, Northern Ariz. (Big Sky)",Sr.,WR,9,35,676,7
75,"Zachary Leslie, N.C. A&T (MEAC)",So.,WR,12,50,676,9
77,"Joe Walker, Delaware (CAA)",Sr.,WR,12,34,670,4
78,"Jarin Higginbothom, Morehead St. (Pioneer)",Sr.,WR,10,39,667,3
79,"J.J. Koski, Cal Poly (Big Sky)",Jr.,WR,11,33,666,4
80,"Martin Dorsey, Holy Cross (Patriot)",Sr.,WR,11,52,663,7
80,"Kevin Kassis, Montana St. (Big Sky)",Jr.,WR,13,55,663,3
82,"Anthony Olivencia, Marist (Pioneer)",Sr.,WR,11,41,661,2
83,"Kyle Anthony, Howard (MEAC)",Jr.,WR,10,53,659,6
84,"Jarrett McClenton, Villanova (CAA)",Sr.,WR,11,39,658,6
85,"Jeff Cotton, Idaho (Big Sky)",Jr.,WR,11,49,656,7
86,"Lester Wells, Central Ark. (Southland)",Sr.,WR,11,55,652,4
87,"Cortrelle Simpson, Richmond (CAA)",Jr.,WR,9,36,651,5
88,"Josh Fink, Abilene Christian (Southland)",Jr.,WR,11,55,644,4
89,"Matthew Gonzalez, Robert Morris (NEC)",Jr.,TE,11,40,642,12
90,"Isaiah Winstead, Norfolk St. (MEAC)",So.,WR,11,54,633,5
91,"Tristen Wallace, Prairie View (SWAC)",So.,WR,10,38,629,4
92,"John Brunner, Western Ill. (MVFC)",Jr.,WR,11,37,625,3
93,"Tamrick Pace, SFA (Southland)",Jr.,WR,9,42,623,7
94,"Vinny Papale, Delaware (CAA)",Sr.,WR,12,36,618,6
95,"Clint Ratkovich, Western Ill. (MVFC)",So.,RB,11,54,616,3
96,"Kyle Horton, Gardner-Webb (Big South)",Sr.,WR,11,39,615,4
96,"Isaiah LeSure, Western Ill. (MVFC)",Sr.,WR,10,45,615,4
98,"Kyndel Dean, James Madison (CAA)",Fr.,WR,13,47,614,5
99,"Cyron Sutton, McNeese (Southland)",So.,WR,11,41,609,3
100,"Steve Farrell, Penn (Ivy League)",Sr.,WR,10,46,608,2
101,"Devonte Dedmon, William & Mary (CAA)",Sr.,WR,9,40,605,6
102,"Isaiah Coulter, Rhode Island (CAA)",So.,WR,11,42,604,3
102,"Adam Trautman, Dayton (Pioneer)",Sr.,TE,11,41,604,9
104,"Jordan Mathis, Western Caro. (SoCon)",Sr.,WR,11,38,602,1
105,"Nate Mullen, Western Caro. (SoCon)",Jr.,WR,11,55,600,2
106,"Nick Pearson, Lafayette (Patriot)",Jr.,WR,11,41,592,0
107,"Landen Measom, Southern Utah (Big Sky)",So.,WR,10,43,589,2
108,"Kam Williams, UIW (Southland)",Jr.,WR,9,36,588,3
109,"Stephen Dennis, Butler (Pioneer)",Jr.,WR,11,47,586,5
110,"Marcus Taylor, Norfolk St. (MEAC)",Sr.,WR,11,51,585,3
111,"Jerah Reeves, UAlbany (CAA)",Jr.,WR,9,36,581,3
112,"Aaron Blockmon, Campbell (Big South)",Sr.,WR,11,42,580,3
112,"Charlie Taumoepeau, Portland St. (Big Sky)",Jr.,TE,9,28,580,5
114,"Devon Bibbens, Lehigh (Patriot)",Jr.,WR,11,33,576,3
114,"Booker Chambers, Mississippi Val. (SWAC)",Sr.,WR,11,46,576,4
114,"Kellon Taylor, Duquesne (NEC)",Jr.,WR,13,44,576,2
117,"Byron  Barney , Hampton (FCS Independent)",Sr.,WR,10,36,574,9
118,"Jaquan Blair, Maine (CAA)",Jr.,WR,14,43,572,5
119,"Devin Cates, Drake (Pioneer)",Sr.,WR,11,45,570,4
120,"Daquan Patten, Western Caro. (SoCon)",So.,WR,11,39,567,5
120,"Courtney Rush, Central Conn. St. (NEC)",Sr.,WR,10,27,567,4
122,"Keith Pearson, Presbyterian (Big South)",So.,WR,10,52,565,2
123,"Remi Simmons, SFA (Southland)",So.,WR,10,58,559,1
124,"Dashawn Davis, Presbyterian (Big South)",Sr.,WR,10,52,557,7
125,"Julius Wingate, Stony Brook (CAA)",Sr.,WR,12,40,556,6
126,"Chad Hunter, Florida A&M (MEAC)",So.,WR,11,43,555,6
127,"Shamar Jackson, South Dakota (MVFC)",Sr.,WR,11,44,554,1
128,"Michael Armstead, San Diego (Pioneer)",Jr.,WR,12,24,553,3
128,"Pierre Williams, Sacramento St. (Big Sky)",So.,WR,10,31,553,5
130,"Tyler Currie, Missouri St. (MVFC)",Jr.,WR,11,35,548,5
131,"Jerrick Orr, Southeast Mo. St. (OVC)",Jr.,WR,11,31,545,2
132,"James Sheehan, Eastern Ill. (OVC)",Jr.,TE,11,50,544,3
133,"Devon Johnson, Tennessee St. (OVC)",Sr.,WR,9,30,543,6
134,"Quan Shorts, Northwestern St. (Southland)",Sr.,WR,11,56,542,2
135,"Elijah Bell, N.C. A&T (MEAC)",Jr.,WR,11,48,541,6
135,"Darryl Denby, Weber St. (Big Sky)",Sr.,WR,11,38,541,7
137,"Micah Wright, Maine (CAA)",Sr.,WR,13,47,539,6
138,"Briley Moore, UNI (MVFC)",Jr.,TE,12,39,536,4
139,"Wil Young, Chattanooga (SoCon)",Sr.,WR,11,46,535,4
140,"Andrew Boston, Eastern Wash. (Big Sky)",Fr.,WR,15,43,531,4
140,"Keavon Mitchell, Bethune-Cookman (MEAC)",Sr.,WR,12,43,531,6
142,"Chris Blair, Alcorn (SWAC)",Jr.,WR,13,43,529,6
142,"Tyler Wilkins, Richmond (CAA)",Sr.,WR,9,35,529,2
144,"Dee Bowens, Sam Houston (Southland)",Fr.,WR,10,31,528,3
145,"Markcus Hardy, Prairie View (SWAC)",Sr.,WR,10,35,524,7
145,"Cole Taylor, Elon (CAA)",Jr.,WR,11,31,524,1
147,"Brandon Sanders, Bucknell (Patriot)",Fr.,WR,10,44,516,0
148,"Stephen Houzah, Mercer (SoCon)",Sr.,WR,11,30,504,4
148,"Ty Rutledge, Southern Utah (Big Sky)",Sr.,WR,11,47,504,2
150,"Trae Barry, Jacksonville St. (OVC)",So.,TE,12,32,503,1
