Rank,Player,Cl,Pos,G,Rec,Rec Yds,Rec TD
1,"R.J. Harris, New Hampshire (CAA)",Sr.,WR,14,100,"1,551",15
2,"Cooper Kupp, Eastern Wash. (Big Sky)",So.,WR,13,104,"1,431",16
3,"Jake Wieneke, South Dakota St. (MVFC)",Fr.,WR,14,73,"1,404",16
4,"Darrin Peterson, Liberty (Big South)",Jr.,WR,14,85,"1,379",12
5,"Deandre Carter, Sacramento St. (Big Sky)",Sr.,WR,12,99,"1,321",17
5,"Adam Drake, Eastern Ill. (OVC)",Sr.,WR,12,93,"1,321",12
7,"Brian Wetzel, Fordham (Patriot)",Sr.,WR,14,89,"1,247",11
8,"Madison Mangum, Idaho St. (Big Sky)",Jr.,WR,11,83,"1,234",10
9,"William Morris, Davidson (Pioneer)",Jr.,WR,12,98,"1,224",7
10,"Tebucky Jones, Jr., Fordham (Patriot)",Sr.,WR,14,78,"1,202",12
11,"Reggie Diggs, Richmond (CAA)",Jr.,WR,14,85,"1,157",7
11,"Mark Roberts, Lamar University (Southland)",Sr.,WR,12,46,"1,157",13
13,"Nnamdi Agude, Sacramento St. (Big Sky)",Jr.,WR,12,70,"1,156",10
14,"Grant Wallace, Yale (Ivy League)",Sr.,WR,10,81,"1,139",5
15,"Chris King, Duquesne (NEC)",Jr.,WR,11,68,"1,127",14
16,"Brian Brown, Richmond (CAA)",So.,WR,14,79,"1,089",4
17,"Devante Scott, Southeastern La. (Southland)",Sr.,WR,13,50,"1,064",6
18,"Cameron Meredith, Illinois St. (MVFC)",Sr.,WR,15,66,"1,061",9
19,"Jamaal Jones, Montana (Big Sky)",Jr.,WR,14,67,"1,044",8
20,"Lechein Neblett, Illinois St. (MVFC)",Sr.,WR,14,55,"1,039",8
21,"Julian Stafford, Mississippi Val. (SWAC)",Sr.,WR,11,67,"1,037",9
22,"Montarius Smith, Alabama A&M (SWAC)",Sr.,WR,12,67,"1,035",6
23,"Lance Lenoir, Western Ill. (MVFC)",So.,WR,12,75,"1,030",7
24,"Sam Ajala, Fordham (Patriot)",Sr.,WR,13,62,"1,016",3
25,"Daniel Williams, Jackson St. (SWAC)",So.,WR,12,72,990,9
26,"Poppy Livers, Villanova (CAA)",Sr.,WR,14,67,987,9
27,"Shaydon Kehano, Weber St. (Big Sky)",Sr.,WR,12,82,976,8
27,"Andrew Williams, Youngstown St. (MVFC)",Jr.,WR,11,54,976,6
29,"Bruce Mapp, Coastal Carolina (Big South)",So.,WR,14,72,965,6
30,"Tyler Dube, Sacred Heart (NEC)",Sr.,WR,12,79,960,16
31,"Will Carter, Bucknell (Patriot)",So.,WR,10,53,959,9
32,"Dezmin Lewis, Central Ark. (Southland)",Sr.,WR,12,64,945,9
33,"Deon Randall, Yale (Ivy League)",Sr.,WR,10,73,929,6
34,"K.W. Williams, Idaho St. (Big Sky)",So.,LB,12,65,922,10
35,"Josh Barge, Jacksonville St. (OVC)",Jr.,WR,12,56,919,4
36,"Janawski Davis, Murray St. (OVC)",Jr.,WR,12,63,909,13
37,"Ed Eagan, Northwestern St. (Southland)",Jr.,WR,12,73,908,6
38,"Jeremy Harness, Murray St. (OVC)",Jr.,WR,12,81,907,6
39,"Neal Sterling, Monmouth (Big South)",Sr.,WR,10,55,905,6
40,"Aaron Sanders, VMI (SoCon)",So.,WR,12,58,901,4
41,"Willie Quinn, Southern U. (SWAC)",Jr.,WR,13,62,892,5
42,"Spencer Kulcsar, Penn (Ivy League)",Sr.,RB,10,83,889,4
43,"Christopher Robinson, Southern Utah (Big Sky)",Sr.,WR,12,60,880,8
44,"Weldon Garlington, Tennessee St. (OVC)",Sr.,WR,12,58,879,7
44,"Ryan McManus, Dartmouth (Ivy League)",Sr.,WR,10,68,879,8
46,"Karel Hamilton, Samford (SoCon)",So.,WR,11,55,877,6
47,"Jason Schneider, South Dakota St. (MVFC)",Sr.,WR,14,60,876,6
48,"Dimitri Stimphil, Northern Colo. (Big Sky)",Sr.,WR,11,60,870,7
49,"Tanner Kuramata, Valparaiso (Pioneer)",Sr.,WR,11,67,864,2
50,"Mycole Pruitt, Southern Ill. (MVFC)",Sr.,TE,12,81,861,13
51,"Reggie Begelton, Lamar University (Southland)",Jr.,WR,12,67,860,6
52,"Cameron Livingston, Weber St. (Big Sky)",So.,WR,12,57,856,1
53,"Harold Spears, New Hampshire (CAA)",Sr.,TE,14,56,838,4
54,"Michael Johnson, Delaware (CAA)",Sr.,WR,12,78,830,1
55,"Brandon White, San Diego (Pioneer)",Sr.,WR,12,57,828,9
56,"Gary Owens, Indiana St. (MVFC)",Sr.,WR,14,69,815,5
56,"Troy Pelletier, Lehigh (Patriot)",Fr.,WR,11,49,815,7
58,"Kendrick Bourne, Eastern Wash. (Big Sky)",So.,WR,14,52,814,10
59,"Tre McBride, William & Mary (CAA)",Sr.,WR,11,64,809,4
60,"Ladarius Brown, Sam Houston (Southland)",Jr.,WR,16,45,807,7
61,"Yedidiah Louis, Sam Houston (Southland)",Fr.,WR,16,71,803,1
62,"John Israel, Coastal Carolina (Big South)",Jr.,WR,14,46,798,6
63,"Reggie Bell, San Diego (Pioneer)",Sr.,WR,12,40,779,7
64,"Rashad Ponder, Richmond (CAA)",Sr.,WR,14,67,777,1
65,"Kenny Cook, Gardner-Webb (Big South)",Sr.,WR,10,64,758,5
66,"Shaquille Hill, Eastern Wash. (Big Sky)",Jr.,WR,12,52,756,5
67,"Tyrell Holmes, Central Conn. St. (NEC)",Sr.,WR,11,54,754,5
68,"Ryan Mitchell, Tennessee St. (OVC)",Sr.,WR,11,44,748,5
69,"Robert Tonyan, Indiana St. (MVFC)",So.,WR,13,54,747,4
70,"Jeff Glover, Eastern Ky. (OVC)",Jr.,WR,13,43,746,3
71,"Derek O'Connor, Butler (Pioneer)",Jr.,WR,11,64,744,5
72,"Tyler Boyd, SFA ()",Sr.,WR,13,70,743,4
73,"Travon Van, Montana (Big Sky)",Sr.,RB,14,63,730,5
74,"Julian Burton, Missouri St. (MVFC)",Sr.,WR,12,54,727,5
74,"Devin Rahming, Duquesne (NEC)",Sr.,WR,12,71,727,4
74,"Jordan Snellings, Furman (SoCon)",Jr.,WR,12,50,727,4
74,"Willie Young, Ark.-Pine Bluff (SWAC)",Jr.,WR,11,45,727,9
78,"Chester Rogers, Grambling (SWAC)",Jr.,WR,12,53,712,4
79,"Nevar Griffin, Murray St. (OVC)",Sr.,WR,12,56,699,7
79,"Eric Shufford, South Dakota (MVFC)",Jr.,WR,12,53,699,5
81,"Jake Raymond, Morehead St. (Pioneer)",So.,WR,12,71,697,6
82,"Aaron Thomas, SFA ()",Jr.,WR,13,52,694,2
82,"Jake Wieczorek, Holy Cross (Patriot)",So.,WR,12,50,694,5
84,"Ify Umodu, Northern Ariz. (Big Sky)",Sr.,WR,12,47,692,5
85,"Josh Gontarek, UAlbany (CAA)",Fr.,WR,12,58,687,8
86,"Kierre Brown, Elon (CAA)",Sr.,WR,12,57,686,4
86,"Kegan Moore, Stetson (Pioneer)",So.,WR,12,26,686,6
88,"Conner Kelley, Princeton (Ivy League)",Sr.,WR,10,61,683,4
89,"Justin Brown, Southern Utah (Big Sky)",Jr.,WR,12,43,678,3
90,"Andrew Fischer, Harvard (Ivy League)",Jr.,WR,10,55,677,4
90,"Kevin Gulyas, Villanova (CAA)",Jr.,WR,14,27,677,9
92,"Andy Jones, Jacksonville (Pioneer)",Jr.,WR,11,45,673,6
93,"Cody Matthews, Tennessee Tech (OVC)",Sr.,WR,12,48,670,6
94,"Ross Smith, Dayton (Pioneer)",Sr.,WR,11,57,669,7
95,"Brian Strachan, Brown (Ivy League)",Sr.,RB,10,56,668,7
96,"Chad Ward, Bryant (NEC)",Jr.,WR,11,46,667,5
97,"Adrian Coxson, Stony Brook (CAA)",Sr.,WR,12,43,664,6
97,"Isaac White, Norfolk St. (MEAC)",Jr.,WR,12,48,664,7
99,"Andrew Robustelli, Jacksonville (Pioneer)",Sr.,TE,11,39,660,9
99,"Hi-C Scott, Western Ill. (MVFC)",Sr.,WR,12,45,660,6
101,"Alex Holmes, Northern Ariz. (Big Sky)",Jr.,WR,12,46,655,3
102,"Gabe Henderson, Liberty (Big South)",Sr.,WR,14,56,651,4
103,"Tyrell Blanks, Coastal Carolina (Big South)",Jr.,WR,14,52,646,4
104,"Terryon Robinson, Western Caro. (SoCon)",So.,WR,11,56,643,1
105,"Zach Vraa, North Dakota St. (MVFC)",Sr.,WR,14,42,637,4
106,"Josh Parris, Lehigh (Patriot)",Sr.,WR,11,55,635,3
107,"A.J. Johnson, Indiana St. (MVFC)",Sr.,WR,12,48,633,4
107,"Peter Lloyd, Southeast Mo. St. (OVC)",Jr.,WR,10,48,633,3
109,"Cole King, UAlbany (CAA)",Sr.,WR,12,45,626,7
109,"Matt Tralli, Marist (Pioneer)",Sr.,WR,11,69,626,2
109,"RJ Urzendowski, North Dakota St. (MVFC)",Fr.,WR,16,32,626,5
112,"Demario Bell, Alabama St. (SWAC)",Jr.,WR,10,28,625,4
113,"Tay Willis, Southern Ill. (MVFC)",Sr.,WR,12,47,624,6
114,"Desmond Smith, Central Ark. (Southland)",So.,WR,12,46,616,7
115,"Quentin Atkinson, N.C. Central (MEAC)",Jr.,WR,12,49,615,5
115,"Twarn Mixson, Hampton (MEAC)",So.,WR,9,50,615,6
117,"Tommy Hudson, Chattanooga (SoCon)",Sr.,WR,12,43,614,6
118,"Greg Thurmond, Prairie View (SWAC)",Sr.,WR,9,42,612,2
119,"Matt Colvin, Howard (MEAC)",Jr.,WR,12,41,611,1
120,"Daniel Brown, James Madison (CAA)",Sr.,WR,13,42,606,7
121,"Marquese Martin-Hayes, Butler (Pioneer)",Jr.,WR,10,49,604,2
122,"Jeff Smiley, Southeastern La. (Southland)",Jr.,WR,13,39,601,7
123,"Stephen Miller, Northern Colo. (Big Sky)",So.,WR,11,45,586,3
123,"Milton Williams III, Delaware St. (MEAC)",Sr.,WR,12,50,586,5
125,"Doug Burton, VMI (SoCon)",Sr.,WR,12,38,581,4
126,"Moses Webb, Sacred Heart (NEC)",Jr.,WR,12,37,577,2
127,"Verlon Hunter, Grambling (SWAC)",So.,WR,10,30,574,7
128,"Chad Williams, Grambling (SWAC)",So.,WR,12,45,572,5
129,"Spearman Robinson, Western Caro. (SoCon)",So.,WR,12,45,571,11
130,"Kevin Vereen, UNI (MVFC)",Sr.,WR,14,31,569,6
131,"DJ Ward, SFA ()",Sr.,WR,13,44,566,3
132,"Jelani Berassa, Youngstown St. (MVFC)",Sr.,WR,12,32,564,6
132,"Chandler Curtis, Mercer (SoCon)",Fr.,WR,12,28,564,5
134,"Tanner Napier, Morehead St. (Pioneer)",Jr.,WR,12,36,563,4
135,"Dante Shells, Liberty (Big South)",So.,WR,12,25,560,3
135,"Adrian Wilkins, N.C. Central (MEAC)",Jr.,WR,11,51,560,3
137,"Armani Martin, Marist (Pioneer)",Sr.,WR,11,39,554,6
138,"Rashawn Proctor, Hampton (MEAC)",So.,WR,11,45,550,4
139,"Joey Borsellino, Western Ill. (MVFC)",So.,WR,12,41,549,4
139,"D'Andre Randle, Jacksonville (Pioneer)",Sr.,WR,11,46,549,4
141,"Deandre' Smith, James Madison (CAA)",Sr.,WR,13,39,547,8
142,"Duane Mitchell, Robert Morris (NEC)",Sr.,WR,11,54,544,4
142,"James O'Shaughnessy, Illinois St. (MVFC)",Sr.,TE,15,29,544,9
144,"Nick Pitre, Prairie View (SWAC)",So.,WR,10,30,541,7
144,"Alex Toureen, Portland St. (Big Sky)",Sr.,WR,12,37,541,2
146,"Kasey Closs, Portland St. (Big Sky)",Sr.,WR,10,42,538,4
147,"David Johnson, UNI (MVFC)",Sr.,RB,14,38,536,2
148,"Brandon Ravenel, James Madison (CAA)",So.,WR,12,38,535,5
149,"Devin Borders, Eastern Ky. (OVC)",So.,WR,13,38,533,5
150,"Matt Costello, Princeton (Ivy League)",Sr.,WR,10,46,530,4
150,"Anas Hasic, N.C. Central (MEAC)",Jr.,WR,11,36,530,4
152,"Tobi Antigha, Presbyterian (Big South)",Sr.,WR,11,53,529,0
153,"Jhomo Gordon, Bethune-Cookman (MEAC)",Sr.,WR,12,36,527,5
153,"William Tanner, UT Martin (OVC)",Sr.,WR,12,38,527,4
155,"Demitri Allison, Elon (CAA)",So.,WR,12,55,525,2
156,"Josh Cook, Idaho St. (Big Sky)",So.,TE,12,37,524,3
157,"Ross Scheuerman, Lafayette (Patriot)",Sr.,RB,11,57,521,3
158,"Collin Shaw, Cornell (Ivy League)",So.,WR,10,37,520,4
159,"Karnorris Benson, Western Caro. (SoCon)",Sr.,WR,10,40,519,5
160,"Brock McCoin, Tennessee Tech (OVC)",So.,QB,12,43,517,2
161,"Brandon Norwood, Florida A&M (MEAC)",Fr.,WR,12,36,516,1
162,"Reggie Travis, Southern U. (SWAC)",Sr.,WR,12,30,514,5
163,"Mike Sharp, Southern Utah (Big Sky)",So.,WR,12,34,511,4
164,"Andrew King, Morgan St. (MEAC)",Sr.,WR,10,42,508,6
165,"C.J Board, Chattanooga (SoCon)",So.,WR,14,35,507,2
165,"Conner Scott, Penn (Ivy League)",Sr.,WR,10,51,507,3
167,"Courtney Whitehead, Central Ark. (Southland)",So.,WR,12,36,503,4
168,"Gabe Dunlap, Prairie View (SWAC)",Sr.,WR,10,53,502,3
169,"Andrew Cassara, Valparaiso (Pioneer)",Sr.,WR,10,38,500,5
169,"Brian Parker, UAlbany (CAA)",Sr.,OL,12,39,500,5
169,"Deonte Swinton, Gardner-Webb (Big South)",Sr.,WR,12,37,500,3
169,"Spencer Wilkins, Towson (CAA)",Sr.,WR,12,45,500,2
173,"Demon Bolt, Nicholls (Southland)",Sr.,WR,10,31,499,2
174,"Tyler Artim, Holy Cross (Patriot)",Sr.,WR,12,44,498,2
174,"Damarr Aultman, Maine (CAA)",Sr.,WR,11,48,498,2
176,"Anthony Abeid, Saint Francis (PA) (NEC)",Jr.,RB,11,28,497,7
176,"Jabri Ridenhour, Campbell (Pioneer)",Sr.,WR,12,40,497,4
176,"Andrej Suttles, Furman (SoCon)",So.,WR,12,41,497,1
176,"Justin Watson, Penn (Ivy League)",Fr.,WR,10,42,497,2
180,"Will Tye, Stony Brook (CAA)",Sr.,TE,12,34,495,5
181,"Marvante King, Ark.-Pine Bluff (SWAC)",---,,11,26,494,3
182,"Riley Donovan, South Dakota (MVFC)",So.,WR,12,38,490,1
183,"Jerel Harrison, Delaware (CAA)",Jr.,WR,11,31,488,4
184,"Sean Ballard, William & Mary (CAA)",Sr.,WR,11,29,487,3
185,"Anthony Firkser, Harvard (Ivy League)",So.,RB,10,32,485,4
185,"Jairus Moll, Jackson St. (SWAC)",Jr.,WR,11,34,485,6
187,"Rayshad Riddick, Hampton (MEAC)",Jr.,WR,12,50,475,3
188,"Brett LeMaster, UNI (MVFC)",Sr.,WR,14,38,473,3
189,"Trey Huelskamp, Davidson (Pioneer)",Sr.,TE,12,48,471,2
189,"Taquan West, South Carolina St. (MEAC)",Jr.,WR,11,32,471,6
191,"Jake Hartman, Bucknell (Patriot)",Sr.,TE,11,28,468,4
192,"Spencer Davis, Southeast Mo. St. (OVC)",Sr.,WR,12,35,464,3
193,"Jordan Payne, Alcorn (SWAC)",Jr.,WR,13,25,463,5
194,"JT Palmer, Mercer (SoCon)",Jr.,WR,9,39,460,5
195,"Kyani Harris, Indiana St. (MVFC)",Sr.,WR,14,39,458,4
196,"Deane Cheatham, James Madison (CAA)",Jr.,TE,10,42,453,2
196,"Cyrus Strahm, Morehead St. (Pioneer)",Sr.,WR,12,45,453,4
198,"Brad Harris, UAlbany (CAA)",So.,WR,12,26,448,2
199,"Jake DeCicco, Georgetown (Patriot)",Jr.,WR,11,43,446,2
199,"Fred Plummer, Texas Southern (SWAC)",Jr.,WR,10,34,446,4
