Rank,Player,Cl,Pos,G,Rec,Rec Yds,Rec TD
1,"Cooper Kupp, Eastern Wash. (Big Sky)",Jr.,WR,11,114,"1,642",19
2,"Jake Wieneke, South Dakota St. (MVFC)",So.,WR,12,72,"1,472",11
3,"Brian Brown, Richmond (CAA)",Jr.,WR,13,76,"1,450",6
4,"Anthony Warrum, Illinois St. (MVFC)",Jr.,WR,13,58,"1,290",15
5,"Jamaal Jones, Montana (Big Sky)",Sr.,WR,13,75,"1,217",11
6,"Emmanuel Butler, Northern Ariz. (Big Sky)",So.,WR,11,64,"1,208",15
7,"Lance Lenoir, Western Ill. (MVFC)",Jr.,WR,13,83,"1,184",7
8,"Tyler Dube, Sacred Heart (NEC)",Sr.,WR,11,71,"1,160",9
9,"Josh Barge, Jacksonville St. (OVC)",Sr.,WR,15,92,"1,145",11
10,"Chris King, Duquesne (NEC)",Sr.,WR,12,81,"1,136",8
11,"Brendan Flaherty, Holy Cross (Patriot)",Jr.,WR,11,106,"1,082",12
11,"Justin Watson, Penn (Ivy League)",So.,WR,10,74,"1,082",9
13,"Twarn Mixson, Hampton (MEAC)",Jr.,WR,11,59,"1,027",9
14,"Chad Williams, Grambling (SWAC)",Jr.,WR,12,64,"1,012",11
15,"Kendrick Bourne, Eastern Wash. (Big Sky)",Jr.,WR,11,73,998,8
16,"Patrick Smith, Tennessee St. (OVC)",So.,WR,10,54,996,10
17,"Yedidiah Louis, Sam Houston (Southland)",So.,WR,14,71,994,7
18,"Kalif Raymond, Holy Cross (Patriot)",Sr.,WR,11,74,978,9
19,"Troy Doles, Brown (Ivy League)",Sr.,WR,10,66,963,7
19,"Rod Wright, UT Martin (OVC)",Sr.,WR,11,62,963,14
21,"Paul McRoberts, Southeast Mo. St. (OVC)",Sr.,WR,11,76,940,9
22,"Alex Jette, Brown (Ivy League)",Jr.,WR,10,68,928,4
23,"Terell Smith, Saint Francis (PA) (NEC)",Sr.,WR,10,53,920,8
24,"Justin Cornwall, Morehead St. (Pioneer)",Sr.,WR,11,77,919,11
25,"Jeremy Harness, Murray St. (OVC)",Sr.,WR,11,70,912,4
26,"John Maddaluna, Colgate (Patriot)",Jr.,WR,14,62,910,2
27,"Darrin Peterson, Liberty (Big South)",Sr.,WR,10,68,906,7
28,"Paul Rice, Murray St. (OVC)",Sr.,WR,11,79,905,2
29,"Shane Harrison, Sacramento St. (Big Sky)",Sr.,WR,11,71,903,8
29,"Gerald Thomas, Sam Houston (Southland)",Sr.,WR,15,51,903,6
31,"Reggie Diggs, Richmond (CAA)",Sr.,WR,14,66,901,5
32,"Madison Mangum, Idaho St. (Big Sky)",Sr.,WR,11,70,894,9
33,"Aaron Sanders, VMI (SoCon)",Jr.,WR,11,84,892,2
34,"Andy Jones, Jacksonville (Pioneer)",Sr.,WR,10,60,890,8
35,"Mike Sharp, Southern Utah (Big Sky)",Jr.,WR,12,54,889,13
36,"Karel Hamilton, Samford (SoCon)",Jr.,WR,10,75,880,4
37,"Devin Fosselman, Jackson St. (SWAC)",Sr.,WR,11,58,872,5
38,"Ben Braunecker, Harvard (Ivy League)",Sr.,TE,10,48,850,8
39,"Joey Borsellino, Western Ill. (MVFC)",Jr.,WR,13,62,849,4
40,"Victor Williams, Dartmouth (Ivy League)",Sr.,WR,10,64,845,4
41,"Ladarius Brown, Sam Houston (Southland)",Sr.,WR,13,54,838,9
42,"Troy Pelletier, Lehigh (Patriot)",So.,WR,11,78,831,8
43,"Juston Christian, Marist (Pioneer)",Fr.,WR,9,35,826,6
44,"Chad Ward, Bryant (NEC)",Sr.,WR,11,47,822,5
45,"Micah Wright, Maine (CAA)",So.,WR,11,61,818,5
46,"Ellis Henderson, Montana (Big Sky)",Sr.,WR,13,49,817,7
46,"Desmond Smith, Central Ark. (Southland)",Jr.,WR,11,67,817,2
48,"Emmanuel Obajimi, Samford (SoCon)",Jr.,WR,11,53,813,7
49,"Billy Reed, Southern Ill. (MVFC)",Jr.,WR,11,56,805,5
50,"Wayne Capers, Duquesne (NEC)",Sr.,WR,12,51,804,9
51,"Daniel Williams, Jackson St. (SWAC)",Jr.,WR,11,54,800,7
52,"Jawill Davis, Bethune-Cookman (MEAC)",So.,WR,11,39,788,6
53,"Brian Riley, San Diego (Pioneer)",Jr.,WR,11,44,782,8
54,"William Morris, Davidson (Pioneer)",Sr.,WR,11,62,774,8
55,"Bruce Mapp, Coastal Carolina (Big South)",Jr.,WR,12,50,769,7
56,"Ray Bolden, Stony Brook (CAA)",So.,WR,10,68,765,5
57,"Tanner Napier, Morehead St. (Pioneer)",Sr.,WR,11,56,760,5
58,"Brock McCoin, Tennessee Tech (OVC)",So.,WR,11,61,747,4
59,"Matt Tralli, Marist (Pioneer)",Sr.,WR,11,53,746,4
60,"Ed Eagan, Northwestern St. (Southland)",Sr.,WR,11,58,745,4
61,"Kyle Buss, Robert Morris (NEC)",Fr.,WR,11,50,742,2
62,"Chester Rogers, Grambling (SWAC)",Sr.,WR,12,48,732,8
63,"Caylon Weathers, UT Martin (OVC)",So.,WR,11,62,726,8
64,"Jake Raymond, Morehead St. (Pioneer)",Jr.,WR,11,72,722,6
65,"Damien Strange, Jacksonville (Pioneer)",Jr.,WR,11,48,713,4
66,"Derrick Griffin, Texas Southern (SWAC)",Fr.,WR,10,36,709,11
67,"Jake DeCicco, Georgetown (Patriot)",Sr.,WR,11,60,705,3
68,"Taquan West, South Carolina St. (MEAC)",Sr.,WR,11,45,695,5
69,"Dane Forlines, VMI (SoCon)",Jr.,WR,11,53,690,0
70,"Janawski Davis, Murray St. (OVC)",Sr.,WR,10,51,686,7
71,"Karnorris Benson, Western Caro. (SoCon)",Sr.,WR,11,43,684,5
71,"K.W. Williams, Idaho St. (Big Sky)",Jr.,LB,11,52,684,7
73,"Brandon Ravenel, James Madison (CAA)",Jr.,WR,12,57,683,4
73,"Aris Scott, Delaware St. (MEAC)",Jr.,WR,11,46,683,1
75,"RJ Urzendowski, North Dakota St. (MVFC)",So.,WR,15,48,669,6
76,"Kent Shelby, McNeese (Southland)",So.,WR,11,36,668,6
77,"Justin Brown, Southern Utah (Big Sky)",Sr.,WR,12,54,663,4
78,"Chris Martin, UC Davis (Big Sky)",Jr.,WR,11,46,658,5
79,"William Tanner, UT Martin (OVC)",Sr.,WR,11,47,656,5
80,"Ben Roberts, Montana (Big Sky)",Sr.,WR,13,65,647,5
81,"Montavius Williams, Florida A&M (MEAC)",Jr.,WR,11,46,638,1
82,"Beau Sandland, Montana St. (Big Sky)",Sr.,TE,11,37,632,9
83,"Andrej Suttles, Furman (SoCon)",Jr.,WR,11,43,621,4
84,"Kelvin McKnight, Samford (SoCon)",Fr.,WR,11,57,616,2
85,"Deandre Sangster, Norfolk St. (MEAC)",Sr.,WR,11,46,615,2
86,"Darren Ambush, Monmouth (Big South)",Jr.,WR,11,49,614,4
87,"Jesse Blackburn, Murray St. (OVC)",Jr.,WR,10,48,612,5
87,"Justin Hill, Georgetown (Patriot)",Jr.,WR,9,43,612,6
89,"Kevin Gulyas, Villanova (CAA)",Sr.,WR,11,40,608,7
90,"Daurice Fountain, UNI (MVFC)",So.,WR,14,41,604,5
90,"Chris Jones, Coastal Carolina (Big South)",So.,WR,11,33,604,4
92,"Robert Tonyan, Indiana St. (MVFC)",Jr.,WR,11,40,601,6
93,"Alex Greenawalt, Colgate (Patriot)",So.,WR,14,40,598,5
93,"Ryan McManus, Dartmouth (Ivy League)",Sr.,WR,8,47,598,1
95,"Jordan Dunn, Maine (CAA)",Jr.,WR,11,56,595,3
95,"Nathan Perera, Charleston So. (Big South)",Sr.,WR,13,39,595,5
97,"Rashard Davis, James Madison (CAA)",Jr.,WR,11,39,592,6
98,"Justice Shelton-Mosley, Harvard (Ivy League)",Fr.,WR,10,40,589,6
98,"Willie Young, Ark.-Pine Bluff (SWAC)",Jr.,WR,11,49,589,3
100,"Devonte Dedmon, William & Mary (CAA)",So.,WR,12,51,588,8
101,"C.J Board, Chattanooga (SoCon)",Jr.,WR,13,42,587,3
101,"Willie Quinn, Southern U. (SWAC)",Sr.,WR,11,49,587,3
103,"Ross Dwelley, San Diego (Pioneer)",So.,TE,11,54,580,3
103,"Eric Saubert, Drake (Pioneer)",Sr.,TE,11,55,580,7
105,"Jared Beard, Austin Peay (OVC)",So.,WR,11,49,576,6
106,"Johnta' Hebert, Prairie View (SWAC)",Sr.,RB,10,47,575,4
106,"Darrius Shepherd, North Dakota St. (MVFC)",Fr.,WR,15,40,575,5
106,"Andrew Williams, Youngstown St. (MVFC)",Sr.,WR,11,33,575,5
109,"Brian Strachan, Brown (Ivy League)",Sr.,WR,10,61,564,2
110,"Mitchell Herbert, Montana St. (Big Sky)",So.,WR,11,42,562,8
111,"Gary Owens, Indiana St. (MVFC)",Sr.,WR,10,36,558,8
112,"Dejzon Walker, Northern Ariz. (Big Sky)",Sr.,WR,11,37,551,6
113,"Mitch Griebel, Montana St. (Big Sky)",Sr.,WR,11,52,544,2
114,"Randall Menard, Southern U. (SWAC)",Jr.,WR,11,27,543,5
115,"Reggie Begelton, Lamar University (Southland)",Sr.,WR,10,56,542,5
116,"Cory Stuart, Dayton (Pioneer)",Jr.,WR,12,52,539,2
117,"Keegan Gallery, Drake (Pioneer)",Jr.,WR,11,44,536,1
117,"Jatavious Wilson, Central Ark. (Southland)",Jr.,WR,11,49,536,4
119,"Justin Priest, San Diego (Pioneer)",So.,WR,11,37,533,3
120,"Nnamdi Agude, Sacramento St. (Big Sky)",Sr.,WR,10,39,532,1
121,"Krys Cates, Tennessee Tech (OVC)",Jr.,WR,11,24,525,6
121,"Justin Sumpter, Kennesaw St. (Big South)",Fr.,WR,11,26,525,4
123,"Brandt Van Roekel, South Dakota (MVFC)",So.,WR,10,33,518,6
124,"Scooter Hollis, Columbia (Ivy League)",Sr.,WR,10,51,515,1
125,"Devonn Brown, Lamar University (Southland)",Sr.,WR,11,26,514,5
126,"Danny Cotter, Butler (Pioneer)",Jr.,WR,11,37,510,2
126,"Zach Vraa, North Dakota St. (MVFC)",Sr.,WR,15,40,510,5
128,"Cameron Livingston, Weber St. (Big Sky)",Jr.,WR,11,38,509,2
129,"Jacquille Veii, Towson (CAA)",Jr.,WR,10,44,505,0
130,"Khadarel Hodge, Prairie View (SWAC)",---,,10,28,499,3
131,"Tyrell Blanks, Coastal Carolina (Big South)",Sr.,WR,10,39,493,3
131,"Stacey Smith, Western Ill. (MVFC)",Fr.,WR,13,37,493,4
133,"Phazahn Odom, Fordham (Patriot)",Sr.,TE,12,37,492,7
134,"Andrew King, Morgan St. (MEAC)",Sr.,WR,10,44,489,3
135,"Gatlin Casey, Lehigh (Patriot)",So.,WR,10,34,488,4
136,"Dallas Goedert, South Dakota St. (MVFC)",So.,TE,12,26,484,3
136,"Ja'Vonta Swinton, Stetson (Pioneer)",So.,WR,11,38,484,0
138,"Dalton Ponchillia, ETSU (FCS Independent)",So.,WR,11,30,483,3
139,"John Hawkins, Ark.-Pine Bluff (SWAC)",So.,WR,9,30,482,4
140,"Avery Ward, Mercer (SoCon)",So.,WR,11,40,481,6
141,"Daniel Kuzjak, William & Mary (CAA)",So.,WR,12,32,479,0
141,"Andre Stubbs, Youngstown St. (MVFC)",Sr.,WR,11,38,479,3
143,"Darnell Adams, Portland St. (Big Sky)",Jr.,WR,12,22,478,6
143,"Robert Clemons III, Yale (Ivy League)",Jr.,WR,8,36,478,4
143,"Marquis Warford, Alcorn (SWAC)",Jr.,WR,13,36,478,4
146,"Isaac White, Norfolk St. (MEAC)",Sr.,WR,9,38,476,7
147,"John Quazza, Colgate (Patriot)",Sr.,TE,14,39,475,4
148,"Jackson King, Sacred Heart (NEC)",Sr.,WR,11,32,474,2
149,"Jack Euritt, Dayton (Pioneer)",Jr.,WR,12,34,472,1
149,"Tevin McKenzie, Alabama A&M (SWAC)",Fr.,,10,32,472,4
