Rank,Player,Cl,Pos,G,Rec,Rec Yds,Rec TD
1,"Brandin Cooks, Oregon St. (Pac-12)",Jr.,WR,13,128,"1,730",16
2,"Davante Adams, Fresno St. (Mountain West)",So.,WR,13,131,"1,718",24
3,"Willie Snead, Ball St. (MAC)",Jr.,WR,13,106,"1,516",15
4,"Jordan Matthews, Vanderbilt (SEC)",Sr.,WR,13,112,"1,477",7
5,"Sammy Watkins, Clemson (ACC)",Jr.,WR,13,101,"1,464",12
6,"Allen Robinson, Penn St. (Big Ten)",Jr.,WR,12,97,"1,432",6
7,"Mike Evans, Texas A&M (SEC)",So.,WR,13,69,"1,394",12
8,"Jeremy Gallon, Michigan (Big Ten)",Sr.,WR,13,89,"1,373",9
9,"Jamison Crowder, Duke (ACC)",Jr.,WR,14,108,"1,360",8
10,"Chandler Jones, San Jose St. (Mountain West)",Sr.,WR,12,79,"1,356",15
11,"Jace Amaro, Texas Tech (Big 12)",Jr.,TE,13,106,"1,352",7
12,"Paul Richardson, Colorado (Pac-12)",Jr.,WR,12,83,"1,343",10
13,"Antwan Goodley, Baylor (Big 12)",Jr.,WR,13,71,"1,339",13
14,"Devante Davis, UNLV (Mountain West)",Jr.,WR,13,87,"1,290",14
15,"Justin Hardy, East Carolina (C-USA)",Jr.,WR,13,114,"1,284",8
16,"Tyler Lockett, Kansas St. (Big 12)",Jr.,WR,12,81,"1,262",11
17,"Deontay Greenberry, Houston (AAC)",So.,WR,12,82,"1,202",11
18,"Jarvis Landry, LSU (SEC)",Jr.,WR,13,77,"1,193",10
19,"Tyler Boyd, Pittsburgh (ACC)",Fr.,WR,13,85,"1,174",7
20,"Tommy Shuler, Marshall (C-USA)",Jr.,WR,14,106,"1,165",10
21,"Allen Hurns, Miami (FL) (ACC)",Sr.,WR,13,62,"1,162",6
22,"Odell Beckham, Jr., LSU (SEC)",Jr.,WR,13,59,"1,152",8
23,"Josh Huff, Oregon (Pac-12)",Sr.,WR,13,62,"1,140",12
23,"Matt Miller, Boise St. (Mountain West)",Jr.,WR,13,88,"1,140",12
25,"Ezell Ruffin, San Diego St. (Mountain West)",Jr.,WR,13,68,"1,136",3
26,"Rashad Greene, Florida St. (ACC)",Jr.,WR,14,76,"1,128",9
27,"Jaelan Strong, Arizona St. (Pac-12)",Jr.,WR,14,75,"1,122",7
28,"Jeremy Johnson, SMU (AAC)",Sr.,WR,12,112,"1,112",6
29,"Titus Davis, Central Mich. (MAC)",Jr.,WR,11,61,"1,109",8
30,"TJ Jones, Notre Dame (FBS Independent)",Sr.,WR,13,70,"1,108",9
31,"Cody Latimer, Indiana (Big Ten)",Jr.,WR,12,72,"1,096",9
32,"Geremy Davis, UConn (AAC)",Jr.,WR,12,71,"1,085",3
33,"Jared Abbrederis, Wisconsin (Big Ten)",Sr.,WR,13,78,"1,081",7
34,"Jordan Williams, Ball St. (MAC)",So.,WR,13,72,"1,050",10
35,"Ryan Grant, Tulane (C-USA)",Sr.,WR,13,77,"1,039",9
36,"Keenan Holman, SMU (AAC)",Sr.,WR,12,67,"1,037",9
37,"Alex Amidon, Boston College (ACC)",Sr.,WR,13,77,"1,032",5
38,"Isaiah Burse, Fresno St. (Mountain West)",Sr.,WR,13,99,"1,026",6
39,"Alex Neutz, Buffalo (MAC)",Sr.,WR,13,61,"1,024",12
40,"Donte Foster, Ohio (MAC)",Sr.,WR,13,69,"1,018",7
41,"Kelvin Benjamin, Florida St. (ACC)",So.,WR,14,54,"1,011",15
41,"Josh Harper, Fresno St. (Mountain West)",Jr.,WR,11,79,"1,011",13
43,"Dres Anderson, Utah (Pac-12)",Jr.,WR,12,53,"1,002",7
44,"Steve Hull, Illinois (Big Ten)",Sr.,WR,12,59,993,7
44,"Eric Thomas, Troy (Sun Belt)",Sr.,WR,12,66,993,12
46,"Brandon Wimberly, Nevada (Mountain West)",Sr.,WR,12,97,989,8
47,"Dezmon Epps, Idaho (FBS Independent)",Jr.,WR,12,79,980,4
48,"Eric Ebron, North Carolina (ACC)",Jr.,TE,13,62,973,3
48,"Chris Gant, Hawaii (Mountain West)",Sr.,WR,12,59,973,9
50,"Rashon Ceaser, ULM (Sun Belt)",So.,WR,12,65,964,5
51,"Dominic Rufran, Wyoming (Mountain West)",Jr.,WR,12,75,960,8
52,"Ty Montgomery, Stanford (Pac-12)",Jr.,WR,14,61,958,10
53,"Eric Ward, Texas Tech (Big 12)",Sr.,WR,13,83,947,8
54,"Corey Davis, Western Mich. (MAC)",Fr.,WR,11,67,941,6
55,"Shavarez Smith, South Alabama (Sun Belt)",Jr.,WR,12,50,940,6
56,"Anthony McClung, Cincinnati (AAC)",Sr.,WR,12,72,939,5
57,"Donte Moncrief, Ole Miss (SEC)",Jr.,WR,13,59,938,6
58,"Robert Herron, Wyoming (Mountain West)",Sr.,WR,12,72,937,9
59,"Kenny Shaw, Florida St. (ACC)",Sr.,WR,14,54,933,6
60,"Jameon Lewis, Mississippi St. (SEC)",Jr.,WR,13,64,923,5
61,"Nelson Agholor, Southern California (Pac-12)",So.,WR,14,56,918,6
62,"Jamill Smith, Ball St. (MAC)",Sr.,WR,13,67,911,8
63,"Shaun Joplin, Bowling Green (MAC)",Sr.,WR,14,54,908,3
64,"Sammie Coates, Auburn (SEC)",So.,WR,14,42,902,7
65,"Cody Hoffman, BYU (FBS Independent)",Sr.,WR,11,57,894,5
66,"L'Damian Washington, Missouri (SEC)",Sr.,WR,14,50,893,10
67,"Bralon Addison, Oregon (Pac-12)",So.,WR,13,61,890,7
68,"Rannell Hall, UCF (AAC)",Jr.,WR,13,57,886,5
69,"Devante Parker, Louisville (AAC)",Jr.,WR,12,55,885,12
70,"Dorial Green-Beckham, Missouri (SEC)",So.,WR,14,59,883,12
71,"Tevin Reese, Baylor (Big 12)",Sr.,WR,9,38,867,8
72,"Jamal Robinson, Louisiana (Sun Belt)",Jr.,WR,13,54,862,8
73,"Tyler Winston, San Jose St. (Mountain West)",Fr.,DB,10,58,858,5
74,"Devin Street, Pittsburgh (ACC)",Sr.,WR,10,51,854,7
75,"Chris Harper, California (Pac-12)",So.,WR,11,70,852,5
76,"Jordan Taylor, Rice (C-USA)",Jr.,WR,14,55,848,8
77,"Jamarcus Nelson, UAB (C-USA)",Jr.,WR,10,42,846,8
78,"Bernard Reedy, Toledo (MAC)",Sr.,WR,12,62,840,8
79,"Rashard Higgins, Colorado St. (Mountain West)",Fr.,WR,14,68,837,6
80,"Travis Reynolds, Utah St. (Mountain West)",Sr.,WR,11,51,832,4
81,"Martavis Bryant, Clemson (ACC)",Jr.,WR,13,42,828,7
82,"Gator Hoskins, Marshall (C-USA)",Sr.,TE,14,50,821,15
83,"Derel Walker, Texas A&M (SEC)",Sr.,WR,13,51,818,5
84,"Breshad Perriman, UCF (AAC)",So.,WR,12,39,811,4
85,"Darius Joseph, SMU (AAC)",So.,WR,12,103,808,5
86,"Gabe Marks, Washington St. (Pac-12)",So.,WR,13,74,807,7
87,"Michael Campanaro, Wake Forest (ACC)",Sr.,WR,8,67,803,6
88,"Jakeem Grant, Texas Tech (Big 12)",So.,WR,12,65,796,7
89,"Brelan Chancellor, North Texas (C-USA)",Sr.,WR,13,53,792,4
90,"R. Anderson, Temple (AAC)",---,,10,44,791,9
90,"Marqise Lee, Southern California (Pac-12)",Jr.,WR,11,57,791,4
90,"Darnell Smith, North Texas (C-USA)",Sr.,WR,13,70,791,4
93,"Richard Mullaney, Oregon St. (Pac-12)",So.,WR,13,52,788,3
94,"Shaq Washington, Cincinnati (AAC)",Jr.,WR,13,78,783,1
95,"Damian Copeland, Louisville (AAC)",Sr.,WR,13,58,780,5
96,"Bruce Ellington, South Carolina (SEC)",Jr.,WR,13,49,775,8
97,"Corey Brown, Ohio St. (Big Ten)",Sr.,WR,14,63,771,10
98,"Daniel Spencer, Houston (AAC)",Jr.,WR,13,52,768,6
99,"Kevin Smith, Washington (Pac-12)",Sr.,WR,13,50,765,4
100,"Richy Turner, Nevada (Mountain West)",Jr.,WR,12,61,755,4
101,"Quincy Enunwa, Nebraska (Big Ten)",Sr.,WR,13,51,753,12
102,"Da'Ron Brown, NIU (MAC)",Jr.,WR,13,46,752,9
103,"Bryce Treggs, California (Pac-12)",So.,WR,12,77,751,1
104,"Devin Funchess, Michigan (Big Ten)",So.,TE,13,49,748,6
105,"Davaris Daniels, Notre Dame (FBS Independent)",Jr.,WR,13,49,745,7
106,"Kofi Hughes, Indiana (Big Ten)",Sr.,WR,12,47,739,7
107,"Tracy Moore, Oklahoma St. (Big 12)",Sr.,WR,13,51,738,6
108,"Amari Cooper, Alabama (SEC)",So.,WR,12,45,736,4
108,"Colin Lockett, San Diego St. (Mountain West)",Sr.,WR,12,52,736,5
110,"Andre Davis, South Fla. (AAC)",Jr.,WR,12,49,735,2
111,"Levi Norwood, Baylor (Big 12)",Jr.,WR,13,47,733,8
112,"Quinshad Davis, North Carolina (ACC)",So.,WR,13,48,730,10
113,"Jalen Saunders, Oklahoma (Big 12)",Sr.,WR,13,61,729,8
114,"Alonzo Russell, Toledo (MAC)",So.,WR,12,59,728,6
115,"Mike Davis, Texas (Big 12)",Sr.,WR,12,51,727,8
116,"J.J. Worton, UCF (AAC)",Jr.,WR,13,47,721,7
117,"Tommylee Lewis, NIU (MAC)",Jr.,WR,12,86,715,3
118,"Jonathan Krause, Vanderbilt (SEC)",Sr.,WR,11,42,714,3
119,"Shaquelle Evans, UCLA (Pac-12)",Sr.,WR,13,47,709,9
120,"Josh Stewart, Oklahoma St. (Big 12)",Jr.,WR,12,60,707,3
121,"Shane Williams-Rhodes, Boise St. (Mountain West)",So.,WR,11,77,702,6
122,"Nate Phillips, Arizona (Pac-12)",Fr.,WR,13,51,696,7
123,"Fred Lee, Buffalo (MAC)",Sr.,WR,13,58,692,5
123,"Marcus Lucas, Missouri (SEC)",Sr.,WR,14,58,692,3
125,"Chase Cochran, Ohio (MAC)",Jr.,WR,13,37,689,4
126,"Jaydon Mickens, Washington (Pac-12)",So.,WR,13,65,688,5
127,"Tajae Sharpe, Massachusetts (MAC)",So.,WR,12,61,680,4
128,"Quenton Bundrage, Iowa St. (Big 12)",So.,WR,12,48,676,9
128,"Bryan Holmes, Troy (Sun Belt)",So.,WR,12,40,676,7
130,"Austin Franklin, New Mexico St. (FBS Independent)",Jr.,WR,8,52,670,7
131,"Christian Jones, Northwestern (Big Ten)",Jr.,WR,12,54,668,4
132,"J.D. McKissic, Arkansas St. (Sun Belt)",So.,WR,13,82,662,4
133,"Travis Van Leeuwen, Utah St. (Mountain West)",Sr.,WR,14,52,661,3
134,"Willie Byrn, Virginia Tech (ACC)",Jr.,WR,13,51,660,2
134,"Devin Smith, Ohio St. (Big Ten)",Jr.,WR,14,44,660,8
136,"Malcome Kennedy, Texas A&M (SEC)",Jr.,WR,13,60,658,7
137,"D.J. Foster, Arizona St. (Pac-12)",So.,RB,14,63,653,4
137,"Devon Smith, Marshall (C-USA)",Sr.,WR,14,39,653,4
139,"Chris Conley, Georgia (SEC)",Jr.,WR,11,45,651,4
140,"Nelson Spruce, Colorado (Pac-12)",So.,WR,12,55,650,4
141,"Dominique Williams, Washington St. (Pac-12)",So.,WR,13,40,647,7
142,"Chris Moore, Cincinnati (AAC)",So.,WR,13,45,645,9
143,"Devon Cajuste, Stanford (Pac-12)",Jr.,WR,13,28,642,5
144,"Julian Jones, Arkansas St. (Sun Belt)",Sr.,WR,13,52,641,4
144,"Demitri Knowles, Virginia Tech (ACC)",So.,WR,13,45,641,3
146,"Levern Jacobs, Maryland (ACC)",So.,WR,12,47,640,3
146,"Joshua Stanford, Virginia Tech (ACC)",Fr.,WR,13,40,640,1
148,"Wes Saxton, South Alabama (Sun Belt)",Jr.,TE,12,50,635,0
149,"Bradley Marquez, Texas Tech (Big 12)",Jr.,WR,13,49,633,6
149,"Shane Wynn, Indiana (Big Ten)",Jr.,WR,12,46,633,11
151,"Scott Harding, Hawaii (Mountain West)",Jr.,WR,12,56,631,1
152,"Tony Jones, Northwestern (Big Ten)",Jr.,WR,12,55,630,4
153,"Travis Labhart, Texas A&M (SEC)",Sr.,WR,13,51,626,8
154,"Bennie Fowler, Michigan St. (Big Ten)",Sr.,WR,13,36,622,6
155,"River Cracraft, Washington St. (Pac-12)",Fr.,WR,13,46,614,3
156,"Joe Hansley, Colorado St. (Mountain West)",So.,WR,13,52,613,1
156,"Chris Humphrey, Kent St. (MAC)",Jr.,WR,12,51,613,3
156,"Tony Lippett, Michigan St. (Big Ten)",Jr.,DB,14,44,613,2
159,"Jordan Leslie, UTEP (C-USA)",Jr.,WR,12,44,612,7
160,"Tavarres Jefferson, Middle Tenn. (C-USA)",Sr.,WR,13,46,611,5
161,"Daniel McKinney, Fla. Atlantic (C-USA)",Sr.,WR,11,49,610,1
162,"Richard Rodgers, California (Pac-12)",Jr.,WR,11,39,608,1
162,"Laquon Treadwell, Ole Miss (SEC)",Fr.,WR,13,72,608,5
164,"Isaiah Jones, East Carolina (C-USA)",Fr.,WR,13,62,604,5
165,"Sterling Shepard, Oklahoma (Big 12)",So.,WR,12,51,603,7
166,"Braxton Deaver, Duke (ACC)",Jr.,TE,14,46,600,4
167,"Willie McNeal, Western Ky. (Sun Belt)",Jr.,WR,12,46,599,5
168,"Tyreese Russell, Eastern Mich. (MAC)",Jr.,TE,12,44,594,3
169,"Alex Bayer, Bowling Green (MAC)",Sr.,TE,14,37,593,4
169,"Dustin Creel, Eastern Mich. (MAC)",So.,WR,12,46,593,5
171,"Stacy Coley, Miami (FL) (ACC)",Fr.,WR,12,33,591,7
172,"Jaxon Shipley, Texas (Big 12)",Jr.,WR,13,56,589,1
173,"Stefon Diggs, Maryland (ACC)",So.,WR,7,34,587,3
174,"Javess Blue, Kentucky (SEC)",Jr.,WR,11,43,586,4
175,"Ja-Mes Logan, Ole Miss (SEC)",Sr.,WR,12,44,583,3
176,"Kenny Bell, Nebraska (Big Ten)",Jr.,WR,13,52,577,4
176,"Crockett Gillmore, Colorado St. (Mountain West)",Sr.,TE,14,47,577,2
178,"Damiere Byrd, South Carolina (SEC)",Jr.,WR,12,33,575,4
179,"Tyler Kroft, Rutgers (AAC)",So.,TE,13,43,573,4
180,"Jhajuan Seales, Oklahoma St. (Big 12)",Fr.,WR,13,39,571,3
181,"Kevin Norwood, Alabama (SEC)",Sr.,WR,12,38,568,7
182,"Zach D'Orazio, Akron (MAC)",So.,WR,12,42,567,4
183,"Markese Triplett, Southern Miss. (C-USA)",Jr.,WR,11,33,558,4
184,"Nick O'Leary, Florida St. (ACC)",Jr.,TE,14,33,557,7
185,"Solomon Patton, Florida (SEC)",Sr.,WR,12,44,556,6
186,"William Dukes, Fla. Atlantic (C-USA)",Jr.,WR,12,35,553,6
186,"Carlos Harris, North Texas (C-USA)",So.,WR,13,47,553,2
188,"Mario Alford, West Virginia (Big 12)",---,,12,27,552,2
189,"Jacob Pedersen, Wisconsin (Big Ten)",Sr.,TE,12,39,551,3
189,"Tramaine Thompson, Kansas St. (Big 12)",Sr.,WR,11,32,551,5
191,"Marcus Henry, Middle Tenn. (C-USA)",Jr.,WR,13,38,549,3
192,"Ryan Alderman, Temple (AAC)",Sr.,WR,12,40,548,2
192,"Quinton Dunbar, Florida (SEC)",Jr.,WR,12,40,548,0
194,"Ronnie Moore, Bowling Green (MAC)",Fr.,WR,14,28,547,7
195,"Deangelo Yancey, Purdue (Big Ten)",Fr.,WR,11,32,546,2
196,"Vince Mayle, Washington St. (Pac-12)",Sr.,WR,13,42,539,7
197,"Michael Bennett, Georgia (SEC)",Jr.,WR,11,41,538,4
197,"Brandon Coleman, Rutgers (AAC)",Jr.,WR,13,34,538,4
199,"Eli Rogers, Louisville (AAC)",Jr.,WR,13,44,536,4
200,"Josh Ferguson, Illinois (Big Ten)",So.,RB,12,50,535,4
201,"Deshon Foxx, UConn (AAC)",Jr.,WR,12,43,534,2
201,"Deandrew White, Alabama (SEC)",Jr.,WR,13,32,534,4
203,"Rashard Smith, NC State (ACC)",Sr.,WR,11,49,530,3
204,"Geraldo Boldewijn, Boise St. (Mountain West)",Sr.,WR,13,39,528,2
205,"Corey Coleman, Baylor (Big 12)",Fr.,WR,13,35,527,2
206,"Quron Pratt, Rutgers (AAC)",Sr.,WR,13,32,516,0
207,"Macgarrett Kings, Michigan St. (Big Ten)",So.,WR,14,43,513,3
208,"Clay Fuller, Baylor (Big 12)",Jr.,WR,13,32,512,3
209,"Dennis Parks, Rice (C-USA)",So.,WR,13,29,508,3
210,"Kevin White, West Virginia (Big 12)",---,,11,35,507,5
211,"Kyle Nunn, San Jose St. (Mountain West)",Sr.,WR,12,36,505,5
211,"Marcus Sullivan, UNLV (Mountain West)",Jr.,WR,9,45,505,5
213,"Amba Etta-Tawo, Maryland (ACC)",Fr.,WR,12,31,500,2
214,"Juwan Brescacin, NIU (MAC)",So.,WR,13,33,499,6
215,"Troy Niklas, Notre Dame (FBS Independent)",Jr.,TE,13,32,498,5
216,"Marquez North, Tennessee (SEC)",Fr.,WR,11,38,496,1
217,"Dakiel Shorts, West Virginia (Big 12)",---,,12,45,495,2
218,"Kristoff Williams, Washington St. (Pac-12)",Jr.,WR,12,51,490,0
219,"Deon Long, Maryland (ACC)",Jr.,WR,7,32,489,1
220,"Mekale McKay, Cincinnati (AAC)",So.,WR,13,16,485,7
221,"Jerrel Brown, New Mexico St. (FBS Independent)",Jr.,WR,12,33,484,2
222,"Adam Humphries, Clemson (ACC)",Jr.,WR,13,41,483,2
223,"Quintin Payton, NC State (ACC)",Sr.,WR,12,23,481,3
224,"Antonio Andrews, Western Ky. (Sun Belt)",Sr.,RB,12,41,478,0
224,"Leonte Carroo, Rutgers (AAC)",So.,WR,10,28,478,9
226,"Ryan Burbrink, Bowling Green (MAC)",So.,WR,14,30,477,2
227,"Aaron Bradley, Nevada (Mountain West)",Jr.,WR,10,40,474,2
228,"Sean Fitzgerald, Utah (Pac-12)",Sr.,WR,12,32,471,5
228,"Devin Fuller, UCLA (Pac-12)",So.,WR,12,43,471,4
228,"Robert Godhigh, Georgia Tech (ACC)",Sr.,RB,13,23,471,2
228,"Jordan James, Tulsa (C-USA)",Sr.,WR,11,39,471,2
232,"Skyler Ridley, BYU (FBS Independent)",Sr.,WR,13,39,469,2
233,"Charlie Moore, Oklahoma St. (Big 12)",Sr.,WR,13,35,468,5
234,"Terrence Miller, Arizona (Pac-12)",Sr.,WR,13,40,467,1
235,"Jeff Heuerman, Ohio St. (Big Ten)",Jr.,TE,14,26,466,4
236,"Kyle Griswould, Middle Tenn. (C-USA)",Sr.,WR,13,45,465,4
237,"Rashad Lawrence, Northwestern (Big Ten)",Sr.,WR,12,31,463,1
237,"Xavier Moss, Army West Point (FBS Independent)",Fr.,WR,12,35,463,1
239,"E.J. Bibbs, Iowa St. (Big 12)",Jr.,TE,12,39,462,2
239,"Kivon Cartwright, Colorado St. (Mountain West)",Jr.,TE,14,27,462,6
241,"Arthur Lynch, Georgia (SEC)",Sr.,TE,12,30,459,5
241,"Der'Rikk Thompson, SMU (AAC)",Jr.,WR,9,32,459,2
243,"Tyshon Goode, Kent St. (MAC)",---,DB,12,45,458,2
243,"Jamari Staples, UAB (C-USA)",Fr.,WR,10,31,458,4
245,"Jeremé Jones, South Alabama (Sun Belt)",Jr.,WR,12,40,457,3
246,"Shaq Roland, South Carolina (SEC)",So.,WR,10,25,455,5
247,"Clive Walford, Miami (FL) (ACC)",Jr.,TE,13,34,454,2
248,"Ashton Broyld, Syracuse (ACC)",So.,RB,13,52,452,0
248,"Jalen Claiborne, Wyoming (Mountain West)",Jr.,WR,11,33,452,5
250,"Nigel King, Maryland (ACC)",So.,WR,12,33,450,4
250,"Austin Seferian-Jenkins, Washington (Pac-12)",Jr.,TE,12,36,450,8
252,"Max Morrison, Cincinnati (AAC)",So.,WR,13,29,447,3
253,"Curry Sexton, Kansas St. (Big 12)",Jr.,WR,13,39,446,0
253,"Matt Waters, Ohio (MAC)",Sr.,WR,11,32,446,3
255,"Trey Burton, Florida (SEC)",Sr.,WR,12,38,445,1
256,"Justin Coleman, Iowa St. (Big 12)",Sr.,WR,12,31,442,3
256,"Keevan Lucas, Tulsa (C-USA)",Fr.,WR,12,32,442,1
258,"Todd Gurley, Georgia (SEC)",So.,RB,10,37,441,6
259,"Josh Doctson, TCU (Big 12)",So.,WR,12,36,440,4
259,"Jordan Payton, UCLA (Pac-12)",So.,WR,13,38,440,1
259,"Storm Woods, Oregon St. (Pac-12)",So.,RB,11,47,440,1
262,"Danny Woodson, South Alabama (Sun Belt)",So.,WR,8,26,439,4
263,"Marion Grice, Arizona St. (Pac-12)",Sr.,RB,11,50,438,6
264,"Javontee Herndon, Arkansas (SEC)",Sr.,WR,12,31,437,4
265,"David Porter, TCU (Big 12)",Jr.,WR,12,26,435,5
266,"Nicholas Norris, Western Ky. (Sun Belt)",Fr.,WR,12,33,431,4
266,"Michael Rector, Stanford (Pac-12)",So.,WR,14,14,431,3
266,"Adam Shapiro, New Mexico St. (FBS Independent)",Jr.,WR,12,35,431,2
269,"Jalen Fitzpatrick, Temple (AAC)",Jr.,WR,12,38,429,3
269,"Najee Lovett, Idaho (FBS Independent)",Sr.,WR,12,36,429,1
271,"L.T. Smith, Akron (MAC)",Jr.,WR,12,24,428,3
272,"Billy Freeman, San Jose St. (Mountain West)",Fr.,TE,12,27,427,2
273,"Gerald Christian, Louisville (AAC)",Jr.,TE,13,28,426,4
274,"Isiah Myers, Washington St. (Pac-12)",Jr.,WR,13,37,425,3
274,"Dawan Scott, Miami (OH) (MAC)",Jr.,WR,11,28,425,2
276,"Rantavious Wooten, Georgia (SEC)",Sr.,WR,13,30,424,5
277,"Chris Coyle, Arizona St. (Pac-12)",Sr.,TE,14,29,423,4
278,"Kasen Williams, Washington (Pac-12)",Jr.,WR,8,29,421,1
279,"Justyn Shackelford, Tulane (C-USA)",Jr.,WR,13,36,419,5
280,"Jake Murphy, Utah (Pac-12)",Jr.,TE,8,25,417,5
280,"Maxx Williams, Minnesota (Big Ten)",Fr.,TE,13,25,417,5
282,"Ronald Carswell, West Virginia (Big 12)",---,,8,20,413,2
283,"Vintavious Cooper, East Carolina (C-USA)",Sr.,RB,13,44,412,1
284,"Maika Mataele, UNLV (Mountain West)",Sr.,WR,13,36,411,3
285,"Zane Fakes, Ball St. (MAC)",Sr.,TE,13,41,410,2
285,"Tyre'Oune Holmes, Southern Miss. (C-USA)",Fr.,WR,11,53,410,2
287,"Hunter Henry, Arkansas (SEC)",Fr.,TE,12,28,409,4
288,"Craig Wilkins, Marshall (C-USA)",Jr.,WR,14,32,408,2
289,"Fransohn Bickley, Akron (MAC)",Fr.,WR,12,39,407,2
290,"Jeff Godfrey, UCF (AAC)",Sr.,WR,13,43,406,4
290,"Shakim Phillips, UConn (AAC)",Jr.,WR,8,28,406,3
290,"Herb Waters, Miami (FL) (ACC)",So.,WR,12,28,406,5
293,"Xavier Maxwell, Houston (AAC)",Sr.,WR,13,28,405,4
294,"Chris Williams, Troy (Sun Belt)",Sr.,WR,12,31,402,2
295,"Derrick Engel, Minnesota (Big Ten)",Sr.,WR,10,25,401,5
295,"Charles Sims, West Virginia (Big 12)",---,RB,12,45,401,3
297,"Darryl Surgent, Louisiana (Sun Belt)",Sr.,WR,13,31,400,5
298,"Chandler Worthy, Troy (Sun Belt)",Jr.,WR,11,24,398,2
299,"Mitch Mathews, BYU (FBS Independent)",So.,WR,9,23,397,4
299,"Jarrod West, Syracuse (ACC)",Jr.,WR,11,26,397,1
301,"Charles Lovett, Colorado St. (Mountain West)",Jr.,WR,9,26,396,2
302,"Jake McGee, Virginia (ACC)",Jr.,TE,11,43,395,2
302,"Bruce Natson, Utah St. (Mountain West)",So.,WR,14,59,395,2
302,"Trey Watts, Tulsa (C-USA)",Sr.,RB,12,46,395,1
305,"Ladarius Brown, TCU (Big 12)",So.,WR,12,36,393,2
306,"Lacoltan Bester, Oklahoma (Big 12)",Sr.,WR,12,27,392,2
307,"Manasseh Garner, Pittsburgh (ACC)",Jr.,TE,13,33,391,3
307,"Malcolm Johnson, Mississippi St. (SEC)",Jr.,TE,13,30,391,2
309,"Marcus Mason, Washington St. (Pac-12)",Jr.,RB,13,52,390,2
310,"Robert Johnson, Mississippi St. (SEC)",Jr.,WR,13,34,389,0
310,"Tim Smith, Virginia (ACC)",Sr.,WR,12,26,389,1
312,"Alton Howard, Tennessee (SEC)",So.,WR,12,44,388,3
312,"Kevonte Martin-Manley, Iowa (Big Ten)",Jr.,WR,13,40,388,5
312,"Jonnu Smith, FIU (C-USA)",Fr.,TE,12,39,388,2
315,"D.J. Coles, Virginia Tech (ACC)",Sr.,WR,13,25,387,6
316,"Andrew Flory, Central Mich. (MAC)",Jr.,WR,12,32,384,2
316,"Elijah McGuire, Louisiana (Sun Belt)",Fr.,RB,13,22,384,3
318,"Bryan Underwood, NC State (ACC)",Jr.,WR,7,32,382,1
318,"Dan Vitale, Northwestern (Big Ten)",So.,TE,12,34,382,3
320,"Tanner Gentry, Wyoming (Mountain West)",Fr.,WR,12,39,376,0
321,"Clark Evans, Hawaii (Mountain West)",Sr.,TE,12,40,373,4
321,"Samajie Grant, Arizona (Pac-12)",Fr.,WR,13,47,373,1
323,"Reese Wiggins, East Carolina (C-USA)",Sr.,WR,13,26,372,4
324,"Brandon Carter, TCU (Big 12)",Jr.,WR,11,31,370,0
324,"Tavarese Maye, ULM (Sun Belt)",Sr.,WR,8,42,370,1
324,"Allen Muse, Arkansas St. (Sun Belt)",Sr.,WR,13,29,370,2
327,"Darren Waller, Georgia Tech (ACC)",Jr.,WR,12,17,367,3
328,"Christopher Clark, Syracuse (ACC)",Sr.,WR,13,36,365,3
329,"Connor Hamlett, Oregon St. (Pac-12)",Jr.,TE,11,40,364,5
329,"Heath Jackson, Bowling Green (MAC)",Jr.,WR,13,32,364,3
329,"Casey Pierce, Kent St. (MAC)",Jr.,TE,12,33,364,5
332,"James Butler, Louisiana (Sun Belt)",Sr.,WR,13,26,363,1
332,"Thomas Roberson, Tulsa (C-USA)",Jr.,WR,8,27,363,4
334,"Brandon Braxton, Duke (ACC)",Sr.,WR,14,39,361,2
334,"Kendall Sanders, Texas (Big 12)",So.,WR,12,37,361,1
334,"Bud Sasser, Missouri (SEC)",Jr.,WR,14,26,361,1
337,"Billy Ray Stutzmann, Hawaii (Mountain West)",Sr.,WR,9,22,358,4
338,"Sterling Griffin, Louisiana Tech (C-USA)",Sr.,WR,12,33,357,2
339,"Ian Hamilton, UTEP (C-USA)",Jr.,WR,12,25,354,1
339,"Vasquez Haynes, Hawaii (Mountain West)",So.,WR,11,29,354,3
339,"Kevin Ozier, Arizona St. (Pac-12)",Sr.,WR,14,23,354,1
339,"Kendrick Roberts, Western Mich. (MAC)",So.,WR,11,23,354,1
343,"Marcel Jensen, Fresno St. (Mountain West)",Sr.,TE,13,26,353,3
344,"Mike Davis, South Carolina (SEC)",So.,RB,12,34,352,0
344,"Jurmichael Ramos, NC State (ACC)",Fr.,WR,11,24,352,3
346,"De'Runnya Wilson, Mississippi St. (SEC)",Fr.,WR,13,26,351,3
347,"Marcus Johnson, Texas (Big 12)",So.,WR,11,22,350,2
347,"Dominque Sullivan, Southern Miss. (C-USA)",Sr.,WR,12,23,350,3
349,"Christion Jones, Alabama (SEC)",Jr.,WR,13,36,349,2
349,"Miles Osei, Illinois (Big Ten)",Sr.,WR,12,35,349,1
351,"Turner Petersen, Rice (C-USA)",Sr.,WR,11,26,348,4
352,"Daryle Hawkins, Oregon (Pac-12)",Sr.,WR,12,23,347,3
352,"Kenny Lawler, California (Pac-12)",Fr.,WR,11,37,347,5
354,"Ronald Butler, Utah St. (Mountain West)",Jr.,WR,13,24,346,3
354,"Keon Hatcher, Arkansas (SEC)",So.,WR,10,27,346,2
356,"Deandre Smelter, Georgia Tech (ACC)",Jr.,WR,13,21,345,4
357,"Caleb Smith, Oregon St. (Pac-12)",So.,TE,12,25,343,4
358,"Ryan Switzer, North Carolina (ACC)",Fr.,WR,13,32,341,3
359,"Akeem Hunt, Purdue (Big Ten)",Jr.,RB,12,38,340,2
359,"Darius Jennings, Virginia (ACC)",Jr.,WR,12,38,340,3
359,"Justin Sinz, Purdue (Big Ten)",Jr.,TE,12,41,340,4
362,"Joel German, Western Ky. (Sun Belt)",Jr.,WR,11,26,339,0
362,"Devin Lucien, UCLA (Pac-12)",Jr.,WR,12,19,339,2
364,"Joe Craig, Memphis (AAC)",Jr.,WR,12,37,338,0
364,"Ryan Timmons, Kentucky (SEC)",Fr.,WR,11,32,338,2
366,"Sam Craft, Memphis (AAC)",Fr.,WR,12,31,337,1
367,"Jesse James, Penn St. (Big Ten)",So.,TE,12,25,333,3
367,"Tony Pierson, Kansas (Big 12)",Jr.,RB,7,24,333,1
369,"John Christopher, Temple (AAC)",So.,WR,12,31,331,2
370,"Kevin Parks, Virginia (ACC)",Jr.,RB,12,38,329,1
371,"Spencer Harris, Illinois (Big Ten)",Sr.,WR,12,39,328,1
372,"Dri Archer, Kent St. (MAC)",Sr.,RB,10,25,327,4
373,"Hasaan Henderson, Nevada (Mountain West)",Fr.,WR,12,29,326,1
374,"Ricardo Louis, Auburn (SEC)",So.,WR,14,28,325,2
374,"Vince Sanders, Ole Miss (SEC)",Jr.,WR,9,21,325,1
376,"Joshua Bowen, New Mexico St. (FBS Independent)",So.,WR,12,39,324,2
377,"Jaylen Walton, Ole Miss (SEC)",So.,RB,13,29,322,2
378,"Kalvin Cline, Virginia Tech (ACC)",Fr.,TE,12,26,321,2
379,"Ted Bolser, Indiana (Big Ten)",Sr.,TE,12,35,320,6
379,"Jerrod Dillard, Akron (MAC)",Sr.,WR,12,26,320,1
379,"Andrew Guillot, Louisiana Tech (C-USA)",Sr.,WR,9,26,320,2
382,"Devin Clarke, Middle Tenn. (C-USA)",Jr.,WR,12,18,318,0
383,"Mike Williams, Clemson (ACC)",Fr.,WR,13,20,316,3
384,"Danny Anthrop, Purdue (Big Ten)",So.,WR,10,17,313,2
384,"Rob Blanchflower, Massachusetts (MAC)",Sr.,TE,6,27,313,3
384,"Richie Casey, Louisiana Tech (C-USA)",Sr.,WR,12,29,313,0
384,"JD Falslev, BYU (FBS Independent)",Sr.,WR,11,34,313,3
384,"Joseph Matthews, New Mexico St. (FBS Independent)",Jr.,WR,12,23,313,0
389,"Rickey Bradley, Southern Miss. (C-USA)",Sr.,WR,10,19,312,1
389,"Brandon Felder, Penn St. (Big Ten)",Sr.,WR,11,28,312,3
389,"Darion Griswold, Arkansas St. (Sun Belt)",So.,TE,12,24,312,3
392,"Rickey Galvin, Washington St. (Pac-12)",Jr.,WR,13,39,311,4
392,"Keiwone Malone, Memphis (AAC)",Jr.,WR,12,25,311,1
392,"Bradley Miller, Texas St. (Sun Belt)",Jr.,TE,12,24,311,0
392,"Justin Scott-Wesley, Georgia (SEC)",So.,WR,5,16,311,2
396,"Tevaun Smith, Iowa (Big Ten)",So.,WR,13,24,310,1
397,"Aaron Burks, Boise St. (Mountain West)",Sr.,WR,11,18,309,3
397,"Jay Lee, Baylor (Big 12)",So.,WR,13,22,309,1
399,"Ryan Lankford, Illinois (Big Ten)",Sr.,WR,7,15,308,1
400,"TJ Lowder, FIU (C-USA)",So.,WR,12,24,307,3
