Rank,Player,Cl,Pos,G,Rec,Rec Yds,Rec TD
1,"Rashard Higgins, Colorado St. (Mountain West)",So.,WR,12,96,"1,750",17
2,"Amari Cooper, Alabama (SEC)",Jr.,WR,14,124,"1,727",16
3,"Tyler Lockett, Kansas St. (Big 12)",Sr.,WR,13,106,"1,515",11
4,"Justin Hardy, East Carolina (AAC)",Sr.,WR,13,121,"1,494",10
5,"Vince Mayle, Washington St. (Pac-12)",Sr.,WR,12,106,"1,483",9
6,"Kevin White, West Virginia (Big 12)",Sr.,WR,13,109,"1,447",10
7,"Corey Davis, Western Mich. (MAC)",So.,WR,12,78,"1,408",15
8,"Rashad Greene, Florida St. (ACC)",Sr.,WR,14,99,"1,365",7
9,"Nelson Agholor, Southern California (Pac-12)",Jr.,WR,13,104,"1,313",12
10,"Tajae Sharpe, Massachusetts (MAC)",Jr.,WR,12,85,"1,281",7
11,"Tyler Boyd, Pittsburgh ()",So.,WR,13,78,"1,261",8
12,"Keevan Lucas, Tulsa (AAC)",So.,WR,12,101,"1,219",11
13,"Tony Lippett, Michigan St. (Big Ten)",Sr.,DB,13,65,"1,198",11
13,"Nelson Spruce, Colorado (Pac-12)",Jr.,WR,12,106,"1,198",12
15,"Jaelan Strong, Arizona St. (Pac-12)",Jr.,WR,12,82,"1,165",10
16,"Joshua McCain, Idaho (Sun Belt)",Sr.,WR,11,76,"1,162",9
17,"Tommy Shuler, Marshall (C-USA)",Sr.,WR,14,92,"1,138",9
18,"Pharoh Cooper, South Carolina (SEC)",So.,WR,13,69,"1,136",9
19,"Corey Coleman, Baylor (Big 12)",So.,WR,10,64,"1,119",11
20,"Josh Harper, Fresno St. (Mountain West)",Sr.,WR,14,90,"1,097",7
21,"Will Fuller, Notre Dame (FBS Independent)",So.,WR,13,76,"1,094",15
22,"Roger Lewis, Bowling Green (MAC)",Fr.,WR,14,73,"1,093",7
23,"Leonte Carroo, Rutgers (Big Ten)",Jr.,WR,13,55,"1,086",10
24,"Da'Ron Brown, NIU (MAC)",Sr.,WR,14,68,"1,065",6
25,"Curry Sexton, Kansas St. (Big 12)",Sr.,WR,13,79,"1,059",5
26,"John Harris, Texas (Big 12)",Sr.,WR,13,68,"1,051",7
27,"Jamison Crowder, Duke (ACC)",Sr.,WR,13,85,"1,044",6
27,"Breshad Perriman, UCF (AAC)",Jr.,WR,13,50,"1,044",9
29,"Mike Dudek, Illinois (Big Ten)",Fr.,WR,13,76,"1,038",6
30,"KD Cannon, Baylor (Big 12)",Fr.,WR,13,58,"1,030",8
30,"Mike Williams, Clemson (ACC)",So.,WR,13,57,"1,030",6
32,"Cayleb Jones, Arizona (Pac-12)",So.,WR,14,73,"1,019",9
33,"Josh Doctson, TCU (Big 12)",Jr.,WR,13,65,"1,018",11
34,"Cam Worthy, East Carolina (AAC)",Sr.,WR,11,55,"1,016",4
35,"Byron Marshall, Oregon (Pac-12)",Jr.,RB,15,74,"1,003",6
35,"Bud Sasser, Missouri (SEC)",Sr.,WR,14,77,"1,003",12
37,"Daniel Braverman, Western Mich. (MAC)",So.,WR,13,86,997,6
38,"Devonte Boyd, UNLV (Mountain West)",Fr.,WR,13,65,980,4
38,"Titus Davis, Central Mich. (MAC)",Sr.,WR,10,60,980,13
40,"Isiah Myers, Washington St. (Pac-12)",Sr.,WR,12,78,972,12
41,"Sterling Shepard, Oklahoma (Big 12)",Jr.,WR,12,51,970,5
42,"Artavis Scott, Clemson (ACC)",Fr.,WR,13,76,965,8
43,"Jordan Payton, UCLA (Pac-12)",Jr.,WR,13,67,954,7
44,"David Frazier, Miami (OH) (MAC)",Sr.,WR,12,59,949,5
45,"Mario Alford, West Virginia (Big 12)",Sr.,DB,13,65,945,11
46,"Hunter Sharp, Utah St. (Mountain West)",Jr.,WR,14,66,939,7
47,"Jakeem Grant, Texas Tech (Big 12)",Jr.,WR,12,67,938,7
48,"Devin Smith, Ohio St. (Big Ten)",Sr.,WR,15,33,931,12
49,"Mitch Mathews, BYU (FBS Independent)",Jr.,WR,13,73,922,9
50,"Teldrick Morgan, New Mexico St. (Sun Belt)",So.,WR,11,75,903,7
51,"Daesean Hamilton, Penn St. (Big Ten)",Fr.,WR,13,82,899,2
52,"Donovan Harden, Georgia St. (Sun Belt)",Jr.,WR,12,60,885,7
53,"Thomas Sperbeck, Boise St. (Mountain West)",So.,WR,14,51,877,3
54,"Rashon Ceaser, ULM (Sun Belt)",Jr.,WR,12,77,872,3
55,"Phillip Dorsett, Miami (FL) (ACC)",Sr.,WR,13,36,871,10
56,"Kenzee Jackson, ULM (Sun Belt)",Sr.,WR,12,79,866,4
57,"Carlos Harris, North Texas (C-USA)",Jr.,WR,12,70,863,3
57,"Ajalen Holley, ULM (Sun Belt)",So.,WR,12,57,863,7
59,"Corey Jones, Toledo (MAC)",So.,WR,13,68,842,5
59,"Josh Reynolds, Texas A&M (SEC)",---,WR,13,52,842,13
59,"Jordan Taylor, Rice (C-USA)",Sr.,WR,10,54,842,7
62,"Deontay Greenberry, Houston (AAC)",Jr.,WR,13,72,841,6
63,"Trent Taylor, Louisiana Tech (C-USA)",So.,WR,14,64,834,9
64,"Antwan Goodley, Baylor (Big 12)",Sr.,WR,11,60,830,6
64,"Isaiah Jones, East Carolina (AAC)",So.,WR,13,81,830,5
66,"Jared Dangerfield, Western Ky. (C-USA)",Jr.,WR,13,69,825,11
67,"Bradley Marquez, Texas Tech (Big 12)",Sr.,WR,12,65,821,10
67,"Demarcus Robinson, Florida (SEC)",So.,WR,12,54,821,7
69,"Jalen Robinette, Air Force (Mountain West)",So.,WR,13,43,806,4
70,"Michael Thomas, Ohio St. (Big Ten)",So.,WR,15,54,799,9
71,"Victor Bolden, Oregon St. (Pac-12)",So.,WR,11,72,798,2
72,"Marcus Kemp, Hawaii (Mountain West)",So.,WR,13,56,797,3
73,"Stefon Diggs, Maryland (Big Ten)",Jr.,WR,10,62,792,5
74,"Kenny Bell, Nebraska (Big Ten)",Sr.,WR,13,47,788,6
75,"Jordan Leslie, BYU (FBS Independent)",Sr.,WR,13,55,779,6
76,"Alex Erickson, Wisconsin (Big Ten)",So.,WR,14,55,772,3
77,"River Cracraft, Washington St. (Pac-12)",So.,WR,9,66,771,8
77,"Ron Willoughby, Buffalo (MAC)",Sr.,WR,11,50,771,9
79,"Alonzo Russell, Toledo (MAC)",Jr.,WR,13,51,770,8
80,"Taywan Taylor, Western Ky. (C-USA)",So.,WR,13,45,767,7
81,"Ryan Switzer, North Carolina (ACC)",So.,WR,13,61,762,4
82,"Shaq Washington, Cincinnati (AAC)",Sr.,WR,13,66,761,4
83,"Ryan Burbrink, Bowling Green (MAC)",Jr.,WR,14,64,758,3
83,"Travin Dural, LSU (SEC)",So.,WR,13,37,758,7
85,"Kolby Listenbee, TCU (Big 12)",Jr.,WR,13,41,753,4
85,"Jordan Williams, Ball St. (MAC)",Jr.,WR,11,56,753,6
87,"Eugene Lewis, Penn St. (Big Ten)",So.,WR,13,55,751,2
88,"Shavarez Smith, South Alabama (Sun Belt)",Sr.,WR,13,54,748,8
89,"Jordan Westerkamp, Nebraska (Big Ten)",So.,WR,13,44,747,5
90,"Sammie Coates, Auburn (SEC)",Jr.,WR,12,34,741,4
91,"Brandon Sheperd, Oklahoma St. (Big 12)",Jr.,WR,13,39,737,5
92,"Devin Funchess, Michigan (Big Ten)",Jr.,WR,11,62,733,4
93,"Robert Davis, Georgia St. (Sun Belt)",So.,WR,12,50,732,2
94,"Jalen Fitzpatrick, Temple (AAC)",Sr.,WR,12,53,730,6
94,"D'Haquille Williams, Auburn (SEC)",Jr.,WR,10,45,730,5
96,"Mekale McKay, Cincinnati (AAC)",Jr.,WR,13,44,725,8
97,"Juju Smith, Southern California (Pac-12)",Fr.,WR,13,54,724,5
98,"Samajie Grant, Arizona (Pac-12)",So.,WR,13,45,718,6
99,"Kevonn Mabon, Ball St. (MAC)",Jr.,WR,12,59,717,5
100,"Deandre Smelter, Georgia Tech (ACC)",Sr.,WR,12,35,715,7
101,"Jonnu Smith, FIU (C-USA)",So.,TE,12,61,710,8
102,"Isaiah Ford, Virginia Tech (ACC)",Fr.,WR,13,56,709,6
103,"Shane Wynn, Indiana (Big Ten)",Sr.,WR,12,56,708,3
104,"Lucky Whitehead, Fla. Atlantic (C-USA)",Sr.,WR,12,76,706,6
105,"Darren Carrington, Oregon (Pac-12)",Fr.,WR,14,37,704,4
106,"Kenny Lawler, California (Pac-12)",So.,WR,11,54,701,9
107,"Jarrod West, Syracuse (ACC)",Sr.,WR,12,49,700,0
108,"Keyarris Garrett, Tulsa (AAC)",Jr.,WR,10,47,698,5
108,"Jimmie Hunt, Missouri (SEC)",Sr.,WR,12,40,698,7
110,"Vince Sanders, Ole Miss ()",Sr.,WR,12,39,696,6
111,"Tyler Winston, San Jose St. (Mountain West)",So.,WR,12,78,694,5
112,"Ronnie Moore, Bowling Green (MAC)",So.,WR,14,56,690,5
113,"D.J. Foster, Arizona St. (Pac-12)",Jr.,RB,13,62,688,3
114,"Tres Houston, Arkansas St. (Sun Belt)",Jr.,WR,13,53,685,4
115,"Devon Allen, Oregon (Pac-12)",Fr.,WR,14,41,684,7
116,"Rokeem Williams, Miami (OH) (MAC)",So.,WR,12,35,682,3
117,"De'Runnya Wilson, Mississippi St. (SEC)",So.,WR,12,47,680,9
118,"Clive Walford, Miami (FL) (ACC)",Sr.,TE,12,44,676,7
119,"Quinton Pedroza, Hawaii (Mountain West)",Jr.,WR,12,59,674,3
120,"Chris Moore, Cincinnati (AAC)",Jr.,WR,13,30,673,8
121,"Willie McNeal, Western Ky. (C-USA)",Sr.,WR,13,56,666,8
122,"Evan Engram, Ole Miss ()",So.,TE,13,38,662,2
123,"Stephen Anderson, California (Pac-12)",Jr.,TE,10,46,661,5
124,"Zach D'Orazio, Akron (MAC)",Jr.,WR,12,62,658,1
125,"Chris Conley, Georgia (SEC)",Sr.,WR,13,36,657,8
126,"Dominique Williams, Washington St. (Pac-12)",Jr.,WR,12,43,656,9
127,"JJ Nelson, UAB (C-USA)",Sr.,WR,12,35,655,4
127,"Jerico Richardson, Nevada (Mountain West)",So.,WR,13,56,655,3
129,"Dijon Paschal, Arkansas St. (Sun Belt)",Fr.,WR,13,37,642,4
130,"Casey Pierce, Kent St. (MAC)",Sr.,TE,11,60,641,6
131,"Dwayne Stanford, Oregon (Pac-12)",So.,WR,14,43,639,6
132,"Jean Sifrin, Massachusetts (MAC)",Jr.,TE,11,41,637,6
133,"Austin Hill, Arizona (Pac-12)",Sr.,WR,14,49,635,4
133,"Chris Humphrey, Kent St. (MAC)",Sr.,WR,11,51,635,5
135,"Chris Harper, California (Pac-12)",Jr.,WR,12,52,634,6
136,"Jay Lee, Baylor (Big 12)",Jr.,WR,13,41,633,6
137,"J.D. McKissic, Arkansas St. (Sun Belt)",Jr.,WR,11,52,629,0
138,"Mario Hull, Rice (C-USA)",Sr.,WR,13,32,621,8
139,"Alton Howard, Tennessee (SEC)",Jr.,WR,13,54,618,1
139,"Nick O'Leary, Florida St. (ACC)",Sr.,TE,14,48,618,6
141,"Jaydon Mickens, Washington (Pac-12)",Jr.,WR,14,60,617,4
142,"Danny Anthrop, Purdue (Big Ten)",Jr.,WR,9,38,616,4
142,"Bo Hines, NC State (ACC)",Fr.,WR,13,45,616,1
144,"Mack Hollins, North Carolina (ACC)",So.,WR,13,35,613,8
145,"Malcome Kennedy, Texas A&M (SEC)",Sr.,WR,11,53,611,6
146,"D'Vario Montgomery, Iowa St. (Big 12)",So.,WR,11,44,605,2
147,"Ty Montgomery, Stanford (Pac-12)",Sr.,WR,11,61,604,3
148,"Jared Murphy, Miami (OH) (MAC)",So.,WR,12,42,600,4
149,"Geronimo Allison, Illinois (Big Ten)",Jr.,WR,12,41,598,5
149,"David Glidden, Oklahoma St. (Big 12)",Jr.,WR,13,42,598,2
149,"Jordan Thompson, West Virginia (Big 12)",Jr.,WR,13,49,598,2
152,"Dominic Rufran, Wyoming (Mountain West)",Sr.,WR,12,45,596,0
152,"Tevaun Smith, Iowa (Big Ten)",Jr.,WR,13,43,596,3
152,"Cameron Smith, Arizona St. (Pac-12)",So.,WR,11,41,596,6
155,"Allen Lazard, Iowa St. (Big 12)",Fr.,WR,12,45,593,3
156,"Michael Thomas, Southern Miss. (C-USA)",Jr.,WR,12,41,592,5
157,"Devin Lauderdale, Texas Tech (Big 12)",So.,WR,12,31,589,7
158,"Richy Turner, Nevada (Mountain West)",Sr.,WR,13,63,587,4
159,"Shane Williams-Rhodes, Boise St. (Mountain West)",Jr.,WR,14,68,585,7
160,"Jimmay Mundine, Kansas (Big 12)",Sr.,TE,12,45,584,3
161,"Speedy Noil, Texas A&M (SEC)",---,,12,46,583,5
161,"Bryce Treggs, California (Pac-12)",Jr.,WR,12,52,583,6
163,"Deante' Gray, TCU (Big 12)",Jr.,DB,11,36,582,8
163,"Jesse Kroll, Central Mich. (MAC)",Sr.,WR,13,36,582,4
165,"Ian Hamilton, UTEP (C-USA)",Sr.,WR,13,27,579,2
165,"Hasaan Henderson, Nevada (Mountain West)",So.,WR,10,45,579,4
167,"Canaan Severin, Virginia (ACC)",Jr.,WR,12,42,578,5
167,"Jordan Villamin, Oregon St. (Pac-12)",Fr.,WR,12,35,578,6
169,"Jaxon Shipley, Texas (Big 12)",Sr.,WR,12,59,577,1
170,"Jalen Claiborne, Wyoming (Mountain West)",Sr.,WR,12,41,576,3
171,"Deon Long, Maryland (Big Ten)",Sr.,WR,13,51,575,2
172,"Carlos Henderson, Louisiana Tech (C-USA)",Fr.,WR,12,29,569,4
172,"Maxx Williams, Minnesota (Big Ten)",So.,TE,12,36,569,8
174,"James Quick, Louisville (ACC)",So.,WR,12,36,566,3
175,"Isaac Blakeney, Duke (ACC)",Sr.,WR,13,47,559,7
176,"Cody Core, Ole Miss ()",Jr.,WR,13,41,558,6
176,"Keon Hatcher, Arkansas (SEC)",Jr.,WR,13,43,558,6
178,"Devon Cajuste, Stanford (Pac-12)",Sr.,WR,11,34,557,6
179,"Keiwone Malone, Memphis (AAC)",Sr.,WR,13,45,555,4
179,"Travis Rudolph, Florida St. (ACC)",Fr.,WR,13,38,555,4
181,"Josh Reese, UCF (AAC)",Sr.,WR,13,39,552,6
182,"Chris Brown, Notre Dame (FBS Independent)",Jr.,WR,13,39,548,1
183,"Richard Montgomery, Idaho (Sun Belt)",So.,RB,10,50,543,1
184,"Thomas Duarte, UCLA (Pac-12)",So.,TE,12,28,540,4
184,"Joe Hansley, Colorado St. (Mountain West)",Jr.,WR,12,35,540,2
186,"Markeith Ambles, Houston (AAC)",Sr.,WR,13,32,539,4
186,"Corey Robinson, Notre Dame (FBS Independent)",So.,WR,13,40,539,5
188,"Lynquez Blair, Georgia St. (Sun Belt)",Sr.,WR,11,52,538,6
189,"Nigel King, Kansas (Big 12)",Jr.,WR,12,30,537,1
190,"Ryan Timmons, Kentucky (SEC)",So.,WR,12,45,536,2
191,"Jay Ajayi, Boise St. (Mountain West)",Jr.,RB,14,50,535,4
191,"Garrett Brown, Air Force (Mountain West)",Jr.,WR,12,36,535,6
191,"Kyle Prater, Northwestern (Big Ten)",Sr.,WR,11,51,535,2
194,"Casey Martin, Southern Miss. (C-USA)",Jr.,WR,11,55,531,2
194,"Cam Serigne, Wake Forest (ACC)",So.,TE,12,54,531,5
196,"Markese Triplett, Southern Miss. (C-USA)",Sr.,WR,12,40,529,1
197,"Marcus Henry, Middle Tenn. (C-USA)",Sr.,WR,12,40,527,4
197,"Jesus Wilson, Florida St. (ACC)",So.,WR,13,42,527,4
199,"Bucky Hodges, Virginia Tech (ACC)",Fr.,TE,13,45,526,7
200,"Javess Blue, Kentucky (SEC)",Sr.,WR,11,29,525,5
200,"Eli Rogers, Louisville (ACC)",Sr.,WR,13,45,525,3
200,"Steven Scheu, Vanderbilt (SEC)",Jr.,TE,12,39,525,4
