Rank,Player,Cl,Pos,G,Rec,Rec Yds,Rec TD
1,"Fotis Kokosioulis, Fordham (Patriot)",Sr.,WR,12,103,"1,312",14
2,"Darion Chafin, UIW (Southland)",Sr.,WR,14,70,"1,244",18
3,"Joshua Tomas, Georgetown (Patriot)",Sr.,WR,11,100,"1,231",10
4,"Taylor Grimes, UIW (Southland)",Sr.,WR,14,83,"1,221",15
5,"Hayden Hatten, Idaho (Big Sky)",Sr.,WR,11,83,"1,209",16
6,"Dequece Carter, Fordham (Patriot)",Sr.,WR,12,56,"1,166",13
6,"T.J. Luther, Gardner-Webb (Big South)",Sr.,WR,13,63,"1,166",8
8,"Xavier Gipson, SFA (WAC)",Sr.,WR,11,65,"1,163",7
9,"MJ Wright, Fordham (Patriot)",Sr.,WR,12,62,"1,156",11
10,"Ty James, Mercer (SoCon)",Jr.,WR,11,52,"1,105",13
11,"Chandler Smith, Samford (SoCon)",Sr.,WR,13,100,"1,071",11
12,"Jermaine Jackson, Idaho (Big Sky)",Sr.,WR,12,53,"1,051",4
13,"Colton Dowell, UT Martin (OVC)",Sr.,WR,11,67,"1,036",6
14,"Kendall Watson, Samford (SoCon)",Sr.,DB,13,88,"1,034",10
15,"Xavier Smith, Florida A&M (SWAC)",Sr.,WR,11,87,"1,024",11
16,"Drae McCray, Austin Peay (ASUN)",So.,WR,11,76,"1,021",9
17,"Ty MacPherson, Weber St. (Big Sky)",Sr.,WR,13,58,"1,000",11
18,"Makai Jackson, Saint Francis (PA) (NEC)",Fr.,WR,12,85,991,9
19,"Devron Harper, Mercer (SoCon)",Jr.,WR,11,78,987,10
20,"Landon Ruggieri, Bryant (Big South)",Jr.,WR,11,65,986,6
21,"Ryan Flournoy, Southeast Mo. St. (OVC)",Jr.,WR,12,61,984,7
22,"Jakob Herres, Richmond (CAA)",Sr.,WR,13,77,958,6
23,"Andrei Iosivas, Princeton (Ivy League)",Sr.,WR,10,66,943,7
24,"Chris Coleman, Cal Poly (Big Sky)",Sr.,WR,11,60,939,5
25,"Dylan Classi, Princeton (Ivy League)",Sr.,WR,10,61,915,4
26,"Jalen Coker, Holy Cross (Patriot)",Jr.,WR,12,50,912,11
27,"Ed Lee, Rhode Island (CAA)",Sr.,WR,11,56,908,5
28,"Dwayne Menders, Duquesne (NEC)",Sr.,WR,11,55,906,6
29,"Naseim Brantley, Western Ill. (MVFC)",Sr.,WR,10,53,893,9
30,"Marshel Martin, Sacramento St. (Big Sky)",Jr.,TE,13,65,879,12
31,"Shaquan DAVIS, South Carolina St. (MEAC)",Jr.,WR,11,38,858,9
32,"Jaxon Janke, South Dakota St. (MVFC)",Sr.,WR,15,60,857,9
33,"Jadakis Bonds, Hampton (CAA)",Sr.,WR,11,49,855,9
34,"Leroy Henley, Richmond (CAA)",Sr.,WR,13,73,832,10
35,"Bryce Oliver, Youngstown St. (MVFC)",Sr.,WR,11,59,821,10
36,"Dymere Miller, Monmouth (CAA)",Jr.,WR,9,55,820,7
37,"Bo Belquist, North Dakota (MVFC)",Jr.,WR,12,63,811,6
38,"Landon Parker, Wofford (SoCon)",Sr.,WR,11,40,804,3
39,"Johnny King, Southeast Mo. St. (OVC)",Sr.,WR,12,69,797,6
39,"Freddie Roberson, Eastern Wash. (Big Sky)",Sr.,WR,10,45,797,7
41,"Bryson Daughtry, Elon (CAA)",Sr.,WR,12,43,796,6
41,"Dominic Kibby, Presbyterian (Pioneer)",Fr.,WR,11,41,796,7
41,"Naiem Simmons, Wagner (NEC)",Jr.,WR,11,50,796,6
44,"Xavier Guillory, Idaho St. (Big Sky)",So.,WR,10,52,785,4
45,"Isaiah Wooden, Southern Utah (WAC)",Jr.,WR,11,38,778,6
46,"Cutrell Haywood, Gardner-Webb (Big South)",Sr.,WR,13,78,775,7
46,"Shane Hooks, Jackson St. (SWAC)",Sr.,WR,13,66,775,10
48,"Jadon Janke, South Dakota St. (MVFC)",Sr.,WR,15,51,774,6
49,"Kobe Clark, Abilene Christian (WAC)",Sr.,WR,11,64,768,8
49,"Cornelius McCoy, Eastern Ky. (ASUN)",Sr.,WR,12,51,768,8
51,"Sam Schnee, UNI (MVFC)",Sr.,WR,11,48,764,3
52,"Ryan Miller, Furman (SoCon)",Sr.,TE,13,72,762,12
53,"Dawson Snyder, Saint Francis (PA) (NEC)",So.,WR,12,38,758,4
54,"Jayden Higgins, Eastern Ky. (ASUN)",So.,WR,12,58,757,10
55,"Jaden Smith, Eastern Ky. (ASUN)",So.,WR,12,62,750,6
56,"Solomon Davis, Valparaiso (Pioneer)",Jr.,WR,12,43,748,4
57,"Bryson Canty, Columbia (Ivy League)",So.,WR,10,53,733,6
58,"Gage Larvadain, Southeastern La. (Southland)",So.,WR,13,59,731,2
59,"Pierre Williams, Sacramento St. (Big Sky)",Sr.,WR,13,47,723,9
60,"Kenneth Womack, Sacred Heart (NEC)",Jr.,WR,11,54,721,3
61,"Quinton Lane, Stetson (Pioneer)",Jr.,WR,10,46,720,8
62,"Dante Hendrix, Indiana St. (MVFC)",Sr.,WR,10,50,719,4
63,"Zach Patterson, Northwestern St. (Southland)",Jr.,WR,11,83,710,5
64,"Jarrod Barnes, Central Ark. (ASUN)",Sr.,WR,11,40,708,5
65,"Michael Love, LIU (NEC)",Jr.,WR,11,51,702,3
66,"Elijah Sarratt, Saint Francis (PA) (NEC)",Fr.,WR,12,42,699,13
67,"Jourdan Townsend, Delaware (CAA)",Sr.,WR,13,61,698,6
68,"D'Ante' Cox, Southern Ill. (MVFC)",Sr.,WR,11,46,696,3
69,"Thomas Greaney, UAlbany (CAA)",Sr.,TE,11,50,693,9
70,"Dallas  Daniels, Jackson St. (SWAC)",Sr.,WR,12,63,692,6
71,"Coleman Owen, Northern Ariz. (Big Sky)",So.,WR,9,62,690,4
72,"Tyler Adams, Butler (Pioneer)",Sr.,WR,11,39,689,5
73,"Javon Antonio, Northwestern St. (Southland)",Jr.,WR,11,64,684,6
74,"Kahtero Summers, Rhode Island (CAA)",Sr.,WR,11,42,676,5
75,"Jackson Parham, Elon (CAA)",Sr.,WR,10,50,674,4
75,"Ty Scott, Missouri St. (MVFC)",Jr.,WR,11,48,674,5
77,"Rob DiNota, Sacred Heart (NEC)",Sr.,WR,11,49,673,3
78,"Hendrix Johnson, Northern Ariz. (Big Sky)",Jr.,WR,11,60,671,5
79,"Joey Corcoran, New Hampshire (CAA)",So.,WR,12,56,670,3
80,"Joshua Harris, Furman (SoCon)",So.,WR,13,48,667,5
81,"Josh Cuevas, Cal Poly (Big Sky)",Fr.,TE,11,56,661,6
81,"Sam Phillips, Chattanooga (SoCon)",Fr.,WR,11,44,661,2
83,"Julian Hill, Campbell (Big South)",Sr.,TE,11,38,659,5
84,"Raphael Williams, Western Caro. (SoCon)",So.,WR,11,47,658,6
85,"Luke Wooten, Butler (Pioneer)",So.,WR,11,58,657,5
86,"Anthony Frederick, Bryant (Big South)",Sr.,WR,11,39,654,5
86,"Beau Kelly, Portland St. (Big Sky)",Sr.,WR,11,41,654,5
88,"Devonte Tanksley, UT Martin (OVC)",Jr.,WR,10,53,653,1
89,"Geoffrey Jamiel, Lehigh (Patriot)",Fr.,WR,11,53,649,1
89,"Takairee Kenebrew, North Ala. (ASUN)",Jr.,WR,11,29,649,8
91,"Assanti Kearney, Monmouth (CAA)",Sr.,WR,11,37,638,4
92,"Tristan Golightly, Abilene Christian (WAC)",So.,WR,11,40,636,4
92,"Davon Wells, LIU (NEC)",Jr.,WR,11,38,636,4
94,"Thyrick Pitts, Delaware (CAA)",Sr.,WR,13,57,631,10
95,"Censere Lee, Western Caro. (SoCon)",Fr.,WR,10,35,626,6
95,"Zachary Leslie, N.C. A&T (Big South)",Sr.,WR,9,37,626,5
97,"Nazeviah Burris, Stetson (Pioneer)",So.,WR,10,46,618,3
98,"Chandler Harvin, Delaware (CAA)",Sr.,WR,13,39,615,7
98,"Antoine Murray, Howard (MEAC)",Sr.,WR,11,40,615,4
98,"Willie Patterson, Montana St. (Big Sky)",Sr.,WR,14,43,615,9
101,"E.J. Hicks, N.C. Central (MEAC)",Sr.,WR,12,33,613,7
101,"Eric Johnson, Lehigh (Patriot)",Jr.,WR,11,49,613,5
103,"Seth Anderson, Charleston So. (Big South)",Fr.,WR,10,42,612,7
103,"Avante Cox, Southern Ill. (MVFC)",Sr.,WR,11,46,612,8
105,"Roy Alexander, UAlbany (CAA)",So.,WR,11,47,610,2
105,"Owen Glascoe, LIU (NEC)",Sr.,WR,11,62,610,5
107,"Jasiah Williams, Richmond (CAA)",Jr.,WR,12,82,609,4
108,"Efton Chism III, Eastern Wash. (Big Sky)",Jr.,WR,10,62,607,6
109,"Kym Wimberly, Jr., Harvard (Ivy League)",Sr.,WR,8,51,603,4
110,"Michael Carner, San Diego (Pioneer)",Sr.,WR,10,40,602,4
110,"Mitch Roberts, Montana (Big Sky)",Sr.,WR,13,52,602,5
112,"Brandon  Porter, UIW (Southland)",Sr.,WR,11,37,601,6
113,"DJ Rias, Samford (SoCon)",Jr.,WR,13,51,588,6
114,"Jah'Marae Sheread, Florida A&M (SWAC)",Sr.,WR,11,45,585,3
115,"Kylin James, Central Ark. (ASUN)",So.,RB,11,40,581,3
116,"Abdul Janneh, Duquesne (NEC)",So.,WR,11,43,579,9
117,"Da'Quan Felton, Norfolk St. (MEAC)",So.,WR,11,39,571,7
117,"Derek Morton, Texas Southern (SWAC)",Jr.,WR,10,36,571,1
119,"Jamoi Mayes, Chattanooga (SoCon)",So.,WR,11,42,570,4
120,"Erik Surratt, Central Conn. St. (NEC)",So.,WR,11,44,561,4
121,"Wes Rockett, Brown (Ivy League)",Sr.,WR,10,48,554,3
122,"Thomas Glover, Cornell (Ivy League)",Sr.,WR,10,49,550,6
123,"Cody Chrest, Sam Houston (WAC)",Sr.,WR,9,36,548,2
124,"Zedakiah Centers, Cal Poly (Big Sky)",So.,WR,10,36,547,5
124,"CJ Hardy, UIW (Southland)",Sr.,WR,14,40,547,6
126,"Jacob Sharp, Weber St. (Big Sky)",So.,WR,12,35,546,3
127,"Will Huzzie, ETSU (SoCon)",Jr.,WR,11,42,545,6
128,"Marcus Riley, Bethune-Cookman (SWAC)",Jr.,QB,11,38,544,5
129,"Lachlan Pitts, William & Mary (CAA)",Sr.,TE,13,28,543,5
130,"Kyle Lepkowski, New Hampshire (CAA)",Jr.,TE,13,42,542,2
131,"Garett Maag, North Dakota (MVFC)",Sr.,WR,12,41,540,5
132,"Caylin Newton, William & Mary (CAA)",Sr.,WR,13,37,537,3
133,"Chance Knox, VMI (SoCon)",Jr.,WR,11,58,535,2
134,"Brett Landis, Marist (Pioneer)",So.,WR,11,40,531,0
135,"Kisean Johnson, Alabama St. (SWAC)",So.,WR,9,31,530,3
135,"Deion McShane, UNI (MVFC)",Sr.,WR,11,34,530,2
137,"Mekai Felton, Fordham (Patriot)",Jr.,WR,11,37,525,6
137,"Maurice Massey, Southeastern La. (Southland)",Fr.,WR,12,40,525,4
139,"Nick DeGennaro, Richmond (CAA)",Jr.,WR,13,51,522,1
140,"Da'Kendall James, Towson (CAA)",Jr.,WR,11,46,520,3
140,"Zach Mathis, North Dakota St. (MVFC)",Sr.,WR,15,35,520,3
142,"David Pantelis, Yale (Ivy League)",So.,WR,10,39,518,2
142,"Lyndon Rash, Grambling (SWAC)",Sr.,WR,11,32,518,5
144,"Nate Bennett, Portland St. (Big Sky)",So.,WR,11,47,517,0
144,"James Burns, Austin Peay (ASUN)",Jr.,WR,9,39,517,5
146,"Rory Starkey, Penn (Ivy League)",Sr.,WR,10,56,515,4
147,"Mason Pierce, McNeese (Southland)",Jr.,WR,11,40,512,2
148,"Sergio Morancy, UNI (MVFC)",So.,WR,11,26,510,6
149,"Devin Smith, N.C. Central (MEAC)",So.,WR,11,38,509,6
150,"EJ Smoot, UT Martin (OVC)",Jr.,WR,11,32,508,3
