Rank,Player,Cl,Pos,G,Rec,Rec Yds,Rec TD
1,"James Washington, Oklahoma St. (Big 12)",Sr.,WR,13,74,"1,549",13
2,"Cedrick Wilson, Boise St. (Mountain West)",Sr.,WR,14,83,"1,511",7
3,"Anthony Miller, Memphis (AAC)",Sr.,WR,13,96,"1,462",18
4,"Keke Coutee, Texas Tech (Big 12)",Jr.,WR,13,93,"1,429",10
5,"Michael Gallup, Colorado St. (Mountain West)",Sr.,WR,13,100,"1,413",7
6,"Anthony Johnson, Buffalo (MAC)",Jr.,WR,12,76,"1,356",14
7,"Steve Ishmael, Syracuse (ACC)",Sr.,WR,12,105,"1,347",7
8,"Diontae Johnson, Toledo (MAC)",So.,WR,14,74,"1,278",13
9,"Jordan Lasley, UCLA (Pac-12)",Jr.,WR,9,69,"1,264",9
10,"A.J. Brown, Ole Miss (SEC)",So.,WR,12,75,"1,252",11
11,"Trey Quinn, SMU (AAC)",Jr.,WR,13,114,"1,236",13
12,"Tre'Quan Smith, UCF (AAC)",Jr.,WR,13,59,"1,171",13
13,"Marcell Ateman, Oklahoma St. (Big 12)",Sr.,WR,13,59,"1,156",8
14,"N'Keal Harry, Arizona St. (Pac-12)",So.,WR,13,82,"1,142",8
15,"Penny Hart, Georgia St. (Sun Belt)",So.,WR,12,74,"1,121",8
16,"Deontay Burnett, Southern California (Pac-12)",Jr.,WR,14,86,"1,114",9
17,"Korey Robertson, Southern Miss. (C-USA)",Jr.,WR,13,76,"1,106",12
18,"Gary Jennings, West Virginia (Big 12)",Jr.,WR,13,97,"1,096",1
19,"Marquise Brown, Oklahoma (Big 12)",So.,WR,13,57,"1,095",7
20,"Denzel Mims, Baylor (Big 12)",So.,WR,12,61,"1,087",8
21,"Courtland Sutton, SMU (AAC)",Jr.,WR,13,68,"1,085",12
22,"J'Mon Moore, Missouri (SEC)",Sr.,WR,13,65,"1,082",10
23,"Jaleel Scott, New Mexico St. (Independent)",Sr.,WR,13,76,"1,079",9
24,"Steven Dunbar, Houston (AAC)",Sr.,WR,12,76,"1,070",3
25,"Trevon Brown, East Carolina (AAC)",Sr.,WR,12,60,"1,069",7
26,"D.J. Moore, Maryland (Big Ten)",Jr.,WR,12,80,"1,033",8
27,"Andy Isabella, Massachusetts (FBS Independent)",Jr.,RB,12,65,"1,020",10
28,"Kelvin Harmon, NC State (ACC)",So.,WR,13,69,"1,017",4
29,"Keesean Johnson, Fresno St. (Mountain West)",Jr.,WR,14,77,"1,013",8
30,"Ka'Raun White, West Virginia (Big 12)",Sr.,WR,13,61,"1,004",12
31,"Stanley Morgan Jr., Nebraska (Big Ten)",Jr.,WR,11,61,986,10
32,"Darren Carrington, Utah (Pac-12)",Sr.,WR,12,70,980,6
32,"David Sills, West Virginia (Big 12)",Jr.,WR,13,60,980,18
32,"Jaylen Smith, Louisville (ACC)",Jr.,WR,10,60,980,7
35,"Calvin Ridley, Alabama (SEC)",Jr.,WR,14,63,967,5
36,"Cam Phillips, Virginia Tech (ACC)",Sr.,WR,12,71,964,7
37,"Mark Andrews, Oklahoma (Big 12)",Jr.,TE,14,62,958,8
38,"Ty Lee, Middle Tenn. (C-USA)",So.,WR,13,79,955,5
39,"Teddy Veal, Louisiana Tech (C-USA)",Jr.,WR,13,74,950,7
40,"Tyre Brady, Marshall (C-USA)",Jr.,WR,11,62,942,8
41,"Allen Lazard, Iowa St. (Big 12)",Sr.,WR,13,71,941,10
42,"James Gardner, Miami (OH) (MAC)",Jr.,WR,12,47,927,11
43,"Wyatt Demps, Nevada (Mountain West)",Sr.,WR,12,67,908,11
44,"Ervin Philips, Syracuse (ACC)",Sr.,WR,12,89,904,4
45,"Olamide Zaccheaus, Virginia (ACC)",Jr.,WR,13,85,895,5
46,"Linell Bonner, Houston (AAC)",Sr.,WR,11,80,889,5
47,"Thomas Owens, FIU (C-USA)",Sr.,WR,9,59,887,6
48,"Davon Grayson, East Carolina (AAC)",Sr.,WR,11,59,886,6
49,"Marquez Valdes-Scantling, South Fla. (AAC)",Sr.,WR,12,53,879,6
50,"Sergio Bailey II, Eastern Mich. (MAC)",Sr.,WR,12,54,878,9
51,"Mark Chapman, Central Mich. (MAC)",Sr.,WR,13,59,875,5
52,"DJ Chark, LSU (SEC)",Sr.,WR,13,40,874,3
53,"Vic Wharton III, California (Pac-12)",Jr.,WR,12,67,871,5
54,"Christian Kirk, Texas A&M (SEC)",Jr.,WR,12,66,859,10
55,"Daesean Hamilton, Penn St. (Big Ten)",Sr.,WR,13,53,857,9
56,"Alfonso Onunwor, Idaho (Sun Belt)",Sr.,WR,11,64,856,8
57,"Simmie Cobbs, Jr., Indiana (Big Ten)",Jr.,WR,12,72,841,8
58,"Steven Sims Jr., Kansas (Big 12)",Jr.,WR,12,59,839,6
59,"Tavares Martin, Jr., Washington St. (Pac-12)",Jr.,WR,11,70,831,9
60,"Justin Hobbs, Tulsa (AAC)",Jr.,WR,12,55,830,3
60,"JD Spielman, Nebraska (Big Ten)",Fr.,WR,11,55,830,2
62,"Marcus Green, ULM (Sun Belt)",Jr.,WR,12,54,829,5
63,"Michael Lawrence, North Texas (C-USA)",So.,WR,14,62,819,4
64,"Emanuel Hall, Missouri (SEC)",Jr.,WR,12,33,817,8
65,"Dylan Cantrell, Texas Tech (Big 12)",Sr.,WR,13,71,816,7
65,"James Proche, SMU (AAC)",So.,WR,13,40,816,6
67,"Ryan Davis, Auburn (SEC)",Jr.,WR,14,84,815,5
68,"Tyler Vaughns, Southern California (Pac-12)",Fr.,WR,14,57,809,5
69,"Ceedee Lamb, Oklahoma (Big 12)",Fr.,WR,14,46,807,7
70,"Justin Hall, Ball St. (MAC)",Fr.,WR,12,78,801,3
71,"Justin McInnis, Arkansas St. (Sun Belt)",Jr.,WR,12,49,800,4
72,"T.J. Rahming, Duke (ACC)",Jr.,WR,13,65,795,2
73,"Bryan Edwards, South Carolina (SEC)",So.,WR,13,64,793,5
74,"Kanawai Noa, California (Pac-12)",So.,WR,11,56,788,4
75,"JJ Arcega-Whiteside, Stanford (Pac-12)",Jr.,WR,12,48,781,9
76,"Mclane Mannix, Nevada (Mountain West)",Fr.,WR,12,57,778,6
77,"Felton Davis, Michigan St. (Big Ten)",Jr.,WR,13,55,776,9
78,"Jalen Guyton, North Texas (C-USA)",So.,WR,13,49,775,9
79,"Darren Andrews, UCLA (Pac-12)",Sr.,WR,9,60,773,10
80,"Collin Johnson, Texas (Big 12)",So.,WR,13,54,765,2
81,"Adam Breneman, Massachusetts (FBS Independent)",Sr.,TE,11,64,764,4
82,"Kyle Williams, Arizona St. (Pac-12)",So.,WR,13,66,763,7
83,"Jamarius Way, South Alabama (Sun Belt)",Jr.,WR,12,47,762,3
84,"Dante Pettis, Washington (Pac-12)",Sr.,WR,13,63,761,7
85,"Elijah King, Texas St. (Sun Belt)",Sr.,WR,12,52,750,3
86,"Adonis Jennings, Temple (AAC)",Sr.,WR,13,42,742,7
87,"Deon Cain, Clemson (ACC)",Jr.,WR,14,58,734,6
88,"Ike Lewis, App State (Sun Belt)",Sr.,WR,13,51,733,8
89,"Terren Encalade, Tulane (AAC)",Jr.,WR,12,39,730,4
90,"Trent Sherfield, Vanderbilt (SEC)",Sr.,WR,12,50,729,5
91,"Jakobi Meyers, NC State (ACC)",So.,WR,12,63,727,5
92,"Kwadarrius Smith, Akron (MAC)",Jr.,WR,14,34,726,7
93,"Jonathon Johnson, Missouri (SEC)",So.,WR,13,41,724,6
93,"Byron Pringle, Kansas St. (Big 12)",Jr.,WR,12,30,724,6
95,"Greg Dortch, Wake Forest (ACC)",Fr.,WR,8,53,722,9
95,"Scott Miller, Bowling Green (MAC)",Jr.,WR,12,63,722,4
97,"Javon Wims, Georgia (SEC)",Sr.,WR,15,45,720,7
98,"Scotty Washington, Wake Forest (ACC)",So.,WR,13,45,711,3
99,"Nacarius Fant, Western Ky. (C-USA)",Sr.,WR,13,74,704,4
99,"RJ Turner, ULM (Sun Belt)",Jr.,WR,11,40,704,6
101,"Juwan Johnson, Penn St. (Big Ten)",So.,WR,13,54,701,1
102,"Dez Fitzpatrick, Louisville (ACC)",Fr.,WR,13,45,699,9
103,"Damarkus Lodge, Ole Miss (SEC)",Jr.,WR,12,41,698,7
103,"Jester Weah, Pittsburgh (ACC)",Sr.,WR,12,41,698,4
105,"Hakeem Butler, Iowa St. (Big 12)",So.,WR,13,41,697,7
105,"Chris Murray, Arkansas St. (Sun Belt)",Sr.,WR,12,50,697,9
107,"Dredrick Snelson, UCF (AAC)",So.,WR,13,46,695,8
108,"Damion Ratley, Texas A&M (SEC)",Sr.,WR,12,30,694,6
109,"Bryce Bobo, Colorado (Pac-12)",Sr.,WR,12,62,693,5
110,"Jon'Vea Johnson, Toledo (MAC)",Jr.,WR,14,42,689,5
110,"Andre Levrone, Virginia (ACC)",Sr.,WR,13,34,689,7
112,"Anthony Mahoungou, Purdue (Big Ten)",Sr.,WR,13,40,688,8
112,"Deon Yelder, Western Ky. (C-USA)",Sr.,TE,12,52,688,7
114,"Tyre McCants, South Fla. (AAC)",Jr.,WR,12,36,686,7
115,"Tabari Hines, Wake Forest (ACC)",Jr.,WR,13,53,683,7
116,"Braxton Berrios, Miami (FL) (ACC)",Sr.,WR,13,55,679,9
117,"Rico Bussey, Jr., North Texas (C-USA)",So.,WR,13,47,677,7
117,"Tyler Johnson, Minnesota (Big Ten)",So.,WR,10,35,677,7
117,"Andre Wilson, UAB (C-USA)",Jr.,WR,13,54,677,6
120,"Kahlil Lewis, Cincinnati (AAC)",Jr.,WR,12,61,676,7
120,"Ryheem Malone, Louisiana (Sun Belt)",Jr.,WR,11,44,676,4
122,"Keith Kirkwood, Temple (AAC)",Sr.,WR,13,45,671,7
123,"Corey Willis, Central Mich. (MAC)",Sr.,WR,10,45,669,9
124,"Isaiah Wright, Temple (AAC)",So.,WR,13,46,668,4
125,"John Ursua, Hawaii (Mountain West)",So.,WR,6,47,667,5
126,"Marcus Simms, West Virginia (Big 12)",So.,WR,12,35,663,5
127,"Willie Wright, Fla. Atlantic (C-USA)",Fr.,WR,14,56,657,6
128,"Doni Dowling, Virginia (ACC)",Sr.,WR,13,50,647,5
129,"D.K. Metcalf, Ole Miss (SEC)",So.,WR,12,39,646,7
130,"Jalen McCleskey, Oklahoma St. (Big 12)",Jr.,WR,13,50,645,5
131,"Steven Mitchell, Southern California (Pac-12)",Sr.,WR,12,41,644,4
131,"Ben Skowronek, Northwestern (Big Ten)",So.,OL,13,45,644,5
133,"Darius Slayton, Auburn (SEC)",So.,WR,13,29,643,5
134,"Seth Dawkins, Louisville (ACC)",So.,WR,12,42,642,4
135,"Terry Godwin, Georgia (SEC)",Jr.,WR,15,38,639,6
136,"Dylan Collie, Hawaii (Mountain West)",Jr.,WR,11,56,636,4
137,"Saquon Barkley, Penn St. (Big Ten)",Jr.,RB,13,54,632,3
138,"Papi White, Ohio (MAC)",Jr.,WR,9,36,631,3
139,"Anthony Ratliff-Williams, North Carolina (ACC)",So.,WR,12,35,630,6
140,"Deondre Douglas, Troy (Sun Belt)",Jr.,WR,13,48,628,4
141,"Brian Williams, ULM (Sun Belt)",Sr.,WR,12,45,626,4
142,"Teo Redding, Bowling Green (MAC)",Sr.,WR,11,45,624,8
143,"Shay Fields, Colorado (Pac-12)",Sr.,WR,12,46,623,4
143,"De'Mornay Pierson-El, Nebraska (Big Ten)",Sr.,WR,12,45,623,5
143,"Turner Smiley, North Texas (C-USA)",Sr.,WR,14,35,623,5
146,"Aaron Cephus, Rice (C-USA)",Fr.,WR,11,25,622,5
147,"Damion Willis, Troy (Sun Belt)",Jr.,WR,13,42,620,3
148,"Kalib Woods, Fla. Atlantic (C-USA)",Sr.,WR,8,24,619,4
149,"Blake Mack, Arkansas St. (Sun Belt)",Sr.,TE,12,48,618,7
149,"Brendan O'Leary-Orange, Nevada (Mountain West)",So.,WR,11,39,618,4
151,"Hergy Mayala, UConn (AAC)",Jr.,WR,10,43,615,7
152,"Devonte Boyd, UNLV (Mountain West)",Sr.,WR,12,34,612,3
153,"Kalija Lipscomb, Vanderbilt (SEC)",So.,WR,12,37,610,8
154,"Jacob Sannon, Idaho (Sun Belt)",Sr.,WR,12,59,608,1
155,"Nyqwan Murray, Florida St. (ACC)",Jr.,WR,12,40,604,4
156,"Mikah Holder, San Diego St. (Mountain West)",Sr.,WR,13,43,602,2
156,"Hunter Renfrow, Clemson (ACC)",Jr.,WR,14,60,602,3
158,"Lucky Jackson, Western Ky. (C-USA)",So.,WR,12,39,600,3
159,"Darnell Mooney, Tulane (AAC)",So.,WR,12,34,599,4
160,"Tony Ellison, Arizona (Pac-12)",Jr.,WR,13,37,598,5
161,"Jaylen Samuels, NC State (ACC)",Sr.,TE,13,76,597,4
162,"Olabisi Johnson, Colorado St. (Mountain West)",Jr.,WR,12,41,595,2
163,"Theo Howard, UCLA (Pac-12)",So.,WR,13,56,594,4
164,"Luke Timian, Indiana (Big Ten)",Jr.,WR,12,68,589,2
165,"Datrin Guyton, Bowling Green (MAC)",Jr.,WR,12,31,585,2
165,"Thomas Hennigan, App State (Sun Belt)",Fr.,WR,13,45,585,7
167,"Parris Campbell, Ohio St. (Big Ten)",Jr.,WR,13,40,584,3
168,"Stephen Louis, NC State (ACC)",Jr.,WR,11,37,583,2
169,"Rhashid Bonnette, Louisiana Tech (C-USA)",So.,WR,12,33,582,2
170,"Jalen Reagor, TCU (Big 12)",Fr.,WR,14,33,576,8
170,"Dillon Stoner, Oklahoma St. (Big 12)",Fr.,WR,12,44,576,6
172,"John Diarse, TCU (Big 12)",Sr.,WR,14,35,575,3
173,"Shun Brown, Arizona (Pac-12)",Jr.,WR,13,43,573,6
174,"Sam Harris, South Alabama (Sun Belt)",Jr.,WR,12,41,570,2
175,"Ron'Quavion Tarver, Utah St. (Mountain West)",Jr.,WR,13,48,569,7
176,"Da'Mari Scott, Fresno St. (Mountain West)",Sr.,WR,14,57,566,1
177,"Mike Gesicki, Penn St. (Big Ten)",Sr.,TE,13,57,563,9
178,"Jamire Jordan, Fresno St. (Mountain West)",Jr.,WR,14,27,562,3
179,"Hayden Hurst, South Carolina (SEC)",Jr.,TE,13,44,559,2
180,"Jalen Harvey, Arizona St. (Pac-12)",Jr.,WR,13,33,558,1
181,"Jhamon Ausbon, Texas A&M (SEC)",Fr.,WR,12,47,556,3
181,"Cam Serigne, Wake Forest (ACC)",Sr.,TE,13,44,556,9
183,"Isaiah Johnson-Mack, Washington St. (Pac-12)",So.,WR,12,60,555,5
184,"Taivon Jacobs, Maryland (Big Ten)",Sr.,WR,12,47,553,5
185,"Brandon Presley, UNLV (Mountain West)",So.,WR,12,34,552,3
186,"A.J. Coney, Akron (MAC)",Sr.,WR,14,43,551,3
187,"Austin Conway, Wyoming (Mountain West)",So.,WR,13,61,549,3
187,"K.J. Hill, Ohio St. (Big Ten)",Jr.,WR,14,56,549,3
189,"Kamathi Holsey, Buffalo (MAC)",Sr.,WR,12,32,548,1
189,"Antoine Porter, Eastern Mich. (MAC)",Sr.,WR,12,46,548,4
189,"Auden Tate, Florida St. (ACC)",Jr.,WR,12,40,548,10
192,"Troy Fumagalli, Wisconsin (Big Ten)",Sr.,TE,13,46,547,4
193,"Ricky Jeune, Georgia Tech (ACC)",Sr.,WR,11,25,545,6
193,"T.J. Vasher, Texas Tech (Big 12)",Fr.,WR,13,29,545,6
195,"Arkeel Newsome, UConn (AAC)",Sr.,RB,10,25,541,2
196,"Keenan Barnes, Louisiana (Sun Belt)",Jr.,WR,10,37,539,2
196,"Keenen Johnson, Tulsa (AAC)",So.,WR,12,44,539,1
196,"Garrett Johnson, Kentucky (SEC)",Sr.,WR,13,48,539,2
196,"Jonathan Nance, Arkansas (SEC)",Jr.,WR,11,37,539,5
200,"Renard Bell, Washington St. (Pac-12)",So.,WR,13,40,538,3
