Rank,Player,Cl,Pos,G,Rec,Rec Yds,Rec TD
1,"Nathaniel Dell, Houston (AAC)",Jr.,WR,13,109,"1,398",17
2,"Charlie Jones, Purdue (Big Ten)",Sr.,WR,13,110,"1,361",12
3,"Rashee Rice, SMU (AAC)",Sr.,WR,12,96,"1,355",10
4,"Malachi Corley, Western Ky. (C-USA)",So.,WR,14,101,"1,295",11
5,"Jalin Hyatt, Tennessee (SEC)",Jr.,WR,12,67,"1,267",15
6,"Marvin Harrison Jr., Ohio St. (Big Ten)",So.,WR,13,77,"1,263",14
7,"Keylon Stokes, Tulsa (AAC)",Sr.,WR,12,76,"1,224",8
8,"Xavier Hutchinson, Iowa St. (Big 12)",Sr.,WR,12,107,"1,171",6
9,"Emeka Egbuka, Ohio St. (Big Ten)",So.,WR,13,74,"1,151",10
10,"Rome Odunze, Washington (Pac-12)",So.,WR,12,75,"1,145",7
11,"Zakhari Franklin, UTSA (C-USA)",Sr.,WR,14,94,"1,136",15
12,"Tory Horton, Colorado St. (Mountain West)",So.,WR,12,71,"1,131",8
13,"Jamari Thrash, Georgia St. (Sun Belt)",Jr.,WR,12,61,"1,122",7
14,"Dorian Singer, Arizona (Pac-12)",So.,WR,12,66,"1,105",6
15,"Jalen McMillan, Washington (Pac-12)",So.,WR,13,79,"1,098",9
16,"A.T. Perry, Wake Forest (ACC)",Jr.,WR,13,81,"1,096",11
17,"Jalen Moreno-Cropper, Fresno St. (Mountain West)",Sr.,WR,14,83,"1,086",5
18,"Isaiah Winstead, East Carolina (AAC)",Sr.,WR,13,88,"1,085",6
19,"Marvin Mims Jr., Oklahoma (Big 12)",Jr.,WR,13,54,"1,083",6
20,"Zay Flowers, Boston College (ACC)",Sr.,WR,12,78,"1,077",12
21,"Elijah Cooks, San Jose St. (Mountain West)",Sr.,WR,12,69,"1,076",10
22,"Quentin Johnston, TCU (Big 12)",Jr.,WR,14,60,"1,069",6
23,"Jared Wayne, Pittsburgh (ACC)",Sr.,WR,12,60,"1,063",5
24,"Trey Palmer, Nebraska (Big Ten)",Jr.,WR,12,71,"1,043",9
25,"Tyrin Smith, UTEP (C-USA)",So.,WR,12,71,"1,039",7
26,"Jacob Cowing, Arizona (Pac-12)",Jr.,WR,12,85,"1,034",7
26,"Tyler Hudson, Louisville (ACC)",Jr.,WR,12,69,"1,034",2
28,"Josh Downs, North Carolina (ACC)",Jr.,WR,11,94,"1,029",11
29,"Malik Nabers, LSU (SEC)",So.,WR,14,72,"1,017",3
30,"C.J. Johnson, East Carolina (AAC)",Jr.,WR,13,67,"1,016",10
31,"Sam Pinckney, Coastal Carolina (Sun Belt)",Sr.,WR,13,71,996,3
32,"Demario Douglas, Liberty (FBS Independent)",So.,WR,13,79,993,6
33,"Joshua Cephus, UTSA (C-USA)",Sr.,WR,13,87,985,6
34,"Oronde Gadsden II, Syracuse (ACC)",So.,WR,13,61,975,6
35,"Malik Heath, Ole Miss (SEC)",Sr.,WR,13,60,971,5
36,"Jeremiah Hunter, California (Pac-12)",Jr.,WR,11,60,965,5
37,"Ali Jennings, Old Dominion (Sun Belt)",Jr.,WR,9,54,959,9
38,"Elijah Spencer, Charlotte (C-USA)",So.,WR,12,57,943,9
39,"Brock Bowers, Georgia (SEC)",So.,TE,15,63,942,7
40,"Jaylin Lane, Middle Tenn. (C-USA)",So.,WR,11,69,940,5
41,"Tre Harris, Louisiana Tech (C-USA)",So.,WR,12,65,935,10
42,"Shocky Jacques-Louis, Akron (MAC)",Sr.,WR,12,74,931,2
43,"Antwane Wells Jr., South Carolina (SEC)",Jr.,WR,13,68,928,6
44,"Khaleb Hood, Ga. Southern (Sun Belt)",Sr.,WR,13,87,925,3
45,"Brian Cobbs, Utah St. (Mountain West)",Sr.,WR,13,76,923,5
45,"Trea Shropshire, UAB (C-USA)",Sr.,WR,12,41,923,6
47,"Devontez Walker, Kent St. (MAC)",So.,WR,12,58,921,11
48,"Jose Barbon, Temple (AAC)",Sr.,WR,12,72,918,2
49,"Matt Landers, Arkansas (SEC)",Sr.,WR,13,47,901,8
50,"Tyler Scott, Cincinnati (AAC)",Jr.,WR,11,54,899,9
51,"Johnny Wilson, Florida St. (ACC)",So.,WR,13,43,897,5
52,"Jason Brownlee, Southern Miss. (Sun Belt)",Sr.,WR,13,55,891,8
52,"Troy Franklin, Oregon (Pac-12)",So.,WR,13,61,891,9
54,"Dalton Kincaid, Utah (Pac-12)",Sr.,TE,12,70,890,8
55,"Ronnie Bell, Michigan (Big Ten)",Sr.,WR,14,62,889,4
56,"Sam Wiglusz, Ohio (MAC)",Sr.,WR,14,73,877,11
57,"Bradley Rozner, Rice (C-USA)",Sr.,WR,13,44,876,10
58,"Jordan Addison, Southern California (Pac-12)",Jr.,WR,11,59,875,8
59,"Jalon Calhoun, Duke (ACC)",Sr.,WR,13,62,873,4
60,"Daewood Davis, Western Ky. (C-USA)",Sr.,WR,12,63,872,7
61,"Jaylen Hall, Western Ky. (C-USA)",Sr.,WR,14,68,869,6
62,"Devin Voisin, South Alabama (Sun Belt)",Jr.,WR,13,64,867,5
63,"Elijhah Badger, Arizona St. (Pac-12)",So.,WR,12,70,866,7
64,"Tez Johnson, Troy (Sun Belt)",So.,WR,13,56,863,4
65,"Jonathan Mingo, Ole Miss (SEC)",Sr.,WR,13,51,861,5
66,"JuanCarlos Santana, Tulsa (AAC)",Sr.,WR,12,53,859,7
67,"Alex Adams, Akron (MAC)",So.,WR,11,63,856,9
68,"Tyrone Howell, ULM (Sun Belt)",Sr.,WR,12,50,852,6
68,"Nikko Remigio, Fresno St. (Mountain West)",Sr.,WR,14,74,852,6
70,"Dominic Lovett, Missouri (SEC)",So.,WR,12,56,846,3
71,"Justin Marshall, Buffalo (MAC)",Sr.,WR,13,64,837,9
72,"Jerjuan Newton, Toledo (MAC)",Jr.,WR,14,53,830,9
73,"Jayshon Jackson, Ball St. (MAC)",Sr.,WR,12,73,823,3
74,"Jake Bobo, UCLA (Pac-12)",Sr.,WR,13,57,817,7
75,"Caullin Lacy, South Alabama (Sun Belt)",So.,WR,13,65,816,6
75,"Jalen Wayne, South Alabama (Sun Belt)",Sr.,WR,13,58,816,9
77,"Corey Crooms, Western Mich. (MAC)",Jr.,WR,12,57,814,5
78,"Brennan Presley, Oklahoma St. (Big 12)",Jr.,WR,13,67,813,2
79,"Michael Jefferson, Louisiana (Sun Belt)",Sr.,WR,12,51,810,7
80,"Michael Mayer, Notre Dame (FBS Independent)",Jr.,TE,12,67,809,9
81,"Keon Coleman, Michigan St. (Big Ten)",So.,WR,12,58,798,7
81,"Antoine Green, North Carolina (ACC)",Sr.,WR,9,43,798,7
83,"Javon Baker, UCF (AAC)",Jr.,WR,14,56,796,5
84,"Daniel George, Akron (MAC)",Jr.,WR,12,67,793,2
85,"Grant DuBose, Charlotte (C-USA)",Jr.,WR,12,64,792,9
86,"Jared Brown, Coastal Carolina (Sun Belt)",Fr.,WR,13,49,789,6
87,"Tahj Washington, Southern California (Pac-12)",Jr.,WR,14,50,785,6
88,"Jacoby Jones, Ohio (MAC)",Jr.,WR,14,45,777,6
89,"Will Sheppard, Vanderbilt (SEC)",Jr.,WR,12,60,776,9
90,"Corey Gammage, Marshall (Sun Belt)",Jr.,WR,13,52,774,6
91,"Mac Hippenhammer, Miami (OH) (MAC)",Sr.,WR,13,54,769,9
92,"Xavier Worthy, Texas (Big 12)",So.,WR,13,60,760,9
93,"J.Michael Sturdivant, California (Pac-12)",Fr.,WR,12,65,755,7
94,"Odieu Hiliare, Bowling Green (MAC)",Sr.,WR,13,58,747,6
95,"Sam James, West Virginia (Big 12)",Jr.,WR,12,46,745,6
96,"Jerand Bradley, Texas Tech (Big 12)",Fr.,WR,12,51,744,6
96,"Dante Cephas, Kent St. (MAC)",Jr.,WR,9,48,744,3
98,"Quian Williams, Buffalo (MAC)",Sr.,WR,13,61,743,5
99,"De'Corian Clark, UTSA (C-USA)",Sr.,WR,9,51,741,8
100,"Malik Knowles, Kansas St. (Big 12)",Sr.,WR,14,48,725,2
100,"Ryan O'Keefe, UCF (AAC)",Sr.,WR,13,73,725,5
102,"Luke McCaffrey, Rice (C-USA)",So.,WR,11,58,723,6
103,"LaJohntay Wester, Fla. Atlantic (C-USA)",So.,WR,12,62,719,8
104,"Xavier Weaver, South Fla. (AAC)",Jr.,WR,9,53,718,6
105,"Derwin Burgess Jr., Ga. Southern (Sun Belt)",So.,WR,10,58,717,6
106,"Lawrence Arnold, Kansas (Big 12)",Jr.,WR,13,44,716,4
107,"Ladd McConkey, Georgia (SEC)",So.,WR,14,53,715,7
107,"Isaiah Williams, Illinois (Big Ten)",So.,WR,13,82,715,5
109,"Jeremy Singleton, Ga. Southern (Sun Belt)",Sr.,WR,12,66,714,2
110,"RaJae' Johnson, Troy (Sun Belt)",Sr.,WR,14,36,713,7
111,"Elijah Higgins, Stanford (Pac-12)",Sr.,WR,12,59,704,2
112,"Jadon Haselwood, Arkansas (SEC)",Jr.,WR,12,59,702,3
112,"Tetairoa McMillan, Arizona (Pac-12)",Fr.,WR,12,39,702,8
114,"Devaughn Vele, Utah (Pac-12)",So.,WR,14,55,695,5
115,"Ja'Lynn Polk, Washington (Pac-12)",Fr.,WR,13,41,694,6
115,"Malik Washington, Northwestern (Big Ten)",Sr.,WR,12,65,694,1
117,"Shae Wyatt, Tulane (AAC)",Sr.,WR,14,35,692,7
118,"Chimere Dike, Wisconsin (Big Ten)",Jr.,WR,13,47,689,6
119,"Jermaine Burton, Alabama (SEC)",Jr.,WR,13,40,677,7
120,"Roderic Burns, North Texas (C-USA)",Jr.,WR,14,40,676,1
121,"Bryce Ford-Wheaton, West Virginia (Big 12)",Jr.,WR,12,62,675,7
122,"Ja'Corey Brooks, Alabama (SEC)",So.,WR,13,39,674,8
122,"Kaleb Smith, Virginia Tech (ACC)",Sr.,WR,11,37,674,3
124,"Tre Tucker, Cincinnati (AAC)",Sr.,WR,12,52,671,3
125,"Bru McCoy, Tennessee (SEC)",Jr.,WR,12,52,667,4
126,"Ricky Pearsall, Florida (SEC)",Sr.,WR,13,33,661,5
127,"Sam LaPorta, Iowa (Big Ten)",Sr.,TE,12,58,657,1
127,"Duece Watts, Tulane (AAC)",Sr.,WR,14,33,657,8
129,"Jordan Moore, Duke (ACC)",So.,QB,13,60,656,5
130,"Nate McCollum, Georgia Tech (ACC)",So.,WR,11,60,655,3
130,"Seydou Traore, Arkansas St. (Sun Belt)",So.,TE,12,50,655,4
132,"Jordan Whittington, Texas (Big 12)",Jr.,WR,13,50,652,1
133,"Evan Stewart, Texas A&M (SEC)",Fr.,WR,10,53,649,2
134,"Tyrell Shavers, San Diego St. (Mountain West)",Sr.,WR,13,38,643,3
135,"Donavon Greene, Wake Forest (ACC)",So.,WR,13,37,642,6
135,"Thayer Thomas, NC State (ACC)",Sr.,WR,13,57,642,4
137,"Kobe Hudson, UCF (AAC)",Jr.,WR,12,39,641,7
138,"Jahmal Banks, Wake Forest (ACC)",So.,WR,12,42,636,9
138,"Jayden Reed, Michigan St. (Big Ten)",Sr.,WR,11,55,636,5
140,"Smoke Harris, Louisiana Tech (C-USA)",Jr.,WR,12,65,635,5
141,"Tanner Knue, Eastern Mich. (MAC)",Sr.,WR,12,45,632,9
141,"Cole Tucker, NIU (MAC)",Sr.,WR,11,45,632,4
143,"Mario Williams, Southern California (Pac-12)",So.,WR,12,40,631,5
144,"Barion Brown, Kentucky (SEC)",Fr.,WR,13,50,628,4
144,"Jyaire Shorter, North Texas (C-USA)",Jr.,WR,13,23,628,11
146,"Rara Thomas, Mississippi St. (SEC)",So.,WR,12,44,626,7
147,"Puka Nacua, BYU (FBS Independent)",Jr.,WR,9,48,625,5
148,"Terrell Vaughn, Utah St. (Mountain West)",Jr.,WR,13,56,624,5
149,"Luke Grimm, Kansas (Big 12)",Jr.,WR,12,52,623,6
149,"Zane Pope, Fresno St. (Mountain West)",Sr.,WR,14,50,623,4
151,"Christan Horn, App State (Sun Belt)",So.,WR,12,34,620,4
152,"Ricky White, UNLV (Mountain West)",So.,WR,12,51,619,4
153,"Michael Mathison, Western Ky. (C-USA)",Jr.,WR,14,52,615,3
154,"Taye Barber, TCU (Big 12)",Sr.,WR,15,37,613,5
154,"Ja'Tavion Sanders, Texas (Big 12)",So.,TE,13,54,613,5
156,"Brenden Rice, Southern California (Pac-12)",Jr.,WR,14,39,611,4
156,"Parker Washington, Penn St. (Big Ten)",So.,WR,10,46,611,2
158,"Moose Muhammad III, Texas A&M (SEC)",So.,WR,10,38,610,4
159,"James Bostic, Ohio (MAC)",Sr.,WR,14,33,607,1
160,"Tre'Shaun Harrison, Oregon St. (Pac-12)",Sr.,WR,12,52,604,4
160,"Antonio Williams, Clemson (ACC)",Fr.,WR,14,56,604,4
162,"Eddie Lewis, Memphis (AAC)",Sr.,WR,13,41,603,7
163,"Caden Prieskorn, Memphis (AAC)",Jr.,TE,13,48,602,7
163,"De'Zhaun Stribling, Washington St. (Pac-12)",So.,WR,12,51,602,5
165,"KeSean Carter, Houston (AAC)",Sr.,WR,13,38,601,5
166,"Jordan Kerley, SMU (AAC)",Jr.,WR,10,37,588,6
167,"Phillip Brooks, Kansas St. (Big 12)",Sr.,WR,14,45,587,4
167,"Ashtyn Hawkins, Texas St. (Sun Belt)",So.,WR,9,56,587,7
169,"Javon Ivory, Memphis (AAC)",Jr.,WR,12,46,586,2
170,"Matthew Golden, Houston (AAC)",Fr.,WR,11,38,584,7
170,"Bryson Green, Oklahoma St. (Big 12)",So.,WR,11,36,584,5
172,"Robert Ferrel, Washington St. (Pac-12)",Sr.,WR,11,56,582,4
173,"BJ Casteel, Nevada (Mountain West)",Sr.,WR,12,48,581,4
174,"Keytaon Thompson, Virginia (ACC)",Sr.,WR,8,53,579,0
175,"Justin Lockhart, San Jose St. (Mountain West)",So.,WR,12,36,578,1
176,"Justin Shorter, Florida (SEC)",Sr.,WR,9,29,577,2
176,"Mitchell Tinsley, Penn St. (Big Ten)",Sr.,WR,13,51,577,5
178,"Taylor Morin, Wake Forest (ACC)",So.,WR,13,47,575,9
179,"Keanu Hill, BYU (FBS Independent)",So.,WR,13,36,572,7
179,"Jaylin Noel, Iowa St. (Big 12)",So.,WR,12,60,572,3
179,"Xavier White, Texas Tech (Big 12)",Sr.,WR,13,45,572,3
182,"Jahmal Edrine, Fla. Atlantic (C-USA)",So.,WR,11,39,570,6
183,"Cam Camper, Indiana (Big Ten)",Jr.,WR,7,46,569,2
184,"Braydon Johnson, Oklahoma St. (Big 12)",Sr.,WR,10,32,566,3
185,"Monaray Baldwin, Baylor (Big 12)",So.,WR,11,33,565,4
186,"Ramel Keyton, Tennessee (SEC)",Sr.,WR,13,31,562,5
187,"Miles Cross, Ohio (MAC)",So.,WR,14,47,560,3
187,"Payne Durham, Purdue (Big Ten)",Sr.,TE,13,56,560,8
189,"Izaiah Gathings, Middle Tenn. (C-USA)",Sr.,WR,12,60,559,2
190,"Javon Harvey, Old Dominion (Sun Belt)",So.,WR,12,30,558,4
191,"Daniel Jackson, Minnesota (Big Ten)",Jr.,WR,11,37,557,5
191,"Jeshaun Jones, Maryland (Big Ten)",Sr.,WR,13,44,557,4
193,"Jha'Quan Jackson, Tulane (AAC)",Jr.,WR,14,33,554,3
194,"Ke'Shawn Williams, Wake Forest (ACC)",So.,WR,13,39,553,1
195,"Jimmy Horn Jr., South Fla. (AAC)",So.,WR,11,37,551,3
195,"Konata Mumpfield, Pittsburgh (ACC)",So.,WR,12,58,551,1
197,"Latrell Caples, Boise St. (Mountain West)",So.,WR,14,51,549,4
198,"Devin Maddox, Toledo (MAC)",Jr.,WR,13,39,548,3
199,"Evan Hull, Northwestern (Big Ten)",Jr.,RB,12,55,546,2
200,"Tyrese Chambers, FIU (C-USA)",Sr.,WR,10,51,544,4
200,"Isaiah Esdale, Rice (C-USA)",Sr.,WR,13,42,544,2
