Rank,Player,Cl,Pos,G,Rec,Rec Yds,Rec TD
1,"Keyarris Garrett, Tulsa (AAC)",Sr.,WR,13,96,"1,588",8
2,"Roger Lewis, Bowling Green (MAC)",So.,WR,14,85,"1,544",16
3,"Taywan Taylor, Western Ky. (C-USA)",Jr.,WR,14,86,"1,467",17
4,"Juju Smith-Schuster, Southern California (Pac-12)",So.,WR,14,89,"1,454",10
5,"Corey Davis, Western Mich. (MAC)",Jr.,WR,13,90,"1,436",12
6,"Thomas Sperbeck, Boise St. (Mountain West)",Jr.,WR,13,88,"1,412",8
7,"Michael Thomas, Southern Miss. (C-USA)",Sr.,WR,13,71,"1,391",14
8,"Daniel Braverman, Western Mich. (MAC)",Jr.,WR,13,109,"1,377",13
9,"Corey Coleman, Baylor (Big 12)",Jr.,WR,12,74,"1,363",20
10,"Richie James, Middle Tenn. (C-USA)",Fr.,WR,13,108,"1,346",8
11,"Josh Doctson, TCU (Big 12)",Sr.,WR,11,79,"1,327",14
12,"Tajae Sharpe, Massachusetts (MAC)",Sr.,WR,12,111,"1,319",5
13,"Sterling Shepard, Oklahoma (Big 12)",Sr.,WR,13,86,"1,288",11
14,"Trent Taylor, Louisiana Tech (C-USA)",Jr.,WR,13,99,"1,282",9
15,"Jakeem Grant, Texas Tech (Big 12)",Sr.,WR,13,90,"1,268",10
16,"Aaron Burbridge, Michigan St. (Big Ten)",Sr.,WR,14,85,"1,258",7
16,"Will Fuller, Notre Dame (FBS Independent)",Jr.,WR,13,62,"1,258",14
18,"Demarcus Ayers, Houston (AAC)",Jr.,WR,14,98,"1,222",6
19,"Gabe Marks, Washington St. (Pac-12)",Jr.,WR,13,104,"1,192",15
20,"Isaiah Ford, Virginia Tech (ACC)",So.,WR,13,75,"1,164",11
21,"Laquon Treadwell, Ole Miss (SEC)",Jr.,WR,13,82,"1,153",11
22,"Kenny Golladay, NIU (MAC)",Jr.,WR,14,73,"1,129",10
23,"Jordan Payton, UCLA (Pac-12)",Sr.,WR,13,78,"1,106",5
24,"Chris Godwin, Penn St. (Big Ten)",So.,WR,13,69,"1,101",5
25,"Penny Hart, Georgia St. (Sun Belt)",Fr.,WR,13,71,"1,099",8
25,"Isaiah Jones, East Carolina (AAC)",Jr.,WR,12,98,"1,099",5
27,"James Washington, Oklahoma St. (Big 12)",So.,WR,13,53,"1,087",10
28,"Devin Lucien, Arizona St. (Pac-12)",Sr.,WR,13,66,"1,075",8
29,"Josh Atkinson, Tulsa (AAC)",Jr.,WR,13,76,"1,071",5
30,"Rashard Higgins, Colorado St. (Mountain West)",Jr.,WR,12,75,"1,062",8
31,"Nelson Spruce, Colorado (Pac-12)",Sr.,WR,13,89,"1,053",4
32,"Ed'Marques Batties, Middle Tenn. (C-USA)",Sr.,WR,13,82,"1,048",13
33,"Calvin Ridley, Alabama (SEC)",Fr.,WR,15,89,"1,045",7
34,"Dominique Williams, Washington St. (Pac-12)",Sr.,WR,13,75,"1,040",11
35,"Simmie Cobbs, Jr., Indiana (Big Ten)",So.,WR,13,60,"1,035",4
36,"Gehrig Dieter, Bowling Green (MAC)",Jr.,WR,14,94,"1,033",10
37,"Christian Kirk, Texas A&M (SEC)",Fr.,WR,13,80,"1,009",7
38,"Fred Ross, Mississippi St. (SEC)",Jr.,WR,13,88,"1,007",5
39,"Shaq Washington, Cincinnati (AAC)",Sr.,WR,13,90,982,6
40,"Robert Davis, Georgia St. (Sun Belt)",Jr.,WR,13,61,980,6
41,"Alex Erickson, Wisconsin (Big Ten)",Sr.,WR,13,77,978,3
42,"Pharoh Cooper, South Carolina (SEC)",Jr.,WR,12,66,973,8
43,"Nicholas Norris, Western Ky. (C-USA)",Jr.,WR,14,63,971,6
44,"Zach Pascal, Old Dominion (C-USA)",Jr.,WR,12,68,970,8
45,"Bryce Treggs, California (Pac-12)",Sr.,WR,13,45,956,7
46,"Ronnie Moore, Bowling Green (MAC)",Jr.,WR,14,72,954,6
47,"Robby Anderson, Temple (AAC)",Sr.,WR,14,70,939,7
48,"Tyler Boyd, Pittsburgh (ACC)",Jr.,WR,12,91,926,6
49,"Casey Martin, Southern Miss. (C-USA)",Sr.,WR,14,80,925,7
50,"Jordan Williams, Ball St. (MAC)",Sr.,WR,12,72,920,8
51,"Jordan Westerkamp, Nebraska (Big Ten)",Jr.,WR,13,65,918,7
51,"De'Runnya Wilson, Mississippi St. (SEC)",Jr.,WR,13,60,918,10
53,"Travis Rudolph, Florida St. (ACC)",So.,WR,13,59,916,7
54,"Josh Reynolds, Texas A&M (SEC)",Jr.,WR,12,51,907,5
55,"Ricky Jones, Indiana (Big Ten)",Jr.,WR,13,54,906,5
56,"Devonte Boyd, UNLV (Mountain West)",So.,WR,12,54,904,7
56,"Cayleb Jones, Arizona (Pac-12)",Jr.,WR,13,55,904,5
58,"Artavis Scott, Clemson (ACC)",So.,WR,15,93,901,6
59,"Shelton Gibson, West Virginia (Big 12)",So.,WR,13,37,887,9
60,"Geronimo Allison, Illinois (Big Ten)",Sr.,WR,12,65,882,3
61,"Teddy Ruben, Troy (Sun Belt)",Sr.,WR,12,63,879,9
62,"Thomas Duarte, UCLA (Pac-12)",Jr.,TE,13,53,872,10
63,"Chris Moore, Cincinnati (AAC)",Sr.,WR,12,40,870,7
64,"KD Cannon, Baylor (Big 12)",So.,WR,13,50,868,6
65,"David Glidden, Oklahoma St. (Big 12)",Sr.,WR,13,57,866,3
65,"Jesse Kroll, Central Mich. (MAC)",Sr.,WR,13,61,866,4
67,"Malcolm Mitchell, Georgia (SEC)",Sr.,WR,13,58,865,5
68,"Courtland Sutton, SMU (AAC)",Fr.,WR,12,49,862,9
69,"Jared Dangerfield, Western Ky. (C-USA)",Sr.,WR,14,82,844,8
70,"Drew Morgan, Arkansas (SEC)",Jr.,WR,13,63,843,10
71,"Hunter Sharp, Utah St. (Mountain West)",Sr.,WR,11,71,835,9
72,"Cody Thompson, Toledo (MAC)",So.,WR,12,37,825,5
73,"Jamal Robinson, Louisiana (Sun Belt)",Sr.,WR,12,54,824,5
74,"Rodney Adams, South Fla. (AAC)",Jr.,WR,13,45,822,9
75,"Jenson Stoshak, Fla. Atlantic (C-USA)",Sr.,WR,12,57,820,2
76,"Ron Willoughby, Buffalo (MAC)",Sr.,WR,12,62,813,6
77,"Leonte Carroo, Rutgers (Big Ten)",Sr.,WR,8,39,809,10
78,"Allen Lazard, Iowa St. (Big 12)",So.,WR,11,56,808,6
79,"Bralon Addison, Oregon (Pac-12)",Jr.,WR,13,63,804,10
80,"Kermit Whitfield, Florida St. (ACC)",Jr.,WR,13,57,798,6
81,"Mose Frazier, Memphis (AAC)",Sr.,WR,13,70,797,4
82,"Jerome Lane, Akron ()",So.,WR,13,39,782,8
83,"Michael Thomas, Ohio St. (Big Ten)",Jr.,WR,13,56,781,9
84,"D.J. Thompson, Southern Miss. (C-USA)",Jr.,WR,14,55,779,6
85,"Carlos Henderson, Louisiana Tech (C-USA)",So.,WR,11,36,774,5
86,"KJ Maye, Minnesota (Big Ten)",Sr.,WR,13,73,773,5
87,"Sabastian Smith, Ohio (MAC)",Jr.,WR,13,64,770,7
88,"Marcell Ateman, Oklahoma St. (Big 12)",Jr.,WR,13,45,766,5
89,"Jehu Chesson, Michigan (Big Ten)",Sr.,WR,13,50,764,9
90,"Canaan Severin, Virginia (ACC)",Sr.,WR,12,54,759,8
91,"Jay Lee, Baylor (Big 12)",Sr.,WR,13,38,758,8
92,"Dezmon Epps, Idaho (Sun Belt)",Sr.,WR,6,61,757,2
93,"Brandon Reilly, Nebraska (Big Ten)",Jr.,WR,13,40,754,4
94,"Chance Allen, Houston (AAC)",Jr.,WR,14,56,752,6
95,"Jerico Richardson, Nevada (Mountain West)",Jr.,WR,13,68,750,5
96,"Callen Hightower, Idaho (Sun Belt)",Jr.,WR,11,57,749,2
97,"Mack Hollins, North Carolina (ACC)",Jr.,WR,14,30,745,8
97,"Kevonn Mabon, Ball St. (MAC)",Jr.,WR,12,70,745,2
99,"Dede Westbrook, Oklahoma (Big 12)",Jr.,WR,13,46,743,4
100,"Hasaan Henderson, Nevada (Mountain West)",Jr.,WR,13,52,741,4
101,"Hunter Henry, Arkansas (SEC)",Jr.,TE,13,51,739,3
102,"Mitch Mathews, BYU (FBS Independent)",Sr.,WR,13,54,737,11
103,"Amara Darboh, Michigan (Big Ten)",Sr.,WR,13,58,727,5
103,"Carlos Harris, North Texas (C-USA)",Sr.,WR,12,61,727,7
105,"Donovan Harden, Georgia St. (Sun Belt)",Sr.,WR,10,39,725,5
106,"Tre'Quan Smith, UCF (AAC)",Fr.,WR,12,52,724,4
107,"Taquan Mizzell, Virginia (ACC)",Jr.,RB,12,75,721,4
108,"Noel Thomas, UConn (AAC)",Jr.,WR,13,54,719,3
109,"Ricardo Louis, Auburn (SEC)",Sr.,WR,13,46,716,3
109,"Charone Peake, Clemson (ACC)",Sr.,WR,15,50,716,5
111,"Davonte Allen, Marshall (C-USA)",Sr.,WR,13,58,715,5
112,"Ajalen Holley, ULM (Sun Belt)",Jr.,WR,12,60,709,6
113,"Deandre Reaves, Marshall (C-USA)",Sr.,WR,13,56,705,4
114,"Matt VandeBerg, Iowa (Big Ten)",Jr.,WR,14,65,703,4
115,"Antwane Grant, Western Ky. (C-USA)",Sr.,WR,14,55,701,7
116,"Ardarius Stewart, Alabama (SEC)",So.,WR,15,63,700,4
116,"Deangelo Yancey, Purdue (Big Ten)",Jr.,WR,12,48,700,5
118,"Malachi Dupre, LSU (SEC)",So.,WR,12,43,698,6
118,"Marcus Green, ULM (Sun Belt)",Fr.,WR,12,63,698,7
120,"Ryan Switzer, North Carolina (ACC)",Jr.,WR,14,55,697,6
121,"Rashawn Scott, Miami (FL) (ACC)",Sr.,WR,13,52,695,5
122,"Garrett Johnson, Kentucky (SEC)",So.,WR,12,46,694,2
122,"Anthony Miller, Memphis (AAC)",So.,WR,12,47,694,5
124,"Stacy Coley, Miami (FL) (ACC)",Jr.,WR,11,48,693,4
125,"Jaydon Mickens, Washington (Pac-12)",Sr.,WR,13,58,692,2
126,"Tyrain Taylor, New Mexico St. (Sun Belt)",Jr.,WR,12,39,691,4
127,"Mitchell Paige, Indiana (Big Ten)",Jr.,WR,13,57,684,6
128,"Antonio Callaway, Florida (SEC)",Fr.,WR,14,35,678,4
128,"Tanner Gentry, Wyoming (Mountain West)",Jr.,WR,7,37,678,4
130,"Trevor Davis, California (Pac-12)",Sr.,WR,13,40,672,2
131,"Phil Mayhue, Memphis (AAC)",So.,WR,13,51,670,1
132,"Devon Blackmon, BYU (FBS Independent)",Sr.,WR,13,46,669,0
133,"Jordan Villamin, Oregon St. (Pac-12)",So.,WR,12,43,660,5
134,"Trent Sherfield, Vanderbilt (SEC)",So.,WR,12,51,659,3
135,"Kenny Lawler, California (Pac-12)",Jr.,WR,13,52,658,13
136,"Paul Turner, Louisiana Tech (C-USA)",Sr.,WR,11,45,657,3
137,"Jake Butt, Michigan (Big Ten)",Jr.,TE,13,51,654,3
138,"Jake Maulhardt, Wyoming (Mountain West)",Jr.,WR,12,57,653,8
139,"Kavontae Turpin, TCU (Big 12)",Fr.,WR,13,45,649,8
140,"Christian McCaffrey, Stanford (Pac-12)",So.,RB,14,45,645,5
141,"Cody Core, Ole Miss (SEC)",Sr.,WR,13,37,644,4
141,"Teddy Veal, Tulane (AAC)",So.,WR,12,48,644,5
143,"Max McCaffrey, Duke (ACC)",Sr.,WR,13,52,643,5
144,"Jalen Robinette, Air Force (Mountain West)",Jr.,WR,14,26,641,5
145,"Devin Lauderdale, Texas Tech (Big 12)",Jr.,WR,11,43,639,4
146,"Quinshad Davis, North Carolina (ACC)",Sr.,WR,14,55,638,4
146,"Thomas Owens, FIU (C-USA)",So.,WR,12,51,638,8
146,"Jamari Staples, Louisville (ACC)",Jr.,WR,10,37,638,3
149,"Jonathan Duhart, Old Dominion (C-USA)",So.,WR,12,47,636,8
150,"Tim White, Arizona St. (Pac-12)",Jr.,WR,13,57,633,8
151,"Ryan Burbrink, Bowling Green (MAC)",Sr.,WR,13,56,627,4
152,"Matt Welser, Buffalo (MAC)",Sr.,TE,12,63,625,3
153,"Trent Cowan, Idaho (Sun Belt)",Jr.,WR,12,48,624,4
153,"James Quick, Louisville (ACC)",Jr.,WR,11,39,624,5
153,"Herb Waters, Miami (FL) (ACC)",Sr.,WR,13,41,624,1
156,"Jesus Wilson, Florida St. (ACC)",Jr.,WR,13,58,622,3
157,"Alonzo Russell, Toledo (MAC)",Sr.,WR,12,36,618,5
158,"Max Morrison, Cincinnati (AAC)",Sr.,WR,13,52,617,3
159,"Jordan Reid, Ohio (MAC)",Jr.,WR,13,45,616,5
160,"River Cracraft, Washington St. (Pac-12)",Jr.,WR,10,53,615,4
160,"Tres Houston, Arkansas St. (Sun Belt)",Sr.,WR,13,36,615,10
162,"Ben McCord, Central Mich. (MAC)",Sr.,TE,13,39,612,5
162,"Terry Pettis, Middle Tenn. (C-USA)",Jr.,TE,13,29,612,4
164,"Cortez Lewis, Wake Forest (ACC)",Fr.,WR,12,47,611,4
165,"Darren Carrington, Oregon (Pac-12)",So.,WR,7,32,609,6
166,"Dorian Baker, Kentucky (SEC)",So.,WR,12,55,608,3
166,"Johnny Jackson, Arizona (Pac-12)",Sr.,WR,13,50,608,5
168,"Quincy Adeboyejo, Ole Miss (SEC)",Jr.,WR,13,38,604,7
169,"O.J. Howard, Alabama (SEC)",Jr.,TE,15,38,602,2
170,"Tre' Parmalee, Kansas (Big 12)",Sr.,WR,10,41,599,3
171,"Shay Fields, Colorado (Pac-12)",So.,WR,12,42,598,4
172,"Chris Brown, Notre Dame (FBS Independent)",Sr.,WR,13,48,597,4
172,"Kolby Listenbee, TCU (Big 12)",Sr.,WR,11,30,597,5
172,"Jaylen Samuels, NC State (ACC)",So.,TE,13,65,597,7
172,"Jamir Tillman, Navy (AAC)",Jr.,WR,13,29,597,5
176,"Ian Sadler, Texas Tech (Big 12)",So.,WR,10,42,596,3
177,"Anthony Rice, Central Mich. (MAC)",Jr.,WR,13,57,595,4
178,"Imani Davis, Akron ()",Sr.,WR,13,46,593,3
179,"C. J. Best, Texas St. (Sun Belt)",Sr.,WR,12,58,591,1
180,"Bryce Williams, East Carolina (AAC)",Sr.,TE,12,58,588,4
181,"Billy Freeman, San Jose St. (Mountain West)",Jr.,TE,13,48,586,6
182,"D.J. Foster, Arizona St. (Pac-12)",Sr.,WR,13,59,584,3
183,"KJ Brent, Wake Forest (ACC)",Sr.,WR,12,42,583,1
184,"Deon Cain, Clemson (ACC)",Fr.,WR,13,34,582,5
184,"Cam Phillips, Virginia Tech (ACC)",So.,WR,13,49,582,2
186,"Marcus McGill, Buffalo (MAC)",Sr.,WR,12,50,581,4
187,"Daesean Hamilton, Penn St. (Big Ten)",So.,WR,13,45,580,6
188,"Ventell Bryant, Temple (AAC)",Fr.,WR,14,39,579,3
189,"Chaz Anderson, Boise St. (Mountain West)",Jr.,WR,13,42,578,3
189,"Nick Kurtz, BYU (FBS Independent)",Jr.,WR,13,39,578,3
191,"Corey Jones, Toledo (MAC)",Jr.,WR,12,55,577,5
192,"Gerald Everett, South Alabama (Sun Belt)",Jr.,TE,12,41,575,8
193,"T.J. Rahming, Duke (ACC)",Fr.,WR,12,43,571,2
194,"Steve Ishmael, Syracuse (ACC)",So.,WR,12,39,570,7
195,"David Morgan II, UTSA (C-USA)",Sr.,TE,12,45,566,5
196,"Nate Phillips, Arizona (Pac-12)",Jr.,WR,13,44,564,4
196,"Corey Willis, Central Mich. (MAC)",So.,WR,13,37,564,5
198,"Tyler Higbee, Western Ky. (C-USA)",Sr.,TE,9,38,563,8
198,"Marcus Kemp, Hawaii (Mountain West)",Jr.,WR,13,36,563,2
198,"Tevaun Smith, Iowa (Big Ten)",Sr.,WR,12,32,563,3
