Rank,Player,Cl,Pos,G,Rec,Rec Yds,Rec TD
1,"DeVonta Smith, Alabama (SEC)",Sr.,WR,13,117,"1,856",23
2,"Elijah Moore, Ole Miss (SEC)",Jr.,WR,8,86,"1,193",8
3,"Jaelon Darden, North Texas (C-USA)",Sr.,WR,9,74,"1,190",19
4,"Dax Milne, BYU (FBS Independent)",Jr.,WR,12,70,"1,188",8
5,"Jonathan Adams, Jr., Arkansas St. (Sun Belt)",Sr.,WR,10,79,"1,111",12
6,"Dyami Brown, North Carolina (ACC)",Jr.,WR,11,55,"1,099",8
7,"Jalen Tolbert, South Alabama (Sun Belt)",Jr.,WR,11,64,"1,085",8
8,"Calvin Austin, Memphis (AAC)",Jr.,WR,11,63,"1,053",11
9,"Marlon Williams, UCF (AAC)",Sr.,WR,8,71,"1,039",10
10,"Amari Rodgers, Clemson (ACC)",Sr.,WR,12,77,"1,020",7
11,"Romeo Doubs, Nevada (Mountain West)",Jr.,WR,9,58,"1,002",9
12,"Javion Heiligh, Coastal Carolina (Sun Belt)",Jr.,WR,12,65,998,10
13,"Kadarius Toney, Florida (SEC)",Sr.,WR,11,70,984,10
14,"Jaylon Robinson, UCF (AAC)",So.,WR,10,55,979,6
15,"Jaquarii Roberson, Wake Forest (ACC)",So.,WR,9,62,926,8
16,"Tylan Wallace, Oklahoma St. (Big 12)",Sr.,WR,10,59,922,6
17,"John Metchie, Alabama (SEC)",So.,WR,13,55,916,6
18,"Zay Flowers, Boston College (ACC)",So.,WR,11,56,892,9
19,"Jahan Dotson, Penn St. (Big Ten)",Jr.,WR,9,52,884,8
20,"Cornell Powell, Clemson (ACC)",Sr.,WR,12,53,882,7
21,"Dez Fitzpatrick, Louisville (ACC)",Sr.,WR,11,43,833,3
22,"Treylon Burks, Arkansas (SEC)",So.,WR,9,51,820,7
23,"Sam Pinckney, Georgia St. (Sun Belt)",So.,WR,10,47,815,7
24,"Mike Harley, Miami (FL) (ACC)",Sr.,WR,11,57,799,7
25,"D'Wayne Eskridge, Western Mich. (MAC)",Sr.,WR,6,34,784,8
26,"Xavier Hutchinson, Iowa St. (Big 12)",Jr.,WR,12,64,771,4
27,"Kyle Pitts, Florida (SEC)",Jr.,TE,8,43,770,12
28,"Gunner Romney, BYU (FBS Independent)",Jr.,WR,10,39,767,2
29,"Seth Williams, Auburn (SEC)",Jr.,WR,11,47,760,4
30,"Kaylon Geiger, Troy (Sun Belt)",Sr.,WR,11,64,752,3
31,"Erik Ezukanma, Texas Tech (Big 12)",So.,WR,10,46,748,6
32,"Tahj Washington, Memphis (AAC)",Fr.,WR,11,43,743,6
33,"Emeka Emezie, NC State (ACC)",Sr.,WR,12,47,738,5
34,"Kayshon Boutte, LSU (SEC)",Fr.,WR,10,45,735,5
35,"Taj Harris, Syracuse (ACC)",Jr.,WR,10,58,733,5
36,"Terrace Marshall Jr., LSU (SEC)",Jr.,WR,7,48,731,10
37,"Chris Olave, Ohio St. (Big Ten)",Jr.,WR,7,50,729,7
38,"Bailey Gaither, San Jose St. (Mountain West)",Sr.,WR,7,41,725,4
39,"Garrett Wilson, Ohio St. (Big Ten)",So.,WR,8,43,723,6
40,"Ty Fryfogle, Indiana (Big Ten)",Sr.,WR,8,37,721,7
41,"Khalil Shakir, Boise St. (Mountain West)",Jr.,WR,7,52,719,6
42,"Jaden Walley, Mississippi St. (SEC)",Fr.,WR,11,52,718,2
43,"Javon McKinley, Notre Dame (ACC)",Sr.,WR,12,42,717,3
44,"Zakhari Franklin, UTSA (C-USA)",So.,WR,10,49,694,7
45,"Jacob  Cowing, UTEP (C-USA)",So.,WR,8,41,691,3
46,"Hunter Long, Boston College (ACC)",Jr.,TE,11,57,685,5
47,"Dazz Newsome, North Carolina (ACC)",Sr.,WR,12,54,684,6
48,"Rashee Rice, SMU (AAC)",So.,WR,10,48,683,5
49,"Jordan Addison, Pittsburgh (ACC)",Fr.,WR,10,60,666,4
50,"Justin Hall, Ball St. (MAC)",Sr.,WR,7,49,665,4
51,"Kawaan Baker, South Alabama (Sun Belt)",Sr.,WR,11,51,659,8
52,"Billy Kemp, Virginia (ACC)",Jr.,WR,10,67,644,1
52,"Keylon Stokes, Tulsa (AAC)",Sr.,WR,9,46,644,3
54,"Bo Melton, Rutgers (Big Ten)",Sr.,WR,9,47,638,6
55,"Anthony  Schwartz, Auburn (SEC)",Jr.,WR,10,54,636,3
56,"DJ Turner, Pittsburgh (ACC)",Sr.,WR,11,44,634,3
57,"Shi Smith, South Carolina (SEC)",Sr.,WR,9,57,633,4
58,"Tre Walker, San Jose St. (Mountain West)",Sr.,WR,8,45,627,4
59,"Tutu  Atwell, Louisville (ACC)",Jr.,WR,9,46,625,7
59,"David Bell, Purdue (Big Ten)",So.,WR,6,53,625,8
61,"Mike Woods, Arkansas (SEC)",Jr.,WR,10,32,619,5
62,"Thomas Hennigan, App State (Sun Belt)",Sr.,WR,12,47,616,3
63,"Jason Brownlee, Southern Miss. (C-USA)",Jr.,WR,10,34,610,5
63,"Marvin Mims, Oklahoma (Big 12)",Fr.,WR,11,37,610,9
65,"Yo'Heinz Tyler, Ball St. (MAC)",Jr.,WR,8,42,607,8
66,"Cole Turner, Nevada (Mountain West)",Jr.,TE,9,49,605,9
67,"Neil Pau'u, BYU (FBS Independent)",Sr.,WR,12,45,603,4
68,"Isaiah Likely, Coastal Carolina (Sun Belt)",Jr.,TE,11,30,601,5
69,"Tyrice Richie, NIU (MAC)",Sr.,WR,6,53,597,4
70,"Tayvion Robinson, Virginia Tech (ACC)",So.,WR,11,38,592,3
71,"Charlie Kolar, Iowa St. (Big 12)",Jr.,TE,11,44,591,7
71,"Jaylen Waddle, Alabama (SEC)",Jr.,WR,6,28,591,4
73,"Trevon Grimes, Florida (SEC)",Sr.,WR,11,38,589,9
74,"Travis Etienne, Clemson (ACC)",Sr.,RB,12,48,588,2
75,"Marcell Barbee, Texas St. (Sun Belt)",Jr.,WR,12,40,584,10
75,"Antonio Nunn, Buffalo (MAC)",Sr.,WR,7,37,584,2
75,"Jarrin Pierce, Middle Tenn. (C-USA)",Sr.,WR,9,59,584,3
78,"Donavon Greene, Wake Forest (ACC)",Fr.,WR,8,29,582,2
79,"Sean Dykes, Memphis (AAC)",Sr.,TE,11,47,581,7
80,"Blake Proehl, East Carolina (AAC)",Jr.,WR,9,47,577,4
81,"Brevin Jordan, Miami (FL) (ACC)",Jr.,TE,8,38,576,7
82,"Simi Fehoko, Stanford (Pac-12)",Jr.,WR,6,37,574,3
83,"Dillon Stoner, Oklahoma St. (Big 12)",Sr.,WR,11,42,573,4
84,"Ainias Smith, Texas A&M (SEC)",So.,RB,10,43,564,6
85,"Winston Wright, West Virginia (Big 12)",So.,WR,10,47,553,2
86,"Joshua Cephus, UTSA (C-USA)",So.,WR,12,58,547,5
87,"Calvin Turner Jr, Hawaii (Mountain West)",Sr.,RB,9,33,546,6
88,"Cam Johnson, Vanderbilt (SEC)",Jr.,WR,9,56,545,3
89,"JuanCarlos Santana, Tulsa (AAC)",Jr.,WR,9,34,544,4
90,"Dahu Green, Arkansas St. (Sun Belt)",Sr.,WR,6,32,542,5
91,"Jacob Harris, UCF (AAC)",Sr.,WR,10,30,539,8
92,"Kylen Granson, SMU (AAC)",Sr.,TE,10,35,536,5
92,"Malik Williams, App State (Sun Belt)",Sr.,WR,11,41,536,3
94,"Reggie Todd, Troy (Sun Belt)",Sr.,WR,11,43,530,6
94,"Theo Wease, Oklahoma (Big 12)",So.,WR,11,37,530,4
96,"Thayer Thomas, NC State (ACC)",Jr.,WR,12,42,529,6
96,"Tré Turner, Virginia Tech (ACC)",Jr.,WR,10,34,529,3
98,"Tyler Snead, East Carolina (AAC)",So.,WR,9,53,524,5
98,"Kenny Yeboah`, Ole Miss (SEC)",Sr.,TE,8,27,524,6
100,"DJ Stubbs, Liberty (FBS Independent)",Sr.,WR,11,38,523,3
101,"Jalen Cropper, Fresno St. (Mountain West)",So.,WR,6,37,520,5
102,"Greg Dulcich, UCLA (Pac-12)",So.,TE,7,26,517,5
102,"Deonte Simpson, North Texas (C-USA)",So.,WR,8,25,517,4
104,"Lavel Davis Jr., Virginia (ACC)",Fr.,WR,8,20,515,5
104,"Jalen Nailor, Michigan St. (Big Ten)",So.,WR,7,26,515,4
106,"Kearis Jackson, Georgia (SEC)",So.,WR,10,36,514,3
107,"George Pickens, Georgia (SEC)",So.,WR,8,36,513,6
108,"Duece Watts, Tulane (AAC)",Jr.,WR,12,31,512,6
109,"Justin Garrett, UTEP (C-USA)",Sr.,WR,8,38,510,3
110,"Hassan Beydoun, Eastern Mich. (MAC)",Jr.,WR,5,40,508,0
110,"Ramaud Chiaokhiao-Bowman, Northwestern (Big Ten)",Sr.,WR,9,41,508,5
112,"Brandon Bowling, Arkansas St. (Sun Belt)",Sr.,WR,11,39,507,7
113,"Jalen Wydermyer, Texas A&M (SEC)",So.,TE,10,46,506,6
114,"Osirus Mitchell, Mississippi St. (SEC)",Sr.,WR,11,47,505,4
115,"Drake London, Southern California (Pac-12)",So.,WR,6,33,502,3
116,"Josh Johnson, Tulsa (AAC)",Jr.,WR,9,38,499,6
117,"R.J. Sneed, Baylor (Big 12)",Jr.,WR,9,39,497,3
118,"Whop Philyor, Indiana (Big Ten)",Sr.,WR,8,54,495,3
119,"Parker Washington, Penn St. (Big Ten)",Fr.,WR,9,36,489,6
120,"Quentin Johnston, TCU (Big 12)",Fr.,WR,9,22,487,2
121,"Tim Jones, Southern Miss. (C-USA)",Sr.,WR,7,30,480,4
122,"Amon-Ra St. Brown, Southern California (Pac-12)",Jr.,WR,6,41,478,7
123,"Devin Carter, NC State (ACC)",So.,WR,12,29,477,2
124,"Josh Palmer, Tennessee (SEC)",Sr.,WR,10,33,475,4
125,"Reggie Roberson, Jr., SMU (AAC)",Sr.,WR,4,22,474,5
126,"Josh Ali, Kentucky (SEC)",Sr.,WR,11,54,473,1
127,"Rashod Bateman, Minnesota (Big Ten)",Jr.,WR,5,36,472,2
127,"Joshua Moore, Texas (Big 12)",So.,WR,10,30,472,9
129,"Brennan Eagles, Texas (Big 12)",Jr.,WR,9,28,469,5
130,"Austin Watkins, UAB (C-USA)",Sr.,WR,7,34,468,3
131,"Wan'Dale Robinson, Nebraska (Big Ten)",So.,WR,8,51,461,1
132,"CJ Lewis, Boston College (ACC)",Sr.,WR,11,28,460,5
133,"Keke Chism, Missouri (SEC)",Sr.,WR,9,35,458,1
133,"Kwamie Lassiter II, Kansas (Big 12)",Sr.,WR,9,43,458,2
135,"Yusef Ali, Middle Tenn. (C-USA)",Jr.,WR,7,37,457,2
136,"Antwan Davis, Ball St. (MAC)",Sr.,WR,8,39,456,1
137,"Isaiah McKoy, Kent St. (MAC)",Jr.,WR,4,25,455,5
138,"Corey Rucker, Arkansas St. (Sun Belt)",Fr.,WR,8,16,453,5
139,"Michael Mayer, Notre Dame (ACC)",Fr.,TE,12,42,450,2
139,"Kevin  Shaa, Liberty (FBS Independent)",Sr.,WR,11,25,450,4
141,"Danny Gray, SMU (AAC)",Jr.,WR,8,33,448,4
142,"Cornelius McCoy, Georgia St. (Sun Belt)",Jr.,WR,7,31,447,4
143,"Adrian Hardy, Louisiana Tech (C-USA)",Sr.,WR,7,33,440,4
144,"Jalen Camp, Georgia Tech (ACC)",Sr.,WR,10,29,439,4
144,"Jeff Foreman, Arkansas St. (Sun Belt)",So.,WR,11,13,439,3
144,"Ben Skowronek, Notre Dame (ACC)",Sr.,WR,11,29,439,5
147,"Myron Mitchell, UAB (C-USA)",Sr.,WR,9,29,436,3
148,"Jacob Copeland, Florida (SEC)",So.,WR,11,23,435,3
148,"Jaelen Gill, Boston College (ACC)",Jr.,WR,11,29,435,1
148,"James Mitchell, Virginia Tech (ACC)",Jr.,TE,10,26,435,4
151,"Deuce Vaughn, Kansas St. (Big 12)",Fr.,RB,10,25,434,2
152,"Chris Autman-Bell, Minnesota (Big Ten)",Jr.,WR,7,22,430,1
153,"Isaac Rex, BYU (FBS Independent)",Fr.,TE,12,37,429,12
153,"Isaiah Winstead, Toledo (MAC)",Jr.,WR,6,25,429,3
155,"Nathaniel Dell, Houston (AAC)",So.,WR,8,29,428,3
156,"Kyle Williams, UNLV (Mountain West)",Fr.,WR,6,35,426,2
157,"Najee Harris, Alabama (SEC)",Sr.,RB,13,43,425,4
157,"Jha'Quan Jackson, Tulane (AAC)",So.,WR,12,31,425,8
157,"Nick Muse, South Carolina (SEC)",Sr.,TE,10,30,425,1
160,"Terrell Jana, Virginia (ACC)",Sr.,WR,10,36,423,1
161,"Tyler Page, SMU (AAC)",Sr.,WR,9,39,422,2
161,"Austin Stogner, Oklahoma (Big 12)",So.,TE,8,26,422,3
163,"Jalen Wayne, South Alabama (Sun Belt)",Jr.,WR,11,33,418,1
164,"Dontario Drummond, Ole Miss (SEC)",Sr.,WR,10,25,417,7
165,"Bryce Ford-Wheaton, West Virginia (Big 12)",So.,WR,9,27,416,3
166,"Tanner Knue, Eastern Mich. (MAC)",So.,WR,6,27,413,4
167,"Cary Angeline, NC State (ACC)",Sr.,TE,12,27,412,6
168,"Tony Poljan, Virginia (ACC)",Sr.,TE,10,38,411,6
169,"Corey Gammage, Marshall (C-USA)",So.,WR,10,35,409,4
169,"Chase Lane, Texas A&M (SEC)",So.,WR,10,29,409,2
171,"Jeremiah Haydel, Texas St. (Sun Belt)",Sr.,WR,12,40,408,4
172,"Jayden Reed, Michigan St. (Big Ten)",So.,WR,7,33,407,3
173,"Amir Abdur-Rahman, Vanderbilt (SEC)",Jr.,WR,9,27,406,1
173,"Tyler Vaughns, Southern California (Pac-12)",Sr.,WR,6,33,406,3
175,"C.J. Johnson, East Carolina (AAC)",So.,WR,9,19,405,6
175,"Taylor Morin, Wake Forest (ACC)",Fr.,WR,9,32,405,3
177,"Jermaine Burton, Georgia (SEC)",Fr.,WR,10,27,404,3
177,"Xavier Gaines, Marshall (C-USA)",Sr.,TE,10,28,404,4
179,"Mark Pope, Miami (FL) (ACC)",Jr.,WR,11,33,403,2
180,"Ronnie Bell, Michigan (Big Ten)",Jr.,WR,6,26,401,1
180,"T.J. Simmons, West Virginia (Big 12)",Sr.,WR,8,23,401,4
182,"Victor Tucker, Charlotte (C-USA)",Jr.,WR,6,30,400,2
183,"Damon Hazelton, Missouri (SEC)",Sr.,WR,9,30,397,1
183,"Jaray Jenkins, LSU (SEC)",So.,WR,10,23,397,2
185,"Tray Eafford, Troy (Sun Belt)",Sr.,WR,11,34,394,3
186,"Ryan O'Keefe, UCF (AAC)",So.,WR,10,20,391,3
187,"Skyy Moore, Western Mich. (MAC)",So.,WR,5,25,388,3
188,"Khalil McClain, Troy (Sun Belt)",Sr.,WR,11,32,383,6
189,"Ontaria Wilson, Florida St. (ACC)",Jr.,WR,9,30,382,2
190,"Jonathan Mingo, Ole Miss (SEC)",So.,WR,10,27,379,3
191,"Shameen Jones, Rutgers (Big Ten)",Sr.,WR,9,34,378,3
191,"Anthony Queeley, Syracuse (ACC)",So.,WR,11,37,378,2
193,"Malik Davis, Florida (SEC)",Jr.,RB,12,31,377,0
193,"Mitchell Tinsley, Western Ky. (C-USA)",Jr.,WR,12,43,377,4
195,"Xavier Lane, Western Ky. (C-USA)",Sr.,WR,9,34,376,1
195,"Braylon Sanders, Ole Miss (SEC)",Sr.,WR,10,15,376,4
197,"Sam Crawford Jr., Tulsa (AAC)",Jr.,WR,9,28,374,1
198,"Austin Williams, Mississippi St. (SEC)",Jr.,WR,11,43,372,3
199,"Jadan Blue, Temple (AAC)",Jr.,WR,6,41,371,5
199,"Chris Pierce, Vanderbilt (SEC)",Sr.,WR,9,25,371,5
