Rank,Player,Cl,Pos,G,Rec,Rec Yds,Rec TD
1,"Andy Isabella, Massachusetts (FBS Independent)",Sr.,WR,12,102,"1,698",13
2,"Tylan Wallace, Oklahoma St. (Big 12)",So.,WR,13,86,"1,491",12
3,"Antoine Wesley, Texas Tech (Big 12)",Jr.,WR,12,88,"1,410",9
4,"Preston Williams, Colorado St. (Mountain West)",Sr.,WR,12,96,"1,345",14
5,"John Ursua, Hawaii (Mountain West)",Jr.,WR,13,89,"1,343",16
6,"Keesean Johnson, Fresno St. (Mountain West)",Sr.,WR,14,95,"1,340",8
7,"A.J. Brown, Ole Miss (SEC)",Jr.,WR,12,85,"1,320",6
8,"Marquise Brown, Oklahoma (Big 12)",Jr.,WR,14,75,"1,318",10
8,"Hakeem Butler, Iowa St. (Big 12)",Jr.,WR,13,60,"1,318",9
10,"Jerry Jeudy, Alabama (SEC)",So.,WR,15,68,"1,315",14
11,"Rondale Moore, Purdue (Big Ten)",Fr.,WR,13,114,"1,258",12
12,"James Proche, SMU (AAC)",Jr.,WR,12,93,"1,199",12
13,"Kelvin Harmon, NC State (ACC)",Jr.,WR,12,81,"1,186",7
14,"Dillon Mitchell, Oregon (Pac-12)",Jr.,WR,13,75,"1,184",10
15,"Lil'Jordan Humphrey, Texas (Big 12)",Jr.,WR,14,86,"1,176",9
16,"Damonte Coxie, Memphis (AAC)",So.,WR,14,72,"1,174",7
17,"Tyler Johnson, Minnesota (Big Ten)",Jr.,WR,13,78,"1,169",12
18,"Ceedee Lamb, Oklahoma (Big 12)",So.,WR,14,65,"1,158",11
19,"Scott Miller, Bowling Green (MAC)",Sr.,WR,11,71,"1,148",9
20,"Adrian Hardy, Louisiana Tech (C-USA)",So.,WR,13,75,"1,145",6
21,"Trevon Brown, East Carolina (AAC)",Sr.,WR,12,74,"1,123",9
22,"N'Keal Harry, Arizona St. (Pac-12)",Jr.,WR,12,73,"1,088",9
23,"Travis Fulgham, Old Dominion (C-USA)",Sr.,WR,12,63,"1,083",9
24,"Greg Dortch, Wake Forest (ACC)",So.,WR,12,89,"1,078",8
25,"Parris Campbell, Ohio St. (Big Ten)",Sr.,WR,14,90,"1,063",12
26,"Jalen Reagor, TCU (Big 12)",So.,WR,13,72,"1,061",9
27,"JJ Arcega-Whiteside, Stanford (Pac-12)",Sr.,WR,12,63,"1,059",14
28,"Olamide Zaccheaus, Virginia (ACC)",Sr.,WR,13,93,"1,058",9
29,"Jakobi Meyers, NC State (ACC)",Jr.,WR,12,92,"1,047",4
30,"Jonathan Duhart, Old Dominion (C-USA)",Sr.,WR,12,74,"1,045",9
31,"Marquez Stevenson, Houston (AAC)",So.,WR,13,75,"1,019",9
32,"Rico Bussey, Jr., North Texas (C-USA)",Jr.,WR,12,68,"1,017",12
33,"Anthony Johnson, Buffalo (MAC)",Sr.,WR,13,57,"1,011",11
33,"Laviska Shenault, Colorado (Pac-12)",So.,WR,9,86,"1,011",6
35,"Kirk Merritt, Arkansas St. (Sun Belt)",Jr.,WR,13,83,"1,005",7
36,"Stanley Morgan Jr., Nebraska (Big Ten)",Sr.,WR,12,70,"1,004",7
37,"Tyre Brady, Marshall (C-USA)",Sr.,WR,13,71,"1,002",9
38,"Justyn Ross, Clemson (ACC)",Fr.,WR,15,46,"1,000",9
39,"Darnell Mooney, Tulane (AAC)",Jr.,WR,13,48,993,8
40,"Papi White, Ohio (MAC)",Sr.,WR,13,62,987,9
41,"David Sills V, West Virginia (Big 12)",Sr.,WR,12,65,986,15
42,"Collin Johnson, Texas (Big 12)",Jr.,WR,13,68,985,7
43,"Sean Modster, Boise St. (Mountain West)",Sr.,WR,13,68,978,8
44,"Cedric Byrd, Hawaii (Mountain West)",Jr.,WR,14,79,970,9
45,"Caleb Wilson, UCLA (Pac-12)",Jr.,TE,12,60,965,4
46,"Jalen Hurd, Baylor (Big 12)",Sr.,RB,12,69,946,4
47,"Tee Higgins, Clemson (ACC)",So.,WR,15,59,936,12
48,"Gary Jennings Jr., West Virginia (Big 12)",Sr.,WR,11,54,917,13
49,"Kalija Lipscomb, Vanderbilt (SEC)",Jr.,WR,13,87,916,9
50,"Jamal Custis, Syracuse (ACC)",Sr.,WR,13,51,906,6
51,"K.J. Osborn, Buffalo (MAC)",Jr.,WR,14,53,892,7
52,"Quez Watkins, Southern Miss. (C-USA)",So.,WR,11,72,889,9
53,"K.J. Hill, Ohio St. (Big Ten)",Sr.,WR,14,70,885,6
54,"Ty Lee, Middle Tenn. (C-USA)",Jr.,WR,14,71,883,7
55,"Deebo Samuel, South Carolina (SEC)",Sr.,WR,12,62,882,11
56,"Riley Miller, Ball St. (MAC)",Jr.,WR,12,61,878,7
57,"Damarkus Lodge, Ole Miss (SEC)",Sr.,WR,11,65,877,4
58,"Isaiah Hodgins, Oregon St. (Pac-12)",So.,WR,11,59,876,5
58,"Damion Willis, Troy (Sun Belt)",Sr.,WR,11,56,876,10
60,"Justin Jefferson, LSU (SEC)",So.,WR,13,54,875,6
60,"McLane Mannix, Nevada (Mountain West)",So.,WR,12,50,875,7
62,"Aaron Fuller, Washington (Pac-12)",Jr.,WR,14,58,874,4
63,"Jovon Durante, Fla. Atlantic (C-USA)",Sr.,WR,12,65,873,5
64,"Miles Boykin, Notre Dame (FBS Independent)",Sr.,WR,13,59,872,8
65,"JoJo Ward, Hawaii (Mountain West)",Jr.,WR,14,51,865,9
66,"Marcus Green, ULM (Sun Belt)",Sr.,WR,12,50,855,8
66,"Jamarius Way, South Alabama (Sun Belt)",Sr.,WR,12,61,855,8
68,"Jaylen Waddle, Alabama (SEC)",Fr.,WR,15,45,848,7
69,"Bryan Edwards, South Carolina (SEC)",Jr.,WR,13,55,846,7
70,"Tyron Johnson, Oklahoma St. (Big 12)",Jr.,WR,13,53,845,7
71,"Xavier Ubosi, UAB (C-USA)",Sr.,WR,14,35,837,8
72,"Jace Sternberger, Texas A&M (SEC)",Jr.,TE,13,48,832,10
73,"Emanuel Hall, Missouri (SEC)",Sr.,WR,9,37,828,6
74,"A.J. Richardson, Boise St. (Mountain West)",Sr.,WR,13,54,825,8
75,"JD Spielman, Nebraska (Big Ten)",So.,WR,10,66,818,8
76,"Dezmon Patmon, Washington St. (Pac-12)",Jr.,WR,13,61,816,5
77,"Gabriel Davis, UCF (AAC)",So.,WR,12,53,815,7
78,"T.J. Rahming, Duke (ACC)",Sr.,WR,13,75,811,8
79,"Jalen Guyton, North Texas (C-USA)",Jr.,WR,13,54,805,6
80,"Ja'Deion High, Texas Tech (Big 12)",Sr.,WR,12,62,804,4
81,"Damon Hazelton, Virginia Tech (ACC)",So.,WR,13,51,802,8
81,"Reggie Roberson, Jr., SMU (AAC)",So.,WR,10,52,802,6
83,"Jayden Reed, Western Mich. (MAC)",Fr.,WR,13,56,797,8
84,"Olabisi Johnson, Colorado St. (Mountain West)",Sr.,WR,11,54,796,4
85,"Denzel Mims, Baylor (Big 12)",Jr.,WR,12,55,794,8
86,"Kahlil Lewis, Cincinnati (AAC)",Sr.,WR,13,56,782,9
87,"Flynn Nagel, Northwestern (Big Ten)",Sr.,WR,14,68,780,2
88,"D'Wayne Eskridge, Western Mich. (MAC)",Jr.,WR,11,38,776,3
89,"Jared Pinkney, Vanderbilt (SEC)",Jr.,WR,13,50,774,7
90,"Corey Sutton, App State (Sun Belt)",So.,WR,13,44,773,10
91,"Diontae Johnson, Toledo (MAC)",Jr.,WR,13,49,761,8
92,"T.J. Hockenson, Iowa (Big Ten)",So.,TE,13,49,760,6
93,"Shawn Poindexter, Arizona (Pac-12)",Sr.,WR,12,42,759,11
94,"Blake Banham, Eastern Mich. (MAC)",Sr.,RB,13,60,758,5
94,"Michael Pittman, Southern California (Pac-12)",Jr.,WR,11,41,758,6
96,"Sean Riley, Syracuse (ACC)",Jr.,WR,13,64,756,3
97,"KJ Hamler, Penn St. (Big Ten)",Fr.,WR,13,42,754,5
98,"Amon-Ra St. Brown, Southern California (Pac-12)",Fr.,WR,12,60,750,3
99,"Justin McInnis, Arkansas St. (Sun Belt)",Sr.,WR,13,61,748,5
100,"Lynn Bowden Jr., Kentucky (SEC)",So.,WR,13,67,745,5
101,"Nyqwan Murray, Florida St. (ACC)",Sr.,WR,12,54,744,3
101,"Tamorrion Terry, Florida St. (ACC)",Fr.,WR,12,35,744,8
103,"Isaac Zico, Purdue (Big Ten)",Sr.,WR,13,46,743,6
104,"Jack Sorenson, Miami (OH) (MAC)",So.,WR,12,53,742,2
105,"Henry Ruggs III, Alabama (SEC)",So.,WR,15,46,741,11
106,"Jonathon Johnson, Missouri (SEC)",Jr.,WR,13,59,737,5
107,"Kaleb Fossum, Nevada (Mountain West)",Jr.,WR,13,70,734,1
108,"Terren Encalade, Tulane (AAC)",Sr.,WR,13,44,727,5
109,"Malcolm Williams, Coastal Carolina (Sun Belt)",Sr.,WR,12,47,724,5
110,"Teddy Veal, Louisiana Tech (C-USA)",Sr.,WR,12,70,716,1
111,"Johnathan Boone, New Mexico St. (FBS Independent)",Sr.,WR,12,59,715,3
112,"Tre Walker, San Jose St. (Mountain West)",So.,WR,9,39,714,5
113,"Victor Tucker, Charlotte (C-USA)",Fr.,WR,11,54,712,2
114,"Irv Smith Jr., Alabama (SEC)",Jr.,TE,15,44,710,7
115,"Josh Oliver, San Jose St. (Mountain West)",Sr.,TE,12,56,709,4
115,"Ron'Quavion Tarver, Utah St. (Mountain West)",Sr.,WR,13,66,709,8
117,"Rashod Bateman, Minnesota (Big Ten)",Fr.,WR,13,51,704,6
118,"Terry McLaurin, Ohio St. (Big Ten)",Sr.,WR,14,35,701,11
119,"Marcus Simms, West Virginia (Big 12)",Jr.,WR,11,46,699,2
120,"Devonta Smith, Alabama (SEC)",So.,WR,14,42,693,6
121,"Keith Corbin, Houston (AAC)",Jr.,WR,12,40,691,10
122,"Ventell Bryant, Temple (AAC)",Sr.,WR,13,51,690,3
123,"Jalen Greene, Utah St. (Mountain West)",Sr.,WR,13,44,689,6
123,"Anthony Ratliff-Williams, North Carolina (ACC)",Jr.,WR,11,42,689,2
125,"Dredrick Snelson, UCF (AAC)",Jr.,WR,12,43,688,5
126,"T.J. Vasher, Texas Tech (Big 12)",So.,WR,11,54,687,7
127,"Trenton Irwin, Stanford (Pac-12)",Sr.,WR,12,60,685,2
127,"Davontavean Martin, Washington St. (Pac-12)",So.,WR,13,69,685,8
129,"Randall St. Felix, South Fla. (AAC)",Fr.,WR,11,33,679,4
130,"Theo Howard, UCLA (Pac-12)",Jr.,WR,12,51,677,4
131,"Tyler Vaughns, Southern California (Pac-12)",So.,WR,12,58,674,6
132,"Shi Smith, South Carolina (SEC)",So.,WR,12,45,673,4
133,"Darius Slayton, Auburn (SEC)",Jr.,WR,12,35,670,5
134,"Johnnie Dixon, Ohio St. (Big Ten)",Sr.,WR,14,42,669,8
134,"Penny Hart, Georgia St. (Sun Belt)",Jr.,WR,12,49,669,2
136,"Jared Rice, Fresno St. (Mountain West)",Jr.,TE,14,55,664,3
137,"Harrison Bryant, Fla. Atlantic (C-USA)",Jr.,TE,12,45,662,4
138,"Timmy Hernandez, Oregon St. (Pac-12)",Sr.,WR,12,58,661,3
139,"Jon'Vea Johnson, Toledo (MAC)",Sr.,WR,13,32,660,9
140,"Greg Campbell Jr., UTSA (C-USA)",Sr.,WR,11,58,658,2
141,"Shun Brown, Arizona (Pac-12)",Sr.,WR,12,64,655,6
142,"Easop Winston, Jr., Washington St. (Pac-12)",Jr.,WR,13,52,654,8
143,"Trevon Bradford, Oregon St. (Pac-12)",Jr.,WR,11,56,649,6
143,"Andre Williams, Akron (MAC)",So.,WR,11,46,649,6
145,"Cody Thompson, Toledo (MAC)",Sr.,WR,13,48,647,10
146,"Chase Claypool, Notre Dame (FBS Independent)",Jr.,WR,13,50,639,4
147,"Britain Covey, Utah (Pac-12)",So.,WR,13,60,637,1
148,"K.D. Nixon, Colorado (Pac-12)",So.,WR,11,52,636,4
149,"Kaden Smith, Stanford (Pac-12)",Jr.,TE,10,47,635,2
150,"Nico Collins, Michigan (Big Ten)",So.,WR,13,38,632,6
150,"Austin Trammell, Rice (C-USA)",So.,WR,13,62,632,3
152,"CJ Worton, FIU (C-USA)",Jr.,WR,13,37,627,6
153,"Justin Hall, Ball St. (MAC)",So.,WR,12,69,622,0
154,"Jauan Wesley, NIU (MAC)",Sr.,WR,14,54,619,2
154,"Isaiah Zuber, Kansas St. (Big 12)",Jr.,WR,12,52,619,5
156,"Tyre McCants, South Fla. (AAC)",Sr.,WR,13,59,617,3
157,"Emeka Emezie, NC State (ACC)",So.,WR,13,53,616,5
158,"James Williams, Washington St. (Pac-12)",Jr.,RB,13,83,613,4
159,"Donovan Peoples-Jones, Michigan (Big Ten)",So.,WR,13,47,612,8
160,"Austin Maloney, FIU (C-USA)",Jr.,WR,13,30,610,5
161,"Ja'Marcus Bradley, Louisiana (Sun Belt)",Jr.,WR,14,40,608,10
162,"Johnathan Lloyd, Duke (ACC)",Sr.,WR,13,51,604,5
163,"Dillon Stoner, Oklahoma St. (Big 12)",So.,WR,12,48,603,2
164,"Branden Mack, Temple (AAC)",So.,WR,13,44,601,5
165,"Fred Trevillion, San Diego St. (Mountain West)",Sr.,WR,13,22,598,3
166,"Mike Carrigan, Kent St. (MAC)",Jr.,WR,12,45,597,5
167,"Marquez Callaway, Tennessee (SEC)",Jr.,WR,12,37,592,2
167,"Arthur Jackson III, Eastern Mich. (MAC)",Jr.,WR,13,46,592,5
169,"Nick Westbrook, Indiana (Big Ten)",Jr.,WR,12,42,590,4
170,"Jaylen Dixon, Utah (Pac-12)",Fr.,WR,14,32,589,2
171,"Quartney Davis, Texas A&M (SEC)",So.,,13,45,585,7
172,"Andre Baccellia, Washington (Pac-12)",Jr.,WR,14,55,584,0
173,"Brycen Hopkins, Purdue (Big Ten)",Jr.,TE,13,34,583,2
174,"Sage Surratt, Wake Forest (ACC)",Fr.,WR,13,41,581,4
174,"Aaren Vaughns, Utah St. (Mountain West)",Sr.,WR,13,33,581,5
176,"Hasise Dubois, Virginia (ACC)",Jr.,WR,13,52,578,5
177,"Keenen Brown, Texas St. (Sun Belt)",Sr.,TE,12,51,577,5
178,"Jaelon Darden, North Texas (C-USA)",So.,WR,13,48,575,4
178,"Amari Rodgers, Clemson (ACC)",So.,WR,15,55,575,4
178,"Keylon Stokes, Tulsa (AAC)",So.,WR,12,41,575,2
181,"Marcus Armstrong-Brown, Hawaii (Mountain West)",Sr.,WR,14,50,573,2
182,"Chris Finke, Notre Dame (FBS Independent)",Sr.,WR,13,49,571,2
183,"Riley Ridley, Georgia (SEC)",Jr.,WR,14,44,570,9
184,"D.K. Metcalf, Ole Miss (SEC)",So.,WR,7,26,569,5
185,"Omar Bayless, Arkansas St. (Sun Belt)",Jr.,WR,12,39,566,2
186,"Aaron Cephus, Rice (C-USA)",So.,WR,11,40,565,5
186,"Taj Harris, Syracuse (ACC)",Fr.,WR,12,40,565,3
186,"Nykeim Johnson, Syracuse (ACC)",So.,WR,12,41,565,4
186,"Patrick Smith, Middle Tenn. (C-USA)",Sr.,WR,14,57,565,6
190,"Lucky Jackson, Western Ky. (C-USA)",Jr.,WR,12,51,563,4
190,"Jeff Thomas, Miami (FL) (ACC)",So.,WR,11,35,563,3
192,"Romeo Doubs, Nevada (Mountain West)",Fr.,WR,13,43,562,2
192,"Tre Nixon, UCF (AAC)",So.,WR,13,40,562,4
192,"Bennett Skowronek, Northwestern (Big Ten)",Jr.,WR,14,45,562,3
195,"Eric Kumah, Virginia Tech (ACC)",Jr.,WR,12,42,559,7
196,"Taysir Mack, Pittsburgh (ACC)",So.,WR,12,25,557,1
197,"Cody White, Michigan St. (Big Ten)",So.,WR,9,42,555,2
198,"Jaylen Smith, Louisville (ACC)",Sr.,WR,12,36,550,1
199,"Ryan Davis, Auburn (SEC)",Sr.,WR,13,69,546,1
199,"Devin Duvernay, Texas (Big 12)",Jr.,WR,14,41,546,4
