Rank,Player,Cl,Pos,G,Rec,Rec Yds,Rec TD
1,"Cooper Kupp, Eastern Wash. (Big Sky)",Sr.,WR,13,117,"1,700",17
2,"Brian Brown, Richmond (CAA)",Sr.,WR,14,81,"1,485",11
3,"Kamron Lewis, Saint Francis (PA) (NEC)",So.,WR,12,75,"1,478",11
4,"Karel Hamilton, Samford (SoCon)",Sr.,WR,11,111,"1,389",14
5,"Chad Williams, Grambling (SWAC)",Sr.,WR,12,89,"1,334",10
6,"Jake Wieneke, South Dakota St. (MVFC)",Jr.,WR,13,78,"1,316",16
7,"Dallas Goedert, South Dakota St. (MVFC)",Jr.,TE,13,92,"1,293",11
8,"Troy Pelletier, Lehigh (Patriot)",Jr.,WR,12,96,"1,278",12
9,"Kendrick Bourne, Eastern Wash. (Big Sky)",Sr.,WR,14,79,"1,201",7
10,"Shaq Hill, Eastern Wash. (Big Sky)",Sr.,WR,14,77,"1,157",17
11,"Yedidiah Louis, Sam Houston (Southland)",Jr.,WR,13,76,"1,152",14
12,"Gatlin Casey, Lehigh (Patriot)",Jr.,WR,12,62,"1,135",14
13,"Justin Watson, Penn (Ivy League)",Jr.,WR,10,89,"1,115",8
14,"Lance Lenoir, Western Ill. (MVFC)",Sr.,WR,11,76,"1,093",7
15,"Aaron Blockmon, Campbell (Pioneer)",So.,WR,10,53,"1,034",10
16,"Anthony Warrum, Illinois St. (MVFC)",Sr.,WR,12,60,"1,031",11
17,"Stephen Miller, Northern Colo. (Big Sky)",Sr.,WR,11,56,"1,007",5
18,"Nathan Stewart, Sam Houston (Southland)",Fr.,WR,13,52,"1,004",12
19,"Emmanuel Butler, Northern Ariz. (Big Sky)",Jr.,WR,11,69,"1,003",9
20,"Rashawn Proctor, Hampton (MEAC)",Sr.,WR,11,70,997,3
21,"Juston Christian, Marist (Pioneer)",So.,WR,11,48,992,8
22,"Brian Riley, San Diego (Pioneer)",Sr.,WR,12,54,986,7
23,"Willie Quinn, Southern U. (SWAC)",Sr.,WR,11,64,984,11
24,"Pace Temple, Butler (Pioneer)",So.,WR,11,61,978,5
25,"Jordon Gandy, Murray St. (OVC)",Jr.,WR,11,62,976,11
26,"Christian Summers, Towson (CAA)",Sr.,WR,11,57,968,5
27,"Patrick Smith, Tennessee St. (OVC)",Jr.,WR,11,61,966,13
28,"Davion Davis, Sam Houston (Southland)",So.,WR,13,56,960,10
29,"Wayne Capers, Duquesne (NEC)",Sr.,WR,11,51,959,9
30,"Reggie White Jr., Monmouth (Big South)",Jr.,WR,11,69,934,7
31,"Dontez Byrd, Tennessee Tech (OVC)",Jr.,WR,11,74,933,7
32,"Willie Young, Ark.-Pine Bluff (SWAC)",Sr.,WR,11,70,923,5
33,"Keelan Doss, UC Davis (Big Sky)",Jr.,WR,11,66,911,10
34,"Jared Beard, Austin Peay (OVC)",Jr.,WR,11,71,910,7
35,"Mike Sharp, Southern Utah (Big Sky)",Sr.,WR,11,75,898,12
36,"Kelvin McKnight, Samford (SoCon)",So.,WR,11,70,896,9
37,"Desmond Smith, Central Ark. (Southland)",Sr.,WR,13,70,893,8
38,"Jatavious Wilson, Central Ark. (Southland)",Sr.,WR,13,63,891,3
39,"John Maddaluna, Colgate (Patriot)",Sr.,WR,10,54,878,5
40,"Jake Raymond, Morehead St. (Pioneer)",Sr.,WR,11,73,844,5
41,"Ross Dwelley, San Diego (Pioneer)",Jr.,TE,12,70,843,10
42,"Andrew Vollert, Weber St. (Big Sky)",Jr.,TE,12,62,840,7
43,"Tamrick Pace, SFA (Southland)",Fr.,WR,11,52,836,8
44,"Neil O'Connor, New Hampshire (CAA)",So.,WR,13,58,834,6
45,"C.J. Bates, Nicholls (Southland)",Sr.,WR,11,54,821,9
46,"Spearman Robinson, Western Caro. (SoCon)",Sr.,WR,11,49,799,4
47,"Steven Newbold, Tennessee St. (OVC)",Fr.,WR,11,41,784,6
48,"Blair Roberts, Duquesne (NEC)",Sr.,WR,10,47,782,8
49,"Eric Saubert, Drake (Pioneer)",Sr.,TE,11,56,776,10
50,"Moses Webb, Sacred Heart (NEC)",Sr.,WR,11,63,775,6
51,"Andre Dessenberg, Towson (CAA)",Sr.,WR,11,60,774,3
51,"Austin Longi, Fordham (Patriot)",So.,WR,11,59,774,6
53,"Elijah Marks, Northern Ariz. (Big Sky)",Jr.,WR,10,43,770,7
54,"Juwan Dickey, Southeastern La. (Southland)",Jr.,WR,11,42,768,7
55,"Derek Knott, Lehigh (Patriot)",Sr.,WR,12,60,767,3
56,"Marquise Irvin, Mercer (SoCon)",So.,WR,11,65,766,7
57,"Taylor Barthelette, Bryant (NEC)",Sr.,WR,11,47,763,8
58,"Matt Mrazek, Lafayette (Patriot)",Jr.,WR,11,71,755,8
59,"Jesse Blackburn, Murray St. (OVC)",Sr.,WR,11,52,747,3
59,"Aaron Sanders, VMI (SoCon)",Sr.,WR,11,76,747,3
61,"Kristian Wilkerson, Southeast Mo. St. (OVC)",Fr.,WR,11,35,743,4
62,"Devin Borders, Eastern Ky. (OVC)",Sr.,WR,11,48,739,6
63,"Terryon Robinson, Western Caro. (SoCon)",Jr.,WR,11,71,738,6
64,"Will Carter, Bucknell (Patriot)",Sr.,WR,10,49,734,3
65,"Joey Fields, Central Conn. St. (NEC)",Jr.,WR,11,46,732,6
66,"Lavontis Smith, N.C. Central (MEAC)",Sr.,WR,12,44,728,5
67,"C.J Board, Chattanooga (SoCon)",Sr.,WR,13,46,725,5
68,"Brandon Ravenel, James Madison (CAA)",Sr.,WR,15,45,720,5
69,"Hunter Hagdorn, Dartmouth (Ivy League)",Fr.,WR,10,56,706,1
70,"Jake Wieczorek, Holy Cross (Patriot)",Sr.,WR,11,55,705,5
71,"Anthony Firkser, Harvard (Ivy League)",Sr.,TE,10,45,702,7
72,"Darious Crawley, McNeese (Southland)",Jr.,WR,11,41,701,7
72,"John Williams, Wagner (NEC)",Jr.,WR,11,33,701,5
74,"Robert Tonyan, Indiana St. (MVFC)",Sr.,WR,11,56,699,10
75,"Xavier Borishade, Chattanooga (SoCon)",Sr.,WR,13,47,688,8
75,"Micah Wright, Maine (CAA)",Jr.,WR,10,44,688,7
77,"Brandon Acker, Southeastern La. (Southland)",Sr.,WR,11,32,687,7
78,"K.W. Williams, Idaho St. (Big Sky)",Sr.,WR,11,64,683,11
79,"Kegan Moore, Stetson (Pioneer)",Sr.,WR,10,49,676,5
80,"Brian Burnett, Jacksonville (Pioneer)",Jr.,WR,10,34,675,5
81,"Josh Barge, Jacksonville St. (OVC)",Sr.,WR,10,41,662,2
82,"Ben Axline, UT Martin (OVC)",---,WR,12,35,659,4
83,"Andrej Suttles, Furman (SoCon)",Sr.,WR,10,44,658,6
84,"Emmanuel Obajimi, Samford (SoCon)",Sr.,WR,11,56,657,6
85,"Dante Shells, Liberty (Big South)",Sr.,WR,11,43,655,8
86,"Josh Banks, Mississippi Val. (SWAC)",Jr.,WR,11,48,652,5
87,"Darrius Shepherd, North Dakota St. (MVFC)",So.,WR,13,45,642,5
88,"Jaris Scott, Davidson (Pioneer)",Jr.,WR,11,36,638,2
89,"Robbie Cantelli, Fordham (Patriot)",Sr.,WR,11,37,634,13
90,"Elijah Bell, N.C. A&T (MEAC)",Fr.,WR,12,35,631,8
91,"Thomas Gordon, Furman (SoCon)",Fr.,WR,11,43,629,4
92,"Justice Liggins, SFA (Southland)",Sr.,WR,11,48,626,3
93,"Justin Calhoun, Montana (Big Sky)",Fr.,WR,11,42,625,6
94,"Brendan Flaherty, Holy Cross (Patriot)",Sr.,WR,10,59,621,4
95,"Bobby Chan-Chan, Northwestern St. (Southland)",Jr.,WR,10,32,614,6
96,"Miles Thompson, Indiana St. (MVFC)",Jr.,WR,10,37,605,6
97,"Dane Forlines, VMI (SoCon)",Sr.,WR,11,55,604,1
98,"Norlando Veals, Alcorn (SWAC)",Jr.,WR,11,31,603,7
99,"Israel Lamprakes, Southern Ill. (MVFC)",Sr.,WR,9,32,602,4
100,"Keenan Curran, Montana (Big Sky)",So.,WR,11,40,601,10
101,"Demarquo Lastrappe, Prairie View (SWAC)",So.,,11,34,595,4
102,"Domo Taylor, James Madison (CAA)",Sr.,WR,15,36,594,3
103,"Maximo Espitia, Portland St. (Big Sky)",Jr.,TE,11,33,592,3
104,"Henderson Gray, Jacksonville (Pioneer)",So.,WR,9,38,591,3
104,"Dylan Wadsworth, Lafayette (Patriot)",Jr.,TE,11,42,591,2
106,"Isiah Hennie, Sacramento St. (Big Sky)",Jr.,WR,11,48,590,5
107,"Darren Ambush, Monmouth (Big South)",Sr.,WR,11,49,588,2
108,"Billy Reed, Southern Ill. (MVFC)",Sr.,WR,11,45,580,4
109,"Terrence Alls, James Madison (CAA)",Jr.,WR,13,39,575,5
110,"Verlon Hunter, Grambling (SWAC)",Sr.,WR,12,51,572,7
111,"Grant Menard, Drake (Pioneer)",Sr.,TE,10,35,568,7
111,"Justice Shelton-Mosley, Harvard (Ivy League)",So.,WR,8,48,568,1
113,"Mason Rutherford, Delaware St. (MEAC)",Jr.,WR,11,42,564,1
114,"Isaiah Barnes, Princeton (Ivy League)",Sr.,WR,10,36,563,2
114,"Cody Swain, Ark.-Pine Bluff (SWAC)",Sr.,WR,11,52,563,0
116,"Tyler Wilkins, Richmond (CAA)",So.,WR,14,40,561,4
117,"Connor Iwema, Southern Ill. (MVFC)",Jr.,WR,11,44,557,5
118,"Ryan Markush, Eastern Ky. (OVC)",Jr.,WR,11,41,556,3
119,"Darryl Denby, Weber St. (Big Sky)",Jr.,WR,12,48,554,5
120,"Lawrence Dickens, Marist (Pioneer)",Jr.,WR,11,42,553,1
120,"De'Mun Mercer, North Dakota (Big Sky)",Jr.,WR,11,28,553,4
122,"Christian Gibbs, Illinois St. (MVFC)",Jr.,WR,12,49,547,5
123,"Danny Cotter, Butler (Pioneer)",Sr.,WR,11,37,541,4
124,"Kameron Brown, Charleston So. (Big South)",Fr.,WR,11,27,540,6
124,"Jack Euritt, Dayton (Pioneer)",Sr.,WR,10,27,540,7
126,"Tevin McKenzie, Alabama A&M (SWAC)",Sr.,WR,11,50,539,1
127,"Ray Bolden, Stony Brook (CAA)",Jr.,WR,11,37,536,1
128,"Kyle Anthony, Howard (MEAC)",Fr.,WR,11,40,535,6
129,"Malik Earl, Missouri St. (MVFC)",Jr.,WR,10,41,534,3
129,"Dominique Leake, Grambling (SWAC)",Sr.,WR,12,31,534,6
131,"Devonte Dedmon, William & Mary (CAA)",Jr.,WR,10,35,533,5
131,"Aris Scott, Delaware St. (MEAC)",Sr.,WR,11,40,533,4
133,"Josh Cook, Idaho St. (Big Sky)",Sr.,TE,11,46,532,2
134,"Dan Crimmins, Eastern Ky. (OVC)",Sr.,TE,11,34,531,3
135,"Rashard Davis, James Madison (CAA)",Sr.,WR,15,42,530,3
135,"RJ Urzendowski, North Dakota St. (MVFC)",Jr.,WR,14,31,530,3
137,"Darien Townsend, Youngstown St. (MVFC)",Jr.,WR,14,32,525,4
138,"Matt Sewall, Bryant (NEC)",Jr.,WR,11,39,522,7
139,"Malik Love, New Hampshire (CAA)",Fr.,WR,12,59,520,1
140,"Garrett Hudson, Richmond (CAA)",Jr.,TE,14,31,519,5
141,"Zae Giles, Lamar University (Southland)",So.,WR,11,58,518,4
141,"Jonah Hodges, San Diego (Pioneer)",Sr.,RB,12,53,518,2
141,"Alex Jette, Brown (Ivy League)",Sr.,WR,10,54,518,3
141,"Josh Kraght, Portland St. (Big Sky)",Jr.,QB,11,36,518,1
145,"Jalen Wilkes, N.C. Central (MEAC)",So.,WR,12,31,516,5
146,"Christian Pearson, Penn (Ivy League)",So.,WR,10,40,514,7
147,"Richie DeNicola, Holy Cross (Patriot)",So.,WR,10,49,513,4
148,"Alvin Bailey, Youngstown St. (MVFC)",Jr.,WR,15,47,511,5
148,"Trae Hart, SFA (Southland)",Jr.,WR,10,42,511,2
148,"Ryan Skibinski, Dayton (Pioneer)",Fr.,WR,10,40,511,2
