Rank,Player,Cl,Pos,G,Rec,Rec Yds,Rec TD
1,"Nathan Stewart, Sam Houston (Southland)",So.,WR,14,72,"1,648",14
2,"Keelan Doss, UC Davis (Big Sky)",Jr.,WR,11,115,"1,499",7
3,"Neil O'Connor, New Hampshire (CAA)",Jr.,WR,14,97,"1,396",10
4,"Jaelon Acklin, Western Ill. (MVFC)",Sr.,WR,12,84,"1,369",10
5,"Troy Pelletier, Lehigh (Patriot)",Sr.,WR,12,105,"1,292",10
6,"Jesper Horsted, Princeton (Ivy League)",Jr.,WR,10,92,"1,226",14
7,"Davion Davis, Sam Houston (Southland)",Jr.,WR,14,78,"1,206",17
8,"Kelvin McKnight, Samford (SoCon)",Jr.,WR,11,86,"1,179",12
9,"Elijah Marks, Northern Ariz. (Big Sky)",Sr.,WR,10,71,"1,170",6
10,"Dallas Goedert, South Dakota St. (MVFC)",Sr.,TE,14,72,"1,111",7
11,"Justin Priest, San Diego (Pioneer)",Sr.,WR,13,75,"1,097",13
12,"Juston Christian, Marist (Pioneer)",Jr.,WR,11,60,"1,096",5
13,"Justin Watson, Penn (Ivy League)",Sr.,WR,10,81,"1,083",14
14,"Pace Temple, Butler (Pioneer)",Jr.,WR,11,65,"1,075",4
15,"Nehari Crawford, Duquesne (NEC)",Jr.,WR,11,65,"1,026",15
16,"Cortrelle Simpson, Richmond (CAA)",So.,WR,11,60,"1,019",6
17,"Alex Wesley, Northern Colo. (Big Sky)",Jr.,WR,10,55,"1,010",6
18,"Dontez Byrd, Tennessee Tech (OVC)",Sr.,WR,11,78,"1,003",6
19,"Josh Wainwright, Columbia (Ivy League)",So.,WR,10,78,"1,001",8
20,"Yedidiah Louis, Sam Houston (Southland)",Sr.,WR,11,76,993,7
21,"Jarin Higginbothom, Morehead St. (Pioneer)",Jr.,WR,11,48,974,10
22,"Jake Wieneke, South Dakota St. (MVFC)",Sr.,WR,14,65,965,16
23,"Jordon Gandy, Murray St. (OVC)",Sr.,WR,11,65,954,10
24,"Elijah Bell, N.C. A&T (MEAC)",So.,WR,12,64,953,11
25,"Daurice Fountain, UNI (MVFC)",Sr.,WR,13,66,943,12
26,"Stephen Carlson, Princeton (Ivy League)",Jr.,WR,10,71,935,11
27,"Nic Sblendorio, Eastern Wash. (Big Sky)",Sr.,WR,11,72,912,5
28,"Kamron Lewis, Saint Francis (PA) (NEC)",Jr.,WR,10,65,909,6
29,"Chris Shelling, Samford (SoCon)",So.,WR,12,73,907,7
30,"Norlando Veals, Alcorn (SWAC)",Sr.,WR,11,49,901,7
31,"Dejon Brissett, Richmond (CAA)",Jr.,WR,11,63,896,7
31,"Terryon Robinson, Western Caro. (SoCon)",Sr.,WR,12,62,896,10
33,"Jaquez Ezzard, Howard (MEAC)",Fr.,,11,34,895,6
34,"Quinn McElfresh, Mississippi Val. (SWAC)",Jr.,WR,11,57,889,5
35,"Tom Kennedy, Bryant (NEC)",Sr.,WR,11,57,888,9
36,"Tyler Wilkins, Richmond (CAA)",Jr.,WR,11,62,876,7
37,"Reggie White Jr., Monmouth (Big South)",Jr.,WR,12,74,874,8
38,"Mitch Gueller, Idaho St. (Big Sky)",So.,WR,9,36,871,8
39,"Gatlin Casey, Lehigh (Patriot)",Sr.,WR,12,60,854,12
40,"Khadarel Hodge, Prairie View (SWAC)",Sr.,WR,11,48,844,12
41,"Aaron Parker, Rhode Island (CAA)",So.,WR,11,51,823,7
42,"Donald Parham, Stetson (Pioneer)",Jr.,TE,10,58,817,1
43,"Brandon Cox, Central Ark. (Southland)",Sr.,WR,12,43,816,6
44,"Brandt Van Roekel, South Dakota (MVFC)",Sr.,WR,11,51,806,8
45,"Keenan Curran, Montana (Big Sky)",Jr.,WR,11,38,803,7
46,"Steven Doran, Drake (Pioneer)",Jr.,WR,10,39,790,8
47,"Ray Bolden, Stony Brook (CAA)",Sr.,WR,11,66,780,9
48,"Malik Earl, Missouri St. (MVFC)",Sr.,WR,11,56,774,3
49,"Darrell James, Southern Ill. (MVFC)",Jr.,WR,11,47,773,8
49,"Andrew Vollert, Weber St. (Big Sky)",Sr.,TE,14,61,773,5
51,"Damion Jeanpiere, Nicholls (Southland)",Jr.,WR,12,40,770,4
52,"Shamar Jackson, South Dakota (MVFC)",Jr.,WR,13,53,766,4
53,"Kyle Anthony, Howard (MEAC)",So.,WR,11,40,764,5
54,"Andre Lindsey, Sacramento St. (Big Sky)",Jr.,WR,11,25,756,7
55,"Michael Dean, Idaho St. (Big Sky)",So.,RB,11,52,754,8
56,"Ryan Markush, Eastern Ky. (OVC)",Sr.,WR,11,55,745,9
57,"Jacen Murphy, N.C. Central (MEAC)",Sr.,WR,11,60,742,5
58,"Malik Love, New Hampshire (CAA)",So.,WR,12,70,733,3
59,"Marven Beauvais, Rhode Island (CAA)",Jr.,WR,11,46,732,5
60,"Jorge Portorreal, Lehigh (Patriot)",Fr.,WR,12,56,729,2
61,"Bob Pugh, Indiana St. (MVFC)",Sr.,WR,11,28,722,3
62,"Thomas Gordon, Furman (SoCon)",So.,WR,11,39,717,1
63,"Byron Barney, Sacred Heart (NEC)",Sr.,WR,9,55,709,4
63,"Kortez Weeks, Elon (CAA)",Fr.,WR,12,60,709,2
65,"Darnell Adams, Portland St. (Big Sky)",Sr.,WR,10,44,705,5
66,"William Wicks, Davidson (Pioneer)",So.,WR,11,51,704,5
67,"Michael Dereus, Georgetown (Patriot)",So.,WR,11,46,696,5
68,"Alexander Hollins, Eastern Ill. (OVC)",Jr.,WR,11,47,694,7
69,"Nsimba Webster, Eastern Wash. (Big Sky)",Jr.,WR,11,59,693,5
70,"Andrew O'Neill, Sacred Heart (NEC)",Sr.,WR,11,59,690,4
71,"Spencer Schnell, Illinois St. (MVFC)",Jr.,WR,11,51,679,4
72,"Ronald Bell, Hampton (MEAC)",So.,WR,11,60,674,7
73,"Charlie Taumoepeau, Portland St. (Big Sky)",So.,TE,11,45,673,3
74,"Lawrence Dickens, Marist (Pioneer)",Sr.,WR,11,51,669,3
75,"Ross Dwelley, San Diego (Pioneer)",Sr.,TE,12,50,663,10
75,"Jaelin Ratliff, Sacramento St. (Big Sky)",Jr.,WR,10,25,663,4
77,"Andy Schumpert, Furman (SoCon)",Sr.,TE,13,32,652,9
78,"Patrick Smith, Tennessee St. (OVC)",Sr.,WR,11,42,648,8
78,"Noah Wanzek, North Dakota (Big Sky)",So.,WR,11,52,648,5
80,"Trent Riley, Portland St. (Big Sky)",Sr.,WR,11,55,647,5
81,"Roman Gordon, Central Ark. (Southland)",Sr.,WR,10,41,645,7
81,"Jerry Louie-McGee, Montana (Big Sky)",So.,WR,11,50,645,3
81,"Tamrick Pace, SFA (Southland)",So.,WR,11,53,645,5
84,"Steffon Hill, Western Caro. (SoCon)",Sr.,WR,11,44,644,5
85,"Marcus Taylor, Norfolk St. (MEAC)",Jr.,WR,11,60,629,5
86,"Drew Batchelor, Weber St. (Big Sky)",Sr.,WR,13,51,628,9
87,"Steven Newbold, Tennessee St. (OVC)",So.,WR,11,34,627,4
88,"Kent Shelby, McNeese (Southland)",Sr.,WR,10,48,625,3
89,"Phillip Baptiste, UIW (Southland)",Jr.,WR,10,31,623,3
90,"Jabari Greenwood, Towson (CAA)",Jr.,WR,10,53,616,0
91,"Harrison Jackson, Stony Brook (CAA)",Sr.,WR,12,37,615,7
91,"Riley Stapleton, James Madison (CAA)",So.,WR,13,42,615,5
93,"Manassah Bailey, Morgan St. (MEAC)",So.,WR,11,37,610,6
93,"Justin Sumpter, Kennesaw St. (Big South)",Jr.,WR,14,33,610,5
93,"RJ Urzendowski, North Dakota St. (MVFC)",Sr.,WR,15,38,610,8
96,"Landen Measom, Southern Utah (Big Sky)",Fr.,WR,12,53,608,4
97,"Christian Gibbs, Illinois St. (MVFC)",Sr.,WR,9,36,604,5
98,"Blaise Bell, Holy Cross (Patriot)",Jr.,WR,11,46,601,8
98,"Aulden Knight, Hampton (MEAC)",So.,WR,11,28,601,6
100,"Chad Hunter, Florida A&M (MEAC)",Fr.,WR,11,32,598,6
101,"Tiger Bech, Princeton (Ivy League)",So.,WR,10,40,596,2
102,"Jacquet McClendon, Indiana St. (MVFC)",Sr.,TE,11,54,595,4
103,"Jean Constant, Bryant (NEC)",So.,WR,11,48,594,7
103,"Christopher Williams-Lopez, Yale (Ivy League)",Sr.,WR,10,56,594,3
105,"Connor Iwema, Southern Ill. (MVFC)",Sr.,WR,11,40,592,4
106,"Martin Dorsey, Holy Cross (Patriot)",Jr.,WR,11,43,590,2
107,"Jakob Prall, Brown (Ivy League)",So.,WR,10,51,587,0
108,"Lawayne Ross, McNeese (Southland)",Jr.,TE,11,42,570,2
109,"Wesley Preece, UC Davis (Big Sky)",So.,TE,10,36,568,9
110,"Logan Parker, Southern Utah (Big Sky)",Jr.,TE,12,43,560,5
111,"Darrius Shepherd, North Dakota St. (MVFC)",Jr.,WR,14,41,559,1
112,"Logan McCarter, Furman (SoCon)",Sr.,WR,13,31,555,5
112,"Damoun Patterson, Youngstown St. (MVFC)",Sr.,WR,11,32,555,4
114,"Samori Toure, Montana (Big Sky)",So.,WR,11,31,553,5
114,"Kristian Wilkerson, Southeast Mo. St. (OVC)",So.,WR,10,52,553,5
116,"Kameron Brown, Charleston So. (Big South)",So.,WR,10,25,552,2
117,"Courtney Rush, Central Conn. St. (NEC)",Jr.,WR,11,24,547,5
118,"Rashid Shaheed, Weber St. (Big Sky)",Fr.,WR,14,25,545,3
119,"Troy Grant, Abilene Christian (Southland)",Sr.,WR,11,51,542,4
120,"Hunter Hagdorn, Dartmouth (Ivy League)",So.,WR,8,44,541,6
121,"Donny Navarro, Valparaiso (Pioneer)",Fr.,WR,11,32,539,5
122,"Adam Trautman, Dayton (Pioneer)",Jr.,TE,11,43,537,5
123,"Marquise Irvin, Mercer (SoCon)",Jr.,WR,11,41,536,4
124,"David Eldridge, James Madison (CAA)",Jr.,WR,15,42,533,4
125,"Steven McIntosh, Mississippi Val. (SWAC)",Jr.,WR,11,39,532,2
126,"Raphael Leonard, Southern Ill. (MVFC)",Jr.,WR,11,34,530,5
127,"Darrell Clark, Grambling (SWAC)",Jr.,WR,13,44,528,5
128,"Ethan Fry, Houston Christian (Southland)",Sr.,WR,11,40,527,2
129,"Kyran Moore, Austin Peay (OVC)",Sr.,DL,11,29,526,3
130,"Aaron Moore, UC Davis (Big Sky)",So.,WR,11,39,523,5
131,"Taronn Selby, Delaware St. (MEAC)",Jr.,WR,11,35,521,2
132,"Darvin Kidsy, Texas Southern (SWAC)",Fr.,,11,38,519,3
133,"Tre Lennon, Elon (CAA)",Sr.,WR,12,40,516,2
134,"Isaiah Bailey, Alabama A&M (SWAC)",Jr.,WR,9,34,514,6
135,"Corey Joyner, Elon (CAA)",Jr.,WR,12,32,512,2
136,"Darius Floyd, Prairie View (SWAC)",Jr.,WR,11,45,510,5
137,"De'Mun Mercer, North Dakota (Big Sky)",Sr.,WR,10,36,508,1
138,"Henderson Gray, Jacksonville (Pioneer)",Jr.,WR,9,34,507,1
139,"Justin Calhoun, Montana (Big Sky)",So.,WR,11,32,505,4
140,"Matt Sewall, Bryant (NEC)",Sr.,WR,10,46,502,6
141,"Kyle Lewis, Cal Poly (Big Sky)",Sr.,RB,11,23,500,5
141,"Brandon Norwood, Florida A&M (MEAC)",Sr.,WR,11,49,500,3
141,"Frank Stephens, Northern Colo. (Big Sky)",Sr.,WR,9,27,500,5
144,"Andrew Harris, Samford (SoCon)",Jr.,WR,11,36,497,4
144,"Mitchell Herbert, Montana St. (Big Sky)",Sr.,WR,11,41,497,5
146,"Briley Moore, UNI (MVFC)",So.,TE,13,38,494,0
147,"Dashawn Davis, Presbyterian (Big South)",Jr.,WR,11,41,490,3
148,"Dai'Jean Dixon, Nicholls (Southland)",Fr.,WR,12,23,489,5
148,"Landon Hurst, Morehead St. (Pioneer)",Fr.,WR,11,41,489,4
150,"Neiko Creamer, Eastern Ky. (OVC)",Jr.,WR,11,40,485,0
