Rank,Player,Cl,Pos,G,Rec,Rec Yds,Rec TD
1,"Jakob Herres, VMI (SoCon)",Jr.,WR,8,80,978,8
2,"Jequez Ezzard, Sam Houston (Southland)",Sr.,WR,10,38,861,9
3,"Xavier Gipson, SFA (Southland)",So.,WR,10,52,847,9
4,"Tyler Hudson, Central Ark. (Southland)",So.,WR,9,50,845,7
5,"Avante Cox, Southern Ill. (MVFC)",Jr.,WR,10,66,838,5
6,"Keith Pearson, Jr., Presbyterian (Pioneer)",Sr.,WR,7,65,831,5
7,"Talolo Limu-Jones, Eastern Wash. (Big Sky)",Sr.,WR,7,48,759,4
8,"Tanner Conner, Idaho St. (Big Sky)",Sr.,WR,6,34,685,3
9,"DeAngelo Wilson, Austin Peay (OVC)",Sr.,WR,8,44,619,3
10,"Hayden Hatten, Idaho (Big Sky)",So.,TE,6,43,613,3
11,"Ty King, Samford (SoCon)",So.,WR,7,33,609,3
12,"Keyion Dixon, Eastern Ky. (OVC)",Sr.,WR,9,37,607,6
13,"Antwane Wells Jr., James Madison (CAA)",Fr.,WR,8,33,603,6
14,"Damoriea Vick, Missouri St. (MVFC)",Jr.,WR,10,45,596,2
15,"Landon Lenoir, Southern Ill. (MVFC)",Sr.,WR,10,45,590,4
16,"Ife Adeyi, Sam Houston (Southland)",So.,WR,10,30,588,3
17,"Jacquez Jones, Eastern Ky. (OVC)",Jr.,WR,9,40,578,4
18,"Daylen Baldwin, Jackson St. (SWAC)",Jr.,WR,6,27,540,7
19,"Michael Carner, San Diego (Pioneer)",Jr.,WR,6,35,538,4
20,"Trae Barry, Jacksonville St. (OVC)",Sr.,TE,10,33,534,1
20,"CJ Turner, Southeastern La. (Southland)",Jr.,WR,6,44,534,5
22,"Garett Maag, North Dakota (MVFC)",Jr.,WR,7,25,523,2
23,"Lujuan Winningham, Central Ark. (Southland)",Jr.,WR,9,37,522,12
24,"Javon Antonio, Northwestern St. (Southland)",Jr.,WR,5,31,521,4
25,"Ty James, Mercer (SoCon)",Fr.,WR,11,30,518,3
26,"Dai'Jean Dixon, Nicholls (Southland)",Sr.,WR,7,35,514,7
27,"J.J. Conner, Southeastern La. (Southland)",Sr.,WR,6,39,493,0
28,"Cyrus Holder, Duquesne (NEC)",Sr.,WR,5,23,491,5
29,"Jackson Beerman, Eastern Ky. (OVC)",Jr.,WR,7,27,482,1
30,"Dennis Houston, Western Ill. (MVFC)",Sr.,WR,6,43,477,2
31,"Robert Ferrel, UIW (Southland)",Jr.,WR,6,35,474,6
32,"Jaxon Janke, South Dakota St. (MVFC)",So.,WR,10,32,473,6
33,"Freddie Roberson, Eastern Wash. (Big Sky)",So.,WR,7,33,470,3
34,"BJ Byrd, Morehead St. (Pioneer)",Sr.,WR,7,31,467,8
35,"Tre Wolf, UIW (Southland)",Jr.,WR,6,31,464,2
36,"Cody Chrest, Sam Houston (Southland)",Sr.,WR,10,41,463,2
37,"Colton Dowell, UT Martin (OVC)",Jr.,WR,7,40,460,4
38,"Josh Matthews, McNeese (Southland)",Jr.,WR,7,32,458,4
39,"Cam Wyche, Tennessee St. (OVC)",Jr.,WR,7,22,456,2
40,"Jerreth Sterns, Houston Christian (Southland)",Jr.,WR,4,47,454,5
41,"Thyrick Pitts, Delaware (CAA)",Jr.,WR,8,29,451,3
42,"Landen Measom, Southern Utah (Big Sky)",Sr.,WR,6,30,446,5
43,"Donnell Williams, UT Martin (OVC)",Sr.,WR,6,29,445,3
44,"Christian Watson, North Dakota St. (MVFC)",Jr.,WR,10,19,444,1
45,"Ryan DeLuca, Furman (SoCon)",Sr.,WR,7,24,441,1
46,"A.J. Toney, Samford (SoCon)",So.,WR,7,41,437,1
47,"Gene Coleman II, Delaware (CAA)",Sr.,WR,8,44,433,1
48,"LaMartez Brooks, Murray St. (OVC)",Jr.,WR,7,37,429,2
49,"Kris Thornton, James Madison (CAA)",Jr.,WR,8,26,428,3
50,"Terrance Greene Jr., Monmouth (Big South)",Sr.,WR,4,23,425,4
50,"Jadon Janke, South Dakota St. (MVFC)",So.,WR,10,21,425,5
52,"Ethan Dirrim, Mercer (SoCon)",Fr.,RB,11,22,417,4
53,"Remi Simmons, SFA (Southland)",Sr.,WR,10,22,413,4
54,"Montrell Washington, Samford (SoCon)",Sr.,WR,7,27,406,4
55,"Trevor Begue, McNeese (Southland)",Sr.,WR,7,24,404,2
56,"Thomas Campbell-Clay, Morehead St. (Pioneer)",Jr.,WR,7,28,403,4
56,"Zack Smith, Southeast Mo. St. (OVC)",Sr.,WR,8,38,403,4
56,"Josh Sterns, Houston Christian (Southland)",Fr.,WR,4,13,403,4
59,"Ben Ratzlaff, Houston Christian (Southland)",Sr.,WR,4,29,399,3
60,"Ty MacPherson, Weber St. (Big Sky)",Jr.,WR,6,19,395,0
61,"Michael Jackson, VMI (SoCon)",Jr.,WR,8,36,394,3
62,"Andrew Boston, Eastern Wash. (Big Sky)",Jr.,WR,6,26,392,3
62,"Johnny King, Southeast Mo. St. (OVC)",Jr.,WR,8,31,392,2
64,"Tony Tate, Western Ill. (MVFC)",Sr.,WR,6,36,389,2
65,"Baniko Harley, Austin Peay (OVC)",Sr.,QB,8,28,387,5
66,"Yogi Flager, Jr. , Butler (Pioneer)",Fr.,WR,5,23,382,1
67,"Darion Chafin, UIW (Southland)",Jr.,WR,6,26,372,4
68,"Dallas Daniels, Western Ill. (MVFC)",Jr.,WR,6,34,368,2
69,"Lionell McConnell, Abilene Christian (Southland)",Jr.,WR,6,36,366,0
70,"Zabrian Moore, Alabama A&M (SWAC)",Sr.,WR,3,13,363,5
71,"Quan Hampton, UNI (MVFC)",Jr.,WR,7,33,359,0
72,"Dave Russell III, Jacksonville St. (OVC)",So.,WR,13,26,352,3
73,"Andre Miller, Maine (CAA)",Sr.,WR,4,21,348,6
74,"Christian Brown, San Diego (Pioneer)",So.,WR,6,25,347,2
75,"Josh Wilkes, Ark.-Pine Bluff (SWAC)",Sr.,WR,5,25,341,6
76,"Abdul-Fatai Ibrahim, Alabama A&M (SWAC)",So.,WR,4,24,338,3
77,"Will Huzzie, ETSU (SoCon)",So.,WR,6,27,334,3
78,"Marcus Cooper, Southeastern La. (Southland)",Jr.,RB,7,32,329,2
79,"Rodney Williams II, UT Martin (OVC)",Sr.,TE,7,30,327,4
80,"Corey Reed, Jackson St. (SWAC)",Jr.,WR,6,27,325,3
81,"Xavier Guillory, Idaho St. (Big Sky)",Fr.,WR,6,18,324,4
82,"Brandon Schenks, Southern Utah (Big Sky)",So.,WR,6,15,316,6
83,"Harry Ballard, Ark.-Pine Bluff (SWAC)",Sr.,WR,5,23,313,3
84,"Tyrin Ralph, Ark.-Pine Bluff (SWAC)",Sr.,WR,5,24,307,1
85,"Jacob Bell, Murray St. (OVC)",So.,WR,7,21,305,1
86,"Deion McShane, UNI (MVFC)",Jr.,WR,7,20,304,0
87,"KJ Franklin, Nicholls (Southland)",So.,WR,7,23,303,2
88,"Max Brimigion, VMI (SoCon)",So.,WR,8,33,296,1
89,"Lonnie Moore IV, Monmouth (Big South)",Sr.,WR,3,22,295,3
90,"Lance Lawson, Southern Utah (Big Sky)",Jr.,WR,6,35,294,0
90,"Shaquan DAVIS, South Carolina St. (MEAC)",So.,,4,14,294,4
92,"Michael Vice, Samford (SoCon)",So.,TE,7,24,293,1
93,"Dominic Lyles, Bucknell (Patriot)",Jr.,WR,4,31,291,1
94,"DeQuan Dallas, Murray St. (OVC)",Sr.,WR,7,13,289,4
95,"Warren Newman, Jackson St. (SWAC)",Sr.,WR,6,35,288,5
96,"Derek Kline, San Diego (Pioneer)",So.,TE,6,22,287,3
97,"Reginald Henderson, Chattanooga (SoCon)",Sr.,WR,4,15,285,0
98,"Ahmad Edwards, Jacksonville St. (OVC)",So.,WR,12,17,284,3
99,"Davie Henderson, Duquesne (NEC)",So.,WR,5,22,282,0
99,"Anthony Stell Jr., Eastern Wash. (Big Sky)",So.,WR,7,17,282,3
99,"Raleigh Webb, The Citadel (SoCon)",Sr.,WR,12,17,282,4
102,"Dontaze Costly, Nicholls (Southland)",Jr.,WR,7,13,280,6
103,"Fotis Kokosioulis, Fordham (Patriot)",Jr.,WR,3,20,278,1
104,"Carson Crawford, UC Davis (Big Sky)",Jr.,WR,5,24,276,3
105,"Dequece Carter, Fordham (Patriot)",So.,WR,3,19,274,2
105,"Cutrell Haywood, Idaho (Big Sky)",Jr.,WR,6,30,274,2
105,"Cayden Jordan, Charleston So. (Big South)",So.,WR,4,15,274,4
105,"Justin Strong, Southern Ill. (MVFC)",So.,RB,10,30,274,3
105,"Caleb Vander Esch, South Dakota (MVFC)",Sr.,WR,4,23,274,1
110,"Efton Chism III, Eastern Wash. (Big Sky)",Fr.,WR,7,23,273,1
110,"Hendrix Johnson, Northern Ariz. (Big Sky)",So.,WR,5,21,273,0
112,"Stacy Chukwumezie, Northern Ariz. (Big Sky)",Sr.,WR,5,16,270,1
113,"Mitchell Perkinson, Central Ark. (Southland)",Jr.,WR,9,28,268,1
114,"Jaelin Campbell, UIW (Southland)",Jr.,WR,6,19,267,3
114,"Izaiah Gathings, Gardner-Webb (Big South)",Jr.,WR,4,26,267,2
116,"Brandon Sanders, Bucknell (Patriot)",Jr.,WR,4,23,264,2
117,"Carter Bell, South Dakota (MVFC)",Fr.,WR,4,17,263,2
117,"Dayron Johnson, Tennessee St. (OVC)",So.,WR,7,18,263,0
119,"Noah Smith, Sam Houston (Southland)",So.,RB,9,28,261,4
120,"Rashid Shaheed, Weber St. (Big Sky)",Sr.,WR,6,22,260,3
121,"Aaron Alston, Southeast Mo. St. (OVC)",Jr.,WR,6,18,256,0
122,"Bo Belquist, North Dakota (MVFC)",Fr.,WR,6,25,255,3
122,"Quinton Cross, Tennessee Tech (OVC)",So.,WR,6,23,255,1
124,"Ryan Miller, Furman (SoCon)",Jr.,TE,7,15,254,6
124,"Jeremiah Miller, SFA (Southland)",Jr.,WR,9,20,254,0
126,"Lorenzo Thomas, Missouri St. (MVFC)",Sr.,WR,9,21,253,0
127,"Jahod Booker, Alabama St. (SWAC)",Jr.,WR,5,18,252,2
127,"Eugene Minter, Austin Peay (OVC)",Jr.,WR,9,21,252,4
129,"Tim Wilson Jr., Southeastern La. (Southland)",Jr.,WR,6,16,251,4
130,"Christian Fredrickson, Idaho St. (Big Sky)",Fr.,WR,6,21,248,2
130,"Trey Gross, Delaware St. (MEAC)",Sr.,WR,5,17,248,5
132,"Chance Knox, VMI (SoCon)",Fr.,WR,8,28,246,2
133,"Rayjuon Pringle, Villanova (CAA)",So.,WR,4,17,245,2
134,"Dewayne Cooks Jr, Eastern Ill. (OVC)",So.,WR,5,15,241,1
135,"Jeremiah Hixon, Alabama St. (SWAC)",Jr.,WR,4,13,234,3
135,"Michael Jefferson, Alabama St. (SWAC)",Jr.,WR,5,24,234,2
137,"Odieu Hiliare, Alabama A&M (SWAC)",So.,,4,17,233,4
138,"Kendall Watson, Samford (SoCon)",Jr.,DB,7,16,229,1
138,"Matt Wilcox Jr., Eastern Ky. (OVC)",Sr.,WR,8,26,229,3
140,"Gavin Landry, Northwestern St. (Southland)",Sr.,WR,6,17,227,1
141,"Peyton Logan, UT Martin (OVC)",Sr.,RB,7,30,226,1
142,"Juliun Price, ETSU (SoCon)",So.,WR,6,14,224,1
143,"Jay Parker, Austin Peay (OVC)",Jr.,WR,8,21,223,2
144,"Jalen Staples, Davidson (Pioneer)",Jr.,WR,7,19,222,2
145,"Jalen Kelsey, Campbell (Big South)",So.,WR,4,18,221,1
146,"Coleman Owen, Northern Ariz. (Big Sky)",Fr.,WR,5,16,215,2
147,"Quinn Revere, Lafayette (Patriot)",Sr.,WR,3,19,214,0
148,"Kavon Samuels, Butler (Pioneer)",Jr.,RB,5,26,211,2
149,"Levar Gumms, Northwestern St. (Southland)",Jr.,WR,6,20,207,1
150,"Justin Malone, Weber St. (Big Sky)",Jr.,TE,6,13,206,3
