Rank,Player,Cl,Pos,G,Rec,Rec Yds,Rec TD
1,"Deangelo Wilson, Austin Peay (OVC)",Jr.,WR,15,89,"1,564",15
2,"Samori Toure, Montana (Big Sky)",Jr.,WR,14,87,"1,495",13
3,"Chris Rowland, Tennessee St. (OVC)",Sr.,WR,12,104,"1,437",8
4,"Juwan Green, UAlbany (CAA)",Sr.,WR,14,83,"1,386",17
5,"Kristian Wilkerson, Southeast Mo. St. (OVC)",Sr.,WR,13,71,"1,350",10
6,"Aaron Parker, Rhode Island (CAA)",Sr.,WR,12,81,"1,224",9
7,"Cade Johnson, South Dakota St. (MVFC)",Jr.,WR,13,72,"1,222",8
8,"Brandon Porter, Northern Ariz. (Big Sky)",So.,WR,12,85,"1,198",10
9,"Brandon Polk, James Madison (CAA)",Sr.,WR,16,74,"1,179",11
10,"Xavier Smith, Florida A&M (MEAC)",So.,WR,11,77,"1,159",11
11,"Michael Bandy, San Diego (Pioneer)",Sr.,WR,12,75,"1,152",12
12,"Jeff Cotton, Idaho (Big Sky)",Sr.,WR,10,88,"1,141",7
13,"Ben Ratzlaff, Houston Christian (Southland)",Jr.,WR,12,87,"1,139",12
14,"Ra'Shaun Henry, Saint Francis (PA) (NEC)",Jr.,WR,12,90,"1,118",9
14,"Changa Hodge, Villanova (CAA)",Sr.,WR,13,65,"1,118",13
16,"Earnest Edwards, Maine (CAA)",Sr.,WR,11,49,"1,097",11
17,"Jakob Herres, VMI (SoCon)",So.,WR,12,72,"1,091",8
18,"Zabrian Moore, Alabama A&M (SWAC)",Jr.,WR,12,58,"1,057",9
19,"Isaiah Weston, UNI (MVFC)",Jr.,WR,12,43,"1,053",10
20,"Izaiah Gathings, Gardner-Webb (Big South)",So.,WR,12,71,"1,046",11
21,"Donnie Corley, Texas Southern (SWAC)",Jr.,WR,11,72,"1,039",3
21,"Isaiah Coulter, Rhode Island (CAA)",Jr.,WR,12,72,"1,039",8
23,"Lonnie Moore IV, Monmouth (Big South)",Jr.,WR,14,74,"1,022",9
24,"JP Shohfi, Yale (Ivy League)",Sr.,WR,9,62,"1,012",10
25,"Abdul-Fatai Ibrahim, Alabama A&M (SWAC)",Fr.,WR,11,59,"1,004",11
26,"Jamari Hester, Jacksonville St. (OVC)",Sr.,WR,12,59,"1,002",5
26,"Reed Klubnik, Yale (Ivy League)",Sr.,WR,10,55,"1,002",8
28,"Noah Wanzek, North Dakota (FCS Independent)",Sr.,WR,12,74,996,4
29,"Quan Shorts, Northwestern St. (Southland)",Sr.,WR,12,100,994,11
30,"Tyshaun James, Central Conn. St. (NEC)",Jr.,WR,13,48,978,9
31,"Manasseh Bailey, Morgan St. (MEAC)",Sr.,WR,12,53,976,10
32,"Tyler Hudson, Central Ark. (Southland)",Fr.,WR,13,55,975,12
33,"Stacy Chukwumezie, Northern Ariz. (Big Sky)",Jr.,WR,12,50,963,8
33,"CJ Turner, Southeastern La. (Southland)",So.,WR,13,78,963,7
35,"Keyston Fuller, Richmond (CAA)",Sr.,WR,12,53,962,10
36,"Jerah Reeves, UAlbany (CAA)",Sr.,WR,14,76,958,7
37,"Cyron Sutton, McNeese (Southland)",Jr.,WR,12,66,944,9
38,"Jadakis Bonds, Hampton (Big South)",So.,WR,12,70,943,15
38,"Josh Pearson, Jacksonville St. (OVC)",Sr.,WR,12,59,943,13
40,"Harry  Ballard , Ark.-Pine Bluff (SWAC)",Jr.,WR,11,52,938,10
40,"De'Mo Burroughs, South Carolina St. (MEAC)",Jr.,,11,46,938,13
42,"Xavier Gipson, SFA (Southland)",Fr.,WR,12,52,934,7
43,"Chris Blair, Alcorn (SWAC)",Sr.,WR,13,44,931,7
43,"Pierre Williams, Sacramento St. (Big Sky)",Jr.,WR,12,54,931,7
45,"Terrance Greene Jr., Monmouth (Big South)",Jr.,WR,14,65,916,10
45,"Adam Trautman, Dayton (Pioneer)",Sr.,TE,11,70,916,14
47,"Austin Mitchell, Southeastern La. (Southland)",Jr.,WR,13,57,896,8
48,"Ryan Cragun, Penn (Ivy League)",So.,WR,9,58,885,3
49,"Kevin Kassis, Montana St. (Big Sky)",Sr.,WR,15,67,871,6
50,"Nick Anderson, Stony Brook (CAA)",Sr.,WR,12,46,870,4
51,"Charlie Fessler, Richmond (CAA)",Sr.,WR,12,68,869,3
52,"J.J. Koski, Cal Poly (Big Sky)",Sr.,WR,11,42,868,8
53,"Josh Fink, Abilene Christian (Southland)",Sr.,WR,12,66,862,5
54,"Devon Bibbens, Lehigh (Patriot)",Sr.,WR,11,67,859,6
55,"Elijah Bell, N.C. A&T (MEAC)",Sr.,WR,12,55,855,8
56,"Jaquan Blair, Maine (CAA)",Sr.,WR,11,65,839,8
56,"Baniko Harley, Austin Peay (OVC)",Jr.,QB,15,53,839,7
58,"Dalton Kincaid, San Diego (Pioneer)",So.,TE,12,44,835,8
59,"Jerreth Sterns, Houston Christian (Southland)",So.,WR,12,105,833,9
60,"Hendrix Johnson, Northern Ariz. (Big Sky)",Fr.,WR,12,60,828,5
60,"Lecharles Pringle, Alcorn (SWAC)",Jr.,DB,13,48,828,14
62,"Trevor Begue, McNeese (Southland)",Jr.,WR,12,55,827,10
62,"Drew Estrada, Dartmouth (Ivy League)",Sr.,WR,10,51,827,8
64,"Steven Newbold, Tennessee St. (OVC)",Sr.,WR,12,59,823,6
64,"Ryan Skibinski, Dayton (Pioneer)",Sr.,WR,11,48,823,10
66,"Lujuan Winningham, Central Ark. (Southland)",So.,WR,10,50,814,8
67,"Tyrese Chambers, Sacred Heart (NEC)",Fr.,WR,11,50,811,8
68,"Michael Dean, Idaho St. (Big Sky)",Sr.,WR,12,49,800,6
69,"Bryce Nunnelly, Chattanooga (SoCon)",Jr.,WR,12,57,794,5
70,"Kyle Anthony, Howard (MEAC)",Sr.,WR,12,70,791,6
70,"Tanner Conner, Idaho St. (Big Sky)",Jr.,WR,11,48,791,8
72,"Riley Stapleton, James Madison (CAA)",Sr.,WR,13,65,788,10
73,"EJ Jenkins, Saint Francis (PA) (NEC)",So.,WR,12,39,779,13
73,"Dejuan Miller, Ark.-Pine Bluff (SWAC)",So.,WR,11,43,779,7
73,"Nathan Stewart, Sam Houston (Southland)",Sr.,WR,10,45,779,6
76,"Kobe Clark, Abilene Christian (Southland)",So.,WR,12,87,777,3
76,"Keith Pearson, Presbyterian (Big South)",Jr.,WR,12,71,777,3
78,"Thomas Gordon, Furman (SoCon)",Sr.,WR,13,48,776,5
79,"LaMartez Brooks, Murray St. (OVC)",So.,WR,11,47,775,7
80,"Jacob Birmelin, Princeton (Ivy League)",Jr.,WR,10,60,767,3
80,"Michael Jefferson, Alabama St. (SWAC)",So.,WR,11,49,767,12
82,"Colton Dowell, UT Martin (OVC)",So.,WR,12,38,765,4
83,"Akile Davis, Northwestern St. (Southland)",Sr.,WR,12,59,762,4
84,"Khris Vaughn, UC Davis (Big Sky)",Jr.,WR,12,53,756,9
85,"Jaren Mitchell, Northern Colo. (Big Sky)",Fr.,WR,12,48,740,2
86,"Garrett Oakey, Colgate (Patriot)",So.,WR,12,58,736,1
87,"Lance Lawson, Southern Utah (Big Sky)",So.,RB,12,78,735,3
88,"Devon Cooley, Weber St. (Big Sky)",So.,WR,15,59,733,5
89,"Christian Watson, North Dakota St. (MVFC)",So.,WR,16,34,732,6
90,"Andrew Boston, Eastern Wash. (Big Sky)",So.,WR,11,50,730,6
91,"Michael Dereus, Georgetown (Patriot)",Sr.,WR,11,41,726,5
92,"Dequece Carter, Fordham (Patriot)",Fr.,WR,12,53,723,5
93,"Joshua Tomas, Georgetown (Patriot)",So.,WR,11,53,709,5
94,"Cody Chrest, Harvard (Ivy League)",Sr.,WR,10,45,706,5
95,"Elijah Dotson, Sacramento St. (Big Sky)",Jr.,RB,13,70,702,4
96,"Ayir Asante, Holy Cross (Patriot)",Fr.,WR,13,48,697,6
97,"Aaron Alston, Southeast Mo. St. (OVC)",So.,WR,13,51,687,4
98,"Travis Toivonen, North Dakota (FCS Independent)",Sr.,WR,12,48,684,7
99,"Javon Conner, Southeastern La. (Southland)",Jr.,WR,13,57,679,7
100,"Phazione McClurge, Cornell (Ivy League)",Jr.,DB,10,41,677,3
101,"Joshu DeCambre, Wagner (NEC)",Jr.,WR,12,46,675,6
102,"Jaaron Hayek, Villanova (CAA)",Fr.,WR,12,47,670,8
103,"Shane Leatherbury, Towson (CAA)",Sr.,WR,12,52,667,12
104,"David Ames, Weber St. (Big Sky)",Jr.,WR,15,55,659,3
105,"Zach Burdick, William & Mary (CAA)",Jr.,WR,12,34,655,2
106,"Devron Harper, Gardner-Webb (Big South)",Fr.,WR,12,51,653,4
106,"Dante Hendrix, Indiana St. (MVFC)",Jr.,WR,12,51,653,2
108,"Zachary Leslie, N.C. A&T (MEAC)",Jr.,WR,12,42,652,5
109,"Caleb Vander Esch, South Dakota (MVFC)",Jr.,WR,12,45,651,6
110,"Emmanuel Daigbe, Portland St. (Big Sky)",Jr.,WR,12,39,650,7
111,"Hamze El-Zayat, Fordham (Patriot)",Jr.,WR,12,63,648,4
111,"Javeon Lara, VMI (SoCon)",Sr.,WR,12,51,648,5
113,"David Durden, Mercer (SoCon)",So.,WR,9,45,647,4
113,"Thyrick Pitts, Delaware (CAA)",Jr.,WR,12,41,647,3
115,"Rory Starkey, Penn (Ivy League)",So.,WR,9,39,643,7
116,"Landon Hurst, Morehead St. (Pioneer)",Jr.,WR,12,53,642,6
117,"Justin Smith, Norfolk St. (MEAC)",Jr.,WR,12,36,639,6
118,"DAVIS Shaqaun, South Carolina St. (MEAC)",Fr.,,11,31,632,6
119,"Metrius Fleming, Tennessee Tech (OVC)",Fr.,WR,12,47,629,3
120,"Devin Cates, Drake (Pioneer)",Sr.,TE,11,51,627,9
121,"Davis Koetter, Portland St. (Big Sky)",So.,WR,12,38,626,8
122,"Nick Pearson, Lafayette (Patriot)",Sr.,WR,9,34,623,3
123,"Fotis Kokosioulis, Fordham (Patriot)",So.,WR,12,49,621,7
124,"Avante Cox, Southern Ill. (MVFC)",Jr.,WR,12,47,617,5
124,"Raleigh Webb, The Citadel (SoCon)",Jr.,WR,12,30,617,10
126,"Landon Lenoir, Southern Ill. (MVFC)",Jr.,WR,12,41,616,3
127,"Anthony Olivencia, Marist (Pioneer)",Sr.,WR,11,36,615,3
128,"Mitch Gueller, Idaho St. (Big Sky)",Sr.,WR,12,44,610,4
128,"Garett Maag, North Dakota (FCS Independent)",So.,WR,12,59,610,5
128,"Hunter Register, Southern U. (SWAC)",Jr.,WR,13,43,610,11
131,"Bransen Schwebel, Southeastern La. (Southland)",Sr.,TE,13,50,609,4
132,"Ahmere Dorsey, Rhode Island (CAA)",Sr.,WR,12,43,605,4
133,"Tony Mullins, Prairie View (SWAC)",Jr.,,11,38,604,7
134,"Jakob Prall, Brown (Ivy League)",Sr.,WR,10,48,594,4
134,"Leroy Thomas, VMI (SoCon)",Fr.,WR,10,54,594,3
136,"Stephen Dennis, Butler (Pioneer)",Sr.,WR,12,41,593,3
136,"Devin Young, Maine (CAA)",So.,WR,12,41,593,4
138,"Kane Everson, William & Mary (CAA)",Fr.,WR,12,46,585,3
139,"Terry Williams, UT Martin (OVC)",Sr.,WR,12,58,581,3
140,"Travis Jonsen, Montana St. (Big Sky)",Sr.,WR,14,55,580,1
141,"Dominic Lyles, Bucknell (Patriot)",So.,WR,10,36,579,2
142,"Talolo Limu-Jones, Eastern Wash. (Big Sky)",Jr.,WR,12,24,577,7
143,"Robert Adams, Samford (SoCon)",Sr.,WR,12,39,576,3
144,"Jorge Portorreal, Lehigh (Patriot)",Jr.,WR,10,52,575,1
144,"Garris Schwarting, Charleston So. (Big South)",Sr.,WR,11,39,575,4
146,"Josh Wainwright, Columbia (Ivy League)",Sr.,WR,9,46,571,5
146,"Devonte Williams, Southeastern La. (Southland)",Sr.,RB,12,68,571,3
148,"Cutrell Haywood, Idaho (Big Sky)",So.,WR,11,60,570,6
148,"Caleb Smith, Towson (CAA)",Jr.,WR,10,35,570,1
150,"Tenio Ayeni, Holy Cross (Patriot)",Jr.,WR,12,43,568,4
