Rank,Player,Cl,Pos,G,Rec,Rec Yds,Rec TD
1,"Ja'Marr Chase, LSU (SEC)",So.,WR,14,84,"1,780",20
2,"Omar Bayless, Arkansas St. (Sun Belt)",Sr.,WR,13,93,"1,653",17
3,"Justin Jefferson, LSU (SEC)",Jr.,WR,15,111,"1,540",18
4,"Antonio Gandy-Golden, Liberty (FBS Independent)",Sr.,WR,13,79,"1,396",10
5,"Devin Duvernay, Texas (Big 12)",Sr.,WR,13,106,"1,386",9
6,"Ceedee Lamb, Oklahoma (Big 12)",Jr.,WR,13,62,"1,327",14
7,"Tyler Johnson, Minnesota (Big Ten)",Sr.,WR,13,86,"1,318",13
8,"Tutu  Atwell, Louisville (ACC)",So.,WR,13,70,"1,276",12
8,"Damonte Coxie, Memphis (AAC)",Jr.,WR,14,76,"1,276",9
10,"Michael Pittman, Southern California (Pac-12)",Sr.,WR,13,101,"1,275",11
11,"DeVonta Smith, Alabama (SEC)",Jr.,WR,13,68,"1,256",14
12,"Gabriel Davis, UCF (AAC)",Jr.,WR,12,72,"1,241",12
13,"James Proche, SMU (AAC)",Sr.,WR,13,111,"1,225",15
14,"Rashod Bateman, Minnesota (Big Ten)",So.,WR,13,60,"1,219",11
15,"Brandon Aiyuk, Arizona St. (Pac-12)",Sr.,WR,12,65,"1,192",8
16,"Tamorrion Terry, Florida St. (ACC)",So.,WR,13,60,"1,188",9
17,"Quez Watkins, Southern Miss. (C-USA)",Jr.,WR,11,64,"1,178",6
18,"Isaiah Hodgins, Oregon St. (Pac-12)",Jr.,WR,12,86,"1,171",13
19,"Tee Higgins, Clemson (ACC)",Jr.,WR,15,59,"1,167",13
20,"Jerry Jeudy, Alabama (SEC)",Jr.,WR,13,77,"1,163",10
21,"Tre Walker, San Jose St. (Mountain West)",Jr.,WR,10,79,"1,161",2
22,"JoJo Ward, Hawaii (Mountain West)",Sr.,WR,15,65,"1,134",11
23,"Lucky Jackson, Western Ky. (C-USA)",Sr.,WR,13,94,"1,133",4
24,"Jared Smart, Hawaii (Mountain West)",Jr.,WR,15,87,"1,129",5
25,"Warren Jackson, Colorado St. (Mountain West)",Jr.,WR,10,77,"1,119",8
26,"Brandon Arconado, Washington St. (Pac-12)",Sr.,WR,11,78,"1,109",7
27,"Cedric Byrd, Hawaii (Mountain West)",Sr.,WR,15,98,"1,097",10
28,"Austin Watkins, UAB (C-USA)",Jr.,WR,14,57,"1,092",6
29,"Jadan Blue, Temple (AAC)",So.,WR,13,95,"1,067",4
30,"Hasise Dubois, Virginia (ACC)",Sr.,WR,14,75,"1,062",6
31,"Amon-Ra St. Brown, Southern California (Pac-12)",So.,WR,13,77,"1,042",6
32,"Keylon Stokes, Tulsa (AAC)",Jr.,WR,12,62,"1,040",6
33,"Chase Claypool, Notre Dame (FBS Independent)",Sr.,WR,13,66,"1,037",13
34,"David Bell, Purdue (Big Ten)",Fr.,WR,12,86,"1,035",7
35,"Dyami Brown, North Carolina (ACC)",So.,WR,13,51,"1,034",12
36,"Trishton Jackson, Syracuse (ACC)",Jr.,WR,12,66,"1,023",11
37,"Denzel Mims, Baylor (Big 12)",Sr.,WR,14,66,"1,020",12
38,"Dazz Newsome, North Carolina (ACC)",Jr.,WR,12,72,"1,018",10
39,"Harrison Bryant, Fla. Atlantic (C-USA)",Sr.,TE,13,65,"1,004",7
40,"Whop Philyor, Indiana (Big Ten)",Jr.,WR,12,70,"1,002",5
41,"Kendall Hinton, Wake Forest (ACC)",Sr.,WR,11,73,"1,001",4
41,"Sage Surratt, Wake Forest (ACC)",So.,WR,9,66,"1,001",11
43,"Siaosi Mariner, Utah St. (Mountain West)",Sr.,WR,13,63,987,10
44,"Easop Winston, Jr., Washington St. (Pac-12)",Sr.,WR,13,85,970,11
45,"Jauan Jennings, Tennessee (SEC)",Sr.,WR,13,59,969,8
46,"John Hightower, Boise St. (Mountain West)",Sr.,WR,14,51,943,8
47,"Elijah Cooks, Nevada (Mountain West)",Jr.,WR,13,76,926,8
48,"Cody White, Michigan St. (Big Ten)",Jr.,WR,13,66,922,6
49,"Jason-Matthew Sharsh, Hawaii (Mountain West)",Sr.,WR,15,87,913,5
50,"Tyler Vaughns, Southern California (Pac-12)",Jr.,WR,13,74,912,6
51,"Victor Tucker, Charlotte (C-USA)",So.,WR,13,52,909,7
52,"C.J. Johnson, East Carolina (AAC)",Fr.,WR,12,54,908,4
53,"Marquez Stevenson, Houston (AAC)",Jr.,WR,12,52,907,9
54,"Ja'Marcus Bradley, Louisiana (Sun Belt)",Sr.,WR,14,60,906,10
55,"KJ Hamler, Penn St. (Big Ten)",So.,WR,13,56,904,8
55,"Branden Mack, Temple (AAC)",Jr.,WR,13,59,904,7
57,"Tylan Wallace, Oklahoma St. (Big 12)",Jr.,WR,8,53,903,8
58,"Tim Jones, Southern Miss. (C-USA)",Jr.,WR,13,73,902,3
59,"Quintez Cephus, Wisconsin (Big Ten)",Jr.,WR,14,59,901,7
60,"JD Spielman, Nebraska (Big Ten)",Jr.,WR,12,49,898,5
61,"Kalil Pimpleton, Central Mich. (MAC)",Fr.,WR,14,82,894,6
62,"Terrell Jana, Virginia (ACC)",Jr.,WR,14,74,886,3
63,"Deshaunte Jones, Iowa St. (Big 12)",Sr.,WR,13,76,877,2
64,"Kaylon Geiger, Troy (Sun Belt)",Jr.,WR,12,77,873,5
65,"Jhamon Ausbon, Texas A&M (SEC)",Jr.,WR,13,66,872,5
65,"Khalil Shakir, Boise St. (Mountain West)",So.,WR,14,63,872,6
67,"Isaiah McKoy, Kent St. (MAC)",So.,WR,12,57,870,8
68,"Justyn Ross, Clemson (ACC)",So.,WR,14,66,865,8
69,"Jonathan Adams, Jr., Arkansas St. (Sun Belt)",Jr.,WR,13,62,851,5
70,"Maurice Ffrench, Pittsburgh (ACC)",Sr.,WR,11,96,850,4
70,"Elijah Moore, Ole Miss (SEC)",So.,WR,12,67,850,6
72,"Chris Olave, Ohio St. (Big Ten)",So.,WR,14,49,849,12
73,"Johnny Johnson III, Oregon (Pac-12)",Jr.,WR,14,57,836,7
74,"Andrew Parchment, Kansas (Big 12)",Jr.,WR,12,65,831,7
75,"Brycen Hopkins, Purdue (Big Ten)",Sr.,TE,12,61,830,7
75,"Tre Nixon, UCF (AAC)",Jr.,WR,13,49,830,7
75,"Seth Williams, Auburn (SEC)",So.,WR,12,59,830,8
78,"Hunter Bryant, Washington (Pac-12)",Jr.,TE,12,52,825,3
79,"Bryan Edwards, South Carolina (SEC)",Sr.,WR,10,71,816,6
80,"Bailey Gaither, San Jose St. (Mountain West)",Sr.,WR,12,52,812,6
81,"JaCorey Sullivan, Central Mich. (MAC)",Jr.,WR,13,57,808,3
82,"Kirk Merritt, Arkansas St. (Sun Belt)",Sr.,WR,13,70,806,12
83,"Dante Wright, Colorado St. (Mountain West)",Fr.,WR,12,57,805,4
84,"Jahcour Pearson, Western Ky. (C-USA)",Jr.,WR,13,76,804,7
85,"Reggie Roberson, Jr., SMU (AAC)",Jr.,WR,8,43,803,6
86,"Skyy Moore, Western Mich. (MAC)",Fr.,WR,13,51,802,3
87,"Tyquan Thorton, Baylor (Big 12)",So.,WR,14,45,782,5
88,"Sam Crawford Jr., Tulsa (AAC)",So.,WR,12,59,777,5
89,"Thomas Hennigan, App State (Sun Belt)",Jr.,WR,14,61,773,6
90,"Deangelo Antoine, Fla. Atlantic (C-USA)",Jr.,WR,13,61,771,5
91,"Bradley Rozner, Rice (C-USA)",Jr.,WR,12,55,770,5
92,"Laviska Shenault, Colorado (Pac-12)",Jr.,WR,11,56,764,4
93,"Dezmon Patmon, Washington St. (Pac-12)",Sr.,WR,13,58,762,8
94,"Tyler Snead, East Carolina (AAC)",Fr.,WR,12,66,759,5
95,"Ronnie Bell, Michigan (Big Ten)",So.,WR,13,48,758,1
96,"Cornelius McCoy, Georgia St. (Sun Belt)",So.,WR,13,70,757,5
97,"Henry Ruggs III, Alabama (SEC)",Jr.,WR,12,40,746,7
97,"Geraud Sanders, Air Force (Mountain West)",Sr.,WR,13,30,746,7
99,"Charleston Rambo, Oklahoma (Big 12)",So.,WR,14,43,743,5
100,"Jaelon Darden, North Texas (C-USA)",Jr.,WR,12,76,736,12
100,"Taysir Mack, Pittsburgh (ACC)",Jr.,WR,12,63,736,3
102,"Antonio Gibson, Memphis (AAC)",Sr.,WR,14,38,735,8
103,"Arthur Jackson III, Eastern Mich. (MAC)",Sr.,WR,13,46,732,7
104,"Nico Collins, Michigan (Big Ten)",Jr.,WR,12,37,729,7
105,"George Pickens, Georgia (SEC)",Fr.,WR,14,49,727,8
105,"Stephon Robinson, Kansas (Big 12)",Jr.,WR,12,45,727,8
107,"Austin Trammell, Rice (C-USA)",Jr.,WR,12,60,726,4
108,"Cameron Ross, UConn (AAC)",Fr.,WR,11,60,723,4
109,"Tarique Milton, Iowa St. (Big 12)",So.,WR,13,35,722,3
109,"Ihmir Smith-Marsette, Iowa (Big Ten)",Jr.,WR,13,44,722,5
111,"Kylen Granson, SMU (AAC)",Jr.,TE,13,43,721,9
112,"Isaiah Hamilton, San Jose St. (Mountain West)",Fr.,WR,12,43,718,4
113,"Marlon Williams, UCF (AAC)",Jr.,WR,12,51,717,6
114,"Darnell Mooney, Tulane (AAC)",Sr.,WR,13,48,713,5
115,"Tony Brown, Colorado (Pac-12)",Sr.,WR,12,56,707,5
116,"Aaron Fuller, Washington (Pac-12)",Sr.,WR,13,59,702,6
117,"Charlie Kolar, Iowa St. (Big 12)",So.,TE,13,51,697,7
117,"Darrell Stewart, Michigan St. (Big Ten)",Sr.,WR,9,49,697,4
119,"Randal Grimes, UNLV (Mountain West)",So.,WR,11,44,696,7
120,"Kobe Smith, San Diego St. (Mountain West)",So.,WR,13,58,691,4
121,"Matt Bushman, BYU (FBS Independent)",Jr.,TE,13,47,688,4
122,"Antonio Nunn, Buffalo (MAC)",Jr.,WR,12,49,687,6
123,"Justin Hall, Ball St. (MAC)",Jr.,WR,12,61,684,6
124,"Kyle Philips, UCLA (Pac-12)",So.,WR,12,60,681,5
125,"Bryce Mitchell, Toledo (MAC)",Jr.,WR,12,35,679,4
125,"Joe Reed, Virginia (ACC)",Sr.,WR,13,77,679,7
127,"Sam James, West Virginia (Big 12)",Fr.,WR,12,69,677,2
128,"La'Michael Pettway, Iowa St. (Big 12)",Sr.,WR,13,55,676,6
129,"Michael Wilson, Stanford (Pac-12)",So.,WR,12,56,672,5
130,"Terrace Marshall Jr., LSU (SEC)",So.,WR,12,46,671,13
131,"Blake Proehl, East Carolina (AAC)",So.,WR,12,54,670,4
132,"Shemar Thornton, FIU (C-USA)",Jr.,WR,13,51,668,5
133,"Reggie Todd, Troy (Sun Belt)",Jr.,WR,12,38,666,5
134,"Erik Ezukanma, Texas Tech (Big 12)",Fr.,WR,12,42,664,4
135,"Isiah Cox, Ohio (MAC)",Jr.,WR,13,39,663,2
136,"Michael Lawrence, North Texas (C-USA)",Sr.,WR,12,48,661,3
136,"Quian Williams, Eastern Mich. (MAC)",Jr.,WR,13,52,661,6
138,"Benjamin Waters, Air Force (Mountain West)",Sr.,WR,13,22,658,7
139,"Van Jefferson, Florida (SEC)",Sr.,WR,13,49,657,6
140,"RJ Turner, Texas Tech (Big 12)",Sr.,WR,12,45,654,3
141,"Alec Pierce, Cincinnati (AAC)",So.,WR,14,37,652,2
142,"Tyrone Scott, Central Mich. (MAC)",Fr.,WR,14,37,650,5
143,"Romeo Doubs, Nevada (Mountain West)",So.,WR,11,44,649,4
143,"Quintin Morris, Bowling Green (MAC)",Jr.,TE,12,55,649,4
143,"Kyle Pitts, Florida (SEC)",So.,TE,13,54,649,5
143,"Malik Stanley, Louisiana Tech (C-USA)",Sr.,WR,13,40,649,3
147,"Tony Nicholson, New Mexico St. (FBS Independent)",Sr.,WR,12,60,644,6
148,"Giovanni Ricci, Western Mich. (MAC)",Sr.,TE,13,51,642,8
149,"Devin Asiasi, UCLA (Pac-12)",Sr.,TE,12,44,641,4
150,"Austin Maloney, FIU (C-USA)",Sr.,WR,13,33,639,2
151,"K.J. Hill, Ohio St. (Big Ten)",Sr.,WR,14,57,636,10
152,"Marquez Callaway, Tennessee (SEC)",Sr.,WR,13,30,635,6
152,"Dez Fitzpatrick, Louisville (ACC)",Jr.,WR,13,35,635,6
154,"Josh Imatorbhebhe, Illinois (Big Ten)",So.,WR,11,33,634,9
155,"Jesse Matthews, San Diego St. (Mountain West)",Fr.,WR,13,48,633,2
156,"Dontay  Demus, Maryland (Big Ten)",So.,WR,12,41,625,6
157,"Tony Gaiter IV, FIU (C-USA)",Sr.,WR,13,50,622,4
157,"Peyton Hendershot, Indiana (Big Ten)",So.,TE,13,52,622,4
159,"Hutch White, Texas St. (Sun Belt)",Sr.,WR,12,67,618,2
160,"Frank Darby, Arizona St. (Pac-12)",Jr.,WR,13,31,616,8
160,"Quartney Davis, Texas A&M (SEC)",Jr.,WR,11,54,616,4
160,"Micah Simon, BYU (FBS Independent)",Sr.,WR,13,51,616,2
163,"Danzel McKinley-Lewis, Toledo (MAC)",Jr.,WR,12,36,615,1
164,"Riley Miller, Ball St. (MAC)",Sr.,WR,12,43,612,6
165,"Jalen Reagor, TCU (Big 12)",Jr.,WR,12,43,611,5
166,"Kenny Gainwell, Memphis (AAC)",Fr.,RB,14,51,610,3
167,"Kedarian Jones, Memphis (AAC)",Sr.,WR,14,39,609,4
168,"Kendall Parham, UAB (C-USA)",Sr.,WR,13,29,608,6
169,"Scotty Washington, Wake Forest (ACC)",Sr.,WR,8,35,607,7
170,"Ty Fryfogle, Indiana (Big Ten)",Jr.,WR,13,45,604,3
171,"Brant Kuithe, Utah (Pac-12)",So.,TE,14,34,602,6
172,"Corey Sutton, App State (Sun Belt)",Fr.,WR,9,41,601,7
173,"Cameron Dollar, Charlotte (C-USA)",So.,WR,13,41,599,2
173,"Dillon Stoner, Oklahoma St. (Big 12)",Jr.,WR,13,52,599,5
175,"Malik Williams, App State (Sun Belt)",Jr.,WR,14,55,598,4
176,"Max Borghi, Washington St. (Pac-12)",So.,RB,13,86,597,5
177,"Demetric Felton, UCLA (Pac-12)",Jr.,WR,12,55,594,4
178,"Colby Parkinson, Stanford (Pac-12)",Jr.,TE,12,48,589,1
178,"Tyrone Tracy, Jr., Iowa (Big Ten)",Fr.,WR,13,36,589,3
180,"Markis McCray, ULM (Sun Belt)",Sr.,WR,12,48,583,6
181,"Jalen McCleskey, Tulane (AAC)",Sr.,WR,13,37,581,4
181,"Jordan Nathan, Utah St. (Mountain West)",Jr.,WR,13,56,581,1
183,"Renard Bell, Washington St. (Pac-12)",Jr.,WR,13,54,579,6
183,"Dalton Schoen, Kansas St. (Big 12)",Sr.,WR,13,37,579,4
185,"Emeka Emezie, NC State (ACC)",Jr.,WR,12,56,576,2
186,"Beau Corrales, North Carolina (ACC)",Jr.,WR,13,40,575,6
187,"Kawaan Baker, South Alabama (Sun Belt)",Jr.,WR,12,35,574,3
188,"Nick Westbrook, Indiana (Big Ten)",Sr.,WR,13,42,572,5
189,"Thaddeus Moss, LSU (SEC)",Jr.,TE,14,47,570,4
190,"Mike Carrigan, Kent St. (MAC)",Sr.,WR,11,42,569,5
191,"Keenen Johnson, Tulsa (AAC)",Sr.,WR,12,46,568,3
191,"Jack Sorenson, Miami (OH) (MAC)",Jr.,WR,11,44,568,4
193,"Drake London, Southern California (Pac-12)",Fr.,WR,13,39,567,5
193,"Josh Pederson, ULM (Sun Belt)",Jr.,TE,12,43,567,9
195,"Simi Fehoko, Stanford (Pac-12)",So.,WR,12,24,566,6
196,"Tay Martin, Washington St. (Pac-12)",Jr.,WR,13,43,564,4
197,"Khalil McClain, Troy (Sun Belt)",Fr.,QB,12,45,562,7
197,"Jarrin Pierce, Middle Tenn. (C-USA)",Jr.,WR,12,42,562,4
199,"Talon Shumway, BYU (FBS Independent)",Sr.,WR,13,43,561,4
200,"Trey McBride, Colorado St. (Mountain West)",So.,TE,12,45,560,4
200,"Jaylen Waddle, Alabama (SEC)",So.,WR,13,33,560,6
