Rank,Player,Cl,Pos,G,Rec,Rec Yds,Rec TD
1,"Jerreth Sterns, Western Ky. (C-USA)",Jr.,WR,14,150,"1,902",17
2,"Deven Thompkins, Utah St. (Mountain West)",Sr.,WR,14,102,"1,704",10
3,"Jaxon Smith-Njigba, Ohio St. (Big Ten)",So.,WR,13,95,"1,606",9
4,"Jordan Addison, Pittsburgh (ACC)",So.,WR,14,100,"1,593",17
5,"Jameson Williams, Alabama (SEC)",Jr.,WR,15,79,"1,572",15
6,"Jalen Tolbert, South Alabama (Sun Belt)",Jr.,WR,12,82,"1,474",8
7,"Jack Sorenson, Miami (OH) (MAC)",Sr.,WR,13,76,"1,406",10
8,"Mitchell Tinsley, Western Ky. (C-USA)",Jr.,WR,14,87,"1,402",14
9,"Jacob Cowing, UTEP (C-USA)",So.,WR,13,69,"1,354",7
10,"Josh Downs, North Carolina (ACC)",So.,WR,13,101,"1,335",8
11,"Wan'Dale Robinson, Kentucky (SEC)",Jr.,WR,13,104,"1,334",7
12,"Nathaniel Dell, Houston (AAC)",So.,WR,14,90,"1,329",12
13,"A.T. Perry, Wake Forest (ACC)",So.,WR,14,71,"1,293",15
14,"Skyy Moore, Western Mich. (MAC)",So.,WR,12,95,"1,292",9
15,"David Bell, Purdue (Big Ten)",Jr.,WR,11,93,"1,286",6
16,"Dante Cephas, Kent St. (MAC)",So.,WR,14,82,"1,240",9
17,"Dontayvion Wicks, Virginia (ACC)",Jr.,WR,12,57,"1,203",9
18,"Jahan Dotson, Penn St. (Big Ten)",Sr.,WR,12,91,"1,182",12
19,"Charleston Rambo, Miami (FL) (ACC)",Jr.,WR,12,79,"1,172",7
20,"Calvin Austin III, Memphis (AAC)",Sr.,WR,12,74,"1,149",8
21,"John Metchie, Alabama (SEC)",Jr.,WR,13,96,"1,142",8
22,"Jaivon Heiligh, Coastal Carolina (Sun Belt)",Sr.,WR,13,66,"1,128",7
23,"Trey McBride, Colorado St. (Mountain West)",Sr.,TE,12,90,"1,121",1
24,"Khalil Shakir, Boise St. (Mountain West)",Sr.,WR,12,77,"1,117",7
25,"Josh Johnson, Tulsa (AAC)",Sr.,WR,13,83,"1,114",6
26,"Romeo Doubs, Nevada (Mountain West)",Sr.,WR,11,80,"1,109",11
27,"Treylon Burks, Arkansas (SEC)",Jr.,WR,12,66,"1,104",11
28,"Drake London, Southern California (Pac-12)",Jr.,WR,8,88,"1,084",7
29,"Cedric Tillman, Tennessee (SEC)",Jr.,WR,13,64,"1,081",12
30,"Jaquarii Roberson, Wake Forest (ACC)",Jr.,WR,13,71,"1,078",8
31,"Tyrese Chambers, FIU (C-USA)",So.,WR,12,45,"1,074",9
32,"Ali Jennings, Old Dominion (C-USA)",So.,WR,13,62,"1,066",5
33,"Garrett Wilson, Ohio St. (Big Ten)",Jr.,WR,11,70,"1,058",12
34,"Tay Martin, Oklahoma St. (Big 12)",Sr.,WR,13,80,"1,046",10
34,"Makai Polk, Mississippi St. (SEC)",Jr.,WR,13,105,"1,046",9
36,"Dontario Drummond, Ole Miss (SEC)",Sr.,WR,12,76,"1,028",8
37,"Zakhari Franklin, UTSA (C-USA)",Jr.,WR,13,81,"1,027",12
38,"Jayden Reed, Michigan St. (Big Ten)",Jr.,WR,13,59,"1,026",10
39,"Hassan Beydoun, Eastern Mich. (MAC)",Jr.,WR,13,97,"1,015",4
40,"Keytaon Thompson, Virginia (ACC)",Sr.,WR,12,78,990,1
41,"Xavier Hutchinson, Iowa St. (Big 12)",Sr.,WR,13,83,987,5
41,"Calvin Jackson, Jr., Washington St. (Pac-12)",Sr.,WR,13,66,987,7
43,"Xavier Worthy, Texas (Big 12)",Fr.,WR,12,62,981,12
44,"Kalil Pimpleton, Central Mich. (MAC)",Jr.,WR,13,62,960,4
45,"Tyquan Thornton, Baylor (Big 12)",Sr.,WR,14,62,948,10
46,"Chris Olave, Ohio St. (Big Ten)",Sr.,WR,12,65,936,13
47,"Nick Mardner, Hawaii (Mountain West)",Jr.,WR,13,46,913,5
48,"Isaiah Likely, Coastal Carolina (Sun Belt)",Sr.,TE,13,59,912,12
49,"Jalen Cropper, Fresno St. (Mountain West)",Jr.,WR,13,85,899,11
50,"Samori Toure, Nebraska (Big Ten)",Sr.,WR,12,46,898,5
51,"Grant DuBose, Charlotte (C-USA)",So.,WR,12,62,892,6
51,"Trayvon Rudolph, NIU (MAC)",So.,WR,14,51,892,7
53,"Kevin Austin, Notre Dame (FBS Independent)",Sr.,WR,13,48,888,7
54,"Alec Pierce, Cincinnati (AAC)",Sr.,WR,14,52,884,7
55,"Brock Bowers, Georgia (SEC)",Fr.,TE,15,56,882,13
56,"Corey Gammage, Marshall (C-USA)",So.,WR,13,78,878,2
56,"Isaiah Neyor, Wyoming (Mountain West)",So.,WR,13,44,878,12
58,"Calvin Turner Jr, Hawaii (Mountain West)",Sr.,RB,13,73,876,4
59,"Tyler Snead, East Carolina (AAC)",So.,WR,12,67,855,4
60,"Michael Mayer, Notre Dame (FBS Independent)",So.,TE,12,71,840,7
60,"Bryce Singleton, FIU (C-USA)",Jr.,WR,11,46,840,3
62,"Brandon Bowling, Utah St. (Mountain West)",Sr.,WR,14,56,835,10
63,"Jayshon Jackson, Ball St. (MAC)",Jr.,WR,13,69,829,5
63,"Rakim Jarrett, Maryland (Big Ten)",So.,WR,13,62,829,5
65,"Corey Rucker, Arkansas St. (Sun Belt)",Fr.,WR,12,59,826,9
66,"Thomas Hennigan, App State (Sun Belt)",Sr.,WR,14,60,823,6
67,"Parker Washington, Penn St. (Big Ten)",So.,WR,13,64,820,4
67,"Quian Williams, Buffalo (MAC)",Jr.,WR,12,63,820,2
69,"Malik Williams, App State (Sun Belt)",Sr.,WR,14,52,819,7
70,"Travell Harris, Washington St. (Pac-12)",Sr.,WR,13,76,814,9
71,"Ryan O'Keefe, UCF (AAC)",Jr.,WR,13,84,812,7
72,"Velus Jones Jr., Tennessee (SEC)",Sr.,WR,13,62,807,7
73,"Puka Nacua, BYU (FBS Independent)",So.,WR,12,43,805,6
74,"Joshua Cephus, UTSA (C-USA)",Jr.,WR,14,71,803,6
74,"Danny Gray, SMU (AAC)",Sr.,WR,10,49,803,9
76,"Roderic Burns, North Texas (C-USA)",Jr.,WR,13,58,802,4
76,"Emeka Emezie, NC State (ACC)",Sr.,WR,12,60,802,6
78,"Corey Sutton, App State (Sun Belt)",Sr.,WR,12,57,798,6
79,"Jake Bobo, Duke (ACC)",Sr.,WR,12,74,794,1
80,"Derek Wright, Utah St. (Mountain West)",Sr.,WR,14,48,789,11
81,"Mac Hippenhammer, Miami (OH) (MAC)",Sr.,WR,12,48,786,5
82,"Josh Kelly, Fresno St. (Mountain West)",So.,WR,13,52,778,3
83,"Corey Crooms, Western Mich. (MAC)",So.,WR,13,44,768,6
84,"Daewood Davis, Western Ky. (C-USA)",Jr.,WR,14,43,763,8
85,"Smoke Harris, Louisiana Tech (C-USA)",So.,WR,12,71,756,6
85,"Charlie Kolar, Iowa St. (Big 12)",Sr.,TE,12,62,756,6
87,"De'Corian Clark, UTSA (C-USA)",Jr.,WR,14,52,755,7
88,"Jaylen Hall, Western Mich. (MAC)",Jr.,WR,12,46,752,3
89,"Konata Mumpfield, Akron (MAC)",Fr.,WR,12,63,751,8
90,"Zay Flowers, Boston College (ACC)",Jr.,WR,12,44,746,5
91,"Stanley Berryhill III, Arizona (Pac-12)",Jr.,WR,12,83,744,1
92,"Te'Vailance Hunt, Arkansas St. (Sun Belt)",Jr.,WR,11,51,740,6
93,"Kyle Philips, UCLA (Pac-12)",Jr.,WR,11,59,739,10
94,"Tez Johnson, Troy (Sun Belt)",Fr.,WR,12,67,735,4
95,"Milton Wright, Purdue (Big Ten)",Jr.,WR,12,57,732,7
96,"Derrick Deese, Jr., San Jose St. (Mountain West)",Sr.,TE,12,47,730,4
97,"Greg Dulcich, UCLA (Pac-12)",Jr.,TE,12,42,725,5
97,"Billy Kemp, Virginia (ACC)",Sr.,WR,12,74,725,6
99,"Jalon Calhoun, Duke (ACC)",Jr.,WR,12,56,718,3
100,"Xavier Weaver, South Fla. (AAC)",So.,WR,10,41,715,2
101,"Jake Bailey, Rice (C-USA)",So.,WR,11,56,714,2
102,"Michael Mathison, Akron (MAC)",Jr.,WR,11,56,706,3
103,"Erik Ezukanma, Texas Tech (Big 12)",Jr.,WR,11,48,705,4
103,"Marvin Mims, Oklahoma (Big 12)",So.,WR,13,32,705,5
105,"Dylan Drummond, Eastern Mich. (MAC)",Jr.,WR,13,64,704,6
106,"Trea Shropshire, UAB (C-USA)",Jr.,WR,13,27,703,7
107,"LaJohntay Wester, Fla. Atlantic (C-USA)",Fr.,WR,12,65,702,4
108,"Dallas Dixon, Central Mich. (MAC)",Jr.,WR,13,45,701,8
108,"Demario Douglas, Liberty (FBS Independent)",Fr.,WR,12,52,701,6
110,"Keshunn Abram, Kent St. (MAC)",Sr.,WR,14,47,699,3
110,"Gerrit Prince, UAB (C-USA)",Sr.,TE,13,36,699,10
112,"Jalen Nailor, Michigan St. (Big Ten)",Jr.,WR,9,37,695,6
113,"Steve Jenkins, UNLV (Mountain West)",Jr.,WR,12,46,694,4
114,"Zack Kuntz, Old Dominion (C-USA)",So.,TE,13,73,692,5
115,"Malachi Corley, Western Ky. (C-USA)",Fr.,WR,14,73,691,7
116,"JuanCarlos Santana, Tulsa (AAC)",Sr.,WR,13,51,689,3
117,"Winston Wright, West Virginia (Big 12)",Jr.,WR,13,63,688,5
118,"JaCorey Sullivan, Central Mich. (MAC)",Sr.,WR,11,49,687,10
119,"Justin Garrett, UTEP (C-USA)",Sr.,WR,13,50,685,4
120,"Josh Vann, South Carolina (SEC)",Sr.,WR,13,43,679,5
121,"Cole Turner, Nevada (Mountain West)",Sr.,TE,11,62,677,10
122,"Tre Turner, Virginia Tech (ACC)",Jr.,WR,11,40,675,3
123,"Sam LaPorta, Iowa (Big Ten)",Jr.,TE,14,53,670,3
123,"Rashee Rice, SMU (AAC)",Jr.,WR,12,64,670,9
125,"Tory Horton, Nevada (Mountain West)",So.,WR,12,52,659,5
126,"Trevon Clark, California (Pac-12)",Sr.,WR,12,33,658,4
126,"Jared Wayne, Pittsburgh (ACC)",Jr.,WR,13,47,658,6
126,"Benjamin Yurosek, Stanford (Pac-12)",So.,TE,11,43,658,3
129,"Sean Dykes, Memphis (AAC)",Sr.,TE,12,48,657,7
130,"Chris Pierce, Vanderbilt (SEC)",Sr.,WR,12,57,654,2
131,"Kwamie Lassiter II, Kansas (Big 12)",Sr.,WR,12,59,653,3
132,"Jason Brownlee, Southern Miss. (C-USA)",Jr.,WR,12,46,643,8
132,"Melquan Stovall, Nevada (Mountain West)",Jr.,WR,12,56,643,1
134,"Jacob Copeland, Florida (SEC)",Jr.,WR,13,41,642,4
134,"Jesse Matthews, San Diego St. (Mountain West)",Jr.,WR,14,57,642,9
136,"Victor Tucker, Charlotte (C-USA)",Sr.,WR,11,51,639,2
137,"CJ Daniels, Liberty (FBS Independent)",Fr.,WR,13,37,634,7
137,"Quentin Johnston, TCU (Big 12)",So.,WR,9,33,634,6
139,"Trevon Bradford, Oregon St. (Pac-12)",Sr.,WR,13,42,631,5
140,"Jalen Wayne, South Alabama (Sun Belt)",Jr.,WR,12,53,630,2
141,"Jared Wyatt, New Mexico St. (FBS Independent)",Sr.,WR,12,49,629,3
142,"Jaden Walley, Mississippi St. (SEC)",So.,WR,13,55,628,6
143,"Willie Johnson, Marshall (C-USA)",Sr.,WR,13,32,625,3
143,"Reggie Roberson, Jr., SMU (AAC)",Sr.,WR,12,51,625,6
143,"Stephon Robinson, Jr., Northwestern (Big Ten)",Sr.,WR,11,46,625,2
146,"Taylor Morin, Wake Forest (ACC)",Fr.,WR,14,43,621,5
147,"Nykeim Johnson, Kent St. (MAC)",Sr.,WR,14,54,620,3
147,"Cornelius Johnson, Michigan (Big Ten)",Jr.,WR,14,39,620,3
149,"Brennan Presley, Oklahoma St. (Big 12)",So.,WR,14,50,619,5
150,"Bo Melton, Rutgers (Big Ten)",Sr.,WR,11,55,618,3
151,"Austin Williams, Mississippi St. (SEC)",Sr.,WR,13,52,617,4
152,"Keric Wheatfall, Fresno St. (Mountain West)",Sr.,WR,13,38,616,4
153,"Justin Hall, Ball St. (MAC)",Sr.,WR,11,61,613,5
154,"Antoine Green, North Carolina (ACC)",Sr.,WR,13,31,612,5
155,"Brant Kuithe, Utah (Pac-12)",Jr.,TE,14,50,611,6
156,"Kameron Brown, Coastal Carolina (Sun Belt)",Sr.,WR,13,36,605,5
157,"Ra'Shaun Henry, Virginia (ACC)",Sr.,WR,12,34,603,3
158,"Austin Allen, Nebraska (Big Ten)",Jr.,TE,12,38,602,2
158,"Tahj Washington, Southern California (Pac-12)",So.,WR,12,54,602,1
160,"Josh Ali, Kentucky (SEC)",Sr.,WR,10,41,601,3
160,"Kyle Williams, UNLV (Mountain West)",So.,WR,10,42,601,2
162,"Brandon Lewis, Air Force (Mountain West)",Sr.,WR,13,20,600,3
163,"Jelani Woods, Virginia (ACC)",Jr.,TE,11,44,598,8
164,"Tyrone Broden, Bowling Green (MAC)",So.,WR,11,36,596,5
164,"Thayer Thomas, NC State (ACC)",Jr.,WR,12,51,596,8
166,"Gunner Romney, BYU (FBS Independent)",Jr.,WR,10,34,594,3
167,"Boogie Knight, ULM (Sun Belt)",Sr.,WR,12,44,587,3
168,"Cedric Patterson III, Rice (C-USA)",Sr.,WR,12,38,583,6
169,"Kobe Hudson, Auburn (SEC)",So.,WR,12,44,580,4
169,"Ricky Pearsall, Arizona St. (Pac-12)",Jr.,WR,13,48,580,4
171,"Gary Bryant Jr., Southern California (Pac-12)",So.,WR,10,44,579,7
172,"Isaiah Garcia-Castaneda, New Mexico St. (FBS Independent)",Jr.,WR,10,37,578,4
172,"Malik Washington, Northwestern (Big Ten)",Jr.,WR,12,44,578,2
174,"Will Sheppard, Vanderbilt (SEC)",So.,WR,11,43,577,4
175,"Tauskie Dove, Missouri (SEC)",Jr.,WR,13,38,576,0
176,"Bryce Ford-Wheaton, West Virginia (Big 12)",Jr.,WR,12,42,575,3
176,"Cole Tucker, NIU (MAC)",Sr.,WR,9,41,575,3
178,"R.J. Sneed, Baylor (Big 12)",Sr.,WR,14,46,573,2
179,"Jackson Anthrop, Purdue (Big Ten)",Sr.,WR,13,53,570,5
179,"Tyrin Smith, UTEP (C-USA)",So.,WR,13,33,570,4
181,"Devin Maddox, Toledo (MAC)",So.,WR,13,41,567,4
182,"Brandon Johnson, UCF (AAC)",Sr.,WR,13,38,565,11
183,"Tre Harris, Louisiana Tech (C-USA)",Fr.,WR,12,40,562,4
184,"Tayvion Robinson, Virginia Tech (ACC)",So.,WR,12,44,559,4
185,"Devon Williams, Oregon (Pac-12)",So.,WR,12,35,557,4
186,"Devin Carter, NC State (ACC)",So.,WR,12,31,556,6
186,"Jeff Foreman, Arkansas St. (Sun Belt)",So.,WR,12,31,556,2
188,"Javen Banks, Texas St. (Sun Belt)",Jr.,WR,11,36,553,5
189,"Marshon Ford, Louisville (ACC)",So.,TE,13,49,550,2
189,"Justin Shorter, Florida (SEC)",Jr.,WR,13,41,550,3
191,"Braylon Sanders, Ole Miss (SEC)",Sr.,WR,12,24,549,4
192,"Austin Osborne, Bowling Green (MAC)",Jr.,WR,12,64,546,2
193,"Phillip Brooks, Kansas St. (Big 12)",Jr.,WR,13,43,543,2
193,"Mike Harley, Miami (FL) (ACC)",Sr.,WR,12,57,543,5
193,"Peyton Hendershot, Indiana (Big Ten)",Sr.,TE,12,46,543,4
196,"Tyrice Richie, NIU (MAC)",Sr.,WR,9,44,540,1
197,"Dante Wright, Colorado St. (Mountain West)",Jr.,WR,9,43,538,3
198,"Kaylon Geiger, Texas Tech (Big 12)",Sr.,WR,13,43,533,1
199,"Tre Mosley, Michigan St. (Big Ten)",So.,WR,13,35,530,3
200,"Jordan Watkins, Louisville (ACC)",Fr.,WR,12,35,529,4
