Rank,Player,Cl,Pos,G,Solo Tack,Asst Tack,TT,TPG
1,"Colton Adams, Alabama St. (SWAC)",Jr.,LB,11,46,82,128,11.6
2,"Johnny Buchanan, Delaware (CAA)",Sr.,LB,13,63,87,150,11.5
3,"Rodney Dansby, Houston Christian (Southland)",So.,LB,11,46,80,126,11.5
4,"Kordell Williams, McNeese (Southland)",Sr.,DB,10,60,47,107,10.7
4,"Stone Snyder, VMI (SoCon)",Sr.,LB,10,51,56,107,10.7
4,"Ethan Hull, Stetson (Pioneer)",Sr.,LB,10,38,69,107,10.7
7,"James Conway, Fordham (Patriot)",So.,LB,12,59,68,127,10.6
8,"Joe Andreessen, Bryant (Big South)",Sr.,LB,11,77,39,116,10.5
9,"Elijah Anderson-Taylor, Northern Colo. (Big Sky)",So.,LB,11,58,54,112,10.2
9,"Rob Hicks, UT Martin (OVC)",Sr.,LB,11,42,70,112,10.2
11,"Garrett Sayegh, Charleston So. (Big South)",Sr.,LB,10,69,32,101,10.1
12,"Brent Jackson, Bucknell (Patriot)",Sr.,DB,11,78,33,111,10.1
13,"Stephen Hillis, South Dakota (MVFC)",Sr.,LB,11,60,50,110,10
13,"Zeke Vandenburgh, Illinois St. (MVFC)",Sr.,LB,10,51,49,100,10
13,"Macklin Ayers, Dartmouth (Ivy League)",Jr.,LB,8,30,50,80,10
16,"Bryce Norman, Southeast Mo. St. (OVC)",So.,LB,12,57,62,119,9.9
17,"Joe Heffernan, Dartmouth (Ivy League)",Sr.,LB,10,54,44,98,9.8
18,"Chandler Martin, ETSU (SoCon)",Fr.,LB,10,41,56,97,9.7
19,"Tyler Long, Norfolk St. (MEAC)",Jr.,LB,11,48,58,106,9.6
20,"John Ford, UT Martin (OVC)",Sr.,LB,11,38,66,104,9.5
21,"Ryan Greenhagen, Fordham (Patriot)",Sr.,LB,12,63,50,113,9.4
22,"BJ DAVIS, South Carolina St. (MEAC)",Jr.,LB,10,64,30,94,9.4
22,"Chizurum Umunakwe, Central Conn. St. (NEC)",Sr.,LB,10,37,57,94,9.4
24,"Tamaurian Wilson, Central Ark. (ASUN)",So.,DB,11,68,35,103,9.4
25,"Kenny Gallop, Howard (MEAC)",Jr.,DB,10,63,30,93,9.3
25,"Scott Valentas, Columbia (Ivy League)",Sr.,LB,10,63,30,93,9.3
27,"Lewis Matthews, Grambling (SWAC)",Jr.,LB,11,61,41,102,9.3
27,"Morgan Vest, Northern Ariz. (Big Sky)",Sr.,DB,11,56,46,102,9.3
29,"Rex Connors, UC Davis (Big Sky)",Fr.,DB,10,57,35,92,9.2
30,"Brock Mogensen, South Dakota (MVFC)",Sr.,LB,11,40,61,101,9.2
31,"Fa'Avae Fa'Avae, Idaho (Big Sky)",Sr.,LB,12,53,57,110,9.2
32,"Cooper Krezek, Morehead St. (Pioneer)",Jr.,DB,11,63,37,100,9.1
32,"Tanner Pollock, Drake (Pioneer)",Sr.,LB,11,51,49,100,9.1
32,"Qwahsin Townsel, Hampton (CAA)",Sr.,LB,11,48,52,100,9.1
35,"Robby Hauck, Montana (Big Sky)",Sr.,S,13,42,76,118,9.1
36,"Jake Fire, Rhode Island (CAA)",Sr.,LB,11,48,51,99,9
36,"Isaac Dowling, Mercer (SoCon)",Jr.,LB,11,46,53,99,9
36,"Evan Eller, VMI (SoCon)",Jr.,LB,11,46,53,99,9
36,"Liam Johnson, Princeton (Ivy League)",Jr.,LB,10,44,46,90,9
36,"Spencer Cuvelier, UNI (MVFC)",Sr.,LB,10,42,48,90,9
41,"Seth Carlisle, Tennessee Tech (OVC)",Sr.,LB,11,53,45,98,8.9
41,"Tyler Jackson, Lamar University (Southland)",Jr.,LB,11,35,63,98,8.9
43,"Ryan Saddler, Bryant (Big South)",Sr.,LB,11,64,33,97,8.8
43,"Dylan Kelly, UAlbany (CAA)",So.,LB,11,61,36,97,8.8
43,"Ty Boeck, Chattanooga (SoCon)",Sr.,LB,11,58,39,97,8.8
46,"Kavian Gaither, Sam Houston (WAC)",So.,LB,9,41,38,79,8.8
47,"Matthew Jackson, Eastern Ky. (ASUN)",Sr.,LB,10,52,35,87,8.7
48,"Brennan Young, Houston Christian (Southland)",Sr.,LB,11,41,54,95,8.6
49,"Winston Reid, Weber St. (Big Sky)",Jr.,LB,13,68,44,112,8.6
49,"Aubrey Miller Jr., Jackson St. (SWAC)",Sr.,LB,13,59,53,112,8.6
51,"Gregory Reddick, Saint Francis (PA) (NEC)",So.,DB,9,49,28,77,8.6
51,"Joe Casale, Robert Morris (Big South)",So.,LB,9,42,35,77,8.6
53,"Tyquan King, N.C. A&T (Big South)",So.,LB,11,47,47,94,8.5
54,"Tristan Wheeler, Richmond (CAA)",Sr.,LB,13,54,56,110,8.5
55,"Mike DeNucci, Lehigh (Patriot)",Jr.,LB,11,62,31,93,8.5
55,"Alex Herriott, Presbyterian (Pioneer)",So.,LB,11,53,40,93,8.5
55,"Tyler Flick, Colgate (Patriot)",Sr.,LB,11,47,46,93,8.5
55,"Mike Arrington, Marist (Pioneer)",Sr.,LB,11,39,54,93,8.5
59,"Rylan Cole, Indiana St. (MVFC)",So.,DB,10,52,32,84,8.4
60,"Marco Olivas, Lafayette (Patriot)",Sr.,LB,11,53,39,92,8.4
60,"Teddy Wright, Marist (Pioneer)",Sr.,S,11,39,53,92,8.4
62,"Antoine Williams, Austin Peay (ASUN)",Jr.,LB,11,42,49,91,8.3
63,"Keegan Halloran, Presbyterian (Pioneer)",Jr.,DB,9,47,27,74,8.2
63,"Reidgee Dimanche, Stony Brook (CAA)",Sr.,LB,9,44,30,74,8.2
65,"CJ Tillman, Campbell (Big South)",So.,LB,10,55,27,82,8.2
66,"Justin Fonteneaux, Georgetown (Patriot)",Sr.,LB,11,58,32,90,8.2
66,"Ali Shockley, Hampton (CAA)",Sr.,DB,11,50,40,90,8.2
66,"Jordan Knapke, Northern Colo. (Big Sky)",So.,DB,11,36,54,90,8.2
69,"Kelechi Anyalebechi, UIW (Southland)",Sr.,LB,14,65,49,114,8.1
70,"Ben Schmiesing, Dayton (Pioneer)",Sr.,LB,11,38,51,89,8.1
71,"William McRainey, Gardner-Webb (Big South)",Jr.,LB,13,43,61,104,8
71,"Charles Ike, Idaho St. (Big Sky)",Sr.,LB,11,44,44,88,8
71,"Juan DelaCruz, Western Ill. (MVFC)",Jr.,LB,11,40,48,88,8
71,"Evan Stewart, Rhode Island (CAA)",So.,LB,10,45,35,80,8
75,"Joshua Reed, Grambling (SWAC)",Jr.,LB,11,50,37,87,7.9
75,"Jalyx Hunt, Houston Christian (Southland)",Jr.,DL,11,39,48,87,7.9
75,"Demetrius Charles, Central Ark. (ASUN)",So.,LB,11,33,54,87,7.9
78,"Kylin White, Nicholls (Southland)",So.,LB,10,29,50,79,7.9
79,"Mikey Jarmolowich, Colgate (Patriot)",Sr.,DB,11,63,23,86,7.8
80,"T.J. Limehouse, Western Ill. (MVFC)",Sr.,DB,10,49,29,78,7.8
81,"Dre Terry, Alabama A&M (SWAC)",Sr.,LB,11,43,42,85,7.7
81,"Ken Standley, Mercer (SoCon)",Sr.,LB,11,37,48,85,7.7
83,"Chase Graham, Western Ill. (MVFC)",So.,LB,9,42,27,69,7.7
83,"Davion Maxwell, Stetson (Pioneer)",Jr.,DB,9,34,35,69,7.7
85,"Jordan Vincent, Eastern Ill. (OVC)",So.,S,11,57,27,84,7.6
85,"Saiku White, Lafayette (Patriot)",So.,DB,11,55,29,84,7.6
85,"David Meyer, Cal Poly (Big Sky)",So.,LB,11,53,31,84,7.6
85,"Josh Reliford, Tennessee Tech (OVC)",Sr.,DB,11,46,38,84,7.6
85,"Geoffrey Brown, Indiana St. (MVFC)",So.,LB,11,38,46,84,7.6
90,"Jake Stebbins, Cornell (Ivy League)",Sr.,LB,10,35,41,76,7.6
91,"Ben Hines, Valparaiso (Pioneer)",Sr.,LB,12,35,56,91,7.6
92,"Nate Norris, Lehigh (Patriot)",Sr.,LB,11,51,32,83,7.5
92,"Isaiah  Major, Florida A&M (SWAC)",Jr.,LB,11,50,33,83,7.5
92,"Jackson Ambush, UAlbany (CAA)",So.,LB,11,45,38,83,7.5
92,"Myles Heard, SFA (ASUN)",Sr.,DB,11,45,38,83,7.5
92,"Ben Allen, Bucknell (Patriot)",Sr.,LB,11,43,40,83,7.5
92,"Blake Leake, Bucknell (Patriot)",Jr.,LB,11,43,40,83,7.5
98,"Majeste' Hansberry, Stetson (Pioneer)",Sr.,LB,10,38,37,75,7.5
98,"Ozzie Nicholas, Princeton (Ivy League)",Jr.,LB,10,33,42,75,7.5
100,"Marcus Welnel, Montana (Big Sky)",Sr.,LB,13,31,66,97,7.5
101,"Ely Doyle, Eastern Wash. (Big Sky)",Sr.,DB,11,56,26,82,7.5
101,"Kohner Cullimore, Southern Utah (WAC)",Fr.,LB,11,45,37,82,7.5
101,"Hasan Black, The Citadel (SoCon)",Sr.,LB,11,41,41,82,7.5
101,"Ferrin Manuleleua, Missouri St. (MVFC)",Sr.,LB,11,37,45,82,7.5
105,"James Kaczor, North Dakota St. (MVFC)",Sr.,LB,14,54,50,104,7.4
106,"Eric Samuta, Murray St. (OVC)",Sr.,LB,10,49,25,74,7.4
107,"Da'Quan Grimes, Monmouth (CAA)",Sr.,LB,11,38,43,81,7.4
107,"Korby Sander, UNI (MVFC)",Sr.,DB,11,38,43,81,7.4
109,"Jahsun Bryant, Tennessee St. (OVC)",Sr.,LB,11,39,41,80,7.3
110,"Lawrence Johnson, Southeast Mo. St. (OVC)",Sr.,DB,12,46,41,87,7.2
111,"Braden Gilby, Furman (SoCon)",Sr.,LB,13,39,55,94,7.2
112,"Jaren Banks, Eastern Wash. (Big Sky)",Sr.,LB,9,25,40,65,7.2
113,"Noah Plack, Delaware (CAA)",Sr.,DB,13,45,48,93,7.2
114,"Chase Lasater, Eastern Ky. (ASUN)",Sr.,LB,9,34,30,64,7.1
115,"Garrett Morris, Penn (Ivy League)",Sr.,RB,10,37,34,71,7.1
116,"TyGee Leach, Lehigh (Patriot)",Sr.,DB,11,58,20,78,7.1
116,"Kyree Fields, North Ala. (ASUN)",Sr.,DB,11,49,29,78,7.1
118,"Jalan Campbell, Southern U. (SWAC)",Jr.,,12,52,33,85,7.1
119,"Noah Martin, Samford (SoCon)",Jr.,,13,53,39,92,7.1
120,"Willie O'Hara, Saint Francis (PA) (NEC)",Sr.,LB,12,41,43,84,7
120,"Lawrence Richardson, Morgan St. (MEAC)",Sr.,LB,11,48,29,77,7
120,"Kenton Wilhoit, Illinois St. (MVFC)",Sr.,LB,11,29,48,77,7
120,"Mason Woods, Towson (CAA)",So.,LB,11,27,50,77,7
120,"Carthell Flowers-Lloyd, Stony Brook (CAA)",Sr.,DB,10,40,30,70,7
120,"Jack Fairman, Penn (Ivy League)",Jr.,LB,10,34,36,70,7
126,"Jack Henderson, Southeastern La. (Southland)",So.,DB,13,55,35,90,6.9
127,"Marcus Hillman, Elon (CAA)",Sr.,LB,12,51,32,83,6.9
128,"Eric Hunter, Morgan St. (MEAC)",So.,LB,11,51,25,76,6.9
128,"DeAndre Faulk, Hampton (CAA)",Sr.,LB,11,38,38,76,6.9
128,"Rico Dozier, Ark.-Pine Bluff (SWAC)",So.,DB,11,36,40,76,6.9
128,"Ander Johnson, Drake (Pioneer)",Sr.,LB,11,35,41,76,6.9
132,"K'Vaughan Pope, Tennessee St. (OVC)",Sr.,LB,9,28,34,62,6.9
133,"Marquis Hall, Norfolk St. (MEAC)",Sr.,LB,11,34,41,75,6.8
134,"Rosendo Louis, Bethune-Cookman (SWAC)",Sr.,LB,9,33,28,61,6.8
135,"Armon Bailey, Sacramento St. (Big Sky)",Sr.,LB,13,46,42,88,6.8
136,"Danny Uliulakepa, Montana St. (Big Sky)",So.,LB,12,35,46,81,6.8
137,"Alex Oliver, VMI (SoCon)",Jr.,DB,11,38,36,74,6.7
137,"Christian Dunn, VMI (SoCon)",So.,LB,11,37,37,74,6.7
137,"Shane Hartzell, Villanova (CAA)",Fr.,LB,11,34,40,74,6.7
137,"Bryce Flater, UNI (MVFC)",Sr.,LB,11,33,41,74,6.7
137,"Keyshawn Johnson, Prairie View (SWAC)",Jr.,LB,11,33,41,74,6.7
137,"Aaron Acosta, Marist (Pioneer)",Sr.,DL,11,27,47,74,6.7
143,"Amaud Willis-Dalton, McNeese (Southland)",Jr.,LB,10,36,31,67,6.7
144,"Donte' Daniels, Southeastern La. (Southland)",So.,LB,13,50,37,87,6.7
144,"Philip O'Connor, Richmond (CAA)",Sr.,LB,13,49,38,87,6.7
144,"Levi Janacaro, Montana (Big Sky)",Jr.,LB,13,32,55,87,6.7
147,"Omar Rogers, Elon (CAA)",So.,DB,9,37,23,60,6.7
148,"Kaleb Culp, UIW (Southland)",Jr.,DB,14,64,29,93,6.6
149,"Nathan Arthur, Dayton (Pioneer)",Sr.,LB,11,37,36,73,6.6
149,"Joshua Rudolph, Austin Peay (ASUN)",So.,LB,11,36,37,73,6.6
149,"Colin Bohanek, Eastern Ill. (OVC)",Jr.,LB,11,33,40,73,6.6
149,"Clayborne Fields III, Marist (Pioneer)",Sr.,S,11,33,40,73,6.6
149,"Patrick O'Connell, Montana (Big Sky)",Sr.,LB,11,18,55,73,6.6
154,"Liam Anderson, Holy Cross (Patriot)",Sr.,LB,13,58,28,86,6.6
155,"Jaden Pask, Davidson (Pioneer)",Sr.,DB,10,38,28,66,6.6
156,"Jacob Roberts, N.C. A&T (Big South)",Jr.,LB,11,43,29,72,6.5
156,"Fred Perry, Jacksonville St. (ASUN)",Fr.,S,11,37,35,72,6.5
156,"Brian Lee, Jr., Maine (CAA)",Sr.,LB,11,32,40,72,6.5
156,"Ryan Kearney, Towson (CAA)",Sr.,LB,11,31,41,72,6.5
156,"Adrian Otero, Maine (CAA)",Sr.,LB,11,29,43,72,6.5
161,"Hunter Nichols, San Diego (Pioneer)",Sr.,DB,10,46,19,65,6.5
161,"Javeon Ensley, Stetson (Pioneer)",Sr.,DB,10,38,27,65,6.5
161,"Tarik Cooper, Texas Southern (SWAC)",Sr.,LB,10,22,43,65,6.5
164,"Larry Elder, LIU (NEC)",Jr.,DB,11,49,22,71,6.5
164,"Andreas Keaton, Western Caro. (SoCon)",So.,S,11,47,24,71,6.5
164,"Khiyree Keith, Morehead St. (Pioneer)",Sr.,DB,11,46,25,71,6.5
164,"Connor Reid, Butler (Pioneer)",Sr.,DB,11,44,27,71,6.5
164,"Jeffery Battle, North Ala. (ASUN)",Sr.,DB,11,42,29,71,6.5
164,"Ryan Kriceri, Drake (Pioneer)",Sr.,LB,11,42,29,71,6.5
164,"Tyler Morton, Nicholls (Southland)",So.,DB,11,38,33,71,6.5
164,"Stevonte Tullis, Jacksonville St. (ASUN)",Sr.,LB,11,28,43,71,6.5
172,"Bryce McCormick, Furman (SoCon)",Jr.,LB,12,33,44,77,6.4
173,"Fara'ad McCombs, Columbia (Ivy League)",Sr.,DB,10,38,26,64,6.4
173,"Kamdan Hightower, Northern Ariz. (Big Sky)",Fr.,DB,10,27,37,64,6.4
175,"Herman Christophe, Southeastern La. (Southland)",Jr.,LB,13,37,46,83,6.4
176,"Jalen Goodman, Villanova (CAA)",So.,DB,11,45,25,70,6.4
176,"Xavier Toliver, Houston Christian (Southland)",So.,S,11,36,34,70,6.4
176,"Aljareek Malry, VMI (SoCon)",Sr.,DB,11,35,35,70,6.4
176,"Jared Pedraza, Northwestern St. (Southland)",So.,LB,11,32,38,70,6.4
176,"Elijawah Tolbert, Eastern Ill. (OVC)",So.,DB,11,32,38,70,6.4
181,"Nathan East, Samford (SoCon)",Sr.,LB,13,49,33,82,6.3
182,"Wande Owens, Yale (Ivy League)",Sr.,DB,10,45,18,63,6.3
182,"Claudin Cherelus, Alcorn (SWAC)",Sr.,LB,10,36,27,63,6.3
182,"Hamilton Moore, Yale (Ivy League)",Sr.,LB,10,33,30,63,6.3
182,"Jacob Williams, Texas Southern (SWAC)",So.,LB,10,33,30,63,6.3
182,"R.J. Coles, Norfolk St. (MEAC)",Jr.,DB,10,27,36,63,6.3
187,"Callahan O'Reilly, Montana St. (Big Sky)",Sr.,LB,14,42,46,88,6.3
188,"Tony Brown, Robert Morris (Big South)",So.,LB,11,47,22,69,6.3
189,"Calvin Pitcher, Idaho St. (Big Sky)",So.,DB,10,37,25,62,6.2
189,"Heston Lameta, Northern Ariz. (Big Sky)",Jr.,LB,10,31,31,62,6.2
191,"Jonathan Cabral-Martin, Central Conn. St. (NEC)",So.,S,11,50,18,68,6.2
191,"Nick Coates, Eastern Ill. (OVC)",So.,S,11,42,26,68,6.2
191,"Kam Jones, Chattanooga (SoCon)",Sr.,LB,11,41,27,68,6.2
191,"Jeremiah Harris, Jacksonville St. (ASUN)",Sr.,S,11,40,28,68,6.2
191,"Terreance Ellis, Alcorn (SWAC)",So.,LB,11,39,29,68,6.2
191,"Micah Davey, McNeese (Southland)",Fr.,LB,11,38,30,68,6.2
191,"Deandre Lamont, Illinois St. (MVFC)",Sr.,DB,11,35,33,68,6.2
191,"Grant Ewell Jr., Ark.-Pine Bluff (SWAC)",Jr.,DB,11,31,37,68,6.2
191,"Nick Norris, Northern Colo. (Big Sky)",So.,DL,11,29,39,68,6.2
200,"Jamir Malone, Elon (CAA)",Sr.,LB,12,36,38,74,6.2
