Rank,Player,Cl,Pos,G,Solo Tack,Asst Tack,TT,TPG
1,"Jason Henderson, Old Dominion (Sun Belt)",So.,LB,12,58,128,186,15.5
2,"Shaun Dolac, Buffalo (MAC)",Jr.,LB,13,97,50,147,11.3
3,"Carlton Martial, Troy (Sun Belt)",Sr.,LB,12,55,80,135,11.2
3,"Ryan McWood, Miami (OH) (MAC)",Sr.,LB,12,51,84,135,11.2
5,"Bubba Arslanian, Akron (MAC)",Sr.,LB,12,60,72,132,11
5,"Austin Ajiake, UNLV (Mountain West)",Sr.,LB,12,59,73,132,11
7,"Jackson Mitchell, UConn (FBS Independent)",Jr.,LB,13,52,88,140,10.8
8,"Ivan Pace Jr., Cincinnati (AAC)",Jr.,LB,13,56,81,137,10.5
9,"Nick Jackson, Virginia (ACC)",Sr.,LB,10,41,63,104,10.4
10,"Cedric Gray, North Carolina (ACC)",Jr.,LB,14,82,63,145,10.4
11,"Cal Haladay, Michigan St. (Big Ten)",So.,LB,12,42,78,120,10
11,"Kyle Soelle, Arizona St. (Pac-12)",Sr.,LB,11,56,54,110,10
13,"KD Davis, North Texas (C-USA)",Sr.,LB,14,71,67,138,9.9
14,"Jack Campbell, Iowa (Big Ten)",Sr.,LB,13,60,68,128,9.8
15,"Ayinde Eley, Georgia Tech (ACC)",Sr.,LB,12,57,61,118,9.8
16,"Jack Howell, Colorado St. (Mountain West)",So.,DB,11,42,66,108,9.8
17,"Ryan Smenda, Jr., Wake Forest (ACC)",Sr.,LB,12,41,76,117,9.8
18,"Danny Stutsman, Oklahoma (Big 12)",So.,LB,13,68,57,125,9.6
19,"Matthew Salopek, Miami (OH) (MAC)",Jr.,DB,13,61,63,124,9.5
20,"Dorian Williams, Tulane (AAC)",Sr.,LB,14,81,51,132,9.4
21,"Dwayne Boyles, South Fla. (AAC)",Sr.,LB,12,71,42,113,9.4
22,"Charlie Thomas, Georgia Tech (ACC)",Sr.,LB,12,71,41,112,9.3
23,"Easton Gibbs, Wyoming (Mountain West)",So.,LB,13,64,57,121,9.3
24,"Nico Bolden, Kent St. (MAC)",Sr.,S,11,63,39,102,9.3
25,"Tommy Eichenberg, Ohio St. (Big Ten)",Sr.,LB,13,77,43,120,9.2
25,"James Patterson, Buffalo (MAC)",Sr.,LB,13,69,51,120,9.2
27,"Clayton Coll, Ball St. (MAC)",Sr.,LB,12,49,61,110,9.2
28,"Jaylan Ford, Texas (Big 12)",Jr.,LB,13,61,58,119,9.2
29,"Bryce Gallagher, Northwestern (Big Ten)",Jr.,LB,11,58,42,100,9.1
29,"Kendell Brooks, Michigan St. (Big Ten)",Sr.,DB,11,48,52,100,9.1
29,"Leo Lowin, Army West Point (FBS Independent)",Jr.,LB,11,48,52,100,9.1
32,"Jason Johnson, UCF (AAC)",Jr.,LB,14,67,59,126,9
32,"Anfernee Orji, Vanderbilt (SEC)",Sr.,LB,12,54,54,108,9
34,"Jett Johnson, Mississippi St. (SEC)",Sr.,LB,13,48,67,115,8.8
35,"Daiyan Henley, Washington St. (Pac-12)",Sr.,LB,12,54,52,106,8.8
36,"Marques Watson-Trent, Ga. Southern (Sun Belt)",So.,LB,13,49,65,114,8.8
37,"Cody Moon, New Mexico (Mountain West)",So.,LB,12,42,63,105,8.8
38,"Marvin Pierre, Kent St. (MAC)",Sr.,LB,11,56,40,96,8.7
39,"Nathaniel Watson, Mississippi St. (SEC)",Sr.,LB,13,51,62,113,8.7
40,"Jackson Sirmon, California (Pac-12)",Sr.,LB,12,49,55,104,8.7
41,"Krishon Merriweather, Texas Tech (Big 12)",Sr.,LB,13,70,42,112,8.6
42,"Luke Reimer, Nebraska (Big Ten)",Jr.,LB,10,38,48,86,8.6
43,"Gaethan Bernadel, FIU (C-USA)",So.,LB,12,58,45,103,8.6
43,"Drew Sanders, Arkansas (SEC)",Jr.,LB,12,40,63,103,8.6
45,"Xavier Cullens, Memphis (AAC)",Sr.,LB,13,59,52,111,8.5
45,"Noah Wilder, UAB (C-USA)",Sr.,LB,13,58,53,111,8.5
47,"Kyle Harmon, San Jose St. (Mountain West)",Sr.,LB,12,44,58,102,8.5
48,"Justin Wright, Tulsa (AAC)",Sr.,LB,12,56,45,101,8.4
49,"David Ugwoegbu, Oklahoma (Big 12)",Sr.,LB,13,55,54,109,8.4
50,"Bumper Pool, Arkansas (SEC)",Sr.,LB,11,37,55,92,8.4
51,"Josh Chandler-Semedo, Colorado (Pac-12)",Sr.,LB,12,62,38,100,8.3
51,"Dequan Jackson, Colorado St. (Mountain West)",Sr.,LB,12,43,57,100,8.3
51,"Jalen Mackie, Massachusetts (FBS Independent)",Sr.,LB,12,38,62,100,8.3
54,"Chris Ojoh, New Mexico St. (FBS Independent)",Sr.,LB,13,69,39,108,8.3
54,"DeMarcco Hellams, Alabama (SEC)",Sr.,DB,13,67,41,108,8.3
56,"Dallas Gant, Toledo (MAC)",Jr.,LB,14,50,66,116,8.3
57,"Deion Jennings, Rutgers (Big Ten)",Sr.,LB,11,48,43,91,8.3
58,"Bryson Powers, Tulsa (AAC)",Sr.,DB,12,50,49,99,8.2
59,"Jourdan Quibodeaux, Louisiana (Sun Belt)",Sr.,LB,13,29,78,107,8.2
60,"Jordan Veneziale, Georgia St. (Sun Belt)",Sr.,LB,12,55,43,98,8.2
61,"Kenny Logan Jr., Kansas (Big 12)",Sr.,S,13,72,34,106,8.2
62,"Jordan Riley, Ball St. (MAC)",So.,S,12,61,36,97,8.1
62,"Donovan Manuel, FIU (C-USA)",Jr.,LB,12,48,49,97,8.1
62,"Durante Jones, UConn (FBS Independent)",So.,DB,12,40,57,97,8.1
65,"Nick Anderson, Tulane (AAC)",Sr.,LB,14,62,51,113,8.1
66,"Tra Fluellen, Middle Tenn. (C-USA)",Jr.,S,13,57,47,104,8
66,"Mason Cobb, Oklahoma St. (Big 12)",Jr.,LB,12,58,38,96,8
66,"DeMarvion Overshown, Texas (Big 12)",Sr.,LB,12,49,47,96,8
66,"John Marshall, Navy (AAC)",Sr.,LB,12,44,52,96,8
66,"Marquel Broughton, Army West Point (FBS Independent)",Sr.,DB,11,46,42,88,8
71,"Jaquan Amos, Ball St. (MAC)",Sr.,DB,12,61,34,95,7.9
71,"Demetrius Hill, FIU (C-USA)",Fr.,DB,12,51,44,95,7.9
71,"Tyrice Knight, UTEP (C-USA)",Sr.,LB,12,48,47,95,7.9
71,"Cal Wallerstedt, UTEP (C-USA)",Jr.,LB,12,32,63,95,7.9
75,"Trevor Woods, Colorado (Pac-12)",So.,DB,10,65,14,79,7.9
76,"Antonio Johnson, Texas A&M (SEC)",Jr.,DB,9,35,36,71,7.9
77,"DJ Schramm, Boise St. (Mountain West)",Sr.,LB,14,52,58,110,7.9
78,"Kyle Moretti, Central Mich. (MAC)",So.,LB,12,60,34,94,7.8
78,"Jerrick Reed II, New Mexico (Mountain West)",Sr.,DB,12,50,44,94,7.8
78,"SirVocea Dennis, Pittsburgh (ACC)",Sr.,LB,12,42,52,94,7.8
81,"Aaron Casey, Indiana (Big Ten)",Sr.,LB,11,50,36,86,7.8
82,"Dyontae Johnson, Toledo (MAC)",Sr.,LB,14,43,66,109,7.8
83,"Anthony Wilson, Ga. Southern (Sun Belt)",Jr.,DB,13,60,41,101,7.8
83,"Drake Thomas, NC State (ACC)",Jr.,LB,13,50,51,101,7.8
83,"AJ Vongphachanh, Utah St. (Mountain West)",Sr.,LB,13,36,65,101,7.8
86,"Zaire Barnes, Western Mich. (MAC)",Sr.,LB,12,59,34,93,7.8
86,"Shaka Heyward, Duke (ACC)",Sr.,LB,12,48,45,93,7.8
88,"Trey Jones, Central Mich. (MAC)",So.,DB,11,47,38,85,7.7
89,"Tory Spears, Texas St. (Sun Belt)",Jr.,S,10,41,36,77,7.7
90,"Lee Kpogba, West Virginia (Big 12)",Jr.,LB,12,44,48,92,7.7
90,"Dion Hunter, New Mexico (Mountain West)",So.,LB,9,20,49,69,7.7
92,"Jason Taylor II, Oklahoma St. (Big 12)",Sr.,S,13,80,19,99,7.6
92,"Malik Shorts, Southern Miss. (Sun Belt)",Jr.,DB,13,55,44,99,7.6
92,"Jammie Robinson, Florida St. (ACC)",Jr.,DB,13,46,53,99,7.6
95,"Kobe Hylton, UTEP (C-USA)",So.,CB,12,54,37,91,7.6
95,"Owen Pappoe, Auburn (SEC)",Sr.,LB,12,51,40,91,7.6
95,"Oluwafemi Oladejo, California (Pac-12)",So.,LB,12,43,48,91,7.6
95,"Chase Kline, Eastern Mich. (MAC)",Sr.,LB,12,42,49,91,7.6
99,"JaQues Evans, Western Ky. (C-USA)",So.,LB,14,63,43,106,7.6
100,"JoJo Evans, Kent St. (MAC)",So.,S,11,55,28,83,7.5
100,"Mikel Jones, Syracuse (ACC)",Jr.,LB,11,42,41,83,7.5
102,"Eli Neal, Marshall (Sun Belt)",Jr.,LB,13,49,49,98,7.5
102,"Brandon Bouyer-Randle, UConn (FBS Independent)",Sr.,LB,13,34,64,98,7.5
102,"Ben Bywater, BYU (FBS Independent)",So.,LB,13,31,67,98,7.5
105,"Khoury Bethley, Arizona St. (Pac-12)",Sr.,DB,12,62,28,90,7.5
106,"Darius Joiner, Duke (ACC)",Sr.,DB,13,62,35,97,7.5
106,"Michael Dowell, Miami (OH) (MAC)",Sr.,S,13,49,48,97,7.5
108,"Payton Wilson, NC State (ACC)",Jr.,LB,11,38,44,82,7.5
108,"Dax Hollifield, Virginia Tech (ACC)",Sr.,LB,11,34,48,82,7.5
110,"Larry Nixon III, North Texas (C-USA)",Jr.,LB,14,50,54,104,7.4
111,"JT Killen, Coastal Carolina (Sun Belt)",Jr.,LB,13,28,68,96,7.4
112,"Melique Straker, Arkansas St. (Sun Belt)",Jr.,LB,11,39,42,81,7.4
112,"Ben VanSumeren, Michigan St. (Big Ten)",Sr.,LB,11,27,54,81,7.4
114,"Power Echols, North Carolina (ACC)",So.,LB,14,70,33,103,7.4
115,"R'Tarriun Johnson, Old Dominion (Sun Belt)",Sr.,S,12,53,35,88,7.3
116,"Maema Njongmeta, Wisconsin (Big Ten)",Jr.,LB,13,48,47,95,7.3
116,"Seth Benson, Iowa (Big Ten)",Sr.,LB,13,41,54,95,7.3
118,"Craig Slocum, Troy (Sun Belt)",Sr.,S,14,38,64,102,7.3
119,"Antavious Lane, Georgia St. (Sun Belt)",Jr.,DB,12,62,25,87,7.2
119,"Xander Mueller, Northwestern (Big Ten)",Jr.,LB,12,52,35,87,7.2
119,"Vinny DePalma, Boston College (ACC)",Sr.,LB,12,49,38,87,7.2
119,"A.J. Haulcy, New Mexico (Mountain West)",Fr.,S,12,38,49,87,7.2
123,"Rich Miller, Kansas (Big 12)",Sr.,LB,13,56,38,94,7.2
123,"Henry To'oTo'o, Alabama (SEC)",Sr.,LB,13,45,49,94,7.2
125,"Junior Colson, Michigan (Big Ten)",So.,LB,14,42,59,101,7.2
126,"Jaxen Turner, Arizona (Pac-12)",Jr.,DB,11,54,25,79,7.2
127,"Kendarin Ray, Tulsa (AAC)",Sr.,DB,12,55,31,86,7.2
127,"Jordan Magee, Temple (AAC)",So.,LB,12,50,36,86,7.2
129,"Hunter Reynolds, Utah St. (Mountain West)",Sr.,S,13,57,36,93,7.2
129,"Troy Brown, Ole Miss (SEC)",Sr.,LB,13,44,49,93,7.2
131,"Daniel Scott, California (Pac-12)",Sr.,S,12,57,28,85,7.1
131,"Christian Izien, Rutgers (Big Ten)",Sr.,DB,12,50,35,85,7.1
131,"Michael Shawcroft, San Diego St. (Mountain West)",Sr.,LB,12,50,35,85,7.1
131,"Cole Pearce, Ball St. (MAC)",Sr.,LB,12,48,37,85,7.1
131,"Mike Smith, Jr., Liberty (FBS Independent)",Jr.,LB,12,45,40,85,7.1
131,"Donavan Mutin, Houston (AAC)",Sr.,LB,12,43,42,85,7.1
131,"Jon-Michael Terry, Tulsa (AAC)",Sr.,LB,12,43,42,85,7.1
138,"Derrick Smith, Western Ky. (C-USA)",Sr.,LB,14,63,36,99,7.1
139,"Kosi Eldridge, Texas Tech (Big 12)",Sr.,LB,13,60,31,91,7
139,"Marlowe Wax, Syracuse (ACC)",So.,LB,13,53,38,91,7
139,"Darius Muasau, UCLA (Pac-12)",Sr.,LB,13,42,49,91,7
139,"Rashad Torrence II, Florida (SEC)",Jr.,DB,12,50,34,84,7
139,"Avery Young, Rutgers (Big Ten)",Sr.,DB,12,46,38,84,7
139,"Khadry Jackson, Ga. Southern (Sun Belt)",Sr.,LB,12,38,46,84,7
139,"Antonio Clary, Virginia (ACC)",Sr.,DB,8,31,25,56,7
146,"Brian Branch, Alabama (SEC)",Jr.,DB,13,58,32,90,6.9
146,"Malik Dixon-Williams, UConn (FBS Independent)",So.,DB,13,49,41,90,6.9
146,"Dillon Doyle, Baylor (Big 12)",Sr.,LB,13,43,47,90,6.9
146,"DaShaun White, Oklahoma (Big 12)",Sr.,LB,13,43,47,90,6.9
150,"Mo Osling III, UCLA (Pac-12)",Sr.,DB,12,59,24,83,6.9
150,"Merlin Robertson, Arizona St. (Pac-12)",Sr.,LB,12,34,49,83,6.9
150,"Jordan Carmouche, Arkansas St. (Sun Belt)",Sr.,LB,12,32,51,83,6.9
153,"Keye Thompson, Ohio (MAC)",Sr.,LB,14,45,51,96,6.9
154,"MoMo Sanogo, Louisville (ACC)",Sr.,LB,13,44,45,89,6.8
155,"Bentlee Sanders, Nevada (Mountain West)",Sr.,DB,12,66,16,82,6.8
155,"Yvandy Rigby, Temple (AAC)",So.,LB,12,51,31,82,6.8
155,"JD Bertrand, Notre Dame (FBS Independent)",Jr.,LB,12,45,37,82,6.8
155,"Sione Tupou, Texas St. (Sun Belt)",Sr.,LB,12,40,42,82,6.8
159,"Mariano Sori-Marin, Minnesota (Big Ten)",Sr.,LB,13,45,43,88,6.8
159,"Joe Sparacio, Eastern Mich. (MAC)",Sr.,LB,13,42,46,88,6.8
159,"Ian Swenson, UConn (FBS Independent)",Sr.,LB,13,42,46,88,6.8
159,"Santrell Latham, Southern Miss. (Sun Belt)",Sr.,LB,13,35,53,88,6.8
163,"Trey Dean III, Florida (SEC)",Sr.,DB,12,47,34,81,6.8
163,"Maxen Hook, Toledo (MAC)",So.,S,12,42,39,81,6.8
163,"London Harris, Texas St. (Sun Belt)",Sr.,LB,12,38,43,81,6.8
166,"Bryant Fitzgerald, Indiana (Big Ten)",Sr.,DB,11,45,29,74,6.7
166,"Ventrell Miller, Florida (SEC)",Sr.,LB,11,34,40,74,6.7
168,"Julius Wood, East Carolina (AAC)",Jr.,S,13,38,49,87,6.7
168,"Daylen Gill, Southern Miss. (Sun Belt)",Sr.,LB,13,37,50,87,6.7
170,"Corvin Moment, Western Mich. (MAC)",Sr.,LB,12,36,44,80,6.7
171,"Myles Farmer, Nebraska (Big Ten)",So.,DB,11,38,35,73,6.6
171,"Myron Morrison, Rice (C-USA)",So.,LB,11,36,37,73,6.6
173,"Jaiden Woodbey, Boston College (ACC)",Sr.,S,12,37,42,79,6.6
173,"Colin Ramos, Navy (AAC)",So.,LB,12,34,45,79,6.6
175,"Tyler Taylor, UAB (C-USA)",Sr.,LB,11,27,45,72,6.5
176,"Nick Emmanwori, South Carolina (SEC)",Fr.,DB,13,62,23,85,6.5
176,"Beau Brade, Maryland (Big Ten)",Jr.,DB,13,55,30,85,6.5
176,"Jimmy Phillips, Jr., SMU (AAC)",Sr.,LB,13,50,35,85,6.5
176,"Decamerion Richardson, Mississippi St. (SEC)",Jr.,CB,13,50,35,85,6.5
176,"Logan Taylor, Hawaii (Mountain West)",Sr.,LB,13,49,36,85,6.5
181,"Larry Brooks, Tulane (AAC)",Sr.,S,14,63,28,91,6.5
181,"Jerry Roberts, Arizona (Pac-12)",Sr.,LB,12,34,44,78,6.5
183,"Chris Bacon, Bowling Green (MAC)",Sr.,DB,13,58,26,84,6.5
183,"Tatum Bethune, Florida St. (ACC)",Jr.,LB,13,43,41,84,6.5
183,"Otis Reese, Ole Miss (SEC)",Sr.,S,13,37,47,84,6.5
186,"Eric Gentry, Southern California (Pac-12)",So.,LB,11,50,21,71,6.5
187,"Wayne Jones, Charlotte (C-USA)",Jr.,LB,9,31,27,58,6.4
188,"Jamal Ligon, UTSA (C-USA)",Jr.,LB,14,43,47,90,6.4
189,"Quindell Johnson, Memphis (AAC)",Sr.,DB,12,52,25,77,6.4
189,"Wylan Free, Ga. Southern (Sun Belt)",Sr.,DB,12,47,30,77,6.4
189,"Zack Woodard, ULM (Sun Belt)",Sr.,LB,12,47,30,77,6.4
189,"Sherrod Greene, South Carolina (SEC)",Sr.,LB,12,37,40,77,6.4
193,"Jerrin Thompson, Texas (Big 12)",Jr.,DB,13,50,33,83,6.4
193,"Tanner Ingle, NC State (ACC)",Sr.,DB,13,43,40,83,6.4
193,"Omar Speights, Oregon St. (Pac-12)",Jr.,LB,13,39,44,83,6.4
196,"Jeremiah Trotter Jr., Clemson (ACC)",So.,LB,14,50,39,89,6.4
196,"Micah Baskerville, LSU (SEC)",Sr.,LB,14,41,48,89,6.4
198,"Christian Young, Arizona (Pac-12)",Sr.,DB,12,47,29,76,6.3
198,"Jaden Harris, Arkansas St. (Sun Belt)",Jr.,LB,12,39,37,76,6.3
198,"C.J. Brown, NIU (MAC)",Jr.,DB,12,37,39,76,6.3
198,"Hugh Davis, Louisiana Tech (C-USA)",Jr.,LB,12,34,42,76,6.3
198,"Levani Damuni, Stanford (Pac-12)",Sr.,LB,12,31,45,76,6.3
198,"Cam'Ron Carter, Colorado St. (Mountain West)",Sr.,LB,12,27,49,76,6.3
204,"Alex Cook, Washington (Pac-12)",Sr.,S,13,56,26,82,6.3
204,"Al Walcott, Baylor (Big 12)",Sr.,S,13,43,39,82,6.3
204,"Isaiah Moore, NC State (ACC)",Sr.,LB,13,40,42,82,6.3
207,"Jonas Sanker, Virginia (ACC)",So.,DB,10,36,27,63,6.3
208,"Levelle Bailey, Fresno St. (Mountain West)",Sr.,LB,14,54,34,88,6.3
208,"Sean-Thomas Faulkner, North Texas (C-USA)",Sr.,DB,14,43,45,88,6.3
210,"Craig Woodson, California (Pac-12)",Jr.,S,12,53,22,75,6.2
210,"Alex Odom, Temple (AAC)",So.,S,12,44,31,75,6.2
210,"Kam Arnold, Boston College (ACC)",Jr.,LB,12,36,39,75,6.2
213,"Jaylon Carlies, Missouri (SEC)",Jr.,DB,13,60,21,81,6.2
214,"Austin Moore, Kansas St. (Big 12)",Jr.,LB,14,57,30,87,6.2
214,"Johnny Hodges, TCU (Big 12)",Jr.,LB,14,44,43,87,6.2
216,"Beau Freyler, Iowa St. (Big 12)",So.,DB,11,31,37,68,6.2
217,"Gervarrius Owens, Houston (AAC)",Sr.,DB,12,54,20,74,6.2
217,"Lathan Ransom, Ohio St. (Big Ten)",Jr.,DB,12,49,25,74,6.2
217,"Bryun Parham, San Jose St. (Mountain West)",So.,LB,12,39,35,74,6.2
220,"Kitan Oladapo, Oregon St. (Pac-12)",Jr.,DB,13,48,32,80,6.2
220,"Jaden Voisin, South Alabama (Sun Belt)",Jr.,CB,13,44,36,80,6.2
222,"Tyree Wilson, Texas Tech (Big 12)",Sr.,DL,10,36,25,61,6.1
223,"Chamarri Conner, Virginia Tech (ACC)",Sr.,DB,11,38,29,67,6.1
224,"Demani Richardson, Texas A&M (SEC)",Sr.,DB,12,48,25,73,6.1
224,"Nick Ross, App State (Sun Belt)",Jr.,DB,12,42,31,73,6.1
224,"Nate Thompson, Akron (MAC)",Jr.,DB,12,38,35,73,6.1
227,"Shane Lee, Southern California (Pac-12)",Sr.,LB,13,52,27,79,6.1
227,"Amari Burney, Florida (SEC)",Sr.,DB,13,41,38,79,6.1
227,"DJ Taylor, Bowling Green (MAC)",Sr.,LB,13,39,40,79,6.1
230,"Penei Pavihi, Hawaii (Mountain West)",Sr.,LB,13,47,31,78,6
230,"Jahdae Barron, Texas (Big 12)",Jr.,DB,13,43,35,78,6
230,"Tysheem Johnson, Ole Miss (SEC)",So.,S,13,38,40,78,6
230,"Bralen Trahan, Louisiana (Sun Belt)",Sr.,S,13,35,43,78,6
230,"Ty Van Fossen, Cincinnati (AAC)",Sr.,LB,13,29,49,78,6
230,"Trenton Simpson, Clemson (ACC)",Jr.,LB,12,41,31,72,6
230,"Ryan Selig, Western Mich. (MAC)",Jr.,LB,12,37,35,72,6
230,"Aubrey Burks, West Virginia (Big 12)",So.,DB,11,46,20,66,6
230,"DJ Gordon IV, South Fla. (AAC)",So.,LB,11,39,27,66,6
230,"James Jackson, Virginia (ACC)",So.,LB,10,29,31,60,6
240,"Cole Bishop, Utah (Pac-12)",So.,S,14,47,36,83,5.9
241,"Ty'Ron Hopper, Missouri (SEC)",So.,LB,13,59,18,77,5.9
241,"Steele Chambers, Ohio St. (Big Ten)",Sr.,LB,13,45,32,77,5.9
241,"Darren Anders, Bowling Green (MAC)",Sr.,LB,13,39,38,77,5.9
241,"Kyrei Fisher-Morris, Oregon St. (Pac-12)",Sr.,LB,13,39,38,77,5.9
245,"Rayuan Lane, Navy (AAC)",So.,S,12,43,28,71,5.9
245,"Malcolm Lee, Ball St. (MAC)",Sr.,DB,12,42,29,71,5.9
245,"Trevian Thomas, Arkansas St. (Sun Belt)",So.,S,12,41,30,71,5.9
245,"Quinn Perry, Colorado (Pac-12)",Sr.,LB,12,38,33,71,5.9
245,"Tyreem Powell, Rutgers (Big Ten)",So.,LB,12,33,38,71,5.9
245,"Gerry Vaughn, Iowa St. (Big 12)",Sr.,LB,12,30,41,71,5.9
251,"Cam Riley, Auburn (SEC)",Jr.,LB,11,39,26,65,5.9
251,"Alec Mock, Air Force (Mountain West)",Jr.,LB,11,24,41,65,5.9
253,"Trey Kiser, South Alabama (Sun Belt)",Jr.,LB,13,56,20,76,5.8
253,"Teldrick Ross, Middle Tenn. (C-USA)",Jr.,S,13,52,24,76,5.8
253,"Smael Mondon Jr., Georgia (SEC)",So.,LB,13,49,27,76,5.8
253,"A.J. Finley, Ole Miss (SEC)",Sr.,S,13,46,30,76,5.8
253,"Jaden Hicks, Washington St. (Pac-12)",Fr.,DB,13,45,31,76,5.8
253,"Geoffrey Cantin-Arku, Memphis (AAC)",Jr.,LB,13,41,35,76,5.8
253,"Aaron Beasley, Tennessee (SEC)",Sr.,LB,13,39,37,76,5.8
253,"Xavier Benson, Oklahoma St. (Big 12)",Jr.,LB,13,36,40,76,5.8
261,"Jeremiah Lewis, Northwestern (Big Ten)",Sr.,DB,12,48,22,70,5.8
261,"Isaac Gifford, Nebraska (Big Ten)",So.,DB,12,43,27,70,5.8
261,"Andre Carter, Western Mich. (MAC)",Jr.,DL,12,36,34,70,5.8
261,"Gerard Stringer, East Carolina (AAC)",Sr.,S,12,32,38,70,5.8
261,"Jordan Revels, Texas St. (Sun Belt)",Jr.,LB,12,27,43,70,5.8
266,"Derrick Canteen, Ga. Southern (Sun Belt)",Jr.,DB,11,39,25,64,5.8
267,"Malik Mustapha, Wake Forest (ACC)",So.,DB,10,32,26,58,5.8
268,"Cooper DeJean, Iowa (Big Ten)",So.,DB,13,56,19,75,5.8
268,"Chris Conti, Rice (C-USA)",Jr.,LB,13,26,49,75,5.8
270,"Armani Adams, Fla. Atlantic (C-USA)",Sr.,DB,12,42,27,69,5.8
270,"Bricen Garner, Western Mich. (MAC)",Sr.,DB,12,42,27,69,5.8
270,"Viliami Fehoko, San Jose St. (Mountain West)",Jr.,DL,12,41,28,69,5.8
270,"Javon Scruggs, Liberty (FBS Independent)",Sr.,S,12,34,35,69,5.8
274,"Tristan Driggers, ULM (Sun Belt)",So.,LB,11,37,26,63,5.7
274,"Terry Jones, Old Dominion (Sun Belt)",So.,S,11,21,42,63,5.7
276,"BeeJay Williamson, Louisiana Tech (C-USA)",Jr.,DB,10,40,17,57,5.7
276,"Shane Bruce, Coastal Carolina (Sun Belt)",So.,LB,10,15,42,57,5.7
278,"Ji'Ayir Brown, Penn St. (Big Ten)",Sr.,S,13,56,18,74,5.7
278,"Dadrion Taylor-Demerson, Texas Tech (Big 12)",Sr.,DB,13,54,20,74,5.7
278,"Kam Pedescleaux, Louisiana (Sun Belt)",Jr.,S,13,44,30,74,5.7
278,"Jaylen Stinson, Duke (ACC)",Jr.,S,13,44,30,74,5.7
278,"Chase Jones, Wake Forest (ACC)",Jr.,LB,13,33,41,74,5.7
278,"Kris Moncrief, Louisiana (Sun Belt)",Sr.,LB,13,33,41,74,5.7
284,"Maki Carabin, Louisiana Tech (C-USA)",So.,LB,12,37,31,68,5.7
284,"Andrew Parker, App State (Sun Belt)",Jr.,LB,12,28,40,68,5.7
284,"Jaiden Cole, Louisiana Tech (C-USA)",Sr.,DB,9,26,25,51,5.7
284,"Ryan Henry, Old Dominion (Sun Belt)",Sr.,LB,9,23,28,51,5.7
288,"Max Williams, Southern California (Pac-12)",Jr.,DB,14,49,30,79,5.6
289,"Adam Plant Jr., UNLV (Mountain West)",Sr.,DL,11,33,29,62,5.6
290,"Shae Suiaunoa, Wyoming (Mountain West)",So.,LB,13,43,30,73,5.6
290,"Simeon Blair, Arkansas (SEC)",Sr.,DB,13,42,31,73,5.6
290,"Barrett Carter, Clemson (ACC)",So.,LB,13,41,32,73,5.6
293,"Mark Perry, TCU (Big 12)",Jr.,S,15,59,25,84,5.6
294,"Armani Marsh, Washington St. (Pac-12)",Sr.,DB,12,48,19,67,5.6
294,"Rod Heard II, Northwestern (Big Ten)",Jr.,DB,12,47,20,67,5.6
294,"Brandon Hill, Pittsburgh (ACC)",Jr.,DB,12,38,29,67,5.6
294,"Justin Whiteside, Central Mich. (MAC)",So.,LB,12,34,33,67,5.6
294,"Sidney Houston, Ball St. (MAC)",Jr.,DL,12,31,36,67,5.6
294,"Logan Doublin, App State (Sun Belt)",Sr.,LB,12,25,42,67,5.6
294,"Reco Hannah, New Mexico (Mountain West)",Sr.,LB,12,25,42,67,5.6
301,"R.J. Hubert, Utah (Pac-12)",Sr.,S,14,56,22,78,5.6
301,"Mazin Richards, North Texas (C-USA)",So.,DL,14,55,23,78,5.6
301,"Greg Penn III, LSU (SEC)",So.,LB,14,42,36,78,5.6
304,"Zack Sanders, Ohio (MAC)",Sr.,CB,11,41,20,61,5.5
304,"Jardin Gilbert, Texas A&M (SEC)",So.,DB,11,38,23,61,5.5
304,"Edgerrin Cooper, Texas A&M (SEC)",So.,LB,11,33,28,61,5.5
304,"Nasir Peoples, Virginia Tech (ACC)",Sr.,DB,11,30,31,61,5.5
308,"Bennett Williams, Oregon (Pac-12)",Sr.,DB,13,48,24,72,5.5
308,"Ashanti Cistrunk, Ole Miss (SEC)",Sr.,LB,13,28,44,72,5.5
310,"Jose Ramirez, Eastern Mich. (MAC)",Sr.,DL,12,40,26,66,5.5
310,"Keyshawn Cobb, Buffalo (MAC)",Jr.,S,12,34,32,66,5.5
310,"Chris Russell Jr., Texas A&M (SEC)",Sr.,LB,12,33,33,66,5.5
310,"Levi Bell, Texas St. (Sun Belt)",Jr.,DL,12,26,40,66,5.5
310,"Abraham Beauplan, Marshall (Sun Belt)",Sr.,LB,12,21,45,66,5.5
310,"Desmond Igbinosun, Rutgers (Big Ten)",So.,DB,10,32,23,55,5.5
310,"Jontrey Hunter, Georgia St. (Sun Belt)",Sr.,LB,10,31,24,55,5.5
310,"Khali Saunders, Kent St. (MAC)",Jr.,LB,10,26,29,55,5.5
310,"Langston Long, Virginia (ACC)",So.,DB,8,23,21,44,5.5
319,"Jamoi Hodge, TCU (Big 12)",Jr.,LB,15,42,40,82,5.5
320,"Josh Hayes, Kansas St. (Big 12)",Sr.,S,13,48,23,71,5.5
320,"Cody Lindenberg, Minnesota (Big Ten)",So.,LB,13,46,25,71,5.5
320,"Kendal Daniels, Oklahoma St. (Big 12)",Fr.,S,13,45,26,71,5.5
320,"Chelen Garnes, Wake Forest (ACC)",Jr.,DB,13,43,28,71,5.5
320,"Quinn Schulte, Iowa (Big Ten)",Jr.,DB,13,43,28,71,5.5
320,"Isaac Darkangelo, Illinois (Big Ten)",Sr.,LB,13,42,29,71,5.5
320,"Alphonzo Tuputala, Washington (Pac-12)",So.,LB,13,37,34,71,5.5
320,"Justin Broiles, Oklahoma (Big 12)",Sr.,DB,13,35,36,71,5.5
320,"Jordan Battle, Alabama (SEC)",Sr.,DB,13,34,37,71,5.5
320,"Charlie Gray, Marshall (Sun Belt)",Sr.,LB,13,34,37,71,5.5
330,"Billy Bowman, Oklahoma (Big 12)",So.,DB,11,37,23,60,5.5
331,"Bryce Houston, Ohio (MAC)",Sr.,LB,14,40,36,76,5.4
332,"Kahlef Hailassie, Western Ky. (C-USA)",Jr.,DB,12,44,21,65,5.4
332,"Tyson Williams, Nevada (Mountain West)",Sr.,DB,12,44,21,65,5.4
332,"Matt Jones, Baylor (Big 12)",Jr.,LB,12,43,22,65,5.4
332,"Delano Ware, Western Mich. (MAC)",Sr.,DB,12,38,27,65,5.4
332,"Devon Matthews, Indiana (Big Ten)",Sr.,DB,12,36,29,65,5.4
332,"JL Skinner, Boise St. (Mountain West)",Sr.,S,12,36,29,65,5.4
332,"Garrett Nelson, Nebraska (Big Ten)",Jr.,LB,12,35,30,65,5.4
332,"Jarron Morris, Texas St. (Sun Belt)",Jr.,CB,12,32,33,65,5.4
340,"Peter Manuma, Hawaii (Mountain West)",Fr.,DB,13,40,30,70,5.4
340,"Monty Montgomery, Louisville (ACC)",Sr.,LB,13,33,37,70,5.4
340,"Jaheim Thomas, Cincinnati (AAC)",Jr.,LB,13,25,45,70,5.4
343,"Marques Buford Jr., Nebraska (Big Ten)",So.,DB,11,36,23,59,5.4
344,"Sean Michael Flanagan, Oklahoma St. (Big 12)",Sr.,S,12,45,19,64,5.3
344,"Marcis Floyd, West Virginia (Big 12)",Jr.,CB,12,44,20,64,5.3
344,"Kobe Wilson, Temple (AAC)",So.,LB,12,38,26,64,5.3
344,"Dwight Toombs, Fla. Atlantic (C-USA)",So.,S,12,37,27,64,5.3
344,"Jaydon Grant, Oregon St. (Pac-12)",Sr.,DB,12,36,28,64,5.3
349,"Trey Taylor, Air Force (Mountain West)",Jr.,DB,13,41,28,69,5.3
349,"Trevor Brohard, New Mexico St. (FBS Independent)",Sr.,LB,13,39,30,69,5.3
351,"Meki Pei, Hawaii (Mountain West)",So.,DB,10,37,16,53,5.3
351,"Henry Blackburn, Colorado St. (Mountain West)",Jr.,DB,10,30,23,53,5.3
353,"Drake Cheatum, Kansas St. (Big 12)",Sr.,S,14,42,32,74,5.3
353,"Jalyn Phillips, Clemson (ACC)",Sr.,S,14,42,32,74,5.3
353,"Alvin Floyd, Ohio (MAC)",Sr.,S,14,40,34,74,5.3
356,"James Williams, Miami (FL) (ACC)",So.,DB,11,38,20,58,5.3
356,"Key Lawrence, Oklahoma (Big 12)",Jr.,DB,11,35,23,58,5.3
356,"BJ Ojulari, LSU (SEC)",Jr.,DE,11,34,24,58,5.3
356,"Lance Boykin, Coastal Carolina (Sun Belt)",Sr.,CB,11,31,27,58,5.3
356,"Jaylen Wester, Fla. Atlantic (C-USA)",Fr.,LB,11,30,28,58,5.3
361,"Dee Winters, TCU (Big 12)",Sr.,LB,15,48,31,79,5.3
362,"D.J. Miller, Kent St. (MAC)",Jr.,DB,12,42,21,63,5.2
362,"Ahmad Walker, Liberty (FBS Independent)",So.,LB,12,33,30,63,5.2
364,"James Miller, South Alabama (Sun Belt)",Jr.,LB,13,39,29,68,5.2
364,"Jordan Turner, Wisconsin (Big Ten)",So.,LB,13,36,32,68,5.2
364,"Jordan Ferguson, Middle Tenn. (C-USA)",Sr.,DL,13,34,34,68,5.2
364,"TD Blackmon, Air Force (Mountain West)",Sr.,LB,13,31,37,68,5.2
368,"Asa Turner, Washington (Pac-12)",Jr.,S,10,33,19,52,5.2
368,"Solomon Rogers, Charlotte (C-USA)",Sr.,DB,10,32,20,52,5.2
368,"Jamie Pettway, Fla. Atlantic (C-USA)",So.,LB,10,21,31,52,5.2
368,"Jaden Dolphin, NIU (MAC)",Jr.,S,10,20,32,52,5.2
372,"Jaylen McCollough, Tennessee (SEC)",Sr.,DB,11,37,20,57,5.2
372,"Trevon Flowers, Tennessee (SEC)",Sr.,DB,11,34,23,57,5.2
374,"Ameer Speed, Michigan St. (Big Ten)",Sr.,DB,12,36,26,62,5.2
374,"Jasir Cox, West Virginia (Big 12)",Sr.,DB,12,34,28,62,5.2
374,"Prince Bemah, Charlotte (C-USA)",Jr.,LB,12,33,29,62,5.2
374,"Jordan Wright, Kentucky (SEC)",Sr.,LB,12,32,30,62,5.2
374,"Keenan Pili, BYU (FBS Independent)",Jr.,LB,12,29,33,62,5.2
379,"Wyett Ekeler, Wyoming (Mountain West)",So.,DB,13,44,23,67,5.2
379,"Woodi Washington, Oklahoma (Big 12)",Jr.,CB,13,42,25,67,5.2
379,"Tyler Murray, Memphis (AAC)",Sr.,LB,13,38,29,67,5.2
379,"Hudson Clark, Arkansas (SEC)",Jr.,DB,13,33,34,67,5.2
379,"Isaac Slade-Matautia, SMU (AAC)",Sr.,LB,13,33,34,67,5.2
379,"Ja'von Hicks, Cincinnati (AAC)",Sr.,DB,13,29,38,67,5.2
379,"D'Eryk Jackson, Kentucky (SEC)",Jr.,LB,13,27,40,67,5.2
386,"Sanoussi Kane, Purdue (Big Ten)",Jr.,S,14,54,18,72,5.1
386,"Clifford Chattman, UTSA (C-USA)",Sr.,S,14,45,27,72,5.1
386,"Harold Perkins Jr., LSU (SEC)",Fr.,LB,14,39,33,72,5.1
386,"Michael Barrett, Michigan (Big Ten)",Sr.,LB,14,37,35,72,5.1
386,"Karene Reid, Utah (Pac-12)",So.,LB,14,34,38,72,5.1
391,"Anthony Johnson, Virginia (ACC)",Sr.,DB,10,34,17,51,5.1
392,"Chad Bailey, Missouri (SEC)",Sr.,LB,11,38,18,56,5.1
392,"Corey Flagg, Jr., Miami (FL) (ACC)",Jr.,LB,11,34,22,56,5.1
392,"Byron Vaughns, Utah St. (Mountain West)",Sr.,DE,11,23,33,56,5.1
395,"Tyler Rudolph, Massachusetts (FBS Independent)",So.,DB,12,36,25,61,5.1
395,"Kenard Snyder, ULM (Sun Belt)",Fr.,DE,12,36,25,61,5.1
395,"Donovan Ezeiruaku, Boston College (ACC)",So.,DE,12,34,27,61,5.1
395,"Patrick McMorris, San Diego St. (Mountain West)",Sr.,DB,12,28,33,61,5.1
395,"O'Rien Vance, Iowa St. (Big 12)",Sr.,LB,12,27,34,61,5.1
400,"Jarvis Brownlee, Louisville (ACC)",So.,CB,13,51,15,66,5.1
400,"Isaac White, Wyoming (Mountain West)",So.,S,13,47,19,66,5.1
400,"Bryce Jackson, New Mexico St. (FBS Independent)",Sr.,DB,13,46,20,66,5.1
400,"Quinn Whitlock, North Texas (C-USA)",Sr.,DB,13,33,33,66,5.1
400,"Isheem Young, Ole Miss (SEC)",Jr.,S,13,30,36,66,5.1
405,"Rod Moore, Michigan (Big Ten)",So.,DB,14,48,23,71,5.1
406,"Decorian Patterson, Middle Tenn. (C-USA)",Jr.,CB,13,45,20,65,5
406,"Marcus Fuqua, Buffalo (MAC)",Jr.,DB,13,36,29,65,5
406,"Myles Berry, East Carolina (AAC)",Sr.,LB,13,35,30,65,5
406,"Kalen DeLoach, Florida St. (ACC)",Jr.,LB,13,33,32,65,5
406,"Tre Jenkins, San Jose St. (Mountain West)",Sr.,DB,12,43,17,60,5
406,"Derick Hall, Auburn (SEC)",Sr.,DL,12,42,18,60,5
406,"Sydney Brown, Illinois (Big Ten)",Sr.,DB,12,41,19,60,5
406,"Anthony Johnson, Iowa St. (Big 12)",Sr.,DB,12,41,19,60,5
406,"Francisco Mauigoa, Washington St. (Pac-12)",So.,LB,12,34,26,60,5
406,"Jaylen Mahoney, Vanderbilt (SEC)",Sr.,DB,11,38,17,55,5
406,"Tyler Nubin, Minnesota (Big Ten)",Sr.,DB,11,37,18,55,5
406,"Bradley Jennings Jr, Indiana (Big Ten)",Sr.,LB,11,23,32,55,5
406,"Aaron Lewis, Rutgers (Big Ten)",So.,DL,11,18,37,55,5
406,"Kendall Williamson, Stanford (Pac-12)",Sr.,S,10,31,19,50,5
406,"Jaylen Moody, Alabama (SEC)",Sr.,LB,10,24,26,50,5
421,"Giovanni Biggers, North Carolina (ACC)",Sr.,DB,14,40,29,69,4.9
422,"Jartavius Martin, Illinois (Big Ten)",Sr.,DB,13,51,13,64,4.9
422,"Nick Roberts, SMU (AAC)",Sr.,S,13,47,17,64,4.9
422,"Justin Barron, Syracuse (ACC)",So.,DB,13,40,24,64,4.9
425,"Kamren Kinchens, Miami (FL) (ACC)",So.,DB,12,34,25,59,4.9
425,"CJ Taylor, Vanderbilt (SEC)",So.,LB,12,33,26,59,4.9
425,"Braden Fiske, Western Mich. (MAC)",Jr.,DL,12,32,27,59,4.9
425,"Fred Thompkins, UNLV (Mountain West)",Sr.,LB,12,31,28,59,4.9
429,"Jacob Mangum-Farrar, Stanford (Pac-12)",Sr.,LB,9,20,24,44,4.9
430,"Macon Clark, Tulane (AAC)",Sr.,S,14,54,14,68,4.9
430,"Malachi Langley, Fresno St. (Mountain West)",Jr.,LB,14,40,28,68,4.9
430,"Trevor Harmanson, UTSA (C-USA)",Sr.,LB,14,33,35,68,4.9
433,"Yasir Abdullah, Louisville (ACC)",Sr.,LB,13,34,29,63,4.8
433,"Jacquez Warren, Miami (OH) (MAC)",So.,DB,13,34,29,63,4.8
435,"Tyriq Mack, Nevada (Mountain West)",Sr.,DB,12,42,16,58,4.8
435,"Christian Roland-Wallace, Arizona (Pac-12)",Jr.,DB,12,42,16,58,4.8
435,"Millard Bradford, TCU (Big 12)",Sr.,S,12,41,17,58,4.8
435,"Tiawan Mullen, Indiana (Big Ten)",Sr.,DB,12,38,20,58,4.8
435,"Jaishawn Barham, Maryland (Big Ten)",Fr.,LB,12,35,23,58,4.8
435,"Eddie Smith, Arkansas St. (Sun Belt)",Jr.,S,12,35,23,58,4.8
435,"CJ Onyechi, Colorado St. (Mountain West)",Sr.,DL,12,34,24,58,4.8
435,"Mohamoud Diabate, Utah (Pac-12)",Sr.,LB,12,32,26,58,4.8
443,"Mekhi LaPointe, South Fla. (AAC)",Sr.,DB,11,38,15,53,4.8
443,"Jeremy Banks, Tennessee (SEC)",Sr.,LB,11,33,20,53,4.8
443,"KJ Martin, Akron (MAC)",Jr.,DB,11,30,23,53,4.8
446,"Teja Young, Fla. Atlantic (C-USA)",Jr.,S,10,30,18,48,4.8
447,"DeAndre Boykins, North Carolina (ACC)",So.,DB,14,48,19,67,4.8
447,"Mekhi Blackmon, Southern California (Pac-12)",Sr.,DB,14,46,21,67,4.8
449,"DeShawn Gaddie, North Texas (C-USA)",Sr.,DB,13,44,18,62,4.8
449,"Chris Paul Jr., Arkansas (SEC)",Fr.,LB,13,38,24,62,4.8
449,"Jordan Lovett, Kentucky (SEC)",Fr.,DB,13,36,26,62,4.8
449,"Micah Harper, BYU (FBS Independent)",Jr.,DB,13,35,27,62,4.8
449,"Dante Trader Jr., Maryland (Big Ten)",So.,DB,13,34,28,62,4.8
449,"Jeffrey Bassa, Oregon (Pac-12)",So.,LB,13,31,31,62,4.8
449,"Deshawn Pace, Cincinnati (AAC)",Jr.,LB,13,31,31,62,4.8
449,"Jer'Zhan Newton, Illinois (Big Ten)",So.,DL,13,29,33,62,4.8
449,"KC Ossai, Louisiana (Sun Belt)",So.,LB,13,24,38,62,4.8
458,"Tre Hawkins, Old Dominion (Sun Belt)",Sr.,CB,12,44,13,57,4.8
458,"Alex Austin, Oregon St. (Pac-12)",So.,DB,12,42,15,57,4.8
458,"Stephan Blaylock, UCLA (Pac-12)",Sr.,DB,12,39,18,57,4.8
458,"Drue Watts, Nevada (Mountain West)",Fr.,LB,12,39,18,57,4.8
458,"Thomas Incoom, Central Mich. (MAC)",Sr.,DL,12,31,26,57,4.8
463,"Cameron Mitchell, Northwestern (Big Ten)",Jr.,DB,11,38,14,52,4.7
463,"John Saunders Jr., Miami (OH) (MAC)",Jr.,DB,11,34,18,52,4.7
463,"Robert Kennedy, Old Dominion (Sun Belt)",Jr.,S,11,33,19,52,4.7
463,"Quindrelin Hammonds, Army West Point (FBS Independent)",Jr.,DB,11,29,23,52,4.7
467,"Greg Brooks Jr., LSU (SEC)",Sr.,S,14,34,32,66,4.7
467,"TJ Harris, Troy (Sun Belt)",Sr.,S,14,33,33,66,4.7
467,"Dell Pettus, Troy (Sun Belt)",Jr.,S,14,32,34,66,4.7
470,"Anthony Cook, Texas (Big 12)",Sr.,DB,13,35,26,61,4.7
470,"Trent Simms, Bowling Green (MAC)",So.,DB,13,35,26,61,4.7
470,"Cam Dillon, Duke (ACC)",Sr.,LB,13,29,32,61,4.7
470,"C.J. Goetz, Wisconsin (Big Ten)",Sr.,LB,13,26,35,61,4.7
470,"Jowon Briggs, Cincinnati (AAC)",Jr.,DL,13,17,44,61,4.7
475,"Jamon Dumas-Johnson, Georgia (SEC)",So.,LB,15,45,25,70,4.7
475,"Johnathan Baldwin, UNLV (Mountain West)",So.,DB,12,37,19,56,4.7
475,"Ronald Kent Jr., Central Mich. (MAC)",Sr.,DB,12,37,19,56,4.7
475,"Cecil Singleton, Louisiana Tech (C-USA)",Jr.,DB,12,35,21,56,4.7
475,"Jerrae Williams, UNLV (Mountain West)",Sr.,DB,12,35,21,56,4.7
475,"Jamal Potts, FIU (C-USA)",So.,DB,12,34,22,56,4.7
475,"Jahmin Muse, Buffalo (MAC)",Sr.,S,12,33,23,56,4.7
475,"Alijah Clark, Syracuse (ACC)",So.,DB,12,31,25,56,4.7
475,"Jordyn Morgan, UNLV (Mountain West)",So.,DB,12,31,25,56,4.7
475,"Darrian Lewis, Akron (MAC)",So.,DB,12,30,26,56,4.7
475,"Noah Sewell, Oregon (Pac-12)",So.,LB,12,24,32,56,4.7
475,"Jimmy Ciarlo, Army West Point (FBS Independent)",Jr.,LB,12,20,36,56,4.7
475,"Nesta Jade Silvera, Arizona St. (Pac-12)",Sr.,DL,12,20,36,56,4.7
488,"Desjuan Johnson, Toledo (MAC)",Sr.,DE,14,26,39,65,4.6
489,"Donte Kent, Central Mich. (MAC)",So.,DB,11,39,12,51,4.6
489,"Jordan Pollard, San Jose St. (Mountain West)",Fr.,LB,11,27,24,51,4.6
489,"Jordan Bertagnole, Wyoming (Mountain West)",So.,DT,11,25,26,51,4.6
489,"Deontae Lawson, Alabama (SEC)",Fr.,LB,11,24,27,51,4.6
493,"Jay Ward, LSU (SEC)",Sr.,DB,13,43,17,60,4.6
493,"Craig Young, Kansas (Big 12)",Jr.,S,13,42,18,60,4.6
493,"Jaylen Key, UAB (C-USA)",Jr.,S,13,41,19,60,4.6
493,"Marquis Waters, Texas Tech (Big 12)",Sr.,DB,13,41,19,60,4.6
493,"Gabriel Taylor, Rice (C-USA)",So.,DB,13,39,21,60,4.6
493,"Treshawn Chamberlain, Rice (C-USA)",Jr.,LB,13,34,26,60,4.6
493,"Jordan Burch, South Carolina (SEC)",Jr.,DL,13,32,28,60,4.6
493,"Jonah Tavai, San Diego St. (Mountain West)",Sr.,DL,13,32,28,60,4.6
493,"Cam Bright, Washington (Pac-12)",Sr.,LB,13,31,29,60,4.6
493,"Jeremy Lewis, East Carolina (AAC)",Jr.,LB,13,30,30,60,4.6
493,"Jay Stanley, Southern Miss. (Sun Belt)",Jr.,DB,13,27,33,60,4.6
493,"Owen Porter, Marshall (Sun Belt)",Jr.,DL,13,22,38,60,4.6
