Rank,Player,Cl,Pos,G,Solo Tack,Asst Tack,TT,TPG
1,"Chris Bergin, Northwestern (Big Ten)",Sr.,LB,12,84,57,141,11.8
2,"Damone Clark, LSU (SEC)",Sr.,LB,12,78,57,135,11.2
3,"Kyle Harmon, San Jose St. (Mountain West)",Sr.,LB,12,72,61,133,11.1
4,"Chad Muma, Wyoming (Mountain West)",Sr.,LB,13,85,57,142,10.9
5,"Avery Roberts, Oregon St. (Pac-12)",Jr.,LB,12,65,63,128,10.7
6,"Carlton Martial, Troy (Sun Belt)",Jr.,LB,12,44,83,127,10.6
7,"Leo Chenal, Wisconsin (Big Ten)",Jr.,LB,11,59,55,114,10.4
8,"Darren Anders, Bowling Green (MAC)",Jr.,LB,12,56,68,124,10.3
9,"JJ Russell, Memphis (AAC)",Sr.,LB,12,78,45,123,10.2
10,"Jack Campbell, Iowa (Big Ten)",Jr.,LB,14,57,86,143,10.2
11,"Jackson Mitchell, UConn (FBS Independent)",Jr.,LB,12,48,72,120,10
12,"Jeremy Banks, Tennessee (SEC)",Jr.,LB,13,59,69,128,9.8
13,"Jacoby Windmon, UNLV (Mountain West)",Jr.,LB,12,71,47,118,9.8
14,"Nick Jackson, Virginia (ACC)",Jr.,LB,12,54,63,117,9.8
15,"Ivan Pace Jr., Miami (OH) (MAC)",Jr.,LB,13,60,65,125,9.6
15,"Bumper Pool, Arkansas (SEC)",Sr.,LB,13,45,80,125,9.6
17,"James Patterson, Buffalo (MAC)",Sr.,LB,12,49,66,115,9.6
18,"Kenny Logan Jr., Kansas (Big 12)",Jr.,S,12,79,34,113,9.4
19,"Matthew Salopek, Miami (OH) (MAC)",So.,DB,12,69,43,112,9.3
20,"KD Davis, North Texas (C-USA)",Sr.,LB,13,51,70,121,9.3
21,"Malcolm Rodriguez, Oklahoma St. (Big 12)",Sr.,LB,14,76,54,130,9.3
22,"Mikel Jones, Syracuse (ACC)",Jr.,LB,12,60,50,110,9.2
23,"Luke Reimer, Nebraska (Big Ten)",So.,LB,12,61,48,109,9.1
24,"Tatum Bethune, UCF (AAC)",Jr.,LB,12,60,48,108,9
25,"Justin Rice, Utah St. (Mountain West)",Sr.,LB,14,62,63,125,8.9
26,"Jaylan Alexander, Purdue (Big Ten)",Sr.,LB,13,69,45,114,8.8
27,"Quindell Johnson, Memphis (AAC)",Jr.,DB,12,66,39,105,8.8
27,"Bryce Houston, Ohio (MAC)",Jr.,LB,12,53,52,105,8.8
29,"Jaylin Thomas, Ball St. (MAC)",Sr.,LB,13,56,57,113,8.7
30,"Quez Jackson, Georgia Tech (ACC)",Jr.,LB,12,46,57,103,8.6
31,"D'Marco Jackson, App State (Sun Belt)",Sr.,LB,14,57,63,120,8.6
32,"Bryce Cosby, Ball St. (MAC)",Sr.,DB,13,67,44,111,8.5
32,"Chance Campbell, Ole Miss (SEC)",Sr.,LB,13,49,62,111,8.5
32,"Silas Kelly, Coastal Carolina (Sun Belt)",Sr.,LB,13,40,71,111,8.5
35,"Daiyan Henley, Nevada (Mountain West)",Sr.,LB,12,61,41,102,8.5
36,"Reed Blankenship, Middle Tenn. (C-USA)",Sr.,S,13,75,35,110,8.5
36,"Josh Chandler-Semedo, West Virginia (Big 12)",Sr.,LB,13,68,42,110,8.5
36,"Abraham Beauplan, Marshall (C-USA)",Jr.,LB,13,43,67,110,8.5
39,"Cam'Ron Carter, Colorado St. (Mountain West)",Sr.,LB,12,34,67,101,8.4
40,"Darius Muasau, Hawaii (Mountain West)",Jr.,LB,13,64,45,109,8.4
40,"Jahad Woods, Washington St. (Pac-12)",Sr.,LB,13,55,54,109,8.4
42,"Dean Clark, Kent St. (MAC)",Jr.,S,14,78,39,117,8.4
43,"Ellis Brooks, Penn St. (Big Ten)",Sr.,LB,12,53,47,100,8.3
43,"Drake Thomas, NC State (ACC)",So.,LB,12,48,52,100,8.3
45,"Breon Hayward, UTEP (C-USA)",Sr.,LB,13,61,47,108,8.3
45,"Clayton Coll, Ball St. (MAC)",Jr.,LB,13,51,57,108,8.3
47,"Nick Henrich, Nebraska (Big Ten)",Fr.,LB,12,39,60,99,8.2
48,"Ayinde Eley, Georgia Tech (ACC)",Jr.,LB,11,43,47,90,8.2
49,"Shaka Heyward, Duke (ACC)",Jr.,LB,12,38,60,98,8.2
50,"Colin Schooler, Texas Tech (Big 12)",Sr.,LB,13,71,35,106,8.2
51,"Noah Sewell, Oregon (Pac-12)",Fr.,LB,14,53,61,114,8.1
52,"Tyler Grubbs, Louisiana Tech (C-USA)",Fr.,LB,12,44,53,97,8.1
53,"Joel Dublanko, Cincinnati (AAC)",Sr.,LB,14,59,54,113,8.1
54,"Zakoby McClain, Auburn (SEC)",Sr.,LB,12,55,41,96,8
54,"Jordan Helm, Fla. Atlantic (C-USA)",Sr.,S,12,52,44,96,8
54,"Tywan Francis, Colorado St. (Mountain West)",Sr.,DB,11,56,32,88,8
57,"Terrel Bernard, Baylor (Big 12)",Sr.,LB,13,62,41,103,7.9
57,"Jordan Young, Old Dominion (C-USA)",Sr.,LB,13,34,69,103,7.9
59,"Richard Dames, FIU (C-USA)",Sr.,DB,12,60,35,95,7.9
59,"Trey Baldwin, Louisiana Tech (C-USA)",Sr.,LB,12,47,48,95,7.9
61,"Joey Blount, Virginia (ACC)",Sr.,DB,11,54,33,87,7.9
62,"Trevor Brohard, New Mexico St. (FBS Independent)",Sr.,LB,9,45,26,71,7.9
63,"Devin Lloyd, Utah (Pac-12)",Jr.,LB,14,65,45,110,7.9
64,"Tyrice Knight, UTEP (C-USA)",So.,LB,13,59,43,102,7.8
64,"Ben Bywater, BYU (FBS Independent)",Fr.,LB,13,57,45,102,7.8
64,"Storey Jackson, Liberty (FBS Independent)",Sr.,LB,13,57,45,102,7.8
67,"Diego Fagot, Navy (AAC)",Sr.,LB,12,49,45,94,7.8
68,"C.J. Brown, NIU (MAC)",So.,DB,14,61,48,109,7.8
69,"JD Bertrand, Notre Dame (FBS Independent)",Jr.,LB,13,63,38,101,7.8
69,"Grant Morgan, Arkansas (SEC)",Sr.,LB,13,40,61,101,7.8
71,"Traveion Webster, ULM (Sun Belt)",Sr.,LB,12,39,54,93,7.8
72,"Amir Tyler, Temple (AAC)",Sr.,S,10,49,28,77,7.7
72,"Bryson Armstrong, UCF (AAC)",Sr.,LB,10,42,35,77,7.7
74,"Khoury Bethley, Hawaii (Mountain West)",Sr.,DB,13,73,27,100,7.7
74,"Ronnie Hickman, Ohio St. (Big Ten)",So.,S,13,54,46,100,7.7
74,"Cedric Gray, North Carolina (ACC)",So.,LB,13,53,47,100,7.7
74,"Hayden Henry, Arkansas (SEC)",Sr.,LB,13,50,50,100,7.7
78,"JL Skinner, Boise St. (Mountain West)",Jr.,S,12,66,26,92,7.7
78,"Jackson Sirmon, Washington (Pac-12)",So.,LB,12,60,32,92,7.7
78,"Anfernee Orji, Vanderbilt (SEC)",Jr.,DB,12,54,38,92,7.7
78,"Antonio Grier, South Fla. (AAC)",Jr.,LB,12,52,40,92,7.7
78,"Brock Horne, Bowling Green (MAC)",So.,LB,12,45,47,92,7.7
83,"Aaron Hansford, Texas A&M (SEC)",Sr.,LB,12,45,46,91,7.6
84,"Josh Ross, Michigan (Big Ten)",Sr.,LB,14,53,53,106,7.6
85,"Seth Benson, Iowa (Big Ten)",Jr.,LB,14,54,51,105,7.5
85,"Brian Asamoah, Oklahoma (Big 12)",Jr.,LB,12,55,35,90,7.5
85,"Kana'i Mauga, Southern California (Pac-12)",Sr.,LB,12,55,35,90,7.5
85,"Zack Woodard, ULM (Sun Belt)",Sr.,LB,12,43,47,90,7.5
85,"Quavaris Crouch, Michigan St. (Big Ten)",Jr.,LB,10,37,38,75,7.5
90,"Henry To'oTo'o, Alabama (SEC)",Jr.,LB,15,52,60,112,7.5
91,"Jordan Veneziale, Georgia St. (Sun Belt)",Jr.,LB,13,52,45,97,7.5
91,"C.J. Avery, Louisville (ACC)",Sr.,LB,13,45,52,97,7.5
91,"Eli Neal, Marshall (C-USA)",So.,LB,13,39,58,97,7.5
91,"Jonathan Jones, Toledo (MAC)",Sr.,LB,13,30,67,97,7.5
95,"Jerrick Reed II, New Mexico (Mountain West)",Sr.,DB,12,54,35,89,7.4
95,"Malik Shorts, Southern Miss. (C-USA)",So.,DB,12,54,35,89,7.4
95,"DQ Thomas, Middle Tenn. (C-USA)",Sr.,LB,12,54,35,89,7.4
95,"Bryce Gallagher, Northwestern (Big Ten)",Jr.,LB,12,51,38,89,7.4
95,"Mohamoud Diabate, Florida (SEC)",Jr.,LB,12,33,56,89,7.4
100,"Jaylan Foster, South Carolina (SEC)",Sr.,DB,13,65,31,96,7.4
100,"Xavier Henderson, Michigan St. (Big Ten)",Sr.,DB,13,61,35,96,7.4
100,"Cal Haladay, Michigan St. (Big Ten)",Fr.,LB,13,39,57,96,7.4
103,"Tavian Combs, New Mexico (Mountain West)",So.,DB,11,40,41,81,7.4
104,"Maxen Hook, Toledo (MAC)",Fr.,S,13,38,57,95,7.3
105,"Jeslord Boateng, Akron (MAC)",So.,LB,11,39,41,80,7.3
105,"Ryan Henry, Old Dominion (C-USA)",Jr.,LB,11,27,53,80,7.3
107,"Levani Damuni, Stanford (Pac-12)",Jr.,LB,12,48,39,87,7.2
108,"Chandler Wooten, Auburn (SEC)",Sr.,LB,13,55,39,94,7.2
109,"Darrian Beavers, Cincinnati (AAC)",Sr.,LB,14,47,54,101,7.2
110,"JoJo Domann, Nebraska (Big Ten)",Sr.,LB,10,45,27,72,7.2
111,"Jacquez Jones, Kentucky (SEC)",Sr.,LB,12,40,46,86,7.2
111,"Cannon Blauser, Ohio (MAC)",So.,LB,12,38,48,86,7.2
113,"Noah Wilder, UAB (C-USA)",Sr.,LB,13,33,60,93,7.2
114,"Antwon Kincade, Western Ky. (C-USA)",Sr.,DB,14,54,46,100,7.1
115,"Fred Peters, Mississippi St. (SEC)",Sr.,S,11,34,44,78,7.1
116,"Ethan Barr, Vanderbilt (SEC)",So.,LB,12,44,41,85,7.1
117,"Jack Gibbens, Minnesota (Big Ten)",Sr.,LB,13,56,36,92,7.1
117,"Dax Hollifield, Virginia Tech (ACC)",Jr.,LB,13,44,48,92,7.1
117,"Trey Dean III, Florida (SEC)",Sr.,DB,13,41,51,92,7.1
117,"Tariq Speights, Eastern Mich. (MAC)",Jr.,LB,13,18,74,92,7.1
121,"Evan Williams, Fresno St. (Mountain West)",Jr.,DB,13,59,32,91,7
121,"R'Tarriun Johnson, Old Dominion (C-USA)",Jr.,S,13,49,42,91,7
121,"Jack Sanborn, Wisconsin (Big Ten)",Sr.,LB,13,45,46,91,7
121,"Elery Alexander, Arkansas St. (Sun Belt)",Sr.,DB,12,54,30,84,7
121,"Jammie Robinson, Florida St. (ACC)",So.,DB,12,42,42,84,7
121,"Dequan Jackson, Colorado St. (Mountain West)",Sr.,LB,12,34,50,84,7
121,"Nathaniel Watson, Mississippi St. (SEC)",Jr.,LB,12,33,51,84,7
121,"Brandon Drayton, Marshall (C-USA)",Sr.,S,10,36,34,70,7
129,"Easton Gibbs, Wyoming (Mountain West)",So.,LB,13,51,39,90,6.9
129,"Mark Robinson, Ole Miss (SEC)",Sr.,LB,13,42,48,90,6.9
129,"James Skalski, Clemson (ACC)",Sr.,LB,13,42,48,90,6.9
129,"Otis Reese, Ole Miss (SEC)",Sr.,DB,13,33,57,90,6.9
133,"Nico Bolden, Kent St. (MAC)",Sr.,S,12,47,36,83,6.9
133,"Micah Baskerville, LSU (SEC)",Sr.,LB,12,40,43,83,6.9
135,"Devin Harper, Oklahoma St. (Big 12)",Sr.,LB,14,61,35,96,6.9
136,"Daniel Green, Kansas St. (Big 12)",Jr.,LB,13,69,20,89,6.8
136,"Gregory Grate, Middle Tenn. (C-USA)",Jr.,S,13,59,30,89,6.8
136,"Nephi Sewell, Utah (Pac-12)",Jr.,LB,13,54,35,89,6.8
136,"Blaze Alldredge, Missouri (SEC)",Sr.,LB,13,53,36,89,6.8
136,"Blake Carroll, Georgia St. (Sun Belt)",Sr.,LB,13,48,41,89,6.8
136,"Lawson Hall, Nevada (Mountain West)",Sr.,LB,13,44,45,89,6.8
136,"Teddy Gallagher, Coastal Carolina (Sun Belt)",Sr.,LB,13,40,49,89,6.8
136,"Arik Smith, Army West Point (FBS Independent)",Sr.,LB,13,39,50,89,6.8
136,"A.J. Finley, Ole Miss (SEC)",Jr.,DB,13,36,53,89,6.8
136,"Omar Speights, Oregon St. (Pac-12)",So.,LB,13,33,56,89,6.8
146,"Daniel Scott, California (Pac-12)",Sr.,S,12,60,22,82,6.8
146,"Trevon Flowers, Tennessee (SEC)",Sr.,DB,12,48,34,82,6.8
146,"Anthony Pandy, Arizona (Pac-12)",Sr.,LB,12,46,36,82,6.8
146,"Tanner Ingle, NC State (ACC)",Jr.,DB,12,39,43,82,6.8
146,"Justin Wright, Tulsa (AAC)",Jr.,LB,12,39,43,82,6.8
146,"Markeveon Coleman, Texas St. (Sun Belt)",Sr.,LB,12,35,47,82,6.8
152,"Baylon Spector, Clemson (ACC)",Sr.,LB,11,37,38,75,6.8
153,"Will Anderson Jr., Alabama (SEC)",So.,LB,15,58,44,102,6.8
153,"Darien Butler, Arizona St. (Pac-12)",Sr.,LB,10,32,36,68,6.8
155,"Qwynnterrio Cole, Louisville (ACC)",Sr.,DB,13,65,23,88,6.8
155,"Nasir Peoples, Virginia Tech (ACC)",So.,DB,13,51,37,88,6.8
155,"Kyle Soelle, Arizona St. (Pac-12)",Sr.,LB,13,43,45,88,6.8
155,"Jamal Hines, Toledo (MAC)",Jr.,DE,13,37,51,88,6.8
159,"Sydney Brown, Illinois (Big Ten)",Jr.,DB,12,50,31,81,6.8
159,"Brandon Smith, Penn St. (Big Ten)",Jr.,LB,12,45,36,81,6.8
159,"Juanyeh Thomas, Georgia Tech (ACC)",Jr.,DB,12,38,43,81,6.8
159,"Gerrell Johnson, Massachusetts (FBS Independent)",Fr.,LB,12,29,52,81,6.8
163,"Ian Swenson, UConn (FBS Independent)",Sr.,LB,11,47,27,74,6.7
163,"DeMarvion Overshown, Texas (Big 12)",Sr.,LB,11,38,36,74,6.7
163,"Eldrick Robinson II, Ga. Southern (Sun Belt)",Fr.,LB,11,34,40,74,6.7
166,"Deshawn Pace, Cincinnati (AAC)",So.,LB,14,45,49,94,6.7
166,"DeAngelo Malone, Western Ky. (C-USA)",Sr.,DE,14,44,50,94,6.7
168,"Nazeeh Johnson, Marshall (C-USA)",Sr.,S,10,43,24,67,6.7
169,"Jordan Lee, Nevada (Mountain West)",Sr.,DB,13,68,19,87,6.7
169,"Darius Snow, Michigan St. (Big Ten)",So.,S,13,61,26,87,6.7
169,"Rashad Torrence II, Florida (SEC)",So.,DB,13,51,36,87,6.7
169,"SirVocea Dennis, Pittsburgh (ACC)",Jr.,LB,13,35,52,87,6.7
173,"Brandon Joseph, Northwestern (Big Ten)",Jr.,DB,12,54,26,80,6.7
173,"Avery Young, Rutgers (Big Ten)",Jr.,DB,12,42,38,80,6.7
173,"Jason Henderson, Old Dominion (C-USA)",Fr.,LB,12,36,44,80,6.7
176,"Bryan Cook, Cincinnati (AAC)",Sr.,S,14,55,38,93,6.6
177,"Mike Rose, Iowa St. (Big 12)",Sr.,LB,11,36,37,73,6.6
177,"Jaylen Kelly-Powell, Akron (MAC)",Sr.,DB,11,33,40,73,6.6
179,"Chamarri Conner, Virginia Tech (ACC)",Jr.,DB,13,57,29,86,6.6
179,"Jett Johnson, Mississippi St. (SEC)",Jr.,LB,13,37,49,86,6.6
179,"Dyontae Johnson, Toledo (MAC)",Jr.,LB,13,35,51,86,6.6
182,"Rich Miller, Kansas (Big 12)",Jr.,LB,12,57,22,79,6.6
182,"Stefon Thompson, Syracuse (ACC)",So.,LB,12,48,31,79,6.6
182,"Tarique Barnes, Illinois (Big Ten)",So.,LB,12,44,35,79,6.6
182,"Tyler Murray, Charlotte (C-USA)",Sr.,LB,12,39,40,79,6.6
186,"AJ Musolino, Kent St. (MAC)",Sr.,LB,14,48,44,92,6.6
187,"Caliph Brice, Fla. Atlantic (C-USA)",Sr.,LB,9,26,33,59,6.6
187,"Antonio Montero, Rice (C-USA)",Jr.,LB,9,21,38,59,6.6
189,"Coco Azema, Northwestern (Big Ten)",So.,DB,11,47,25,72,6.5
189,"Luke Brockermeyer, Texas (Big 12)",Jr.,LB,11,36,36,72,6.5
191,"Mariano Sori-Marin, Minnesota (Big Ten)",Sr.,LB,13,45,40,85,6.5
191,"Lorenzo McCaskill, Louisiana (Sun Belt)",Jr.,LB,13,41,44,85,6.5
193,"Dillon Doyle, Baylor (Big 12)",Jr.,LB,14,46,45,91,6.5
193,"Antonio Johnson, Texas A&M (SEC)",So.,DB,12,54,24,78,6.5
193,"Caleb Mills, New Mexico St. (FBS Independent)",Sr.,DB,12,50,28,78,6.5
193,"Rodney Owens, Memphis (AAC)",Sr.,DB,12,50,28,78,6.5
193,"Gavin Potter, Kansas (Big 12)",Jr.,LB,12,46,32,78,6.5
193,"Anthony Wilson, Ga. Southern (Sun Belt)",So.,DB,12,43,35,78,6.5
193,"Theo Jackson, Tennessee (SEC)",Sr.,DB,12,37,41,78,6.5
193,"Delano Robinson, SMU (AAC)",Sr.,LB,12,35,43,78,6.5
201,"Alan Tisdale, Virginia Tech (ACC)",So.,LB,13,44,40,84,6.5
201,"Aaron Beasley, Tennessee (SEC)",Jr.,LB,13,34,50,84,6.5
203,"Jay Ward, LSU (SEC)",Jr.,DB,11,41,30,71,6.5
203,"Larry Nixon III, North Texas (C-USA)",Jr.,LB,11,33,38,71,6.5
205,"Patrick McMorris, San Diego St. (Mountain West)",Jr.,DB,14,53,37,90,6.4
206,"Martez Manuel, Missouri (SEC)",Jr.,DB,12,60,17,77,6.4
206,"Micah McFadden, Indiana (Big Ten)",Sr.,LB,12,49,28,77,6.4
208,"Lummie Young IV, Duke (ACC)",Sr.,DB,10,31,33,64,6.4
209,"Angelo Grose, Michigan St. (Big Ten)",So.,DB,13,60,23,83,6.4
209,"Quadric Bullard, UCF (AAC)",So.,DB,13,59,24,83,6.4
209,"Jordan Mosley, Maryland (Big Ten)",Sr.,DB,13,56,27,83,6.4
209,"Eric Monroe, Texas Tech (Big 12)",Sr.,DB,13,44,39,83,6.4
209,"Terry Myrick, Eastern Mich. (MAC)",Sr.,LB,13,39,44,83,6.4
214,"Carson Bruener, Washington (Pac-12)",Fr.,LB,11,48,22,70,6.4
215,"Kenderick Duncan, Louisville (ACC)",Jr.,DB,12,52,24,76,6.3
215,"Daniel Jackson, FIU (C-USA)",Sr.,LB,12,37,39,76,6.3
215,"Da'Shon Ross, Massachusetts (FBS Independent)",So.,LB,12,30,46,76,6.3
215,"Sione Tupou, Texas St. (Sun Belt)",Jr.,LB,12,20,56,76,6.3
215,"Jon Alexander, Charlotte (C-USA)",Sr.,DB,9,32,25,57,6.3
220,"Rashad Wisdom, UTSA (C-USA)",Jr.,S,14,67,21,88,6.3
220,"Jack Koerner, Iowa (Big Ten)",Sr.,DB,14,62,26,88,6.3
222,"Antavious Lane, Georgia St. (Sun Belt)",So.,DB,13,60,21,81,6.2
222,"Sean Mahone, West Virginia (Big 12)",Sr.,S,13,54,27,81,6.2
222,"Gage Kreski, Central Mich. (MAC)",Sr.,DB,13,51,30,81,6.2
222,"Yusuf Corker, Kentucky (SEC)",Sr.,S,13,44,37,81,6.2
222,"Marquel Broughton, Army West Point (FBS Independent)",Jr.,DB,13,36,45,81,6.2
222,"Yohance Burnett, Tulsa (AAC)",Sr.,LB,13,35,46,81,6.2
228,"Nehemiah Shelton, San Jose St. (Mountain West)",Sr.,DB,10,47,15,62,6.2
228,"TJ Carter, TCU (Big 12)",Sr.,S,10,46,16,62,6.2
228,"Trey Taylor, Air Force (Mountain West)",So.,DB,10,39,23,62,6.2
231,"Ricky Miezan, Stanford (Pac-12)",Sr.,LB,11,37,31,68,6.2
232,"Dee Winters, TCU (Big 12)",Jr.,LB,12,53,21,74,6.2
232,"Zion Childress, Texas St. (Sun Belt)",Fr.,S,12,41,33,74,6.2
232,"Sy Dabney, Bowling Green (MAC)",Sr.,DB,12,40,34,74,6.2
232,"Luke Martin, Charlotte (C-USA)",Sr.,LB,12,31,43,74,6.2
236,"Patrick Fields, Oklahoma (Big 12)",Sr.,S,13,47,33,80,6.2
236,"DeAndre Square, Kentucky (SEC)",Sr.,LB,13,40,40,80,6.2
236,"Jake Hummel, Iowa St. (Big 12)",Sr.,LB,13,39,41,80,6.2
236,"Rashaad Harding, Liberty (FBS Independent)",Sr.,LB,13,33,47,80,6.2
240,"Mandela Lawrence-Burke, Kent St. (MAC)",Sr.,LB,14,52,34,86,6.1
241,"Ferrod Gardner, Louisiana (Sun Belt)",Sr.,LB,11,30,37,67,6.1
242,"Macon Clark, Tulane (AAC)",Jr.,S,12,55,18,73,6.1
242,"Devonni Reed, Central Mich. (MAC)",Jr.,DB,12,44,29,73,6.1
242,"Dorian Williams, Tulane (AAC)",So.,LB,12,44,29,73,6.1
245,"Shaq Bond, Utah St. (Mountain West)",Sr.,S,13,54,25,79,6.1
246,"Luke Masterson, Wake Forest (ACC)",Sr.,LB,14,57,28,85,6.1
247,"Elijah Hicks, California (Pac-12)",Sr.,S,12,49,23,72,6
247,"Tre Jenkins, San Jose St. (Mountain West)",Jr.,DB,12,49,23,72,6
247,"Joey Noble, New Mexico (Mountain West)",Sr.,DL,12,42,30,72,6
247,"Jay Lenard, San Jose St. (Mountain West)",Sr.,DB,12,36,36,72,6
247,"Troy Brown, Central Mich. (MAC)",Sr.,LB,11,42,24,66,6
247,"Devon Matthews, Indiana (Big Ten)",Sr.,DB,9,30,24,54,6
253,"Hunter Reynolds, Utah St. (Mountain West)",Sr.,S,14,48,35,83,5.9
253,"Ryan Smenda, Jr., Wake Forest (ACC)",Jr.,LB,14,43,40,83,5.9
255,"Donavan Mutin, Houston (AAC)",Jr.,LB,13,46,31,77,5.9
256,"Chris Ojoh, New Mexico St. (FBS Independent)",Jr.,LB,12,42,29,71,5.9
256,"Riley Whimpey, Boise St. (Mountain West)",Sr.,LB,12,42,29,71,5.9
258,"M.J. Griffin, Temple (AAC)",So.,S,11,42,23,65,5.9
259,"Durante Jones, UConn (FBS Independent)",Fr.,DB,10,34,25,59,5.9
259,"Muelu Iosefa, California (Pac-12)",So.,LB,10,27,32,59,5.9
261,"Tyon Davis, Tulsa (AAC)",Sr.,DB,13,61,15,76,5.8
261,"Tre Hawkins, Old Dominion (C-USA)",Jr.,CB,13,54,22,76,5.8
261,"Tyreke Davis, North Texas (C-USA)",Sr.,LB,13,44,32,76,5.8
264,"Armani Marsh, Washington St. (Pac-12)",Sr.,DB,12,48,22,70,5.8
264,"Chris Moore, Georgia St. (Sun Belt)",Sr.,DB,12,41,29,70,5.8
264,"Charlie Thomas, Georgia Tech (ACC)",Jr.,LB,12,35,35,70,5.8
264,"Jermaine Johnson, Florida St. (ACC)",Sr.,DE,12,34,36,70,5.8
268,"Cam Jones, Indiana (Big Ten)",Sr.,LB,11,43,21,64,5.8
268,"Jack Howell, Colorado St. (Mountain West)",Fr.,DB,11,41,23,64,5.8
270,"DeMarcco Hellams, Alabama (SEC)",Jr.,DB,15,54,33,87,5.8
271,"Isaiah Graham-Mobley, Boston College (ACC)",Sr.,LB,9,34,18,52,5.8
272,"Christian Izien, Rutgers (Big Ten)",Jr.,DB,13,47,28,75,5.8
272,"Cody Fletcher, Kansas St. (Big 12)",Sr.,LB,13,45,30,75,5.8
272,"Jeremiah Gemmel, North Carolina (ACC)",Sr.,LB,13,44,31,75,5.8
272,"Joe Foucha, Arkansas (SEC)",Sr.,DB,13,34,41,75,5.8
276,"Xavier Cullens, Memphis (AAC)",Sr.,LB,12,44,25,69,5.8
276,"Kalen DeLoach, Florida St. (ACC)",So.,LB,12,38,31,69,5.8
276,"Scott Patchan, Colorado St. (Mountain West)",Sr.,DL,12,35,34,69,5.8
276,"DJ Lundy, Florida St. (ACC)",Fr.,LB,12,32,37,69,5.8
276,"Noah Taylor, Virginia (ACC)",Sr.,LB,12,28,41,69,5.8
281,"Ryan Selig, Western Mich. (MAC)",So.,LB,11,41,22,63,5.7
281,"Troy Lefeged Jr., Texas St. (Sun Belt)",Sr.,S,11,33,30,63,5.7
281,"Andrew Behm, Akron (MAC)",Fr.,LB,11,26,37,63,5.7
284,"Brandon Hill, Pittsburgh (ACC)",So.,DB,14,37,43,80,5.7
285,"Marvin Grant, Purdue (Big Ten)",So.,S,13,52,22,74,5.7
285,"Brad Johnson, South Carolina (SEC)",Sr.,LB,13,41,33,74,5.7
287,"Jordan Battle, Alabama (SEC)",Jr.,DB,15,50,35,85,5.7
287,"Isaiah Lewis, Colorado (Pac-12)",Jr.,DB,12,50,18,68,5.7
287,"Vincent Davis, South Fla. (AAC)",Jr.,S,12,43,25,68,5.7
287,"Max Tooley, BYU (FBS Independent)",So.,LB,12,37,31,68,5.7
287,"Dwayne Boyles, South Fla. (AAC)",Jr.,LB,12,36,32,68,5.7
287,"Cory Gross Jr., Buffalo (MAC)",Jr.,DB,12,34,34,68,5.7
287,"Jurriente Davis, Middle Tenn. (C-USA)",So.,LB,12,32,36,68,5.7
287,"Christian Young, Arizona (Pac-12)",Jr.,DB,12,28,40,68,5.7
295,"Verone McKinley III, Oregon (Pac-12)",So.,DB,14,44,35,79,5.6
296,"Ji'Ayir Brown, Penn St. (Big Ten)",Sr.,S,13,61,12,73,5.6
296,"Tae Daley, Virginia Tech (ACC)",Sr.,S,13,47,26,73,5.6
296,"Alonzo Addae, West Virginia (Big 12)",Sr.,S,13,45,28,73,5.6
296,"Justus Rogers, Washington St. (Pac-12)",Sr.,LB,13,40,33,73,5.6
300,"Payton Wilgar, BYU (FBS Independent)",So.,LB,10,29,27,56,5.6
301,"Jarius Reimonenq, Arkansas St. (Sun Belt)",So.,DB,12,44,23,67,5.6
301,"Mark Perry, Colorado (Pac-12)",Jr.,DB,12,42,25,67,5.6
301,"Sterling Weatherford, Miami (OH) (MAC)",Sr.,DB,12,40,27,67,5.6
301,"Kendall Williamson, Stanford (Pac-12)",Sr.,S,12,40,27,67,5.6
301,"Peter McIntyre, Northwestern (Big Ten)",Sr.,LB,12,30,37,67,5.6
301,"Elijah Garcia, Rice (C-USA)",Sr.,DL,12,26,41,67,5.6
307,"Johnny Hodges, Navy (AAC)",Jr.,LB,9,22,28,50,5.6
308,"Divaad Wilson, UCF (AAC)",Jr.,DB,13,41,31,72,5.5
308,"Riko Jeffers, Texas Tech (Big 12)",Sr.,LB,13,40,32,72,5.5
310,"Qwuantrezz Knight, UCLA (Pac-12)",Sr.,DB,12,48,18,66,5.5
310,"Ezekiel Noa, Boise St. (Mountain West)",Sr.,LB,12,28,38,66,5.5
310,"DaShaun White, Oklahoma (Big 12)",Sr.,LB,12,28,38,66,5.5
313,"Jaydon Grant, Oregon St. (Pac-12)",Jr.,DB,13,31,40,71,5.5
313,"Enock Makonzo, Coastal Carolina (Sun Belt)",Sr.,LB,13,30,41,71,5.5
315,"Marcus Fuqua, Buffalo (MAC)",So.,DB,11,31,29,60,5.5
316,"Demani Richardson, Texas A&M (SEC)",Jr.,DB,12,44,21,65,5.4
316,"Raheem Layne, Indiana (Big Ten)",Sr.,DB,12,43,22,65,5.4
316,"Tariq Carpenter, Georgia Tech (ACC)",Sr.,DB,12,40,25,65,5.4
316,"Naeem Smith, Rice (C-USA)",Sr.,S,12,32,33,65,5.4
316,"Akileis Leroy, Fla. Atlantic (C-USA)",Sr.,LB,12,31,34,65,5.4
316,"KJ Robertson, Troy (Sun Belt)",Jr.,LB,12,31,34,65,5.4
316,"Merlin Robertson, Arizona St. (Pac-12)",Sr.,LB,12,30,35,65,5.4
323,"Ronald Wilson, New Mexico (Mountain West)",Fr.,DB,10,29,25,54,5.4
324,"Cole Godbout, Wyoming (Mountain West)",Jr.,DT,13,39,31,70,5.4
324,"Desjuan Johnson, Toledo (MAC)",Jr.,DE,13,32,38,70,5.4
326,"Daquan Evans, South Fla. (AAC)",So.,DB,11,43,16,59,5.4
326,"Kyu Blu Kelly, Stanford (Pac-12)",Jr.,CB,11,43,16,59,5.4
326,"Mekhi LaPointe, South Fla. (AAC)",Jr.,DB,11,38,21,59,5.4
326,"Michael Edwards III, Ga. Southern (Sun Belt)",Fr.,LB,11,27,32,59,5.4
330,"Jalen Pitre, Baylor (Big 12)",Sr.,S,14,56,19,75,5.4
330,"Trey Cobb, App State (Sun Belt)",Sr.,LB,14,33,42,75,5.4
330,"Nick Heninger, Utah St. (Mountain West)",Sr.,DE,14,31,44,75,5.4
333,"Quinn Perry, Colorado (Pac-12)",Sr.,LB,12,43,21,64,5.3
333,"R.J. Roderick, South Carolina (SEC)",Sr.,DB,12,40,24,64,5.3
333,"A.J. Brathwaite, Jr., Western Ky. (C-USA)",So.,DB,12,39,25,64,5.3
333,"Jaquan Brisker, Penn St. (Big Ten)",Sr.,S,12,38,26,64,5.3
333,"Alvin Floyd, Ohio (MAC)",Sr.,DB,12,33,31,64,5.3
333,"A.J. DeShazor Jr., South Alabama (Sun Belt)",Jr.,LB,12,30,34,64,5.3
333,"Caleb Bonner, Arkansas St. (Sun Belt)",Sr.,LB,12,25,39,64,5.3
340,"Cam'Ron Kelly, North Carolina (ACC)",Jr.,DB,13,40,29,69,5.3
340,"Kitan Oladapo, Oregon St. (Pac-12)",So.,DB,13,37,32,69,5.3
340,"Terry Jones, Old Dominion (C-USA)",Fr.,S,13,32,37,69,5.3
343,"Josh DeBerry, Boston College (ACC)",Jr.,CB,10,38,15,53,5.3
344,"Lance Deveaux, NIU (MAC)",Sr.,LB,14,47,27,74,5.3
344,"John Petrishen, Pittsburgh (ACC)",Sr.,LB,14,29,45,74,5.3
346,"Jordan Hansen, NIU (MAC)",So.,S,11,42,16,58,5.3
346,"TJ Harris, Troy (Sun Belt)",Jr.,S,11,33,25,58,5.3
346,"Jabari Johnson, ULM (Sun Belt)",Sr.,S,11,30,28,58,5.3
346,"Kevon Jones, UConn (FBS Independent)",Sr.,LB,11,16,42,58,5.3
350,"Christian Harris, Alabama (SEC)",Jr.,LB,15,45,34,79,5.3
351,"Tony Adams, Illinois (Big Ten)",Sr.,DB,12,47,16,63,5.2
351,"Jamal Ligon, UTSA (C-USA)",So.,LB,12,28,35,63,5.2
353,"Jaylon Carlies, Missouri (SEC)",So.,DB,13,55,13,68,5.2
353,"Corvin Moment, Western Mich. (MAC)",Jr.,LB,13,50,18,68,5.2
353,"C.J. Coldon, Wyoming (Mountain West)",Jr.,CB,13,48,20,68,5.2
353,"Zaire Barnes, Western Mich. (MAC)",Jr.,LB,13,45,23,68,5.2
353,"T.D. Roof, App State (Sun Belt)",Sr.,LB,13,41,27,68,5.2
353,"Cory McCoy, Marshall (C-USA)",Sr.,S,13,30,38,68,5.2
353,"Phil Campbell, Pittsburgh (ACC)",Sr.,LB,13,27,41,68,5.2
360,"Adam Sparks, ULM (Sun Belt)",Sr.,CB,9,28,19,47,5.2
361,"Devon Witherspoon, Illinois (Big Ten)",So.,DB,10,42,10,52,5.2
361,"Garrett Williams, Syracuse (ACC)",So.,DB,10,36,16,52,5.2
361,"Delarrin Turner-Yell, Oklahoma (Big 12)",Sr.,S,10,35,17,52,5.2
364,"Isaiah Pola-Mao, Southern California (Pac-12)",Sr.,S,11,41,16,57,5.2
364,"Donte Lindsey, Massachusetts (FBS Independent)",So.,DB,11,38,19,57,5.2
364,"Alex Odom, Temple (AAC)",So.,S,11,38,19,57,5.2
364,"Dy'vonne Inyang, UTEP (C-USA)",Sr.,DB,11,35,22,57,5.2
364,"Daniel Isom, Washington St. (Pac-12)",Sr.,DB,11,27,30,57,5.2
369,"Dadrion Taylor-Demerson, Texas Tech (Big 12)",Jr.,DB,12,41,21,62,5.2
369,"Arnold Ebiketie, Penn St. (Big Ten)",Sr.,DE,12,34,28,62,5.2
369,"Markees Watts, Charlotte (C-USA)",Sr.,DE,12,34,28,62,5.2
369,"Gabe Reid, Stanford (Pac-12)",Sr.,LB,12,33,29,62,5.2
369,"Antonio Moultrie, UAB (C-USA)",Jr.,DL,12,24,38,62,5.2
374,"Brett Anderson, Ball St. (MAC)",Sr.,S,13,47,20,67,5.2
374,"Nick Cross, Maryland (Big Ten)",Jr.,DB,13,45,22,67,5.2
374,"Kieren Douglas, Purdue (Big Ten)",Sr.,LB,13,40,27,67,5.2
377,"Nick Anderson, Tulane (AAC)",Jr.,LB,11,40,16,56,5.1
378,"JoJuan Claiborne, Nevada (Mountain West)",Sr.,DB,12,44,17,61,5.1
378,"Bryce Jackson, UNLV (Mountain West)",Sr.,DB,12,42,19,61,5.1
378,"Kyron Johnson, Kansas (Big 12)",Sr.,DE,12,41,20,61,5.1
378,"Alontae Taylor, Tennessee (SEC)",Sr.,DB,12,41,20,61,5.1
378,"Curtis Jacobs, Penn St. (Big Ten)",So.,LB,12,39,22,61,5.1
378,"Javon Scruggs, Liberty (FBS Independent)",Jr.,S,12,39,22,61,5.1
378,"Kam Arnold, Boston College (ACC)",So.,LB,12,35,26,61,5.1
378,"Jesse Luketa, Penn St. (Big Ten)",Sr.,LB,12,34,27,61,5.1
378,"Ralen Goforth, Southern California (Pac-12)",Jr.,LB,12,31,30,61,5.1
378,"Da'Quan Johnson, Duke (ACC)",So.,S,12,29,32,61,5.1
388,"Mike Brown, Miami (OH) (MAC)",Sr.,DB,13,37,29,66,5.1
388,"Jaden Hunter, Western Ky. (C-USA)",Jr.,DE,13,35,31,66,5.1
390,"Cameron Thomas, San Diego St. (Mountain West)",Jr.,DL,14,30,41,71,5.1
390,"Nick Rattin, NIU (MAC)",So.,LB,14,29,42,71,5.1
392,"Erick Hallett, Pittsburgh (ACC)",Jr.,DB,14,45,25,70,5
392,"Kolby Harvell-Peel, Oklahoma St. (Big 12)",Sr.,S,14,42,28,70,5
392,"Ty Van Fossen, Cincinnati (AAC)",Jr.,LB,14,42,28,70,5
392,"Traveon Redd, Wake Forest (ACC)",Sr.,DB,14,40,30,70,5
392,"J.T. Wahee, Ball St. (MAC)",Sr.,S,13,52,13,65,5
392,"Tre Bugg III, Air Force (Mountain West)",Sr.,DB,13,50,15,65,5
392,"George Hicks III, Washington St. (Pac-12)",Sr.,DB,13,45,20,65,5
392,"Cam Allen, Purdue (Big Ten)",Jr.,S,13,44,21,65,5
392,"Keith Sherald Jr., Kent St. (MAC)",Sr.,DB,13,42,23,65,5
392,"Damani Staley, South Carolina (SEC)",Sr.,LB,13,40,25,65,5
392,"Christian Albright, Ball St. (MAC)",Sr.,LB,13,34,31,65,5
392,"Ty'Ron Hopper, Florida (SEC)",So.,LB,13,34,31,65,5
392,"Jimmy Phillips, Jr., SMU (AAC)",Sr.,LB,12,39,21,60,5
392,"Jamoi Hodge, TCU (Big 12)",So.,LB,12,36,24,60,5
392,"Marlowe Wax, Syracuse (ACC)",So.,LB,12,36,24,60,5
392,"Corey Flagg, Jr., Miami (FL) (ACC)",So.,LB,12,35,25,60,5
392,"Hayes Maples, Southern Miss. (C-USA)",So.,LB,12,31,29,60,5
392,"Cameron Lewis, LSU (SEC)",Sr.,DB,11,34,21,55,5
392,"Thomas Pickens, Memphis (AAC)",Sr.,LB,10,35,15,50,5
392,"Matthew Hill, South Fla. (AAC)",So.,S,10,33,17,50,5
392,"Melique Straker, Arkansas St. (Sun Belt)",So.,LB,10,30,20,50,5
413,"Daxton Hill, Michigan (Big Ten)",Jr.,DB,14,41,28,69,4.9
413,"Nick Hampton, App State (Sun Belt)",Jr.,LB,14,36,33,69,4.9
415,"Mykael Wright, Oregon (Pac-12)",So.,CB,13,46,18,64,4.9
415,"Jalen Graham, Purdue (Big Ten)",Jr.,LB,13,45,19,64,4.9
415,"Smoke Monday, Auburn (SEC)",Sr.,DB,13,44,20,64,4.9
415,"Nick Herbig, Wisconsin (Big Ten)",So.,LB,13,41,23,64,4.9
415,"Trenton Simpson, Clemson (ACC)",So.,LB,13,41,23,64,4.9
415,"Cedrick Cunningham Jr., Army West Point (FBS Independent)",Sr.,DB,13,35,29,64,4.9
415,"Tommy Eichenberg, Ohio St. (Big Ten)",Jr.,LB,13,33,31,64,4.9
415,"Alex Spillum, Coastal Carolina (Sun Belt)",Sr.,S,13,30,34,64,4.9
423,"Leon O'Neal, Texas A&M (SEC)",Sr.,DB,12,38,21,59,4.9
423,"Keith Gallmon Jr., South Alabama (Sun Belt)",Jr.,S,12,37,22,59,4.9
423,"Jaxen Turner, Arizona (Pac-12)",So.,DB,12,34,25,59,4.9
423,"Jordan Revels, Texas St. (Sun Belt)",So.,DL,12,29,30,59,4.9
423,"Thomas Booker, Stanford (Pac-12)",Sr.,DE,12,28,31,59,4.9
423,"Hunter Webb, UConn (FBS Independent)",Jr.,LB,12,27,32,59,4.9
423,"Teja Young, Fla. Atlantic (C-USA)",So.,S,12,25,34,59,4.9
423,"Amari Gainer, Florida St. (ACC)",So.,LB,12,24,35,59,4.9
423,"Dorian Mausi, Duke (ACC)",So.,LB,12,23,36,59,4.9
432,"Quentin Lake, UCLA (Pac-12)",Sr.,DB,11,40,14,54,4.9
432,"Reggie Pearson, Texas Tech (Big 12)",Jr.,DB,11,38,16,54,4.9
432,"BeeJay Williamson, Louisiana Tech (C-USA)",So.,DB,11,31,23,54,4.9
435,"Jarren Hampton, Ohio (MAC)",Sr.,DB,10,26,23,49,4.9
435,"Jeremiah Moon, Florida (SEC)",Sr.,LB,10,20,29,49,4.9
437,"Lewis Cine, Georgia (SEC)",Jr.,DB,15,43,30,73,4.9
438,"Deandre Pierce, Arizona St. (Pac-12)",Sr.,DB,13,38,25,63,4.8
438,"Ron Stone, Jr., Washington St. (Pac-12)",Jr.,DE,13,34,29,63,4.8
438,"Jose Ramirez, Eastern Mich. (MAC)",So.,DL,13,32,31,63,4.8
438,"Keidron Smith, Ole Miss (SEC)",Sr.,DB,13,31,32,63,4.8
438,"Will Boler, UAB (C-USA)",Jr.,S,13,30,33,63,4.8
443,"Greg Rubin, Memphis (AAC)",Fr.,DB,12,38,20,58,4.8
443,"Edgerrin Cooper, Texas A&M (SEC)",Fr.,LB,12,37,21,58,4.8
443,"Malik Dixon, UConn (FBS Independent)",Jr.,DB,12,37,21,58,4.8
443,"Kivon Bennett, Arkansas St. (Sun Belt)",Jr.,DL,12,28,30,58,4.8
443,"Josh Pearcy, Rice (C-USA)",Fr.,LB,12,24,34,58,4.8
448,"AJ Thomas, Western Mich. (MAC)",Sr.,DB,11,42,11,53,4.8
448,"Will Ignont, Western Ky. (C-USA)",Jr.,LB,11,32,21,53,4.8
448,"Alec Mock, Air Force (Mountain West)",So.,LB,11,32,21,53,4.8
448,"Josh Wallace, Massachusetts (FBS Independent)",Sr.,CB,11,32,21,53,4.8
448,"Tyshon Fogg, Rutgers (Big Ten)",Sr.,LB,11,21,32,53,4.8
453,"Nakobe Dean, Georgia (SEC)",Jr.,LB,15,36,36,72,4.8
453,"Zion Puckett, Auburn (SEC)",So.,DB,10,35,13,48,4.8
455,"Noah Williams, Stanford (Pac-12)",Sr.,S,9,28,15,43,4.8
455,"Yvandy Rigby, Temple (AAC)",So.,LB,9,21,22,43,4.8
457,"Tayler Hawkins, San Diego St. (Mountain West)",Sr.,DB,13,48,14,62,4.8
457,"Ruben Hyppolite II, Maryland (Big Ten)",So.,LB,13,39,23,62,4.8
457,"Dillon Thomas, NIU (MAC)",Sr.,DB,13,35,27,62,4.8
460,"Kerby Joseph, Illinois (Big Ten)",Jr.,DB,12,41,16,57,4.8
460,"Quinton Newsome, Nebraska (Big Ten)",So.,DB,12,38,19,57,4.8
460,"Joe Ozougwu, Arkansas St. (Sun Belt)",Sr.,DL,12,33,24,57,4.8
460,"Jordan Anderson, Bowling Green (MAC)",Jr.,DB,12,31,26,57,4.8
460,"Zayin West, Kent St. (MAC)",Sr.,DL,12,30,27,57,4.8
460,"Quae Drake, ULM (Sun Belt)",Sr.,LB,12,27,30,57,4.8
460,"Demarvin Leal, Texas A&M (SEC)",Jr.,DL,12,27,30,57,4.8
460,"Garrett Nelson, Nebraska (Big Ten)",So.,LB,12,25,32,57,4.8
460,"Bruce Bivens, East Carolina (AAC)",Sr.,LB,12,22,35,57,4.8
460,"D.J. Davidson, Arizona St. (Pac-12)",Sr.,DL,12,21,36,57,4.8
470,"Nook Bradford, TCU (Big 12)",Jr.,S,11,41,11,52,4.7
470,"Nick Giacolone, New Mexico St. (FBS Independent)",So.,LB,11,25,27,52,4.7
470,"Santrell Latham, Southern Miss. (C-USA)",Jr.,LB,11,24,28,52,4.7
473,"Kempton Shine, Eastern Mich. (MAC)",Fr.,DB,10,27,20,47,4.7
474,"Cedric Boswell, Miami (OH) (MAC)",Sr.,DB,13,50,11,61,4.7
474,"Carrington Valentine, Kentucky (SEC)",So.,DB,13,46,15,61,4.7
474,"Yasir Abdullah, Louisville (ACC)",Sr.,LB,13,43,18,61,4.7
474,"Malachi Langley, Fresno St. (Mountain West)",So.,LB,13,38,23,61,4.7
474,"Percy Butler, Louisiana (Sun Belt)",Jr.,S,13,37,24,61,4.7
474,"Jack Fagot, Louisville (ACC)",Sr.,DB,13,37,24,61,4.7
474,"Colby Wooden, Auburn (SEC)",So.,DL,13,34,27,61,4.7
481,"Gabe Taylor, Rice (C-USA)",Fr.,DB,12,44,12,56,4.7
481,"Ja'Quan McMillian, East Carolina (AAC)",So.,CB,12,38,18,56,4.7
481,"Isheem Young, Iowa St. (Big 12)",So.,DB,12,33,23,56,4.7
481,"Jaiden Woodbey, Boston College (ACC)",Jr.,S,12,29,27,56,4.7
481,"Andre White, Texas A&M (SEC)",Jr.,LB,12,27,29,56,4.7
481,"Shaine Hailey, SMU (AAC)",Sr.,LB,12,26,30,56,4.7
487,"Alvinoski LaFleur, Eastern Mich. (MAC)",Sr.,DB,11,33,18,51,4.6
487,"William Kwenkeu, Temple (AAC)",Sr.,LB,11,31,20,51,4.6
487,"Caeveon Patton, Texas St. (Sun Belt)",Sr.,DL,11,21,30,51,4.6
490,"Emmanuel Forbes, Mississippi St. (SEC)",So.,DB,13,46,14,60,4.6
490,"Eugene Ford, Hawaii (Mountain West)",Sr.,DB,13,41,19,60,4.6
490,"Scott Nelson, Wisconsin (Big Ten)",Sr.,S,13,40,20,60,4.6
490,"Corvan Taylor, Air Force (Mountain West)",Sr.,DB,13,33,27,60,4.6
490,"Greg Eisworth, Iowa St. (Big 12)",Sr.,DB,13,32,28,60,4.6
490,"Malkelm Morrison, Army West Point (FBS Independent)",Sr.,LB,13,29,31,60,4.6
496,"Nolan Turner, Clemson (ACC)",Sr.,S,10,29,17,46,4.6
496,"Cole Mashburn, Memphis (AAC)",So.,LB,10,26,20,46,4.6
496,"Josh Ferguson, New Mexico St. (FBS Independent)",So.,LB,10,25,21,46,4.6
496,"Johnathan Butler, Middle Tenn. (C-USA)",Jr.,LB,10,21,25,46,4.6
500,"Jadon Candy, Tulane (AAC)",Fr.,DB,12,42,13,55,4.6
500,"Jartavius Martin, Illinois (Big Ten)",Jr.,DB,12,33,22,55,4.6
500,"Josh Carr, Southern Miss. (C-USA)",Jr.,LB,12,32,23,55,4.6
500,"Jay Stanley, Southern Miss. (C-USA)",So.,DB,12,30,25,55,4.6
500,"Drew White, Notre Dame (FBS Independent)",Sr.,LB,12,30,25,55,4.6
500,"Te'Rai Powell, Massachusetts (FBS Independent)",Fr.,DB,12,28,27,55,4.6
500,"Jordan Genmark Heath, UCLA (Pac-12)",Sr.,LB,12,23,32,55,4.6
