Rank,Player,Cl,Pos,G,Solo Tack,Asst Tack,TT,TPG
1,"Frank Ginda, San Jose St. (Mountain West)",Jr.,LB,13,94,79,173,13.3
2,"Khalil Hodge, Buffalo (MAC)",Jr.,LB,12,66,88,154,12.8
3,"Joe Dineen Jr., Kansas (Big 12)",Jr.,LB,12,93,44,137,11.4
4,"Josey Jewell, Iowa (Big Ten)",Sr.,LB,12,69,67,136,11.3
5,"Azeez Al-Shaair, Fla. Atlantic (C-USA)",Jr.,LB,13,72,75,147,11.3
6,"Micah Kiser, Virginia (ACC)",Sr.,LB,13,50,95,145,11.2
7,"Christian Sam, Arizona St. (Pac-12)",Sr.,LB,12,87,40,127,10.6
8,"Quin Blanding, Virginia (ACC)",Sr.,DB,13,62,75,137,10.5
9,"Jaylyin Minor, Cincinnati (AAC)",Sr.,LB,12,64,61,125,10.4
10,"Jahlani Tavai, Hawaii (Mountain West)",Jr.,LB,12,66,58,124,10.3
11,"Tony Lashley, Idaho (Sun Belt)",Jr.,LB,12,78,45,123,10.3
12,"Dalton Herrington, New Mexico St. (Independent)",Sr.,LB,13,62,71,133,10.2
12,"Devin White, LSU (SEC)",So.,LB,13,37,96,133,10.2
14,"Leighton Vander Esch, Boise St. (Mountain West)",Jr.,LB,14,91,50,141,10.1
15,"Ulysees Gilbert, Akron (MAC)",Jr.,LB,14,65,75,140,10
15,"Emmanuel Ellerbee, Rice (C-USA)",Sr.,LB,12,68,52,120,10
17,"Chase Hancock, Marshall (C-USA)",Jr.,LB,13,37,91,128,9.8
18,"Trevor Morris, Rutgers (Big Ten)",Jr.,LB,12,37,81,118,9.8
19,"Joe Giles-Harris, Duke (ACC)",So.,LB,13,54,71,125,9.6
20,"Thomas Barber, Minnesota (Big Ten)",So.,LB,12,76,39,115,9.6
20,"Parris Bennett, Syracuse (ACC)",Sr.,LB,12,68,47,115,9.6
20,"De'Jon Harris, Arkansas (SEC)",So.,LB,12,66,49,115,9.6
23,"Demarquis Gates, Ole Miss (SEC)",Sr.,LB,12,70,44,114,9.5
24,"Mckinley Whitfield, Tulsa (AAC)",Jr.,DB,12,67,46,113,9.4
25,"Austin Paulhus, Nevada (Mountain West)",Sr.,LB,12,49,63,112,9.3
26,"Ben DeLuca, Charlotte (C-USA)",So.,DB,11,57,45,102,9.3
26,"David Reese, Florida (SEC)",So.,LB,11,46,56,102,9.3
28,"D'Juan Hines, Houston (AAC)",Sr.,LB,12,57,53,110,9.2
29,"Logan Wilson, Wyoming (Mountain West)",So.,LB,13,79,40,119,9.2
30,"Roquan Smith, Georgia (SEC)",Jr.,LB,15,85,52,137,9.1
31,"Jeffrey Allison, Fresno St. (Mountain West)",So.,LB,14,79,47,126,9
31,"Travin Howard, TCU (Big 12)",Sr.,DB,12,60,48,108,9
33,"Te'Von Coney, Notre Dame (FBS Independent)",Jr.,LB,13,56,60,116,8.9
33,"Joel Iyiegbuniwe, Western Ky. (C-USA)",Jr.,LB,13,53,63,116,8.9
35,"Cooper Edmiston, Tulsa (AAC)",So.,LB,12,55,51,106,8.8
35,"Jeff Gemmell, Charlotte (C-USA)",So.,LB,12,51,55,106,8.8
37,"Andrew Wingard, Wyoming (Mountain West)",Jr.,DB,13,70,44,114,8.8
37,"Joel Lanning, Iowa St. (Big 12)",Sr.,LB,13,51,63,114,8.8
37,"Jordan Mack, Virginia (ACC)",So.,LB,13,38,76,114,8.8
40,"Bryton Barr, Massachusetts (FBS Independent)",Sr.,LB,12,48,57,105,8.8
41,"Korrin Wiggins, East Carolina (AAC)",Sr.,DB,11,54,42,96,8.7
42,"Paddy Fisher, Northwestern (Big Ten)",Fr.,LB,13,65,48,113,8.7
43,"Jeremy Reaves, South Alabama (Sun Belt)",Sr.,DB,12,70,34,104,8.7
43,"Deonte Roberts, Rutgers (Big Ten)",Jr.,LB,12,27,77,104,8.7
45,"Dre Greenlaw, Arkansas (SEC)",Jr.,LB,12,52,51,103,8.6
46,"Terrill Hanks, New Mexico St. (Independent)",Jr.,LB,13,49,62,111,8.5
46,"Suli Tamaivena, Utah St. (Mountain West)",Jr.,LB,13,43,68,111,8.5
48,"Brad Koenig, Miami (OH) (MAC)",Jr.,DB,12,65,37,102,8.5
48,"Alvin Jones, UTEP (C-USA)",Sr.,LB,12,47,55,102,8.5
50,"Malik Jefferson, Texas (Big 12)",Jr.,LB,13,79,31,110,8.5
50,"Al-Rasheed Benton, West Virginia (Big 12)",Sr.,LB,13,78,32,110,8.5
50,"Kenneth Young, UCLA (Pac-12)",Sr.,LB,13,77,33,110,8.5
53,"Cole Holcomb, North Carolina (ACC)",Jr.,LB,11,41,52,93,8.5
54,"Perry Young, Cincinnati (AAC)",So.,DB,12,56,45,101,8.4
55,"Ethan Aguayo, San Jose St. (Mountain West)",So.,LB,10,42,42,84,8.4
56,"Josh Watson, Colorado St. (Mountain West)",Jr.,LB,13,64,45,109,8.4
56,"Tremaine Edmunds, Virginia Tech (ACC)",Jr.,LB,13,60,49,109,8.4
58,"Malik Gant, Marshall (C-USA)",So.,DB,12,47,53,100,8.3
58,"Asauni Rufus, Nevada (Mountain West)",Jr.,DB,9,41,34,75,8.3
60,"Dalton Baker, UNLV (Mountain West)",Jr.,DB,12,69,30,99,8.3
61,"Troy Dye, Oregon (Pac-12)",So.,LB,13,62,45,107,8.2
61,"Bobby Jones, NIU (MAC)",Sr.,LB,13,59,48,107,8.2
61,"Marcel Spears, Iowa St. (Big 12)",So.,LB,13,56,51,107,8.2
61,"Quentin Poling, Ohio (MAC)",Sr.,LB,13,49,58,107,8.2
61,"Ty Schwab, Boston College (ACC)",Sr.,LB,13,48,59,107,8.2
66,"Jordan Kunaszyk, California (Pac-12)",Jr.,LB,9,40,34,74,8.2
67,"Asantay Brown, Western Mich. (MAC)",Sr.,DB,12,56,42,98,8.2
67,"Jim Jones, Kent St. (MAC)",Jr.,LB,12,52,46,98,8.2
69,"Tracy Walker, Louisiana (Sun Belt)",Sr.,DB,12,62,35,97,8.1
69,"Manase Hungalu, Oregon St. (Pac-12)",Sr.,LB,12,57,40,97,8.1
69,"Ja'Whaun Bentley, Purdue (Big Ten)",Sr.,LB,12,54,43,97,8.1
69,"Grant Ross, Air Force (Mountain West)",Sr.,LB,12,42,55,97,8.1
73,"Mikial Onu, SMU (AAC)",So.,DB,13,85,20,105,8.1
73,"Cale Garrett, Missouri (SEC)",So.,LB,13,65,40,105,8.1
75,"Cameron Smith, Southern California (Pac-12)",Jr.,LB,14,60,52,112,8
75,"Tony Fields II, Arizona (Pac-12)",Fr.,LB,13,65,39,104,8
75,"Ron LaForce, New Mexico St. (Independent)",Jr.,DB,13,55,49,104,8
75,"Pat Jasinski, UCF (AAC)",Jr.,LB,13,48,56,104,8
75,"Chase Dutra, Indiana (Big Ten)",Sr.,DB,12,65,31,96,8
75,"Rae Juan Marbley, Tulane (AAC)",Sr.,LB,12,60,36,96,8
75,"Tyrel Dodson, Texas A&M (SEC)",So.,LB,12,43,53,96,8
75,"Marvin Branch, Old Dominion (C-USA)",Jr.,LB,12,42,54,96,8
75,"Kendall Joseph, Clemson (ACC)",Jr.,LB,12,36,60,96,8
75,"Curtis Akins, Memphis (AAC)",Jr.,LB,11,60,28,88,8
75,"Matthew Adams, Houston (AAC)",Sr.,LB,11,54,34,88,8
86,"James Nachtigal, Army West Point (FBS Independent)",Jr.,LB,13,53,50,103,7.9
87,"Fred Garth, Bowling Green (MAC)",Jr.,DB,12,58,37,95,7.9
88,"Tevin Crews, UAB (C-USA)",Sr.,LB,13,59,43,102,7.8
88,"Dakota Allen, Texas Tech (Big 12)",Jr.,LB,13,58,44,102,7.8
88,"Eric Boggs, App State (Sun Belt)",Sr.,LB,13,50,52,102,7.8
91,"Oluwaseun Idowu, Pittsburgh (ACC)",Jr.,LB,12,58,36,94,7.8
91,"Dameon Baber, Nevada (Mountain West)",Jr.,DB,12,54,40,94,7.8
91,"Drew Lewis, Colorado (Pac-12)",Jr.,LB,12,53,41,94,7.8
91,"Devon Key, Western Ky. (C-USA)",So.,DB,12,49,45,94,7.8
95,"E.J. Ejiya, North Texas (C-USA)",Jr.,LB,14,51,58,109,7.8
96,"Jovante Moffatt, Middle Tenn. (C-USA)",Jr.,DB,13,64,37,101,7.8
96,"Devin Bush, Michigan (Big Ten)",So.,LB,13,39,62,101,7.8
98,"Jack Flor, Air Force (Mountain West)",Sr.,LB,12,52,41,93,7.8
98,"Kyle Wilson, Arkansas St. (Sun Belt)",Sr.,LB,12,46,47,93,7.8
98,"Nate Locke, Bowling Green (MAC)",Sr.,LB,12,40,53,93,7.8
101,"Del'Shawn Phillips, Illinois (Big Ten)",Jr.,LB,11,46,39,85,7.7
102,"Kekoa Nawahine, Boise St. (Mountain West)",So.,DB,14,65,43,108,7.7
103,"Zach Allen, Boston College (ACC)",Jr.,DL,13,47,53,100,7.7
103,"Joe Bachie, Michigan St. (Big Ten)",So.,LB,13,46,54,100,7.7
105,"Anthony Wint, FIU (C-USA)",Sr.,LB,12,66,26,92,7.7
105,"Treyvon Williams, FIU (C-USA)",Sr.,LB,12,65,27,92,7.7
105,"Brandon Harris, Bowling Green (MAC)",Jr.,DB,12,57,35,92,7.7
108,"Jayd Kirby, Kansas St. (Big 12)",Sr.,LB,13,76,23,99,7.6
108,"DJ Calhoun, Arizona St. (Pac-12)",Sr.,LB,13,65,34,99,7.6
110,"Junior Joseph, UConn (AAC)",Sr.,LB,12,55,36,91,7.6
110,"Bryan London II, Texas St. (Sun Belt)",So.,LB,12,48,43,91,7.6
112,"Denzel Williams, Old Dominion (C-USA)",So.,DB,9,39,29,68,7.6
113,"Cayson Collins, North Carolina (ACC)",Sr.,LB,11,52,31,83,7.5
114,"Cameron Glenn, Wake Forest (ACC)",Jr.,DB,13,65,33,98,7.5
114,"Jawuan Johnson, NIU (MAC)",Sr.,DB,13,59,39,98,7.5
114,"Jerod Fernandez, NC State (ACC)",Sr.,LB,13,42,56,98,7.5
117,"Jermaine Carter, Maryland (Big Ten)",Sr.,LB,12,51,39,90,7.5
117,"Rick Gamboa, Colorado (Pac-12)",Jr.,LB,12,47,43,90,7.5
117,"Daniel Bituli, Tennessee (SEC)",So.,LB,12,44,46,90,7.5
120,"Trent Tanking, Kansas St. (Big 12)",Sr.,LB,13,71,26,97,7.5
120,"Jah'Shawn Johnson, Texas Tech (Big 12)",Jr.,DB,13,68,29,97,7.5
120,"Mike Edwards, Kentucky (SEC)",Jr.,DB,13,53,44,97,7.5
123,"Tegray Scales, Indiana (Big Ten)",Sr.,LB,12,56,33,89,7.4
123,"Roland Jenkins, ULM (Sun Belt)",Sr.,DB,12,52,37,89,7.4
123,"Jordyn Brooks, Texas Tech (Big 12)",So.,LB,12,50,39,89,7.4
123,"Jrdn Williams, East Carolina (AAC)",Sr.,LB,12,42,47,89,7.4
127,"Jaquan Johnson, Miami (FL) (ACC)",Jr.,DB,13,54,42,96,7.4
128,"Harrison Phillips, Stanford (Pac-12)",Sr.,DL,14,37,66,103,7.4
129,"Ladarius Wiley, Vanderbilt (SEC)",Jr.,DB,12,58,30,88,7.3
129,"Robert Spillane, Western Mich. (MAC)",Sr.,LB,12,43,45,88,7.3
131,"Colin Schooler, Arizona (Pac-12)",Fr.,LB,13,67,28,95,7.3
131,"Broderick Thomas, UAB (C-USA)",Jr.,DB,13,66,29,95,7.3
133,"Evan Worthingon, Colorado (Pac-12)",Jr.,DB,12,57,30,87,7.3
133,"Chris Weber, Nebraska (Big Ten)",Sr.,LB,12,39,48,87,7.3
135,"Kyzir White, West Virginia (Big 12)",Sr.,DB,13,66,28,94,7.2
135,"Dallin Leavitt, Utah St. (Mountain West)",Sr.,DB,13,47,47,94,7.2
137,"Tre Watson, Illinois (Big Ten)",Jr.,LB,9,36,29,65,7.2
138,"Jessie Bates III, Wake Forest (ACC)",So.,DB,11,50,29,79,7.2
139,"Skai Moore, South Carolina (SEC)",Sr.,LB,13,62,31,93,7.2
140,"Vince Calhoun, Eastern Mich. (MAC)",So.,DB,11,48,30,78,7.1
140,"Brody Hoying, Eastern Mich. (MAC)",So.,DB,11,44,34,78,7.1
142,"Chris Covington, Indiana (Big Ten)",Sr.,LB,12,50,35,85,7.1
142,"Solomon Matautia, Hawaii (Mountain West)",So.,LB,12,50,35,85,7.1
142,"Matthew Thomas, Florida St. (ACC)",Sr.,LB,12,43,42,85,7.1
142,"Zaire Franklin, Syracuse (ACC)",Sr.,LB,12,41,44,85,7.1
142,"Jordan Young, Old Dominion (C-USA)",Fr.,LB,12,37,48,85,7.1
147,"Andrew Motuapuaka, Virginia Tech (ACC)",Sr.,LB,13,46,46,92,7.1
147,"Nyles Morgan, Notre Dame (FBS Independent)",Sr.,LB,13,35,57,92,7.1
147,"Courtney Love, Kentucky (SEC)",Sr.,LB,13,34,58,92,7.1
150,"Justin Reid, Stanford (Pac-12)",Jr.,DB,14,52,47,99,7.1
150,"Rashad Smith, Fla. Atlantic (C-USA)",So.,LB,14,49,50,99,7.1
152,"Alonzo Saxton II, Duke (ACC)",Sr.,DB,13,48,43,91,7
152,"Derwin James, Florida St. (ACC)",So.,DB,12,49,35,84,7
152,"Auggie Sanchez, South Fla. (AAC)",Sr.,LB,12,46,38,84,7
152,"Vontae Diggs, UConn (AAC)",Sr.,LB,11,45,32,77,7
152,"Mike Lee, Kansas (Big 12)",So.,DB,10,58,12,70,7
152,"Stanley Green, Illinois (Big Ten)",So.,DB,10,37,33,70,7
158,"Grant Dawson, Wake Forest (ACC)",Sr.,LB,13,57,33,90,6.9
158,"Bo Bower, Iowa (Big Ten)",Sr.,LB,13,40,50,90,6.9
158,"Gaje Ferguson, Utah St. (Mountain West)",Jr.,DB,13,40,50,90,6.9
161,"Gabe Loyd, Texas St. (Sun Belt)",Sr.,LB,12,49,34,83,6.9
161,"Nigel Lawrence, South Alabama (Sun Belt)",Jr.,DB,12,47,36,83,6.9
161,"Nigel Warrior, Tennessee (SEC)",So.,DB,12,43,40,83,6.9
164,"T.J. McCollum, Purdue (Big Ten)",Sr.,WLB,10,43,26,69,6.9
164,"Stacy Thomas, Louisville (ACC)",Sr.,LB,10,39,30,69,6.9
166,"De'Andre Montgomery, Miami (OH) (MAC)",Jr.,DB,9,29,33,62,6.9
167,"Kishawn McClain, North Texas (C-USA)",Sr.,DB,14,67,29,96,6.9
167,"Bobby Okereke, Stanford (Pac-12)",Sr.,LB,14,48,48,96,6.9
169,"Markus Bailey, Purdue (Big Ten)",So.,LB,13,67,22,89,6.8
169,"Malik Fountain, Central Mich. (MAC)",Jr.,LB,13,55,34,89,6.8
171,"Oren Burks, Vanderbilt (SEC)",Sr.,DB,12,45,37,82,6.8
171,"Ronley Lakalaka, San Diego St. (Mountain West)",Jr.,LB,12,44,38,82,6.8
173,"David Morris, Oregon St. (Pac-12)",Fr.,DB,11,48,27,75,6.8
174,"Emmanuel Beal, Oklahoma (Big 12)",Sr.,LB,14,55,40,95,6.8
175,"Maurice McKnight, San Jose St. (Mountain West)",Sr.,DB,13,60,28,88,6.8
175,"T.J. Brunson, South Carolina (SEC)",So.,LB,13,53,35,88,6.8
175,"Brian Peavy, Iowa St. (Big 12)",Jr.,DB,13,49,39,88,6.8
175,"DJ Sanders, Middle Tenn. (C-USA)",Sr.,LB,13,48,40,88,6.8
175,"Jason Cabinda, Penn St. (Big Ten)",Sr.,LB,13,33,55,88,6.8
180,"Gabe McCoy, UNLV (Mountain West)",So.,LB,12,57,24,81,6.8
180,"Micah Abernathy, Tennessee (SEC)",Jr.,DB,12,47,34,81,6.8
180,"Micah Thomas, Navy (AAC)",Sr.,LB,12,44,37,81,6.8
183,"Butch Pau'u, BYU (FBS Independent)",Jr.,LB,11,37,37,74,6.7
184,"Khairi Muhammad, North Texas (C-USA)",So.,DB,14,55,39,94,6.7
185,"Tarvarius Moore, Southern Miss. (C-USA)",Sr.,DB,13,61,26,87,6.7
185,"Armani Watts, Texas A&M (SEC)",Sr.,DB,13,57,30,87,6.7
185,"Anthony Flory, App State (Sun Belt)",Jr.,LB,13,56,31,87,6.7
185,"Josh Cox, Central Mich. (MAC)",Sr.,DB,13,55,32,87,6.7
185,"Fred Warner, BYU (FBS Independent)",Sr.,LB,13,48,39,87,6.7
190,"Jaleel Wadood, UCLA (Pac-12)",Sr.,DB,12,66,14,80,6.7
190,"Carter Jacobs, Cincinnati (AAC)",Sr.,DB,12,59,21,80,6.7
190,"Kaden Elliss, Idaho (Sun Belt)",Jr.,LB,12,58,22,80,6.7
190,"Reggie Wilkerson, Iowa St. (Big 12)",Sr.,DB,12,46,34,80,6.7
190,"B.J. Edmonds, Arkansas St. (Sun Belt)",So.,DB,12,42,38,80,6.7
190,"Jason Beck, Eastern Mich. (MAC)",Sr.,DB,12,40,40,80,6.7
190,"Dedrick Young II, Nebraska (Big Ten)",Jr.,LB,12,33,47,80,6.7
190,"Jordan Whitehead, Pittsburgh (ACC)",Jr.,DB,9,41,19,60,6.7
198,"Tony Reid, Miami (OH) (MAC)",Sr.,DB,11,33,40,73,6.6
199,"Darius West, Kentucky (SEC)",Jr.,DB,13,57,29,86,6.6
200,"Steve Casali, Massachusetts (FBS Independent)",Jr.,LB,12,37,42,79,6.6
201,"Shamad Lomax, New Mexico St. (Independent)",So.,DB,11,47,25,72,6.5
201,"Jacob White, Ball St. (MAC)",So.,LB,11,38,34,72,6.5
201,"T.J. Posey, Louisiana (Sun Belt)",Sr.,LB,11,32,40,72,6.5
204,"Adarius Pickett, UCLA (Pac-12)",Jr.,DB,13,63,22,85,6.5
204,"Jaboree Williams, Wake Forest (ACC)",Sr.,LB,13,56,29,85,6.5
204,"Shaun Bradley, Temple (AAC)",So.,LB,13,51,34,85,6.5
204,"Terez Hall, Missouri (SEC)",Jr.,LB,13,50,35,85,6.5
204,"Javon Hagan, Ohio (MAC)",So.,DB,13,45,40,85,6.5
204,"Drue Tranquill, Notre Dame (FBS Independent)",Sr.,DB,13,44,41,85,6.5
210,"Jonathan Celestin, Minnesota (Big Ten)",Sr.,LB,12,55,23,78,6.5
210,"Ed Hall, Idaho (Sun Belt)",Jr.,LB,12,41,37,78,6.5
210,"Jesse Monteiro, Massachusetts (FBS Independent)",Sr.,DB,12,40,38,78,6.5
210,"Chad Moore, Ohio (MAC)",Sr.,LB,12,40,38,78,6.5
210,"Quart'E Sapp, Tennessee (SEC)",So.,LB,12,39,39,78,6.5
210,"Patrick Nelson, Illinois (Big Ten)",So.,DB,10,32,33,65,6.5
216,"Austin Hall, Memphis (AAC)",So.,LB,13,66,18,84,6.5
216,"Ben Burr-Kirven, Washington (Pac-12)",Jr.,LB,13,52,32,84,6.5
216,"Cole Christiansen, Army West Point (FBS Independent)",So.,LB,13,48,36,84,6.5
216,"Mike McCray, Michigan (Big Ten)",Sr.,LB,13,47,37,84,6.5
216,"John Houston, Southern California (Pac-12)",So.,LB,13,40,44,84,6.5
221,"Antoine Brooks, Maryland (Big Ten)",So.,LB,12,53,24,77,6.4
221,"Daniel Lewis, Hawaii (Mountain West)",Jr.,DB,12,53,24,77,6.4
221,"Mike Bell, Fresno St. (Mountain West)",So.,DB,12,51,26,77,6.4
221,"Bull Barge, South Alabama (Sun Belt)",Jr.,LB,12,41,36,77,6.4
225,"Antonio Shenault, Minnesota (Big Ten)",Jr.,DB,10,44,20,64,6.4
225,"Sunia Tauteoli, Utah (Pac-12)",Sr.,LB,10,28,36,64,6.4
227,"Alex Briones, Central Mich. (MAC)",Jr.,LB,13,55,28,83,6.4
227,"Lukas Denis, Boston College (ACC)",Jr.,DB,13,46,37,83,6.4
227,"William Harris, Boston College (ACC)",Jr.,DB,13,45,38,83,6.4
227,"Khaleke Hudson, Michigan (Big Ten)",So.,DB,13,45,38,83,6.4
227,"Shaquille Quarterman, Miami (FL) (ACC)",So.,LB,13,43,40,83,6.4
227,"Dorian Etheridge, Louisville (ACC)",Fr.,LB,13,40,43,83,6.4
233,"Ben Humphreys, Duke (ACC)",Jr.,LB,11,33,37,70,6.4
234,"George Helmuth, Fresno St. (Mountain West)",Jr.,LB,14,58,31,89,6.4
235,"Jake Rothschiller, New Mexico (Mountain West)",Sr.,DB,12,46,30,76,6.3
235,"David Griffith, ULM (Sun Belt)",Jr.,LB,12,45,31,76,6.3
235,"Ryan Williamson, Buffalo (MAC)",Sr.,DB,12,40,36,76,6.3
235,"Willie Harvey, Iowa St. (Big 12)",Jr.,LB,12,36,40,76,6.3
235,"Manny Lawrence-Burke, Kent St. (MAC)",So.,DB,12,34,42,76,6.3
235,"Junior McMullen, Miami (OH) (MAC)",Jr.,LB,9,26,31,57,6.3
241,"William Ossai, San Jose St. (Mountain West)",Sr.,LB,13,54,28,82,6.3
241,"Chequan Burkett, UCF (AAC)",Sr.,LB,13,46,36,82,6.3
241,"Kavika Luafatasaga, Utah (Pac-12)",Sr.,LB,13,39,43,82,6.3
244,"Kendall Adams, Kansas St. (Big 12)",Jr.,DB,10,51,12,63,6.3
244,"Lui Fa'amasino, New Mexico St. (Independent)",Jr.,LB,10,26,37,63,6.3
246,"Ryan Connelly, Wisconsin (Big Ten)",Jr.,LB,14,57,31,88,6.3
246,"Chris Hawkins, Southern California (Pac-12)",Sr.,DB,14,51,37,88,6.3
246,"Dorian O'Daniel, Clemson (ACC)",Sr.,LB,14,51,37,88,6.3
249,"Joe Ostman, Central Mich. (MAC)",Sr.,DL,11,40,29,69,6.3
250,"Jalen Moore, Oregon St. (Pac-12)",So.,DB,12,50,25,75,6.3
250,"Greer Martini, Notre Dame (FBS Independent)",Sr.,LB,12,39,36,75,6.3
252,"Lorenzo Burns, Arizona (Pac-12)",Fr.,DB,13,59,22,81,6.2
252,"Demetrius Flannigan-Fowles, Arizona (Pac-12)",Jr.,DB,13,57,24,81,6.2
252,"Darwyn Kelly, Central Mich. (MAC)",Sr.,DB,13,49,32,81,6.2
255,"Josh Woods, Maryland (Big Ten)",Sr.,DB,10,45,17,62,6.2
256,"Corey Turner, Louisiana (Sun Belt)",Jr.,DB,11,43,25,68,6.2
256,"Jacob Girgle, New Mexico (Mountain West)",Sr.,DB,11,33,35,68,6.2
256,"La'Kel Bass, UTSA (C-USA)",Sr.,LB,11,29,39,68,6.2
259,"A.J. Krawczyk, Texas St. (Sun Belt)",Jr.,WR,12,55,19,74,6.2
259,"Frankie Griffin, Texas St. (Sun Belt)",Jr.,LB,12,51,23,74,6.2
259,"Juwan Foggie, Charlotte (C-USA)",Jr.,LB,12,44,30,74,6.2
259,"Rashaan Evans, Alabama (SEC)",Sr.,LB,12,35,39,74,6.2
259,"Drell Greene, Western Ky. (C-USA)",Jr.,DB,12,30,44,74,6.2
264,"Delvon Randall, Temple (AAC)",Jr.,DB,13,62,18,80,6.2
264,"Genard Avery, Memphis (AAC)",Sr.,LB,13,52,28,80,6.2
264,"Jacob Thieneman, Purdue (Big Ten)",Jr.,DB,13,52,28,80,6.2
264,"Tron Folsom, Troy (Sun Belt)",So.,LB,13,50,30,80,6.2
264,"Chucky Williams, Louisville (ACC)",Sr.,DB,13,49,31,80,6.2
264,"Jarius Morehead, NC State (ACC)",So.,DB,13,46,34,80,6.2
270,"Ed Oliver, Houston (AAC)",So.,DL,12,47,26,73,6.1
270,"Chuck Harris, Buffalo (MAC)",Jr.,DL,12,44,29,73,6.1
270,"Saleem Brightwell, Pittsburgh (ACC)",So.,LB,12,43,30,73,6.1
270,"Bradley Chubb, NC State (ACC)",Sr.,DL,12,40,33,73,6.1
274,"Chris Lammons, South Carolina (SEC)",Sr.,DB,13,62,17,79,6.1
274,"Sean Chandler, Temple (AAC)",Sr.,DB,13,56,23,79,6.1
274,"Tre Flowers, Oklahoma St. (Big 12)",Sr.,DB,13,54,25,79,6.1
274,"Nate Hall, Northwestern (Big Ten)",Jr.,LB,13,49,30,79,6.1
274,"Ben Niemann, Iowa (Big Ten)",Sr.,LB,13,45,34,79,6.1
274,"Sione Takitaki, BYU (FBS Independent)",Jr.,DL,13,43,36,79,6.1
274,"Mark McLaurin, Mississippi St. (SEC)",Jr.,DB,13,36,43,79,6.1
274,"Racheem Boothe, Southern Miss. (C-USA)",Fr.,LB,13,31,48,79,6.1
274,"Chase Winovich, Michigan (Big Ten)",Sr.,DL,13,28,51,79,6.1
283,"Marvell Tell, Southern California (Pac-12)",Jr.,DB,14,42,43,85,6.1
284,"Tyson Maeva, Boise St. (Mountain West)",So.,LB,14,43,41,84,6
284,"Denzel Goolsby, Kansas St. (Big 12)",So.,DB,13,65,13,78,6
284,"Jonathan Cook, Memphis (AAC)",Sr.,DB,13,63,15,78,6
284,"Godwin Igwebuike, Northwestern (Big Ten)",Sr.,DB,13,51,27,78,6
284,"Otaro Alaka, Texas A&M (SEC)",Jr.,LB,13,37,41,78,6
284,"Jarrod Franklin, Tulane (AAC)",Sr.,DB,12,52,20,72,6
284,"Craig Suits, Tulsa (AAC)",Sr.,LB,12,38,34,72,6
284,"Anthony Butler, Charlotte (C-USA)",So.,LB,12,33,39,72,6
284,"Dante Lovilette, UTEP (C-USA)",Sr.,LB,12,30,42,72,6
293,"Alvin Davis, Akron (MAC)",So.,DB,14,55,28,83,5.9
293,"Deandre Pierce, Boise St. (Mountain West)",So.,DB,14,52,31,83,5.9
295,"Carl Granderson, Wyoming (Mountain West)",Jr.,DL,13,37,40,77,5.9
296,"Brian Keyes, UNLV (Mountain West)",Sr.,LB,12,35,36,71,5.9
296,"Myles Dorn, North Carolina (ACC)",So.,DB,12,34,37,71,5.9
296,"Chase Christiansen, Utah St. (Mountain West)",Jr.,LB,12,32,39,71,5.9
299,"Chase Middleton, Georgia St. (Sun Belt)",Jr.,LB,11,36,29,65,5.9
300,"Terrell Edmunds, Virginia Tech (ACC)",Jr.,DB,10,29,30,59,5.9
301,"Deshaun Davis, Auburn (SEC)",Jr.,LB,14,37,45,82,5.9
302,"Sean Williams, Navy (AAC)",Jr.,DB,13,56,20,76,5.8
302,"Chad Whitener, Oklahoma St. (Big 12)",Sr.,LB,13,50,26,76,5.8
302,"Khalil Brooks, Middle Tenn. (C-USA)",Jr.,LB,13,47,29,76,5.8
305,"Mook Reynolds, Virginia Tech (ACC)",Jr.,DB,12,44,26,70,5.8
305,"Evan Croutch, Ohio (MAC)",Jr.,LB,12,39,31,70,5.8
305,"Isaiah Davis, Maryland (Big Ten)",Jr.,LB,12,39,31,70,5.8
305,"Ali Ali-Musa, Massachusetts (FBS Independent)",Sr.,DL,12,33,37,70,5.8
309,"Anthony Sherrils, Missouri (SEC)",Sr.,DB,11,47,17,64,5.8
309,"Stefan Claiborne, Western Mich. (MAC)",So.,DB,11,44,20,64,5.8
309,"Bennett Williams, Illinois (Big Ten)",Fr.,DB,11,34,30,64,5.8
312,"Ryan Moeller, Colorado (Pac-12)",Sr.,DB,10,46,12,58,5.8
312,"K.J. Gray, Rutgers (Big Ten)",So.,DB,10,33,25,58,5.8
314,"T.J. Edwards, Wisconsin (Big Ten)",Jr.,LB,14,53,28,81,5.8
315,"Armani Posey, Bowling Green (MAC)",Fr.,LB,9,23,29,52,5.8
316,"Dane Cruikshank, Arizona (Pac-12)",Sr.,DB,13,55,20,75,5.8
316,"Essang Bassey, Wake Forest (ACC)",So.,DB,13,52,23,75,5.8
316,"D.J. Palmore, Navy (AAC)",Sr.,LB,13,45,30,75,5.8
316,"Parker Baldwin, San Diego St. (Mountain West)",Jr.,DB,13,37,38,75,5.8
320,"Zachery Harris, Tulane (AAC)",Jr.,LB,12,41,28,69,5.8
320,"Youhanna Ghaifan, Wyoming (Mountain West)",So.,DL,12,39,30,69,5.8
322,"Jamar Summers, UConn (AAC)",Sr.,DB,11,49,14,63,5.7
322,"John Lamot, Boston College (ACC)",Fr.,LB,11,32,31,63,5.7
324,"Emmanuel Smith, Vanderbilt (SEC)",Sr.,LB,10,29,28,57,5.7
325,"Shaquem Griffin, UCF (AAC)",Sr.,LB,13,44,30,74,5.7
325,"Cedarius Rookard, Troy (Sun Belt)",Jr.,DB,13,43,31,74,5.7
325,"Justin Lawler, SMU (AAC)",Sr.,DL,13,42,32,74,5.7
325,"Cassh Maluia, Wyoming (Mountain West)",So.,LB,13,33,41,74,5.7
325,"Andrew Dowell, Michigan St. (Big Ten)",Jr.,LB,13,30,44,74,5.7
330,"Secdrick Cooper, Louisiana Tech (C-USA)",Sr.,DB,12,42,26,68,5.7
330,"Jonathan Willis, Oregon St. (Pac-12)",Jr.,LB,12,36,32,68,5.7
330,"Devon Sutton, East Carolina (AAC)",So.,DB,12,31,37,68,5.7
330,"Brant Mitchell, Georgia Tech (ACC)",Jr.,LB,9,33,18,51,5.7
334,"Heath Harding, Miami (OH) (MAC)",Sr.,DB,11,41,21,62,5.6
335,"Mykelti Williams, NIU (MAC)",So.,DB,13,59,14,73,5.6
335,"Kyran Mitchell, SMU (AAC)",Jr.,LB,13,55,18,73,5.6
335,"Jalen Thompson, Washington St. (Pac-12)",So.,DB,13,46,27,73,5.6
335,"Kenny Willekes, Michigan St. (Big Ten)",So.,DL,13,35,38,73,5.6
339,"Javahn Fergurson, New Mexico St. (Independent)",Jr.,LB,10,25,31,56,5.6
339,"Dezmond Harris, Mississippi St. (SEC)",Sr.,LB,10,17,39,56,5.6
341,"Tyler Coyle, UConn (AAC)",So.,DB,12,44,23,67,5.6
341,"Wesley Thompson, ULM (Sun Belt)",Jr.,DB,12,41,26,67,5.6
341,"Anthony Rhone, SMU (AAC)",Sr.,LB,12,40,27,67,5.6
341,"Trey Payne, Georgia St. (Sun Belt)",Sr.,LB,12,39,28,67,5.6
341,"Kyle Rachwal, Eastern Mich. (MAC)",Jr.,LB,12,34,33,67,5.6
341,"Jarell Addo, Massachusetts (FBS Independent)",So.,DB,12,33,34,67,5.6
341,"Breeland Speaks, Ole Miss (SEC)",Jr.,DL,12,27,40,67,5.6
348,"Kenneth Murray, Oklahoma (Big 12)",Fr.,LB,14,42,36,78,5.6
349,"Bryce Torneden, Kansas (Big 12)",So.,DB,11,46,15,61,5.5
349,"Damar'Ren Mitchell, Louisiana (Sun Belt)",So.,DB,11,39,22,61,5.5
349,"Devin Cockrell, UTEP (C-USA)",Sr.,DB,11,35,26,61,5.5
352,"Marcus Allen, Penn St. (Big Ten)",Sr.,DB,13,46,26,72,5.5
352,"Reggie Floyd, Virginia Tech (ACC)",So.,DB,13,44,28,72,5.5
352,"Jerome Baker, Ohio St. (Big Ten)",Jr.,LB,13,42,30,72,5.5
355,"Jalen Young, Fla. Atlantic (C-USA)",Jr.,DB,14,41,36,77,5.5
355,"Marquis Griffin, Air Force (Mountain West)",Sr.,DB,12,44,22,66,5.5
355,"Jarrett Franklin, Buffalo (MAC)",Sr.,LB,12,41,25,66,5.5
355,"Terrell Williams, Houston (AAC)",Sr.,DB,12,38,28,66,5.5
355,"Deadrin Senat, South Fla. (AAC)",Sr.,DL,12,35,31,66,5.5
355,"Jordan Collier, Buffalo (MAC)",Jr.,DB,12,29,37,66,5.5
355,"Marcus Newby, Nebraska (Big Ten)",Sr.,LB,10,31,24,55,5.5
362,"J'Marcus Rhodes, Arizona St. (Pac-12)",Sr.,DB,13,48,23,71,5.5
362,"Jordan Fogal, Colorado St. (Mountain West)",Sr.,DB,13,47,24,71,5.5
362,"Johnathan Abram, Mississippi St. (SEC)",Jr.,DB,13,43,28,71,5.5
362,"Ta'Corian Darden, Western Ky. (C-USA)",So.,DB,13,42,29,71,5.5
362,"Khari Willis, Michigan St. (Big Ten)",Jr.,DB,13,39,32,71,5.5
362,"Fitzgerald Mofor, UAB (C-USA)",So.,LB,13,35,36,71,5.5
368,"Victor Alexander, Georgia Tech (ACC)",Jr.,LB,11,41,19,60,5.5
368,"Kamari Cotton-Moya, Iowa St. (Big 12)",Sr.,DB,11,39,21,60,5.5
368,"Taylor Young, Baylor (Big 12)",Sr.,LB,11,39,21,60,5.5
371,"Damon Singleton, Ball St. (MAC)",Jr.,LB,9,22,27,49,5.4
372,"Ogbonnia Okoronkwo, Oklahoma (Big 12)",Sr.,LB,14,47,29,76,5.4
373,"Jacob Huff, Minnesota (Big Ten)",Jr.,DB,12,47,18,65,5.4
373,"Rashaan Gaulden, Tennessee (SEC)",Jr.,DB,12,39,26,65,5.4
373,"Juilan Jackson, UTEP (C-USA)",Sr.,LB,12,30,35,65,5.4
373,"Kemoko Turay, Rutgers (Big Ten)",Sr.,DL,12,28,37,65,5.4
373,"Josiah Coatney, Ole Miss (SEC)",Jr.,DL,12,24,41,65,5.4
378,"A.J. Gray, Georgia Tech (ACC)",Jr.,DB,10,43,11,54,5.4
379,"Jordan Fuller, Ohio St. (Big Ten)",So.,DB,13,57,13,70,5.4
379,"Jamal Scott, San Jose St. (Mountain West)",Jr.,LB,13,54,16,70,5.4
379,"Alex Aukerman, Army West Point (FBS Independent)",Sr.,DB,13,46,24,70,5.4
379,"Tyree Kinnel, Michigan (Big Ten)",Jr.,DB,13,44,26,70,5.4
379,"Dae'Von Washington, Louisiana Tech (C-USA)",Jr.,LB,13,44,26,70,5.4
379,"Trey Lomax, San Diego St. (Mountain West)",Sr.,DB,13,41,29,70,5.4
385,"Gabe Sewell, Nevada (Mountain West)",So.,LB,11,35,24,59,5.4
385,"Kyahva Tezino, San Diego St. (Mountain West)",So.,LB,11,35,24,59,5.4
387,"Uchenna Nwosu, Southern California (Pac-12)",Sr.,LB,14,47,28,75,5.4
387,"Jack Linch, Toledo (MAC)",Sr.,LB,14,30,45,75,5.4
389,"Evan Foster, Syracuse (ACC)",So.,DB,12,48,16,64,5.3
389,"Zedrick Woods, Ole Miss (SEC)",Jr.,DB,12,40,24,64,5.3
389,"Caleb Bailey, Western Mich. (MAC)",Sr.,LB,12,36,28,64,5.3
392,"Chad Adams, Arizona St. (Pac-12)",Sr.,DB,13,58,11,69,5.3
392,"TJ Carter, Memphis (AAC)",Fr.,DB,13,54,15,69,5.3
392,"Zeke Cannon, Louisville (ACC)",Sr.,DB,13,43,26,69,5.3
392,"Germaine Pratt, NC State (ACC)",Jr.,LB,13,33,36,69,5.3
396,"Scottie Young Jr., Arizona (Pac-12)",Fr.,DB,10,38,15,53,5.3
397,"Ronnie Harrison, Alabama (SEC)",Jr.,DB,14,43,31,74,5.3
398,"Chauncey Gardiner, Florida (SEC)",So.,DB,11,34,24,58,5.3
398,"Jeremy McDuffie, Duke (ACC)",Jr.,DB,11,34,24,58,5.3
400,"J.R. Reed, Georgia (SEC)",So.,DB,15,40,39,79,5.3
401,"Deshon Elliott, Texas (Big 12)",Jr.,DB,12,50,13,63,5.3
401,"Juan Thornhill, Virginia (ACC)",Jr.,DB,12,47,16,63,5.3
401,"Justin Clifton, Arkansas St. (Sun Belt)",Jr.,DB,12,43,20,63,5.3
401,"Bryan Williams, Georgia St. (Sun Belt)",Sr.,DB,12,36,27,63,5.3
401,"Santos Ramirez, Arkansas (SEC)",Jr.,DB,12,34,29,63,5.3
401,"Dorance Armstrong Jr., Kansas (Big 12)",Jr.,DL,12,33,30,63,5.3
401,"C.J. Reavis, Marshall (C-USA)",Sr.,DB,12,32,31,63,5.3
401,"Marquise Copeland, Cincinnati (AAC)",Jr.,DL,12,31,32,63,5.3
409,"Rodney Clemons, SMU (AAC)",So.,DB,13,55,13,68,5.2
409,"Kameron Kelly, San Diego St. (Mountain West)",Sr.,DB,13,54,14,68,5.2
409,"Julian Love, Notre Dame (FBS Independent)",So.,DB,13,45,23,68,5.2
409,"Reed Blankenship, Middle Tenn. (C-USA)",Fr.,DB,13,44,24,68,5.2
409,"Marcus Epps, Wyoming (Mountain West)",Jr.,DB,13,42,26,68,5.2
409,"Tre Neal, UCF (AAC)",Jr.,DB,13,41,27,68,5.2
409,"Chris Peace, Virginia (ACC)",Jr.,LB,13,32,36,68,5.2
409,"Michael Pinckney, Miami (FL) (ACC)",So.,LB,13,31,37,68,5.2
417,"Joshua Kalu, Nebraska (Big Ten)",Sr.,DB,9,34,13,47,5.2
418,"Jamal Parker, Kent St. (MAC)",So.,DB,11,40,17,57,5.2
419,"Raymond Davison III, California (Pac-12)",Sr.,LB,12,43,19,62,5.2
419,"Jonathan Crawford, Indiana (Big Ten)",Jr.,DB,12,42,20,62,5.2
419,"Will Johnson, Oklahoma (Big 12)",Sr.,DB,12,42,20,62,5.2
419,"Tim Roberts, Buffalo (MAC)",Sr.,DB,12,41,21,62,5.2
419,"Emeke Egbule, Houston (AAC)",Jr.,LB,12,36,26,62,5.2
419,"James Alexander, Kent St. (MAC)",Sr.,LB,12,35,27,62,5.2
419,"Jordan Griffin, Vanderbilt (SEC)",Jr.,LB,12,32,30,62,5.2
419,"Chris Jackson, Marshall (C-USA)",So.,DB,12,31,31,62,5.2
419,"Darrell Songy, South Alabama (Sun Belt)",Sr.,LB,12,31,31,62,5.2
428,"Shawn Featherstone, Akron (MAC)",Jr.,DB,13,38,29,67,5.2
428,"Corbin Kaufusi, BYU (FBS Independent)",Jr.,DL,13,36,31,67,5.2
428,"Brett Walsh, Northwestern (Big Ten)",Sr.,LB,13,36,31,67,5.2
428,"Titus Davis, UCF (AAC)",Jr.,LB,13,29,38,67,5.2
428,"Airius Moore, NC State (ACC)",Sr.,LB,13,29,38,67,5.2
433,"Kemon Hall, North Texas (C-USA)",Jr.,DB,14,50,22,72,5.1
434,"Cameron Goode, California (Pac-12)",Fr.,LB,9,20,26,46,5.1
435,"Lawrence Austin, Georgia Tech (ACC)",Sr.,DB,11,42,14,56,5.1
435,"Amani Hooker, Iowa (Big Ten)",So.,DB,11,41,15,56,5.1
435,"Jesse Brubaker, Tulsa (AAC)",Sr.,DL,11,28,28,56,5.1
435,"Sam Lebbie, Troy (Sun Belt)",Sr.,LB,11,17,39,56,5.1
439,"Brandon Jones, Texas (Big 12)",So.,DB,12,51,10,61,5.1
439,"Zayne Anderson, BYU (FBS Independent)",Jr.,DB,12,41,20,61,5.1
439,"John Battle, LSU (SEC)",Jr.,DB,12,36,25,61,5.1
439,"Gerran Brown, California (Pac-12)",So.,LB,12,24,37,61,5.1
443,"Ridwan Issahaku, TCU (Big 12)",Jr.,DB,13,45,21,66,5.1
443,"A.J. Howard, App State (Sun Belt)",Sr.,DB,13,41,25,66,5.1
443,"Jomez Applewhite, Southern Miss. (C-USA)",Sr.,DB,13,37,29,66,5.1
443,"Christian LaCouture, LSU (SEC)",Sr.,DL,13,10,56,66,5.1
447,"Juju Hughes, Fresno St. (Mountain West)",So.,DB,14,54,17,71,5.1
447,"Jordan George, Akron (MAC)",Jr.,DB,14,43,28,71,5.1
447,"James Bailey, Fresno St. (Mountain West)",Jr.,LB,14,39,32,71,5.1
450,"Bryce Canady, FIU (C-USA)",Sr.,DB,13,51,14,65,5
450,"Navon Mosley, Purdue (Big Ten)",So.,DB,13,43,22,65,5
450,"Jahad Woods, Washington St. (Pac-12)",Fr.,LB,13,34,31,65,5
450,"Josh Allen, Kentucky (SEC)",Jr.,LB,13,31,34,65,5
450,"Jimmie Swain, Oregon (Pac-12)",Sr.,LB,13,30,35,65,5
450,"Rashan Gary, Michigan (Big Ten)",So.,DL,13,24,41,65,5
450,"J.T. Gray, Mississippi St. (SEC)",Sr.,DB,13,22,43,65,5
450,"Chase Kuerschen, Tulane (AAC)",Fr.,DB,12,44,16,60,5
450,"Jericho Flowers, UNLV (Mountain West)",So.,DB,12,43,17,60,5
450,"R.J. Murray, Ga. Southern (Sun Belt)",Jr.,DB,12,41,19,60,5
450,"Ryan White, Vanderbilt (SEC)",Sr.,DB,12,41,19,60,5
450,"Marshe Terry, UConn (AAC)",So.,DB,12,39,21,60,5
450,"Marcus Milton, Bowling Green (MAC)",Jr.,DB,12,37,23,60,5
450,"Diamon Cannon, Tulsa (AAC)",So.,LB,12,29,31,60,5
450,"Malik Clements, Cincinnati (AAC)",Jr.,DB,12,26,34,60,5
450,"Kyle Floyd, Air Force (Mountain West)",So.,DB,12,26,34,60,5
450,"Trayvon Henderson, Hawaii (Mountain West)",Sr.,DB,11,39,16,55,5
450,"Derrick Tucker, Texas A&M (SEC)",Fr.,,11,35,20,55,5
450,"Marcus Davenport, UTSA (C-USA)",Sr.,DL,11,33,22,55,5
450,"Vosean Joseph, Florida (SEC)",So.,LB,11,22,33,55,5
450,"Krys Barnes, UCLA (Pac-12)",So.,LB,10,35,15,50,5
450,"Duke McGhee, Minnesota (Big Ten)",Sr.,DB,10,29,21,50,5
450,"Kamrin Moore, Boston College (ACC)",Sr.,DB,10,29,21,50,5
473,"Jamal Davis II, Akron (MAC)",Jr.,LB,14,39,30,69,4.9
473,"John Lako, Akron (MAC)",So.,LB,14,35,34,69,4.9
473,"Zach Quinn, Toledo (MAC)",Sr.,LB,14,34,35,69,4.9
473,"Raekwon Davis, Alabama (SEC)",So.,DL,14,24,45,69,4.9
477,"Darius Harris, Middle Tenn. (C-USA)",Jr.,LB,13,49,15,64,4.9
477,"Kyle Gibson, UCF (AAC)",Jr.,DB,13,42,22,64,4.9
477,"Justin Phillips, Oklahoma St. (Big 12)",Jr.,LB,13,42,22,64,4.9
477,"Masai Whyte, Western Ky. (C-USA)",Jr.,LB,13,36,28,64,4.9
477,"Brenton Nelson, Virginia (ACC)",Fr.,DB,13,35,29,64,4.9
482,"Afolabi Laguda, Colorado (Pac-12)",Sr.,DB,12,49,10,59,4.9
482,"Chase Lucas, Arizona St. (Pac-12)",Fr.,DB,12,46,13,59,4.9
482,"Darnell Savage, Maryland (Big Ten)",Jr.,DB,12,45,14,59,4.9
482,"Sheldrick Redwine, Miami (FL) (ACC)",Jr.,DB,12,37,22,59,4.9
482,"Bryce Cosby, Ball St. (MAC)",Fr.,DB,12,35,24,59,4.9
482,"Nik Needham, UTEP (C-USA)",Jr.,DB,12,28,31,59,4.9
482,"Russell Farris, Louisiana Tech (C-USA)",Sr.,LB,12,27,32,59,4.9
489,"Khalil Williams, Houston (AAC)",Sr.,DB,11,40,14,54,4.9
489,"Petera Wilson Jr., Tulsa (AAC)",Sr.,LB,11,28,26,54,4.9
489,"Ed Rolle, Charlotte (C-USA)",Jr.,DB,11,25,29,54,4.9
492,"Devan Stringer, App State (Sun Belt)",Sr.,LB,10,25,24,49,4.9
493,"Brandon Garner, North Texas (C-USA)",Jr.,LB,14,36,32,68,4.9
494,"Tariq Thompson, San Diego St. (Mountain West)",Fr.,DB,13,46,17,63,4.8
494,"Niko Gonzalez, FIU (C-USA)",Sr.,DB,13,45,18,63,4.8
494,"Demetrius Kemp, Wake Forest (ACC)",Jr.,DB,13,44,19,63,4.8
494,"Sutton Smith, NIU (MAC)",So.,DL,13,43,20,63,4.8
494,"Shawn Boone, NC State (ACC)",Sr.,DB,13,36,27,63,4.8
494,"Robert Taylor, Washington St. (Pac-12)",Sr.,DB,13,35,28,63,4.8
494,"Frankie Hernandez, Marshall (C-USA)",Jr.,LB,13,14,49,63,4.8
