Rank,Player,Cl,Pos,G,Solo Tack,Asst Tack,TT,TPG
1,"Evan Weaver, California (Pac-12)",Sr.,LB,13,103,79,182,14
2,"Dele Harding, Illinois (Big Ten)",Sr.,LB,13,68,85,153,11.8
3,"John Lako, Akron (MAC)",Sr.,LB,12,60,78,138,11.5
4,"Ethan Aguayo, San Jose St. (Mountain West)",Sr.,LB,9,47,55,102,11.3
5,"Javahn Fergurson, New Mexico St. (FBS Independent)",Sr.,LB,12,50,83,133,11.1
6,"Treshaun Hayward, Western Mich. (MAC)",Jr.,LB,13,72,70,142,10.9
7,"Jahad Woods, Washington St. (Pac-12)",Jr.,LB,13,73,68,141,10.8
8,"Carlton Martial, Troy (Sun Belt)",So.,LB,12,69,57,126,10.5
9,"Garret Wallow, TCU (Big 12)",Jr.,LB,12,77,48,125,10.4
9,"Bubba Arslanian, Akron (MAC)",So.,LB,12,51,74,125,10.4
11,"Alijah Halliburton, Wyoming (Mountain West)",Sr.,DB,13,73,57,130,10
11,"Darreon Jackson, Arkansas St. (Sun Belt)",Sr.,DB,12,68,52,120,10
13,"Kobie Beltram, Eastern Mich. (MAC)",Sr.,LB,13,56,72,128,9.8
14,"Bryan London II, Texas St. (Sun Belt)",Sr.,LB,12,53,65,118,9.8
15,"Jordyn Brooks, Texas Tech (Big 12)",Sr.,LB,11,66,42,108,9.8
16,"Jacob White, Ball St. (MAC)",Sr.,LB,12,60,57,117,9.8
16,"Jamal Hicks, Colorado St. (Mountain West)",Sr.,DB,12,59,58,117,9.8
18,"Nate Landman, Colorado (Pac-12)",Jr.,LB,12,83,31,114,9.5
18,"Ben Holt, Purdue (Big Ten)",Sr.,LB,12,66,48,114,9.5
18,"Cortez Sisco, Jr., ULM (Sun Belt)",Sr.,LB,12,49,65,114,9.5
21,"Justin Rice, Fresno St. (Mountain West)",Jr.,LB,12,65,47,112,9.3
21,"Cole Christiansen, Army West Point (FBS Independent)",Sr.,LB,12,63,49,112,9.3
23,"Tavante Beckett, Marshall (C-USA)",So.,LB,13,49,72,121,9.3
24,"Lawrence Garner, Old Dominion (C-USA)",Jr.,LB,12,67,44,111,9.3
25,"Rayshard Ashby, Virginia Tech (ACC)",Jr.,LB,13,61,59,120,9.2
26,"Lakiem Williams, Syracuse (ACC)",Sr.,LB,12,47,63,110,9.2
27,"Kuony Deng, California (Pac-12)",So.,LB,13,61,58,119,9.2
28,"Brandon Perce, Bowling Green (MAC)",Sr.,LB,11,46,54,100,9.1
29,"Max Richardson, Boston College (ACC)",Sr.,LB,12,72,36,108,9
29,"Talanoa Hufanga, Southern California (Pac-12)",So.,DB,10,58,32,90,9
31,"Nick Bolton, Missouri (SEC)",So.,LB,12,74,33,107,8.9
32,"Chazz Surratt, North Carolina (ACC)",Jr.,LB,13,66,49,115,8.8
33,"Cooper Edmiston, Tulsa (AAC)",Sr.,LB,12,47,59,106,8.8
34,"Omari Cobb, Marshall (C-USA)",Sr.,LB,13,45,69,114,8.8
35,"Koby Quansah, Duke (ACC)",Sr.,LB,12,42,63,105,8.8
36,"Kristian Welch, Iowa (Big Ten)",Sr.,LB,10,44,43,87,8.7
37,"Tyshon Fogg, Rutgers (Big Ten)",Jr.,LB,12,34,70,104,8.7
38,"Nate Evans, UCF (AAC)",Sr.,LB,13,69,43,112,8.6
39,"Kholbe Coleman, Bowling Green (MAC)",Jr.,LB,12,48,55,103,8.6
40,"Blaze Alldredge, Rice (C-USA)",Jr.,LB,12,55,47,102,8.5
41,"Trajan Stephens-McQueen, Georgia St. (Sun Belt)",Jr.,LB,13,62,48,110,8.5
42,"Hamsah Nasirildeen, Florida St. (ACC)",Jr.,DB,12,61,40,101,8.4
42,"De'Jon Harris, Arkansas (SEC)",Sr.,LB,12,52,49,101,8.4
44,"Kyle Bailey, Western Ky. (C-USA)",Jr.,LB,13,52,57,109,8.4
44,"Micah Parsons, Penn St. (Big Ten)",So.,LB,13,52,57,109,8.4
46,"Vince Calhoun, Eastern Mich. (MAC)",Sr.,DB,13,58,50,108,8.3
47,"Rayshad Jackson, UNLV (Mountain West)",Sr.,LB,12,61,38,99,8.3
47,"Dimitri Moore, Vanderbilt (SEC)",Jr.,LB,12,48,51,99,8.3
47,"Nikolas Daniels, Texas St. (Sun Belt)",Sr.,LB,12,36,63,99,8.3
50,"Shaquille Quarterman, Miami (FL) (ACC)",Sr.,LB,13,51,56,107,8.2
51,"Jovante Moffatt, Middle Tenn. (C-USA)",Sr.,DB,12,71,27,98,8.2
51,"Colin Schooler, Arizona (Pac-12)",Jr.,LB,12,64,34,98,8.2
53,"Grant Stuard, Houston (AAC)",Jr.,DB,12,62,35,97,8.1
53,"Ernest Jones, South Carolina (SEC)",So.,LB,12,59,38,97,8.1
53,"Jaylin Thomas, Ball St. (MAC)",Jr.,LB,12,57,40,97,8.1
53,"David Curry, Georgia Tech (ACC)",Jr.,LB,12,54,43,97,8.1
53,"Zaven Collins, Tulsa (AAC)",So.,LB,12,51,46,97,8.1
58,"Logan Wilson, Wyoming (Mountain West)",Sr.,LB,13,62,43,105,8.1
59,"Terrel Bernard, Baylor (Big 12)",So.,LB,14,53,59,112,8
59,"Kristopher Moll, UAB (C-USA)",Jr.,LB,13,69,35,104,8
59,"John Houston, Southern California (Pac-12)",Sr.,LB,13,64,40,104,8
59,"Mandela Lawrence-Burke, Kent St. (MAC)",Jr.,LB,13,52,52,104,8
59,"Troy Lefeged Jr., Utah St. (Mountain West)",Jr.,DB,13,49,55,104,8
59,"Mykal Walker, Fresno St. (Mountain West)",Sr.,LB,12,56,40,96,8
59,"Michael Lewis, UTEP (C-USA)",Sr.,DB,12,52,44,96,8
59,"Daniel Bituli, Tennessee (SEC)",Sr.,LB,11,52,36,88,8
59,"Sydney Brown, Illinois (Big Ten)",So.,DB,11,51,37,88,8
59,"Teddy  Gallagher, Coastal Carolina (Sun Belt)",Jr.,LB,11,43,45,88,8
69,"Malcolm Rodriguez, Oklahoma St. (Big 12)",Jr.,LB,13,60,43,103,7.9
69,"Marquavis Gibbs, Charlotte (C-USA)",Sr.,DB,13,53,50,103,7.9
71,"Jay Lenard, San Jose St. (Mountain West)",Jr.,DB,12,68,27,95,7.9
72,"Javon Hagan, Ohio (MAC)",Sr.,DB,13,47,55,102,7.8
72,"Khaleke Hudson, Michigan (Big Ten)",Sr.,LB,13,45,57,102,7.8
74,"Tony Fields II, Arizona (Pac-12)",Jr.,LB,12,58,36,94,7.8
74,"Bumper Pool, Arkansas (SEC)",So.,LB,12,38,56,94,7.8
76,"Tyler Coyle, UConn (AAC)",Jr.,DB,11,54,32,86,7.8
77,"Rashad Smith, Fla. Atlantic (C-USA)",Sr.,LB,14,58,51,109,7.8
78,"Akileis Leroy, Fla. Atlantic (C-USA)",Jr.,LB,13,55,46,101,7.8
79,"Jordan Fehr, App State (Sun Belt)",Sr.,LB,14,53,55,108,7.7
79,"Zane Zandier, Virginia (ACC)",Jr.,LB,14,49,59,108,7.7
81,"Amen Ogbongbemiga, Oklahoma St. (Big 12)",Jr.,LB,13,63,37,100,7.7
81,"Diego Fagot, Navy (AAC)",So.,LB,13,52,48,100,7.7
83,"DeAngelo Malone, Western Ky. (C-USA)",Jr.,DL,13,54,45,99,7.6
83,"Ryan McWood, Miami (OH) (MAC)",Jr.,LB,13,51,48,99,7.6
83,"Kyahva Tezino, San Diego St. (Mountain West)",Sr.,LB,13,43,56,99,7.6
86,"Nick Mobley, South Alabama (Sun Belt)",So.,LB,12,43,48,91,7.6
87,"Darrick Forrest, Cincinnati (AAC)",Jr.,DB,14,63,43,106,7.6
87,"Jacques Boudreaux, Louisiana (Sun Belt)",Sr.,LB,14,44,62,106,7.6
89,"Avery Roberts, Oregon St. (Pac-12)",So.,LB,11,51,32,83,7.5
90,"Richard McBryde, SMU (AAC)",Jr.,LB,13,69,29,98,7.5
90,"Demonte Meeks, Air Force (Mountain West)",Jr.,LB,13,43,55,98,7.5
92,"Jacob Phillips, LSU (SEC)",Jr.,LB,15,56,57,113,7.5
93,"Rashie Hodge Jr., New Mexico St. (FBS Independent)",Jr.,LB,12,49,41,90,7.5
94,"Paris Ford, Pittsburgh (ACC)",So.,DB,13,60,37,97,7.5
94,"B.J. Edmonds, Arkansas St. (Sun Belt)",Sr.,DB,13,56,41,97,7.5
96,"Mohamed Barry, Nebraska (Big Ten)",Sr.,LB,12,41,48,89,7.4
96,"Kyle Harmon, San Jose St. (Mountain West)",So.,LB,12,40,49,89,7.4
96,"Jordan Fisher, Toledo (MAC)",Sr.,LB,12,38,51,89,7.4
99,"Drake Spears, Western Mich. (MAC)",Sr.,LB,13,35,61,96,7.4
100,"Jeremiah Dinson, Auburn (SEC)",Sr.,DB,12,57,31,88,7.3
100,"Mykelti Williams, NIU (MAC)",Sr.,DB,12,50,38,88,7.3
100,"Blake Gallagher, Northwestern (Big Ten)",Jr.,LB,12,46,42,88,7.3
100,"Lakia Henry, Ole Miss (SEC)",Jr.,LB,12,45,43,88,7.3
100,"Paddy Fisher, Northwestern (Big Ten)",Jr.,LB,12,39,49,88,7.3
100,"KD Davis, North Texas (C-USA)",So.,LB,12,37,51,88,7.3
106,"Xavier McKinney, Alabama (SEC)",Jr.,DB,13,59,36,95,7.3
107,"Kenneth Murray, Oklahoma (Big 12)",Jr.,LB,14,69,33,102,7.3
107,"Akeem Davis-Gaither, App State (Sun Belt)",Sr.,LB,14,49,53,102,7.3
109,"Alvin Davis, Akron (MAC)",Sr.,DB,11,42,38,80,7.3
109,"Jared Dorsa, Ohio (MAC)",Sr.,LB,11,34,46,80,7.3
111,"Antoine Brooks, Maryland (Big Ten)",Sr.,LB,12,69,18,87,7.3
111,"Dylan Singleton, Duke (ACC)",Sr.,DB,12,47,40,87,7.3
111,"Joe Foucha, Arkansas (SEC)",So.,DB,12,44,43,87,7.3
111,"Dequan Jackson, Colorado St. (Mountain West)",So.,LB,12,39,48,87,7.3
115,"Solomon Ajayi, Liberty (FBS Independent)",Sr.,LB,13,47,47,94,7.2
115,"David Reese II, Florida (SEC)",Sr.,LB,13,39,55,94,7.2
117,"Andre Cisco, Syracuse (ACC)",So.,DB,9,41,24,65,7.2
118,"Josh Chandler-Semedo, West Virginia (Big 12)",So.,LB,10,40,32,72,7.2
119,"Ayinde Eley, Maryland (Big Ten)",So.,LB,11,44,35,79,7.2
120,"Stephan Blaylock, UCLA (Pac-12)",So.,DB,12,65,21,86,7.2
120,"Chris Bergin, Northwestern (Big Ten)",Jr.,LB,12,40,46,86,7.2
120,"Jordan Young, Old Dominion (C-USA)",Jr.,LB,12,38,48,86,7.2
120,"Jeff Gemmell, Charlotte (C-USA)",Sr.,LB,12,35,51,86,7.2
124,"C.J. Avery, Louisville (ACC)",Jr.,LB,13,62,31,93,7.2
124,"Ky'el Hemby, Southern Miss. (C-USA)",Jr.,DB,13,58,35,93,7.2
124,"Sage Lewis, FIU (C-USA)",Sr.,LB,13,50,43,93,7.2
124,"Devon Key, Western Ky. (C-USA)",Jr.,DB,13,47,46,93,7.2
124,"Cepeda Phillips, Kent St. (MAC)",Jr.,LB,13,40,53,93,7.2
129,"Bryan Wright, Cincinnati (AAC)",Sr.,LB,14,53,47,100,7.1
130,"Andrew Armstrong, Syracuse (ACC)",Sr.,LB,11,41,37,78,7.1
131,"Elijah Benton, Liberty (FBS Independent)",Sr.,DB,12,50,35,85,7.1
131,"Olakunle Fatukasi, Rutgers (Big Ten)",Jr.,LB,12,48,37,85,7.1
133,"Marcel Spears, Iowa St. (Big 12)",Sr.,LB,13,56,36,92,7.1
133,"Dwayne Johnson Jr., San Diego St. (Mountain West)",Jr.,DB,13,54,38,92,7.1
135,"Sterling Weatherford, Miami (OH) (MAC)",So.,DB,14,61,37,98,7
135,"Damar Hamlin, Pittsburgh (ACC)",Sr.,DB,12,60,24,84,7
135,"Cole McCubrey, Massachusetts (FBS Independent)",Jr.,LB,12,46,38,84,7
135,"Tycen Anderson, Toledo (MAC)",Jr.,DB,12,41,43,84,7
139,"Joseph Ossai, Texas (Big 12)",So.,LB,13,62,28,90,6.9
139,"Darien Butler, Arizona St. (Pac-12)",So.,LB,13,44,46,90,6.9
139,"Antjuan Simmons, Michigan St. (Big Ten)",Jr.,LB,13,44,46,90,6.9
142,"Andrew Martel, UTSA (C-USA)",Sr.,LB,12,57,26,83,6.9
142,"Ray Wilborn, Ball St. (MAC)",Sr.,DB,12,46,37,83,6.9
142,"Antonio Montero, Rice (C-USA)",So.,LB,12,32,51,83,6.9
145,"Mike Palmer, Boston College (ACC)",Jr.,DB,11,52,24,76,6.9
145,"Delano Robinson, SMU (AAC)",Jr.,LB,11,51,25,76,6.9
145,"Kamren Curl, Arkansas (SEC)",Jr.,DB,11,46,30,76,6.9
148,"Stanley Green, Illinois (Big Ten)",Sr.,DB,10,40,29,69,6.9
148,"Austin Perkins, New Mexico St. (FBS Independent)",Sr.,DB,10,33,36,69,6.9
148,"Devin Richardson, New Mexico St. (FBS Independent)",So.,LB,10,24,45,69,6.9
151,"Isaiah Simmons, Clemson (ACC)",Jr.,LB,15,67,36,103,6.9
152,"Jordan Glasgow, Michigan (Big Ten)",Sr.,DB,13,46,43,89,6.8
152,"Kevin Meitzenheimer, Utah St. (Mountain West)",Jr.,LB,13,45,44,89,6.8
152,"Terry Myrick, Eastern Mich. (MAC)",Jr.,LB,13,39,50,89,6.8
155,"Alex Hart, New Mexico (Mountain West)",Sr.,LB,12,46,36,82,6.8
156,"Joey Blount, Virginia (ACC)",Jr.,DB,14,60,35,95,6.8
157,"Antoine Winfield, Minnesota (Big Ten)",So.,DB,13,62,26,88,6.8
157,"Nazeeh Johnson, Marshall (C-USA)",Jr.,DB,13,49,39,88,6.8
159,"Evan Austrie, UNLV (Mountain West)",Sr.,DB,12,61,20,81,6.8
159,"Xavier Smith, East Carolina (AAC)",So.,LB,12,40,41,81,6.8
161,"Krys Barnes, UCLA (Pac-12)",Sr.,LB,11,49,25,74,6.7
161,"Qwuantrezz Knight, Kent St. (MAC)",Jr.,DB,11,46,28,74,6.7
163,"Patrick Macon, South Fla. (AAC)",Sr.,LB,10,39,28,67,6.7
164,"Shaun Bradley, Temple (AAC)",Sr.,LB,13,62,25,87,6.7
165,"Juju Hughes, Fresno St. (Mountain West)",Sr.,DB,12,47,33,80,6.7
165,"Tyreke Davis, North Texas (C-USA)",Jr.,LB,12,43,37,80,6.7
165,"Sean Mahone, West Virginia (Big 12)",Jr.,DB,12,42,38,80,6.7
168,"Bart Baratti, Miami (OH) (MAC)",Sr.,DB,14,53,40,93,6.6
169,"Brandon Jones, Texas (Big 12)",Sr.,DB,13,64,22,86,6.6
169,"Reynard Ellis, Ga. Southern (Sun Belt)",So.,LB,13,54,32,86,6.6
169,"Keith Sherald Jr., Kent St. (MAC)",Jr.,DB,13,53,33,86,6.6
169,"Shane Lee, Alabama (SEC)",Fr.,LB,13,47,39,86,6.6
173,"Javin White, UNLV (Mountain West)",Sr.,DB,12,54,25,79,6.6
174,"Robert King III, UConn (AAC)",So.,DB,9,35,24,59,6.6
175,"Emmanuel Rugumba, Miami (OH) (MAC)",Jr.,DB,13,58,27,85,6.5
175,"Joey Banks, Buffalo (MAC)",Sr.,DB,13,56,29,85,6.5
175,"Tyson Williams, Nevada (Mountain West)",So.,DB,13,50,35,85,6.5
175,"Noah Wilder, UAB (C-USA)",So.,LB,13,47,38,85,6.5
175,"Myles Reid, Miami (OH) (MAC)",Sr.,LB,13,45,40,85,6.5
175,"Rashad Byrd, Ga. Southern (Sun Belt)",Jr.,LB,13,44,41,85,6.5
175,"Jamal Gates, FIU (C-USA)",Jr.,LB,13,35,50,85,6.5
182,"Troy Brown, Central Mich. (MAC)",So.,LB,14,75,16,91,6.5
182,"Devin Lloyd, Utah (Pac-12)",So.,LB,14,48,43,91,6.5
182,"Bryce Cosby, Ball St. (MAC)",Jr.,DB,12,49,29,78,6.5
182,"Richie Grant, UCF (AAC)",Jr.,DB,12,47,31,78,6.5
182,"Christian Izien, Rutgers (Big Ten)",Fr.,DB,12,46,32,78,6.5
182,"Travis Whillock, Northwestern (Big Ten)",Jr.,DB,12,42,36,78,6.5
182,"Arron Mosby, Fresno St. (Mountain West)",Jr.,DB,12,40,38,78,6.5
182,"Jackson Mitchell, UConn (AAC)",Fr.,LB,10,30,35,65,6.5
190,"Troy Dye, Oregon (Pac-12)",Sr.,LB,13,52,32,84,6.5
190,"Lawrence White, Iowa St. (Big 12)",Jr.,DB,13,50,34,84,6.5
190,"Garrett Taylor, Penn St. (Big Ten)",Sr.,DB,13,48,36,84,6.5
190,"Antwon Kincade, Western Ky. (C-USA)",Jr.,DB,13,43,41,84,6.5
190,"Divine Deablo, Virginia Tech (ACC)",Jr.,DB,13,42,42,84,6.5
190,"Jeremiah Gemmel, North Carolina (ACC)",So.,LB,13,42,42,84,6.5
190,"Erroll Thompson, Mississippi St. (SEC)",Jr.,LB,13,38,46,84,6.5
197,"John Lamot, Boston College (ACC)",Jr.,LB,12,47,30,77,6.4
197,"T.J. Brunson, South Carolina (SEC)",Sr.,LB,12,44,33,77,6.4
199,"Josh Norwood, West Virginia (Big 12)",Sr.,DB,10,37,27,64,6.4
199,"Jesse Osuna, San Jose St. (Mountain West)",Sr.,LB,10,34,30,64,6.4
201,"Xavier Henderson, Michigan St. (Big Ten)",So.,DB,13,56,27,83,6.4
201,"Rodjay Burns, Louisville (ACC)",So.,DB,13,54,29,83,6.4
201,"Myles Dorn, North Carolina (ACC)",Sr.,DB,13,49,34,83,6.4
201,"Shaq Bond, Utah St. (Mountain West)",Jr.,DB,13,46,37,83,6.4
201,"Kavika Fonua, BYU (FBS Independent)",Fr.,DB,13,46,37,83,6.4
201,"Evan Fields, Arizona St. (Pac-12)",Jr.,DB,13,45,38,83,6.4
201,"Anfernee Jennings, Alabama (SEC)",Sr.,LB,13,45,38,83,6.4
201,"Justin Tranquill, Western Mich. (MAC)",Sr.,DB,13,44,39,83,6.4
201,"Arik Smith, Army West Point (FBS Independent)",So.,LB,13,39,44,83,6.4
201,"Dylan Conner, Ohio (MAC)",Sr.,LB,13,28,55,83,6.4
211,"Monty Rice, Georgia (SEC)",Jr.,LB,14,50,39,89,6.4
211,"Jordan Williams, Baylor (Big 12)",Sr.,LB,14,47,42,89,6.4
213,"Chase Kuerschen, Tulane (AAC)",Jr.,DB,12,58,18,76,6.3
213,"Riko Jeffers, Texas Tech (Big 12)",Jr.,LB,12,53,23,76,6.3
213,"Logan Stewart, Colorado St. (Mountain West)",Jr.,DB,12,46,30,76,6.3
213,"Jeremy Fejedelem, Air Force (Mountain West)",Sr.,DB,12,43,33,76,6.3
213,"Alexander Vainikolo, New Mexico (Mountain West)",Sr.,LB,12,42,34,76,6.3
213,"Evan Foster, Syracuse (ACC)",Sr.,DB,12,35,41,76,6.3
219,"Kyle Johnson, Air Force (Mountain West)",Sr.,LB,13,38,44,82,6.3
220,"Payton Wilson, NC State (ACC)",Fr.,LB,11,36,33,69,6.3
221,"Dwayne Boyles, South Fla. (AAC)",So.,LB,12,48,27,75,6.3
221,"Tyler Glass, ULM (Sun Belt)",Jr.,DB,12,39,36,75,6.3
223,"Jack Koerner, Iowa (Big Ten)",So.,DB,13,49,32,81,6.2
223,"Ryan Smenda, Jr., Wake Forest (ACC)",So.,LB,13,38,43,81,6.2
223,"Brody Hoying, Eastern Mich. (MAC)",Sr.,DB,13,37,44,81,6.2
223,"Kevin Brennan, Navy (AAC)",So.,DB,13,31,50,81,6.2
227,"Michael Oliver, Central Mich. (MAC)",Sr.,LB,14,49,38,87,6.2
228,"Matthew Young, New Mexico St. (FBS Independent)",So.,LB,10,15,47,62,6.2
229,"Tanner Ingle, NC State (ACC)",So.,DB,11,37,31,68,6.2
230,"Keandre Jones, Maryland (Big Ten)",Jr.,LB,12,49,25,74,6.2
230,"DQ Thomas, Middle Tenn. (C-USA)",Jr.,LB,12,47,27,74,6.2
230,"Devin Studstill, South Fla. (AAC)",Sr.,DB,12,46,28,74,6.2
230,"Saeed Holt, Toledo (MAC)",So.,DB,12,39,35,74,6.2
234,"Patrick Nelson, SMU (AAC)",Sr.,DB,13,58,22,80,6.2
234,"Khane Pass, Louisville (ACC)",Sr.,DB,13,57,23,80,6.2
234,"Jeremiah Owusu-Koramoah, Notre Dame (FBS Independent)",Jr.,LB,13,54,26,80,6.2
234,"Drew White, Notre Dame (FBS Independent)",Jr.,LB,13,48,32,80,6.2
234,"Jessie Lemonier, Liberty (FBS Independent)",Sr.,DL,13,43,37,80,6.2
234,"Nick Faulkner, Kent St. (MAC)",Sr.,LB,13,39,41,80,6.2
240,"Jacoby Stevens, LSU (SEC)",Jr.,DB,15,53,39,92,6.1
241,"Frankie Griffin, Texas St. (Sun Belt)",Sr.,LB,11,36,31,67,6.1
242,"Mike Lee, Kansas (Big 12)",Sr.,DB,12,55,18,73,6.1
242,"Damarion Williams, Houston (AAC)",Jr.,DB,12,54,19,73,6.1
242,"Justin Rogers, UTEP (C-USA)",Sr.,DB,12,51,22,73,6.1
242,"Marquis Waters, Duke (ACC)",Jr.,DB,12,47,26,73,6.1
242,"Omar Speights, Oregon St. (Pac-12)",Fr.,LB,12,43,30,73,6.1
247,"Kenderick Duncan Jr., Ga. Southern (Sun Belt)",So.,DB,13,56,23,79,6.1
247,"Elijah Riley, Army West Point (FBS Independent)",Sr.,DB,13,55,24,79,6.1
247,"Elijah Molden, Washington (Pac-12)",Jr.,DB,13,49,30,79,6.1
247,"Asmar Bilal, Notre Dame (FBS Independent)",Sr.,LB,13,48,31,79,6.1
251,"Francis Bernard, Utah (Pac-12)",Sr.,LB,14,45,40,85,6.1
252,"James Skalski, Clemson (ACC)",Jr.,LB,15,46,45,91,6.1
253,"Rodney Clemons, SMU (AAC)",Sr.,DB,13,49,29,78,6
253,"Kenny Willekes, Michigan St. (Big Ten)",Sr.,DL,13,32,46,78,6
253,"Davion Taylor, Colorado (Pac-12)",Sr.,LB,12,57,15,72,6
253,"DJ Daniels, South Alabama (Sun Belt)",Sr.,DB,12,51,21,72,6
253,"Will Honas, Nebraska (Big Ten)",Jr.,LB,12,43,29,72,6
253,"Jamari Bozeman, Bowling Green (MAC)",Sr.,DB,10,37,23,60,6
259,"Riley Whimpey, Boise St. (Mountain West)",Jr.,LB,14,37,46,83,5.9
260,"Jaquarius Landrews, Mississippi St. (SEC)",Sr.,DB,13,45,32,77,5.9
260,"Eric Mitchell, UCF (AAC)",Jr.,LB,13,42,35,77,5.9
260,"Eriq Gilyard, UCF (AAC)",So.,LB,13,41,36,77,5.9
260,"Mike Rose, Iowa St. (Big 12)",So.,LB,13,39,38,77,5.9
260,"Buddy Johnson, Texas A&M (SEC)",Jr.,LB,13,38,39,77,5.9
265,"Kolby Harvell-Peel, Oklahoma St. (Big 12)",So.,DB,12,49,22,71,5.9
265,"Bryce Torneden, Kansas (Big 12)",Sr.,DB,12,49,22,71,5.9
265,"Christian Albright, Ball St. (MAC)",Jr.,LB,12,42,29,71,5.9
265,"Andrew Pryts, Stanford (Pac-12)",Sr.,LB,12,40,31,71,5.9
265,"Davondre Robinson, East Carolina (AAC)",Jr.,DB,12,40,31,71,5.9
265,"Demani Richardson, Texas A&M (SEC)",Fr.,DB,12,38,33,71,5.9
265,"Jacquez Jones, Ole Miss (SEC)",So.,LB,12,27,44,71,5.9
272,"Chris Miller, Baylor (Big 12)",Sr.,DB,13,54,22,76,5.8
272,"DQ Thomas, Southern Miss. (C-USA)",Sr.,DB,13,48,28,76,5.8
272,"Matt Otwinowski, Buffalo (MAC)",Sr.,LB,13,38,38,76,5.8
275,"Tre Sterling, Oklahoma St. (Big 12)",So.,DB,12,41,29,70,5.8
275,"Farrell Hester II, UNLV (Mountain West)",Jr.,LB,12,39,31,70,5.8
275,"Dedarallo Blue, Toledo (MAC)",Sr.,DB,12,36,34,70,5.8
275,"Omar Fortt, UConn (AAC)",Jr.,LB,12,35,35,70,5.8
279,"Michael Pinckney, Miami (FL) (ACC)",Sr.,LB,11,40,24,64,5.8
279,"Wylan Free, Fresno St. (Mountain West)",So.,DB,11,33,31,64,5.8
281,"Matt Hankins, Iowa (Big Ten)",Jr.,DB,10,37,21,58,5.8
282,"Terrell Burgess, Utah (Pac-12)",Sr.,DB,14,50,31,81,5.8
282,"Perry Young, Cincinnati (AAC)",Sr.,DB,14,46,35,81,5.8
284,"Tysyn Parker, San Jose St. (Mountain West)",Jr.,LB,9,26,26,52,5.8
284,"Brandon Hill, Duke (ACC)",Jr.,LB,9,22,30,52,5.8
286,"Delarrin Turner-Yell, Oklahoma (Big 12)",So.,DB,13,60,15,75,5.8
286,"Alex Highsmith, Charlotte (C-USA)",Sr.,DL,13,43,32,75,5.8
286,"Austin Hall, Memphis (AAC)",Sr.,LB,13,42,33,75,5.8
286,"Connor Taylor, Louisiana Tech (C-USA)",Sr.,LB,13,40,35,75,5.8
286,"Tyriq Thompson, Michigan St. (Big Ten)",Sr.,LB,13,20,55,75,5.8
291,"DeAndre Square, Kentucky (SEC)",So.,LB,12,48,21,69,5.8
291,"Geronda Hall Jr., Old Dominion (C-USA)",So.,DB,12,32,37,69,5.8
293,"Taylor Robinson, North Texas (C-USA)",Sr.,DB,11,37,26,63,5.7
294,"Jack Sanborn, Wisconsin (Big Ten)",So.,LB,14,50,30,80,5.7
295,"Tae Daley, Vanderbilt (SEC)",Jr.,DB,10,35,22,57,5.7
296,"Antwan Collier, UCF (AAC)",Jr.,DB,13,50,24,74,5.7
296,"Devonni Reed, Central Mich. (MAC)",So.,DB,13,49,25,74,5.7
296,"Daniel Thomas, Auburn (SEC)",Sr.,DB,13,47,27,74,5.7
296,"Yusuf Corker, Kentucky (SEC)",So.,DB,13,46,28,74,5.7
296,"Josh Metellus, Michigan (Big Ten)",Sr.,DB,13,41,33,74,5.7
296,"Alohi Gilman, Notre Dame (FBS Independent)",Sr.,DB,13,32,42,74,5.7
302,"Patrick Queen, LSU (SEC)",Jr.,LB,15,37,48,85,5.7
302,"Jericho Flowers, UNLV (Mountain West)",Sr.,DB,12,54,14,68,5.7
302,"Jalen Julius, Ole Miss (SEC)",Sr.,DB,12,50,18,68,5.7
302,"Braxton Lewis, Iowa St. (Big 12)",Sr.,DB,12,41,27,68,5.7
302,"Shaka Heyward, Duke (ACC)",Fr.,LB,12,39,29,68,5.7
302,"Khairi Muhammad, North Texas (C-USA)",Sr.,DB,12,31,37,68,5.7
308,"Tariq Carpenter, Georgia Tech (ACC)",Jr.,DB,11,48,14,62,5.6
308,"Jason Simmons Jr., New Mexico St. (FBS Independent)",Fr.,DB,11,42,20,62,5.6
308,"Matt Bahr, Kent St. (MAC)",Sr.,LB,11,36,26,62,5.6
308,"Saleem Brightwell, Pittsburgh (ACC)",Sr.,LB,11,30,32,62,5.6
312,"Ja'Cquez Williams, Wake Forest (ACC)",Jr.,LB,13,46,27,73,5.6
312,"Isaiah Pola-Mao, Southern California (Pac-12)",So.,DB,13,45,28,73,5.6
312,"Logan Wescott, Arkansas St. (Sun Belt)",Sr.,DB,13,44,29,73,5.6
312,"L'Jarius Sneed, Louisiana Tech (C-USA)",Sr.,DB,13,43,30,73,5.6
312,"Anthony Hines, Texas A&M (SEC)",Jr.,LB,13,39,34,73,5.6
317,"Carl Austin III, UTSA (C-USA)",Sr.,DB,12,47,20,67,5.6
317,"Brandon Johnson, Tulsa (AAC)",Sr.,DB,12,45,22,67,5.6
317,"Marquel Dismuke, Nebraska (Big Ten)",Jr.,DB,12,42,25,67,5.6
317,"Lawrence Graham, Tulane (AAC)",Sr.,LB,12,42,25,67,5.6
317,"Brian Cole II, Mississippi St. (SEC)",Sr.,DB,12,38,29,67,5.6
317,"Collin Miller, Nebraska (Big Ten)",Jr.,LB,12,36,31,67,5.6
323,"Chris Orr, Wisconsin (Big Ten)",Sr.,LB,14,42,36,78,5.6
324,"Louis Acceus, NC State (ACC)",Jr.,LB,9,27,23,50,5.6
325,"J.T. Ibe, South Carolina (SEC)",Sr.,DB,11,46,15,61,5.5
325,"Mikial Onu, Colorado (Pac-12)",Sr.,DB,11,44,17,61,5.5
325,"Russ Yeast, Louisville (ACC)",Jr.,DB,11,38,23,61,5.5
325,"Chase Day, ULM (Sun Belt)",Sr.,LB,11,23,38,61,5.5
329,"DJ Williams, Utah St. (Mountain West)",Sr.,DB,13,52,20,72,5.5
329,"Chapelle Russell, Temple (AAC)",Sr.,LB,13,47,25,72,5.5
329,"Skyler Thomas, Washington St. (Pac-12)",Jr.,DB,13,41,31,72,5.5
329,"Emmett Rice, Florida St. (ACC)",Jr.,LB,13,40,32,72,5.5
329,"Merlin Robertson, Arizona St. (Pac-12)",So.,LB,13,34,38,72,5.5
329,"Henry To'o To'o, Tennessee (SEC)",Fr.,LB,13,33,39,72,5.5
329,"Jermayne Lole, Arizona St. (Pac-12)",So.,DL,13,30,42,72,5.5
329,"Cam Brown, Penn St. (Big Ten)",Sr.,LB,13,28,44,72,5.5
337,"Khoury Bethley, Hawaii (Mountain West)",So.,DB,15,61,22,83,5.5
338,"Scottie Young Jr., Arizona (Pac-12)",Jr.,DB,12,50,16,66,5.5
338,"Anthony Pandy, Arizona (Pac-12)",Jr.,LB,12,49,17,66,5.5
338,"O'Rien Vance, Iowa St. (Big 12)",So.,LB,12,34,32,66,5.5
338,"Shamad Lomax, New Mexico St. (FBS Independent)",Sr.,DB,12,31,35,66,5.5
338,"Mike Ruane, Massachusetts (FBS Independent)",Jr.,LB,12,25,41,66,5.5
338,"James Jackson, Louisiana Tech (C-USA)",Sr.,DB,10,36,19,55,5.5
344,"Jarren Hampton, Ohio (MAC)",Sr.,DB,13,44,27,71,5.5
345,"Jerry Roberts, Bowling Green (MAC)",So.,LB,11,33,27,60,5.5
346,"Davon Brown, Fla. Atlantic (C-USA)",Sr.,DB,14,54,22,76,5.4
346,"Zack Baun, Wisconsin (Big Ten)",Sr.,LB,14,53,23,76,5.4
348,"Nasir Greer, Wake Forest (ACC)",So.,DB,12,44,21,65,5.4
348,"Charlie Thomas, Georgia Tech (ACC)",So.,LB,12,42,23,65,5.4
348,"Martin Mangram, Massachusetts (FBS Independent)",Sr.,DB,12,38,27,65,5.4
348,"Greg Eisworth, Iowa St. (Big 12)",Jr.,DB,12,37,28,65,5.4
348,"Cam'ron Carter, Colorado St. (Mountain West)",So.,LB,12,24,41,65,5.4
353,"Solomon Matautia, Hawaii (Mountain West)",Sr.,LB,15,44,37,81,5.4
353,"Damarcus Fields, Texas Tech (Big 12)",Jr.,DB,10,46,8,54,5.4
353,"Chance Campbell, Maryland (Big Ten)",So.,LB,10,37,17,54,5.4
356,"Tyrone Hill, Buffalo (MAC)",Jr.,DB,13,47,23,70,5.4
356,"Geno Stone, Iowa (Big Ten)",Jr.,DB,13,46,24,70,5.4
356,"Dorian Etheridge, Louisville (ACC)",Jr.,LB,13,45,25,70,5.4
356,"Victor Heyward, Georgia St. (Sun Belt)",Jr.,LB,13,41,29,70,5.4
356,"Ja'Cione Fugate, Charlotte (C-USA)",Jr.,DB,13,39,31,70,5.4
356,"Nigel Warrior, Tennessee (SEC)",Sr.,DB,13,39,31,70,5.4
356,"Justus Rogers, Washington St. (Pac-12)",Jr.,LB,13,35,35,70,5.4
363,"Malik Harrison, Ohio St. (Big Ten)",Sr.,LB,14,49,26,75,5.4
364,"Nick Harvey, North Texas (C-USA)",Sr.,DB,12,44,20,64,5.3
364,"Curtis Robinson, Stanford (Pac-12)",Sr.,LB,12,37,27,64,5.3
364,"Keion White, Old Dominion (C-USA)",So.,DL,12,32,32,64,5.3
364,"Treshawn Chamberlain, Rice (C-USA)",So.,LB,12,31,33,64,5.3
364,"Tyris Lebeau, Massachusetts (FBS Independent)",Jr.,DB,9,23,25,48,5.3
369,"Xavier Cullens, Memphis (AAC)",So.,LB,13,46,23,69,5.3
369,"Reggie Floyd, Virginia Tech (ACC)",Sr.,DB,13,39,30,69,5.3
369,"Jacob Springer, Navy (AAC)",Jr.,DB,13,39,30,69,5.3
369,"K.J. Britt, Auburn (SEC)",Jr.,LB,13,37,32,69,5.3
369,"Jordan Mack, Virginia (ACC)",Sr.,LB,13,36,33,69,5.3
369,"Tahjea Chambers, Arkansas St. (Sun Belt)",Jr.,LB,13,35,34,69,5.3
369,"Amari Gainer, Florida St. (ACC)",Fr.,LB,13,31,38,69,5.3
376,"Sione Tupou, UTEP (C-USA)",So.,LB,10,26,27,53,5.3
377,"Shawn Wilson, Oregon St. (Pac-12)",Sr.,DB,11,40,18,58,5.3
377,"Dashaun Jerkins, Vanderbilt (SEC)",So.,DB,11,34,24,58,5.3
379,"Douglas Coleman, Texas Tech (Big 12)",Sr.,DB,12,50,13,63,5.3
379,"Jarron Morris, Texas St. (Sun Belt)",So.,DB,12,49,14,63,5.3
379,"Derrick Barnes, Purdue (Big Ten)",Jr.,DL,12,47,16,63,5.3
379,"Khalil Brooks, Middle Tenn. (C-USA)",Sr.,LB,12,45,18,63,5.3
379,"Nick Roberts, South Fla. (AAC)",So.,DB,12,43,20,63,5.3
379,"Dell Pettus, Troy (Sun Belt)",Fr.,DB,12,39,24,63,5.3
379,"Kendall Futrell, East Carolina (AAC)",Sr.,DL,12,37,26,63,5.3
379,"Greg Reaves, South Fla. (AAC)",Sr.,DL,12,36,27,63,5.3
379,"Gerard Stringer, East Carolina (AAC)",So.,LB,12,34,29,63,5.3
388,"P.J. Hall, Tulane (AAC)",Sr.,DB,13,51,17,68,5.2
388,"Sam Franklin, Temple (AAC)",Sr.,LB,13,49,19,68,5.2
388,"Da'Quaun Jamison, Central Mich. (MAC)",Sr.,DB,13,47,21,68,5.2
388,"Chamarri Conner, Virginia Tech (ACC)",So.,DB,13,45,23,68,5.2
388,"Myles Bryant, Washington (Pac-12)",Sr.,DB,13,43,25,68,5.2
388,"Brandon Wellington, Washington (Pac-12)",Sr.,LB,13,42,26,68,5.2
388,"Aidan Hutchinson, Michigan (Big Ten)",So.,DL,13,34,34,68,5.2
388,"Kekoa Nawahine, Boise St. (Mountain West)",Sr.,DB,13,29,39,68,5.2
396,"Noel Cook, App State (Sun Belt)",Sr.,LB,14,29,44,73,5.2
397,"Colby Gore, East Carolina (AAC)",Sr.,DB,10,40,12,52,5.2
397,"Eric Popp, Ohio (MAC)",Sr.,LB,10,23,29,52,5.2
399,"Ashtyn Davis, California (Pac-12)",Sr.,DB,11,33,24,57,5.2
400,"Dayan Ghanwoloku, BYU (FBS Independent)",Sr.,DB,12,48,14,62,5.2
400,"Jammie Robinson, South Carolina (SEC)",Fr.,DB,12,46,16,62,5.2
400,"Trevon Moehrig, TCU (Big 12)",So.,DB,12,43,19,62,5.2
400,"Hamilcar Rashed Jr., Oregon St. (Pac-12)",Jr.,LB,12,42,20,62,5.2
404,"Nate Hobbs, Illinois (Big Ten)",Jr.,DB,13,44,23,67,5.2
404,"AJ Thomas, Western Mich. (MAC)",Jr.,DB,13,41,26,67,5.2
404,"Lamont Wade, Penn St. (Big Ten)",Jr.,DB,13,39,28,67,5.2
404,"Dax Hollifield, Virginia Tech (ACC)",So.,LB,13,21,46,67,5.2
408,"Josh Thomas, App State (Sun Belt)",Sr.,DB,14,50,22,72,5.1
408,"Charles Snowden, Virginia (ACC)",Jr.,LB,14,36,36,72,5.1
410,"Jerrick Reed II, New Mexico (Mountain West)",So.,DB,10,35,16,51,5.1
410,"Brendon Harris, Vanderbilt (SEC)",So.,DB,10,32,19,51,5.1
410,"Jordan Anderson, Bowling Green (MAC)",Fr.,DB,10,27,24,51,5.1
413,"Delrick Abrams, Colorado (Pac-12)",Sr.,DB,11,42,14,56,5.1
414,"Donavan Mutin, Houston (AAC)",So.,LB,12,35,26,61,5.1
414,"A.J. DeShazor, South Alabama (Sun Belt)",So.,DB,12,32,29,61,5.1
414,"Tron Folsom, Colorado St. (Mountain West)",Sr.,LB,12,32,29,61,5.1
414,"Bruce Bivens, East Carolina (AAC)",Jr.,LB,12,31,30,61,5.1
414,"Dion Novil, North Texas (C-USA)",Jr.,DL,12,28,33,61,5.1
414,"Caeveon Patton, Texas St. (Sun Belt)",Jr.,DL,12,18,43,61,5.1
420,"Marcus Strong, Washington St. (Pac-12)",Sr.,DB,13,46,20,66,5.1
420,"Khaylan Thomas, Arizona St. (Pac-12)",Sr.,LB,13,45,21,66,5.1
420,"Henry Segura, Charlotte (C-USA)",So.,LB,13,42,24,66,5.1
420,"Cameron McGrone, Michigan (Big Ten)",So.,LB,13,38,28,66,5.1
420,"Gurvan Hall, Jr., Miami (FL) (ACC)",So.,DB,13,37,29,66,5.1
420,"Thomas Barber, Minnesota (Big Ten)",Sr.,LB,13,35,31,66,5.1
426,"Elijah Sullivan, Kansas St. (Big 12)",Jr.,LB,13,46,19,65,5
426,"Trey Rucker, Wake Forest (ACC)",Fr.,DB,13,39,26,65,5
426,"Caleb Bonner, Arkansas St. (Sun Belt)",Jr.,LB,13,35,30,65,5
426,"Collin Scott, Louisiana Tech (C-USA)",Sr.,LB,13,30,35,65,5
426,"Leo Lewis, Mississippi St. (SEC)",Sr.,LB,13,23,42,65,5
426,"Amik Robertson, Louisiana Tech (C-USA)",Jr.,DB,12,44,16,60,5
426,"Juanyeh Thomas, Georgia Tech (ACC)",So.,DB,12,44,16,60,5
426,"Dominique Ross, North Carolina (ACC)",Sr.,LB,12,38,22,60,5
426,"Casey Toohill, Stanford (Pac-12)",Sr.,LB,12,38,22,60,5
426,"Stanford Samuels III, Florida St. (ACC)",Jr.,DB,12,37,23,60,5
426,"Rashaad Harding, ULM (Sun Belt)",Jr.,LB,12,30,30,60,5
426,"Tarron Jackson, Coastal Carolina (Sun Belt)",Jr.,DL,12,28,32,60,5
426,"Jarvis Miller, Massachusetts (FBS Independent)",Sr.,LB,12,26,34,60,5
426,"Austin Lee, BYU (FBS Independent)",Sr.,DB,11,36,19,55,5
426,"Jon Haynes, Ole Miss (SEC)",Jr.,DB,11,31,24,55,5
441,"Chad Smith, Clemson (ACC)",Sr.,LB,15,34,40,74,4.9
442,"Denzel Goolsby, Kansas St. (Big 12)",Sr.,DB,13,44,20,64,4.9
442,"Patrick  Lupro, Western Mich. (MAC)",So.,DB,13,41,23,64,4.9
442,"Trevor Denbow, SMU (AAC)",Jr.,LB,13,39,25,64,4.9
442,"Randy Wade Jr., Ga. Southern (Sun Belt)",Sr.,LB,13,34,30,64,4.9
442,"Jan Johnson, Penn St. (Big Ten)",Sr.,LB,13,23,41,64,4.9
447,"Samuel Womack, Toledo (MAC)",Jr.,DB,12,49,10,59,4.9
447,"Israel Mukuamu, South Carolina (SEC)",So.,DB,12,45,14,59,4.9
447,"Keith Gallmon, South Alabama (Sun Belt)",So.,DB,12,43,16,59,4.9
447,"Harrison Hand, Temple (AAC)",Jr.,DB,12,43,16,59,4.9
447,"Riley Cole, South Alabama (Sun Belt)",Jr.,LB,12,37,22,59,4.9
447,"Kelvin Johnson, South Alabama (Sun Belt)",So.,LB,12,35,24,59,4.9
447,"Isaiah Davis, Maryland (Big Ten)",Sr.,LB,12,34,25,59,4.9
447,"Jared Mayden, Alabama (SEC)",Sr.,DB,12,31,28,59,4.9
447,"Vinny Labus, NIU (MAC)",So.,LB,12,24,35,59,4.9
447,"Calvin Brewton, Old Dominion (C-USA)",Sr.,DB,12,19,40,59,4.9
457,"Emmanuel Jones, Colorado St. (Mountain West)",Jr.,DL,11,32,22,54,4.9
457,"Johnny Hernandez, New Mexico (Mountain West)",Sr.,DB,11,30,24,54,4.9
459,"D.J. Morgan, UConn (AAC)",Jr.,DB,10,20,29,49,4.9
460,"Blake Lynch, Baylor (Big 12)",Sr.,DB,14,44,24,68,4.9
461,"Camryn Bynum, California (Pac-12)",Jr.,DB,13,39,24,63,4.8
461,"Milo Eifler, Illinois (Big Ten)",Jr.,LB,13,39,24,63,4.8
461,"Christian  Harris, Alabama (SEC)",Fr.,LB,13,29,34,63,4.8
464,"Hakeem Bailey, West Virginia (Big 12)",Sr.,DB,12,43,15,58,4.8
464,"EJ Muhammad, Nevada (Mountain West)",Sr.,DB,12,40,18,58,4.8
464,"Cam Johnson, North Texas (C-USA)",Jr.,DB,12,39,19,58,4.8
464,"Kash Daniel, Kentucky (SEC)",Sr.,LB,12,37,21,58,4.8
464,"Antonio Grier, South Fla. (AAC)",So.,LB,12,35,23,58,4.8
464,"Garrett Kauppila, Air Force (Mountain West)",Sr.,DB,12,35,23,58,4.8
464,"Shannon Showers, Southern Miss. (C-USA)",So.,DB,12,35,23,58,4.8
464,"Tre Webb, San Jose St. (Mountain West)",Jr.,DB,12,35,23,58,4.8
464,"Javon Scruggs, Liberty (FBS Independent)",So.,DB,12,32,26,58,4.8
473,"Brad Hawkins, Michigan (Big Ten)",Jr.,DB,11,30,23,53,4.8
473,"Isaiah Moore, NC State (ACC)",So.,LB,11,26,27,53,4.8
475,"Alex Spillum, Coastal Carolina (Sun Belt)",So.,DB,9,22,21,43,4.8
476,"Jamal Parker, Kent St. (MAC)",Sr.,DB,13,43,19,62,4.8
476,"Cam Bright, Pittsburgh (ACC)",So.,LB,13,40,22,62,4.8
476,"Markees Watts, Charlotte (C-USA)",So.,LB,13,30,32,62,4.8
479,"Davon Ferguson, Kansas (Big 12)",So.,DB,12,42,15,57,4.8
479,"Adrian Hynson, UTEP (C-USA)",Sr.,DB,12,40,17,57,4.8
479,"Xavier Benson, Texas Tech (Big 12)",Fr.,RB,12,36,21,57,4.8
479,"Daniel Charles, East Carolina (AAC)",So.,DB,12,33,24,57,4.8
479,"Cameron Goode, California (Pac-12)",Jr.,LB,12,33,24,57,4.8
479,"Jashon Waddy, Texas St. (Sun Belt)",Sr.,DB,12,32,25,57,4.8
479,"Jalen Smith, Texas St. (Sun Belt)",Jr.,DB,12,31,26,57,4.8
479,"George Nyakwol, Rice (C-USA)",Jr.,DB,12,30,27,57,4.8
479,"Manny Bunch, Tulsa (AAC)",Sr.,DB,12,29,28,57,4.8
479,"Leonard Warner III, Florida St. (ACC)",Jr.,LB,12,25,32,57,4.8
479,"Cristian Williams, Tulsa (AAC)",Sr.,DB,12,25,32,57,4.8
490,"K'Von Wallace, Clemson (ACC)",Sr.,DB,15,48,23,71,4.7
491,"Josh Caldwell, UTEP (C-USA)",Jr.,DB,11,36,16,52,4.7
492,"Jarell White, Cincinnati (AAC)",Jr.,LB,14,43,23,66,4.7
492,"Jevon Holland, Oregon (Pac-12)",So.,DB,14,40,26,66,4.7
494,"Micah McFadden, Indiana (Big Ten)",So.,LB,13,42,19,61,4.7
494,"Djimon Colbert, Iowa (Big Ten)",So.,LB,13,34,27,61,4.7
494,"Cassh Maluia, Wyoming (Mountain West)",Sr.,LB,13,33,28,61,4.7
494,"Kana'i Mauga, Southern California (Pac-12)",So.,LB,13,32,29,61,4.7
494,"Paul Carothers, Navy (AAC)",Sr.,LB,13,24,37,61,4.7
499,"Kobe Williams, Arizona St. (Pac-12)",Sr.,DB,12,42,14,56,4.7
499,"Gavin Potter, Kansas (Big 12)",Fr.,LB,12,37,19,56,4.7
499,"Antonyo Sotolongo, Bowling Green (MAC)",Sr.,DB,12,37,19,56,4.7
499,"TJ Harris, Troy (Sun Belt)",So.,DB,12,29,27,56,4.7
499,"Ishmael Davis, Texas St. (Sun Belt)",Sr.,DL,12,18,38,56,4.7
499,"Harrell Blackmon, Old Dominion (C-USA)",Jr.,DB,9,24,18,42,4.7
