Rank,Player,Cl,Pos,G,Solo Tack,Asst Tack,TT,TPG
1,"Keith Smith, San Jose St. (Mountain West)",Sr.,LB,12,78,81,159,13.3
2,"Tyler Matakevich, Temple (AAC)",So.,LB,12,105,31,136,11.3
3,"Jordan Stanton, Wyoming (Mountain West)",Jr.,LB,12,71,63,134,11.2
4,"Jeremiah George, Iowa St. (Big 12)",Sr.,LB,12,83,50,133,11.1
4,"Michael Mudoh, Tulsa (C-USA)",So.,DB,12,60,73,133,11.1
6,"Uani 'Unga, BYU (FBS Independent)",Sr.,LB,13,61,82,143,11
7,"Cody Peterson, Navy (FBS Independent)",Sr.,LB,13,94,48,142,10.9
8,"Davis Cazares, New Mexico St. (FBS Independent)",Sr.,DB,10,53,56,109,10.9
9,"Marqueston Huff, Wyoming (Mountain West)",Sr.,DB,12,74,53,127,10.6
10,"Jake Doughty, Utah St. (Mountain West)",Sr.,LB,14,42,106,148,10.6
11,"Shawn Jackson, Tulsa (C-USA)",Sr.,LB,12,76,48,124,10.3
12,"Efrem Oliphant, Houston (AAC)",Jr.,LB,13,70,64,134,10.3
12,"Qushaun Lee, Arkansas St. (Sun Belt)",Jr.,LB,13,61,73,134,10.3
14,"Ramik Wilson, Georgia (SEC)",Jr.,LB,13,78,55,133,10.2
15,"Ryan Shazier, Ohio St. (Big Ten)",Jr.,LB,14,101,42,143,10.2
16,"Justin Cherocci, Central Mich. (MAC)",Jr.,LB,12,47,74,121,10.1
17,"Justin Anderson, Louisiana (Sun Belt)",Sr.,LB,13,77,54,131,10.1
18,"Jacques Washington, Iowa St. (Big 12)",Sr.,DB,12,79,40,119,9.9
18,"Jonathan Brown, Illinois (Big Ten)",Sr.,LB,12,62,57,119,9.9
20,"Chase Murdock, Toledo (MAC)",So.,LB,11,49,60,109,9.9
21,"Junior Sylvestre, Toledo (MAC)",Jr.,DB,12,64,54,118,9.8
21,"Yawin Smallwood, UConn (AAC)",Jr.,LB,12,51,67,118,9.8
23,"Randall Joyner, SMU (AAC)",Sr.,LB,10,49,49,98,9.8
24,"Ben Ingle, Ball St. (MAC)",Jr.,LB,12,43,73,116,9.7
25,"Max Morgan, Colorado St. (Mountain West)",Jr.,LB,14,71,63,134,9.6
26,"David Helton, Duke (ACC)",Jr.,LB,14,46,87,133,9.5
27,"Steve Longa, Rutgers (AAC)",Fr.,LB,13,51,72,123,9.5
28,"Justin Currie, Western Mich. (MAC)",Jr.,DB,12,60,53,113,9.4
29,"Zachary Orr, North Texas (C-USA)",Sr.,LB,13,56,66,122,9.4
30,"Chris Borland, Wisconsin (Big Ten)",Sr.,LB,12,73,39,112,9.3
30,"Damien Proby, Northwestern (Big Ten)",Sr.,LB,12,65,47,112,9.3
32,"Shamari Benton, Central Mich. (MAC)",Sr.,LB,12,49,62,111,9.3
32,"Stanley Andre, Massachusetts (MAC)",Jr.,LB,12,42,69,111,9.3
34,"Will Smith, Texas Tech (Big 12)",Sr.,LB,13,86,34,120,9.2
35,"T.T. Barber, Middle Tenn. (C-USA)",So.,LB,13,73,46,119,9.2
36,"Derrick Mathews, Houston (AAC)",Jr.,LB,13,74,42,116,8.9
37,"Addison Gillam, Colorado (Pac-12)",Fr.,LB,12,71,36,107,8.9
37,"Jatavis Brown, Akron (MAC)",So.,LB,12,57,50,107,8.9
39,"Kent Kern, Miami (OH) (MAC)",So.,LB,11,54,44,98,8.9
40,"David Mayo, Texas St. (Sun Belt)",Fr.,DB,10,60,29,89,8.9
41,"Joey Nichol, Air Force (Mountain West)",Jr.,LB,9,47,33,80,8.9
42,"Zach Vigil, Utah St. (Mountain West)",Sr.,LB,14,47,77,124,8.9
43,"Chi Chi Ariguzo, Northwestern (Big Ten)",Jr.,LB,12,62,44,106,8.8
43,"A.J. Johnson, Tennessee (SEC)",Jr.,LB,12,60,46,106,8.8
45,"Ben Heeney, Kansas (Big 12)",Jr.,LB,10,56,32,88,8.8
46,"Deone Bucannon, Washington St. (Pac-12)",Sr.,DB,13,78,36,114,8.8
46,"Kelby Brown, Duke (ACC)",Jr.,LB,13,57,57,114,8.8
48,"Eric Kendricks, UCLA (Pac-12)",Jr.,LB,12,64,41,105,8.8
48,"Robert Caldwell, NC State (ACC)",Sr.,LB,12,44,61,105,8.8
48,"Enrique Williams, South Alabama (Sun Belt)",Sr.,LB,12,44,61,105,8.8
51,"Steven Jenkins, Texas A&M (SEC)",Sr.,LB,11,37,59,96,8.7
52,"Jeremy Cash, Duke (ACC)",So.,DB,14,64,57,121,8.6
53,"Andrew Jackson, Western Ky. (Sun Belt)",Sr.,LB,11,55,40,95,8.6
54,"Amarlo Herrera, Georgia (SEC)",Jr.,LB,13,57,55,112,8.6
54,"Steele Divitto, Boston College (ACC)",Sr.,LB,13,54,58,112,8.6
54,"Anthony Hitchens, Iowa (Big Ten)",Sr.,LB,13,54,58,112,8.6
57,"Nick Kwiatkoski, West Virginia (Big 12)",Jr.,DB,10,54,32,86,8.6
58,"Xavius Boyd, Western Ky. (Sun Belt)",Sr.,LB,12,68,35,103,8.6
58,"Jonathan McNeal, Nevada (Mountain West)",Jr.,LB,12,59,44,103,8.6
60,"Aaron Davis, Colorado St. (Mountain West)",Jr.,LB,14,63,57,120,8.6
61,"Avery Williamson, Kentucky (SEC)",Sr.,LB,12,46,56,102,8.5
62,"Blake Slaughter, Kansas St. (Big 12)",Sr.,LB,13,72,38,110,8.5
62,"DJ Sargenti, Navy (FBS Independent)",Sr.,LB,13,71,39,110,8.5
62,"Terrance Plummer, UCF (AAC)",Jr.,LB,13,62,48,110,8.5
65,"Mark Nzeocha, Wyoming (Mountain West)",Jr.,LB,12,64,37,101,8.4
65,"Earnest Thomas III, Illinois (Big Ten)",Jr.,DB,12,57,44,101,8.4
67,"Trevon Stewart, Houston (AAC)",So.,DB,13,69,40,109,8.4
68,"Kevin Pope, SMU (AAC)",Sr.,LB,11,47,45,92,8.4
69,"Trevor Reilly, Utah (Pac-12)",Sr.,LB,12,55,45,100,8.3
70,"Denzel Perryman, Miami (FL) (ACC)",Jr.,LB,13,69,39,108,8.3
70,"Peni Vea, UNLV (Mountain West)",So.,DB,13,68,40,108,8.3
70,"Kevin Pierre-Louis, Boston College (ACC)",Sr.,LB,13,67,41,108,8.3
70,"Eddie Lackey, Baylor (Big 12)",Sr.,LB,13,64,44,108,8.3
70,"C.J. Mosley, Alabama (SEC)",Sr.,LB,13,61,47,108,8.3
75,"Ed Saint-Vil, Massachusetts (MAC)",Jr.,DB,10,32,51,83,8.3
76,"Dakota Cox, New Mexico (Mountain West)",Fr.,LB,12,50,49,99,8.3
76,"Devin Brown, Massachusetts (MAC)",Sr.,DB,12,37,62,99,8.3
78,"James Morris, Iowa (Big Ten)",Sr.,LB,13,53,54,107,8.2
79,"Christian Tago, San Jose St. (Mountain West)",Fr.,LB,11,49,41,90,8.2
80,"Dede Lattimore, South Fla. (AAC)",Sr.,LB,12,59,39,98,8.2
81,"Kevin Byard, Middle Tenn. (C-USA)",So.,DB,13,61,45,106,8.2
81,"Justin Sagote, Washington St. (Pac-12)",Sr.,LB,13,60,46,106,8.2
81,"Greg Blair, Cincinnati (AAC)",Sr.,LB,13,48,58,106,8.2
84,"Jason Whittingham, Utah (Pac-12)",So.,LB,10,34,47,81,8.1
85,"Mason Monheim, Illinois (Big Ten)",So.,LB,12,42,55,97,8.1
85,"Alan Turner, Arkansas (SEC)",Jr.,DB,12,37,60,97,8.1
87,"Derrick Malone Jr., Oregon (Pac-12)",Jr.,LB,13,47,58,105,8.1
88,"Andrew Wilson, Missouri (SEC)",Sr.,LB,14,59,54,113,8.1
89,"Chris Young, Arizona St. (Pac-12)",Sr.,DB,14,79,33,112,8
89,"Sam Scofield, Tulane (C-USA)",Jr.,DB,13,74,30,104,8
89,"Tyrequek Zimmerman, Oregon St. (Pac-12)",Jr.,DB,13,61,43,104,8
89,"Christian Kirksey, Iowa (Big Ten)",Sr.,LB,13,47,57,104,8
89,"Markeith Russell, FIU (C-USA)",Sr.,LB,12,61,35,96,8
89,"Kyle Lark, Western Mich. (MAC)",Sr.,LB,12,33,63,96,8
95,"Ryan Janvion, Wake Forest (ACC)",Fr.,DB,12,61,34,95,7.9
96,"Sean Davis, Maryland (ACC)",So.,DB,13,62,40,102,7.8
97,"Dallas Bollema, New Mexico (Mountain West)",Sr.,LB,12,57,37,94,7.8
97,"Damion McMiller, Texas St. (Sun Belt)",Fr.,DB,12,56,38,94,7.8
99,"Mike Hull, Penn St. (Big Ten)",Jr.,LB,10,44,34,78,7.8
100,"Shayne Skov, Stanford (Pac-12)",Sr.,LB,14,62,47,109,7.8
101,"Jake Ganus, UAB (C-USA)",So.,LB,12,58,35,93,7.8
101,"Trashaun Nixon, New Mexico St. (FBS Independent)",Sr.,LB,12,49,44,93,7.8
103,"Clayton Geathers, UCF (AAC)",Jr.,DB,13,64,36,100,7.7
103,"Khalil Mack, Buffalo (MAC)",Sr.,LB,13,56,44,100,7.7
103,"Jack Tyler, Virginia Tech (ACC)",Sr.,LB,13,36,64,100,7.7
106,"Christian Spears, Air Force (Mountain West)",Jr.,DB,12,43,49,92,7.7
106,"Mike Jones, Western Mich. (MAC)",Sr.,LB,12,41,51,92,7.7
108,"Cole Farrand, Maryland (ACC)",Jr.,LB,11,39,45,84,7.6
109,"Nat Berhe, San Diego St. (Mountain West)",Sr.,DB,13,60,39,99,7.6
109,"Jake Fischer, Arizona (Pac-12)",Sr.,LB,13,60,39,99,7.6
109,"Adrian McDonald, Houston (AAC)",So.,DB,13,55,44,99,7.6
112,"Aaron Matthews, Texas St. (Sun Belt)",Sr.,DB,12,63,28,91,7.6
112,"Dexter Walker, Air Force (Mountain West)",So.,DB,12,59,32,91,7.6
112,"Debarriaus Miller, Southern Miss. (C-USA)",So.,DB,12,48,43,91,7.6
112,"Paul Dawson, TCU (Big 12)",Jr.,LB,12,47,44,91,7.6
112,"Henry Coley, Virginia (ACC)",Jr.,LB,12,43,48,91,7.6
117,"Jared Tevis, Arizona (Pac-12)",Jr.,DB,11,59,24,83,7.5
118,"Preston Brown, Louisville (AAC)",Sr.,LB,13,71,27,98,7.5
119,"Marc Millan, Idaho (FBS Independent)",Jr.,LB,12,65,25,90,7.5
119,"Brenden Daley, Hawaii (Mountain West)",Sr.,LB,12,54,36,90,7.5
119,"Terrick Wright, Southern Miss. (C-USA)",So.,LB,12,44,46,90,7.5
119,"Glenn Carson, Penn St. (Big Ten)",Sr.,LB,12,43,47,90,7.5
123,"Brian Jones, Ball St. (MAC)",Sr.,DB,13,56,41,97,7.5
123,"Tani Maka, UNLV (Mountain West)",Sr.,LB,13,47,50,97,7.5
125,"Bradley Njoku, Idaho (FBS Independent)",Jr.,DB,12,59,30,89,7.4
125,"Matthew Lyons, Nevada (Mountain West)",So.,LB,12,56,33,89,7.4
125,"Ben Weaver, Boise St. (Mountain West)",Fr.,LB,12,51,38,89,7.4
125,"Daquan Romero, Virginia (ACC)",Jr.,LB,12,44,45,89,7.4
125,"Eddie Yarbrough, Wyoming (Mountain West)",So.,DL,12,41,48,89,7.4
125,"Darian Claiborne, Texas A&M (SEC)",Fr.,LB,12,29,60,89,7.4
131,"Karl Mickelson, Fresno St. (Mountain West)",Jr.,LB,13,64,32,96,7.4
131,"Kevin Snyder, Rutgers (AAC)",Jr.,LB,13,46,50,96,7.4
133,"Derrick Webb, Colorado (Pac-12)",Sr.,LB,12,65,23,88,7.3
133,"Dayonne Nunley, Miami (OH) (MAC)",Sr.,DB,12,58,30,88,7.3
133,"Brandon Chubb, Wake Forest (ACC)",So.,LB,12,57,31,88,7.3
133,"Chris Hackett, TCU (Big 12)",So.,DB,12,54,34,88,7.3
133,"Lucas Wacha, Wyoming (Mountain West)",Fr.,LB,12,41,47,88,7.3
138,"Spencer Shuey, Clemson (ACC)",Sr.,LB,13,57,38,95,7.3
138,"Dan Fox, Notre Dame (FBS Independent)",Sr.,LB,13,44,51,95,7.3
140,"Jordan Dobrich, Nevada (Mountain West)",So.,LB,11,34,46,80,7.3
141,"Josh Dooley, Miami (OH) (MAC)",So.,LB,12,40,47,87,7.3
141,"Ben Russell, Ohio (MAC)",So.,LB,12,40,47,87,7.3
143,"Darryl Monroe, Washington St. (Pac-12)",So.,LB,13,61,33,94,7.2
143,"Tre Boston, North Carolina (ACC)",Sr.,DB,13,49,45,94,7.2
143,"Jabral Johnson, Oregon St. (Pac-12)",Jr.,LB,13,49,45,94,7.2
146,"Stephon Sanders, SMU (AAC)",Jr.,LB,12,47,39,86,7.2
147,"Caleb Lavey, Oklahoma St. (Big 12)",Sr.,LB,13,64,29,93,7.2
147,"Jordan Zumwalt, UCLA (Pac-12)",Sr.,LB,13,58,35,93,7.2
147,"Marquis Flowers, Arizona (Pac-12)",Sr.,LB,13,56,37,93,7.2
147,"Ryan Carrethers, Arkansas St. (Sun Belt)",Sr.,DL,13,34,59,93,7.2
151,"Jared Barber, West Virginia (Big 12)",Jr.,LB,10,43,28,71,7.1
152,"Serderius Bryant, Ole Miss (SEC)",Jr.,LB,11,52,26,78,7.1
153,"David Cooper, Indiana (Big Ten)",Sr.,LB,12,52,33,85,7.1
153,"James Ross, Michigan (Big Ten)",So.,LB,12,46,39,85,7.1
155,"Frank Shannon, Oklahoma (Big 12)",So.,LB,13,55,37,92,7.1
155,"Carlo Calabrese, Notre Dame (FBS Independent)",Sr.,LB,13,43,49,92,7.1
155,"Zack Ryan, Ball St. (MAC)",So.,LB,13,42,50,92,7.1
158,"Denicos Allen, Michigan St. (Big Ten)",Sr.,LB,14,45,53,98,7
158,"Kenny Ladler, Vanderbilt (SEC)",Sr.,DB,13,64,27,91,7
158,"Corey Cooper, Nebraska (Big Ten)",Jr.,DB,13,52,39,91,7
158,"Marcus Trice, North Texas (C-USA)",Sr.,DB,13,49,42,91,7
158,"Lamin Barrow, LSU (SEC)",Sr.,LB,13,23,68,91,7
158,"Mark Murphy, Indiana (Big Ten)",Jr.,DB,12,51,33,84,7
158,"Andrae Kirk, Fla. Atlantic (C-USA)",Jr.,LB,12,38,46,84,7
158,"Traveon Henry, Northwestern (Big Ten)",So.,DB,11,52,25,77,7
158,"Braylon Mitchell, Arkansas (SEC)",Jr.,LB,11,34,43,77,7
158,"Jarrett Lake, Arkansas (SEC)",Sr.,LB,11,31,46,77,7
168,"Evan McKelvey, Marshall (C-USA)",So.,LB,14,55,42,97,6.9
169,"Darion Monroe, Tulane (C-USA)",So.,DB,13,57,33,90,6.9
169,"Derek Akunne, North Texas (C-USA)",Jr.,LB,13,45,45,90,6.9
169,"Howard Matthews, Texas A&M (SEC)",Jr.,DB,13,44,46,90,6.9
172,"Mitchell Osborne, Tulsa (C-USA)",Jr.,LB,12,40,43,83,6.9
172,"Dae'Shaun Hurley, Ball St. (MAC)",So.,DB,12,35,48,83,6.9
174,"Devin Cockrell, UTEP (C-USA)",Fr.,DB,11,46,30,76,6.9
174,"L.A. Goree, Maryland (ACC)",Jr.,LB,11,39,37,76,6.9
176,"Michael Kutzler, Rice (C-USA)",Sr.,LB,14,52,44,96,6.9
177,"Jonathan Truman, Kansas St. (Big 12)",Jr.,LB,13,56,33,89,6.8
177,"Anthony Jefferson, UCLA (Pac-12)",Jr.,DB,13,42,47,89,6.8
177,"Steven Taylor, Houston (AAC)",Fr.,LB,13,42,47,89,6.8
180,"Greg Heban, Indiana (Big Ten)",Sr.,DB,12,57,25,82,6.8
180,"Nikita Whitlock, Wake Forest (ACC)",Sr.,DL,12,57,25,82,6.8
180,"Dontae Johnson, NC State (ACC)",Sr.,DB,12,51,31,82,6.8
180,"Daniel Cobb, Louisiana Tech (C-USA)",Sr.,LB,12,35,47,82,6.8
180,"Ike Spearman, Eastern Mich. (MAC)",So.,LB,12,33,49,82,6.8
185,"Ty Zimmerman, Kansas St. (Big 12)",Sr.,DB,11,51,24,75,6.8
186,"Jimmie Ward, NIU (MAC)",Sr.,DB,14,62,33,95,6.8
187,"Jemea Thomas, Georgia Tech (ACC)",Sr.,DB,13,73,15,88,6.8
187,"Steven Daniels, Boston College (ACC)",So.,LB,13,54,34,88,6.8
189,"Camren Hudson, Troy (Sun Belt)",Sr.,DB,12,58,23,81,6.8
189,"Mike Olson, Wake Forest (ACC)",Sr.,LB,12,55,26,81,6.8
189,"Abdul Smith, Temple (AAC)",Sr.,DB,12,46,35,81,6.8
189,"Mycal Swaim, Eastern Mich. (MAC)",Sr.,DB,12,36,45,81,6.8
193,"Darwin Cook, West Virginia (Big 12)",---,BS,11,55,19,74,6.7
194,"Hayes Pullard, Southern California (Pac-12)",Jr.,LB,14,44,50,94,6.7
195,"Clint Barnard, New Mexico St. (FBS Independent)",Jr.,LB,10,22,45,67,6.7
196,"Daytawion Lowe, Oklahoma St. (Big 12)",Sr.,DB,13,69,18,87,6.7
196,"Derron Smith, Fresno St. (Mountain West)",Jr.,DB,13,60,27,87,6.7
196,"Kyrie Wilson, Fresno St. (Mountain West)",So.,LB,13,56,31,87,6.7
196,"David Santos, Nebraska (Big Ten)",So.,LB,13,48,39,87,6.7
200,"Anthony Harris, Virginia (ACC)",Jr.,DB,12,42,38,80,6.7
200,"Justin March, Akron (MAC)",Jr.,LB,12,40,40,80,6.7
202,"A.J. Tarpley, Stanford (Pac-12)",Sr.,LB,14,52,41,93,6.6
203,"Matt Robinson, Maryland (ACC)",Jr.,DB,11,43,30,73,6.6
204,"Raymon Taylor, Michigan (Big Ten)",Jr.,DB,13,61,25,86,6.6
204,"Stephone Anthony, Clemson (ACC)",Jr.,LB,13,54,32,86,6.6
206,"Craig Bills, BYU (FBS Independent)",Jr.,DB,12,49,30,79,6.6
206,"Chris Wade, Miami (OH) (MAC)",Sr.,LB,12,41,38,79,6.6
208,"Jason Hendricks, Pittsburgh (ACC)",Sr.,DB,13,55,30,85,6.5
208,"Jeff Schoettmer, North Carolina (ACC)",So.,DB,13,46,39,85,6.5
210,"Kurtis Drummond, Michigan St. (Big Ten)",Jr.,DB,14,49,42,91,6.5
210,"Durell Eskridge, Syracuse (ACC)",So.,DB,12,52,26,78,6.5
210,"Collin Ellis, Northwestern (Big Ten)",Jr.,LB,12,40,38,78,6.5
210,"Spencer Proctor, Air Force (Mountain West)",Jr.,LB,12,40,38,78,6.5
210,"Luke Wollet, Kent St. (MAC)",Sr.,DB,12,35,43,78,6.5
210,"Cameron Walker, California (Pac-12)",Fr.,DB,10,43,22,65,6.5
210,"Adam Redden, Buffalo (MAC)",Jr.,DB,10,37,28,65,6.5
210,"Joe Colton, Massachusetts (MAC)",So.,DB,10,36,29,65,6.5
218,"Barnett C.J., Ohio St. (Big Ten)",Sr.,DB,13,56,28,84,6.5
218,"Ifo Ekpre-Olomu, Oregon (Pac-12)",Jr.,DB,13,54,30,84,6.5
218,"Tim Hasson, UNLV (Mountain West)",Sr.,LB,13,51,33,84,6.5
218,"Chris Johnson, Navy (FBS Independent)",Jr.,LB,13,51,33,84,6.5
218,"Darreon Herring, Vanderbilt (SEC)",So.,LB,13,46,38,84,6.5
223,"Telvin Smith, Florida St. (ACC)",Sr.,LB,14,61,29,90,6.4
224,"Jayshawn Jordan, Idaho (FBS Independent)",So.,DB,12,65,12,77,6.4
224,"Art Laurel, Hawaii (Mountain West)",Sr.,LB,12,47,30,77,6.4
224,"Cameron Blakes, ULM (Sun Belt)",Sr.,LB,12,44,33,77,6.4
224,"Damian Parms, Fla. Atlantic (C-USA)",Jr.,DB,12,38,39,77,6.4
224,"John Timu, Washington (Pac-12)",Jr.,LB,12,38,39,77,6.4
224,"Matt Dellinger, Kent St. (MAC)",So.,LB,12,27,50,77,6.4
230,"Hardy Nickerson, California (Pac-12)",Fr.,LB,10,35,29,64,6.4
230,"Jared Norris, Utah (Pac-12)",So.,LB,10,34,30,64,6.4
230,"Khairi Fortt, California (Pac-12)",Jr.,LB,10,32,32,64,6.4
233,"James Gaines, Miami (FL) (ACC)",Sr.,LB,13,54,29,83,6.4
233,"Ray Vinopal, Pittsburgh (ACC)",Jr.,DB,13,54,29,83,6.4
233,"Scooby Wright, Arizona (Pac-12)",Fr.,LB,13,46,37,83,6.4
236,"Braylon Webb, Missouri (SEC)",Jr.,DB,14,60,29,89,6.4
237,"Qudarius Ford, South Alabama (Sun Belt)",Jr.,DB,12,51,25,76,6.3
237,"Avery Cunningham, Central Mich. (MAC)",Sr.,DB,12,49,27,76,6.3
237,"Jordan Italiano, Kent St. (MAC)",So.,DB,12,41,35,76,6.3
237,"Travis Hughes, North Carolina (ACC)",Jr.,LB,12,40,36,76,6.3
241,"Kareem Martin, North Carolina (ACC)",Sr.,DL,13,46,36,82,6.3
242,"Cordero Smith, ULM (Sun Belt)",Jr.,DB,10,31,32,63,6.3
243,"Dashone Smith, UTEP (C-USA)",Fr.,DB,11,37,32,69,6.3
244,"E.J. Gaines, Missouri (SEC)",Sr.,DB,12,57,18,75,6.3
244,"John Hardy-Tuliau, Hawaii (Mountain West)",Sr.,DB,12,57,18,75,6.3
244,"Calvin Pryor, Louisville (AAC)",Jr.,DB,12,54,21,75,6.3
244,"Brian Randolph, Tennessee (SEC)",So.,DB,12,50,25,75,6.3
244,"Adarius Glanton, Fla. Atlantic (C-USA)",Sr.,LB,12,42,33,75,6.3
244,"Brison Burris, Miami (OH) (MAC)",Jr.,DB,12,35,40,75,6.3
244,"Bryan Bonilla, New Mexico St. (FBS Independent)",Sr.,LB,12,30,45,75,6.3
244,"Zane Petty, Illinois (Big Ten)",Jr.,DB,12,28,47,75,6.3
252,"Ahmad Dixon, Baylor (Big 12)",Sr.,DB,13,53,28,81,6.2
253,"Ed Reynolds, Stanford (Pac-12)",Sr.,DB,14,56,31,87,6.2
253,"Jamaal Bass, NIU (MAC)",Jr.,LB,14,51,36,87,6.2
255,"Chris Davis, Auburn (SEC)",Sr.,DB,12,52,22,74,6.2
255,"Charles Harris, Memphis (AAC)",Jr.,LB,12,44,30,74,6.2
257,"Jabari Price, North Carolina (ACC)",Sr.,DB,13,62,18,80,6.2
257,"Princeton Fuimaono, Washington (Pac-12)",Sr.,LB,13,57,23,80,6.2
257,"Dominique Alexander, Oklahoma (Big 12)",Fr.,LB,13,50,30,80,6.2
257,"Javon Marshall, Vanderbilt (SEC)",Sr.,DB,13,49,31,80,6.2
257,"Sterling Young, Arkansas St. (Sun Belt)",Jr.,DB,13,48,32,80,6.2
257,"Avery Patterson, Oregon (Pac-12)",Sr.,DB,13,43,37,80,6.2
257,"Nick Temple, Cincinnati (AAC)",Jr.,LB,13,43,37,80,6.2
257,"Damon Magazu, East Carolina (C-USA)",Sr.,DB,13,41,39,80,6.2
257,"Maurice Alexander, Utah St. (Mountain West)",Sr.,DB,13,40,40,80,6.2
257,"D.J. Welter, LSU (SEC)",Jr.,LB,13,25,55,80,6.2
267,"Steve Edmond, Texas (Big 12)",Jr.,LB,11,32,35,67,6.1
268,"Tim Bennett, Indiana (Big Ten)",Jr.,DB,12,61,12,73,6.1
268,"Will Lucas, Purdue (Big Ten)",Sr.,LB,12,50,23,73,6.1
268,"Isaiah Johnson, Kansas (Big 12)",So.,DB,12,45,28,73,6.1
268,"Ibraheim Campbell, Northwestern (Big Ten)",Jr.,DB,12,40,33,73,6.1
268,"Hunter Kissinger, ULM (Sun Belt)",So.,LB,12,39,34,73,6.1
268,"Eric Bennett, Arkansas (SEC)",Sr.,DB,12,38,35,73,6.1
274,"Anthony Gonzalez, Pittsburgh (ACC)",Jr.,LB,13,54,25,79,6.1
274,"Cedric Thompson, Minnesota (Big Ten)",Jr.,DB,13,52,27,79,6.1
274,"Christian Henry, Middle Tenn. (C-USA)",Jr.,LB,13,49,30,79,6.1
274,"Will Wright, North Texas (C-USA)",Sr.,LB,13,41,38,79,6.1
274,"Jackson Jeffcoat, Texas (Big 12)",Sr.,DL,13,40,39,79,6.1
274,"Desmond Morgan, Michigan (Big Ten)",Jr.,LB,13,40,39,79,6.1
274,"Lee Skinner, Buffalo (MAC)",Jr.,LB,13,36,43,79,6.1
274,"Derrell Johnson, East Carolina (C-USA)",Sr.,LB,13,28,51,79,6.1
282,"D.J. Lynch, Bowling Green (MAC)",Jr.,LB,14,42,43,85,6.1
282,"Neville Hewitt, Marshall (C-USA)",Jr.,LB,14,30,55,85,6.1
284,"Jermaine Holmes, Marshall (C-USA)",Jr.,LB,14,46,38,84,6
284,"Kenny Buyers, North Texas (C-USA)",So.,DB,13,55,23,78,6
284,"Adrian Phillips, Texas (Big 12)",Sr.,DB,13,50,28,78,6
284,"Shaq Thompson, Washington (Pac-12)",So.,LB,13,50,28,78,6
284,"Damien Wilson, Minnesota (Big Ten)",Jr.,LB,13,46,32,78,6
284,"Randall Goforth, UCLA (Pac-12)",So.,DB,13,45,33,78,6
284,"John Lowdermilk, Iowa (Big Ten)",Jr.,DB,13,36,42,78,6
284,"Tra'Mayne Bondurant, Arizona (Pac-12)",Jr.,DB,12,46,26,72,6
284,"Donald Coleman, Eastern Mich. (MAC)",Sr.,DB,12,40,32,72,6
284,"Demarcus Lawrence, Boise St. (Mountain West)",Jr.,DL,12,39,33,72,6
284,"Chris Pickett, Troy (Sun Belt)",Sr.,DB,11,40,26,66,6
284,"Johnnie Simon, Western Mich. (MAC)",Sr.,LB,11,37,29,66,6
296,"Sean Maag, UCF (AAC)",Sr.,DB,13,49,28,77,5.9
296,"Zeek Bigger, East Carolina (C-USA)",So.,LB,13,38,39,77,5.9
296,"Kevin Pierre-Louis, Colorado St. (Mountain West)",So.,DB,13,33,44,77,5.9
299,"Jered Bell, Colorado (Pac-12)",Sr.,DB,12,58,13,71,5.9
299,"Mike Orakpo, Texas St. (Sun Belt)",Jr.,LB,12,49,22,71,5.9
299,"Tank Jakes, Memphis (AAC)",Jr.,LB,12,48,23,71,5.9
299,"Damarious Randall, Arizona St. (Pac-12)",Jr.,DB,12,48,23,71,5.9
303,"Parker Orms, Colorado (Pac-12)",Sr.,DB,11,56,9,65,5.9
303,"Josh Harvey-Clemons, Georgia (SEC)",So.,DB,11,38,27,65,5.9
305,"Forisse Hardin, Indiana (Big Ten)",Jr.,LB,10,40,19,59,5.9
306,"Boomer Mays, NIU (MAC)",So.,LB,14,46,36,82,5.9
306,"Kyler Fackrell, Utah St. (Mountain West)",So.,LB,14,37,45,82,5.9
308,"Tre' Porter, Texas Tech (Big 12)",Sr.,DB,13,56,20,76,5.8
308,"Myles Jack, UCLA (Pac-12)",Fr.,LB,13,51,25,76,5.8
308,"Corey Bell, Boise St. (Mountain West)",Jr.,LB,13,48,28,76,5.8
308,"Max Bullough, Michigan St. (Big Ten)",Sr.,LB,13,25,51,76,5.8
312,"Bradley Roby, Ohio St. (Big Ten)",Jr.,DB,12,55,15,70,5.8
312,"Thomas McDonald, Louisiana Tech (C-USA)",Jr.,DB,12,44,26,70,5.8
312,"Jayrone Elliott, Toledo (MAC)",Sr.,DL,12,43,27,70,5.8
312,"Marcus Mallet, TCU (Big 12)",Jr.,LB,12,42,28,70,5.8
312,"Obi Melifonwu, UConn (AAC)",Fr.,DB,12,39,31,70,5.8
317,"Jalen Jefferson, California (Pac-12)",So.,LB,11,43,21,64,5.8
317,"Michael Barton, California (Pac-12)",Fr.,LB,11,33,31,64,5.8
317,"Deontae Skinner, Mississippi St. (SEC)",Sr.,LB,11,33,31,64,5.8
320,"Ryland Ward, Bowling Green (MAC)",Jr.,DB,14,54,27,81,5.8
320,"Paul Porras, Rice (C-USA)",Sr.,DB,14,45,36,81,5.8
322,"Colby Miller, Army West Point (FBS Independent)",Sr.,LB,9,33,19,52,5.8
323,"Dante Barnett, Kansas St. (Big 12)",So.,DB,13,57,18,75,5.8
323,"Eric Pinkins, San Diego St. (Mountain West)",Sr.,DB,13,49,26,75,5.8
323,"Quentin Hayes, Oklahoma (Big 12)",Jr.,DB,13,45,30,75,5.8
323,"Taylor Hart, Oregon (Pac-12)",Sr.,DL,13,43,32,75,5.8
327,"Anthony Brown, Purdue (Big Ten)",So.,DB,12,51,18,69,5.8
327,"Eric Rowe, Utah (Pac-12)",Jr.,DB,12,42,27,69,5.8
327,"Charles Clay, Hawaii (Mountain West)",Sr.,DB,12,41,28,69,5.8
327,"Michael Walker, Utah (Pac-12)",Sr.,DB,12,40,29,69,5.8
327,"Mitch Villemez, Louisiana Tech (C-USA)",Jr.,LB,12,36,33,69,5.8
327,"Kyle Tudor, East Carolina (C-USA)",Sr.,LB,12,35,34,69,5.8
333,"Shaquil Barrett, Colorado St. (Mountain West)",Sr.,LB,14,38,42,80,5.7
334,"Elisha Olabode, TCU (Big 12)",Sr.,DB,10,36,21,57,5.7
334,"Craig Loston, LSU (SEC)",Sr.,DB,10,35,22,57,5.7
334,"Zach Davis, Tulane (C-USA)",Sr.,LB,10,25,32,57,5.7
337,"Lairamie Lee, North Texas (C-USA)",Jr.,DB,13,47,27,74,5.7
337,"Ryan Murphy, Oregon St. (Pac-12)",Jr.,DB,13,43,31,74,5.7
337,"Tariq Edwards, Virginia Tech (ACC)",Sr.,LB,13,38,36,74,5.7
337,"Leonard Williams, Southern California (Pac-12)",So.,DL,13,32,42,74,5.7
341,"Karl Joseph, West Virginia (Big 12)",So.,DB,12,56,12,68,5.7
341,"Cassius Sendish, Kansas (Big 12)",Jr.,DB,12,47,21,68,5.7
341,"T.J Simmons, Indiana (Big Ten)",Fr.,LB,12,42,26,68,5.7
341,"Kelsey Douglas, Southern Miss. (C-USA)",Fr.,DB,12,33,35,68,5.7
341,"Jeremy McKnight, Fla. Atlantic (C-USA)",Sr.,DB,9,25,26,51,5.7
346,"Michael Taylor, Florida (SEC)",Jr.,LB,11,30,32,62,5.6
347,"Jourdon Grandon, Arizona (Pac-12)",Jr.,DB,13,54,19,73,5.6
347,"Shaun Lewis, Oklahoma St. (Big 12)",Sr.,LB,13,54,19,73,5.6
347,"Zach Edwards, Cincinnati (AAC)",Fr.,DB,13,43,30,73,5.6
347,"Deshazor Everett, Texas A&M (SEC)",Jr.,DB,13,36,37,73,5.6
351,"Blake Bean, Buffalo (MAC)",Jr.,LB,10,25,31,56,5.6
352,"Jonathan Dowling, Western Ky. (Sun Belt)",Jr.,DB,12,55,12,67,5.6
352,"Gavin McHenry, Air Force (Mountain West)",So.,DB,12,48,19,67,5.6
352,"Malachi Freeman, Akron (MAC)",Sr.,DB,12,45,22,67,5.6
352,"Jerrol Garcia-Williams, Hawaii (Mountain West)",So.,LB,12,45,22,67,5.6
352,"Michael Lowe, California (Pac-12)",Jr.,DB,12,42,25,67,5.6
352,"Dexter Linton, Kansas (Big 12)",Sr.,DB,12,38,29,67,5.6
352,"Kavon Frazier, Central Mich. (MAC)",So.,DB,12,36,31,67,5.6
359,"Damon Ogburn, Jr., San Jose St. (Mountain West)",Sr.,DB,11,42,19,61,5.5
359,"Alvin Dupree, Kentucky (SEC)",Jr.,DL,11,35,26,61,5.5
361,"Aaron Hill, Minnesota (Big Ten)",Sr.,LB,13,52,20,72,5.5
361,"Robert Smith, Clemson (ACC)",Jr.,DB,13,49,23,72,5.5
361,"Todd Thomas, Pittsburgh (ACC)",Jr.,LB,13,48,24,72,5.5
361,"James Burgess, Louisville (AAC)",So.,LB,13,41,31,72,5.5
361,"Nathan Ollie, Ball St. (MAC)",Sr.,DL,13,30,42,72,5.5
366,"Brian Suite, Utah St. (Mountain West)",Jr.,DB,14,37,40,77,5.5
366,"Darien Johnson, New Mexico St. (FBS Independent)",Sr.,DB,12,50,16,66,5.5
366,"Nate D. Smith, Temple (AAC)",So.,LB,12,47,19,66,5.5
366,"Brandon Watts, Georgia Tech (ACC)",Sr.,LB,12,42,24,66,5.5
366,"Michael Rose, Nebraska (Big Ten)",Fr.,LB,12,39,27,66,5.5
366,"Jonathan Anderson, TCU (Big 12)",Jr.,DB,12,34,32,66,5.5
366,"Dontavis Sapp, Tennessee (SEC)",Sr.,LB,12,32,34,66,5.5
366,"Jordan Petty, UAB (C-USA)",Fr.,DB,10,36,19,55,5.5
374,"Charles Washington, Fresno St. (Mountain West)",So.,DB,13,54,17,71,5.5
374,"Cody Prewitt, Ole Miss (SEC)",Jr.,DB,13,50,21,71,5.5
374,"Nick Tenhaeff, San Diego St. (Mountain West)",Sr.,LB,13,49,22,71,5.5
374,"Kyshoen Jarrett, Virginia Tech (ACC)",Jr.,DB,13,41,30,71,5.5
374,"Brian Jackson, Oregon (Pac-12)",Sr.,DB,13,37,34,71,5.5
374,"Josh Kristoff, Ohio (MAC)",Jr.,DB,13,35,36,71,5.5
380,"Anthony Nixon, Maryland (ACC)",So.,DB,11,38,22,60,5.5
380,"Cyrus Coen, Washington St. (Pac-12)",Jr.,LB,11,37,23,60,5.5
382,"Jordan Lucas, Penn St. (Big Ten)",So.,DB,12,45,20,65,5.4
382,"Terrell Brigham, South Alabama (Sun Belt)",Jr.,DB,12,42,23,65,5.4
382,"David Guthrie, New Mexico (Mountain West)",Jr.,DB,12,42,23,65,5.4
382,"D.J. Green, NC State (ACC)",Sr.,LB,12,36,29,65,5.4
386,"Emmanuel Johnson, Southern Miss. (C-USA)",Jr.,DB,10,39,15,54,5.4
387,"Landon Collins, Alabama (SEC)",So.,DB,13,52,18,70,5.4
387,"William Likely, Maryland (ACC)",Fr.,DB,13,51,19,70,5.4
387,"Sam Eguavoen, Texas Tech (Big 12)",Jr.,LB,13,46,24,70,5.4
387,"Hau'Oli Kikaha, Washington (Pac-12)",---,DE,13,46,24,70,5.4
387,"Stephen Roberts, Middle Tenn. (C-USA)",Sr.,LB,13,43,27,70,5.4
387,"Benardrick McKinney, Mississippi St. (SEC)",So.,LB,13,42,28,70,5.4
387,"Kyle Van Noy, BYU (FBS Independent)",Sr.,LB,13,42,28,70,5.4
387,"Tanner Miller, Iowa (Big Ten)",Sr.,DB,13,36,34,70,5.4
395,"Cassanova McKinzy, Auburn (SEC)",So.,LB,14,43,32,75,5.4
396,"Andrew Gaines, Memphis (AAC)",Jr.,DB,12,47,17,64,5.3
396,"Ne'Quan Phillips, Hawaii (Mountain West)",So.,DB,12,46,18,64,5.3
396,"Steffon Batts, Air Force (Mountain West)",Sr.,DB,12,43,21,64,5.3
396,"Taylor Richards, Purdue (Big Ten)",Jr.,DB,12,43,21,64,5.3
396,"Michael Santacaterina, NIU (MAC)",Jr.,LB,12,39,25,64,5.3
396,"Jonathan Newsome, Ball St. (MAC)",Sr.,DL,12,24,40,64,5.3
