Rank,Player,Cl,Pos,G,Solo Tack,Asst Tack,TT,TPG
1,"Donald Payne, Stetson (Pioneer)",So.,DB,12,93,81,174,14.5
2,"Nick Dzubnar, Cal Poly (Big Sky)",Sr.,LB,12,73,94,167,13.9
3,"Chinedu Ahanonu, Southern Utah (Big Sky)",So.,LB,12,76,76,152,12.7
4,"Jonathan Jackson, Murray St. (OVC)",So.,LB,11,67,67,134,12.2
5,"Jerome Howard, Prairie View (SWAC)",Sr.,LB,10,49,69,118,11.8
6,"Cory Magwood, Furman (SoCon)",Jr.,LB,11,74,49,123,11.2
7,"Darnell Sankey, Sacramento St. (Big Sky)",Jr.,LB,9,39,60,99,11
8,"Evan Byers, Bucknell (Patriot)",Sr.,LB,11,79,40,119,10.8
8,"Kourtney Berry, Alabama St. (SWAC)",So.,LB,11,63,56,119,10.8
10,"Nick Thrasher, Tennessee St. (OVC)",Sr.,LB,12,69,59,128,10.7
10,"Roper Garrett, Southeast Mo. St. (OVC)",So.,LB,9,40,56,96,10.7
12,"Travis Taylor, Murray St. (OVC)",Sr.,LB,10,58,48,106,10.6
13,"Alex Singleton, Montana St. (Big Sky)",Sr.,LB,13,86,50,136,10.5
14,"Andrew Bose, Rhode Island (CAA)",Sr.,LB,12,48,77,125,10.4
15,"Joshua Thorne, Hampton (MEAC)",Jr.,LB,11,46,67,113,10.3
16,"Devin Rollins, Howard (MEAC)",Jr.,LB,12,65,57,122,10.2
17,"Chris Beaschler, Dayton (Pioneer)",So.,LB,10,48,53,101,10.1
18,"Jonathan Spain, Elon (CAA)",Sr.,LB,12,70,51,121,10.1
19,"Michael Nicastro, UAlbany (CAA)",So.,LB,12,54,66,120,10
19,"Mario Jenkins, Idaho St. (Big Sky)",Fr.,LB,12,48,72,120,10
19,"John Hugunin, Drake (Pioneer)",Sr.,LB,9,42,48,90,10
22,"Marion Chapman, Northwestern St. (Southland)",Sr.,LB,12,63,56,119,9.9
23,"Quinn Backus, Coastal Carolina (Big South)",Sr.,LB,13,71,56,127,9.8
24,"Mitch Beckstead, Idaho St. (Big Sky)",Sr.,LB,12,40,77,117,9.8
25,"Will McNamara, Dartmouth (Ivy League)",Jr.,LB,9,47,40,87,9.7
26,"Nick Alfieri, Georgetown (Patriot)",Sr.,LB,11,46,60,106,9.6
27,"Don Cherry, Villanova (CAA)",Jr.,LB,14,82,52,134,9.6
28,"Brandon Stanley, Eastern Ky. (OVC)",Sr.,DB,13,67,57,124,9.5
29,"Marty Jones, Tennessee Tech (OVC)",Sr.,DB,12,47,66,113,9.4
30,"Danny Brownell, Prairie View (SWAC)",Jr.,LB,10,35,59,94,9.4
31,"Christon Gill, Western Caro. (SoCon)",Sr.,DB,12,51,60,111,9.3
31,"Christian Dorsey, UAlbany (CAA)",Sr.,LB,12,39,72,111,9.3
33,"Taison Manu, Idaho St. (Big Sky)",Jr.,DB,12,60,50,110,9.2
33,"Matt Casey, Davidson (Pioneer)",Sr.,LB,12,49,61,110,9.2
35,"Willie Duncan, Ark.-Pine Bluff (SWAC)",So.,LB,11,43,57,100,9.1
36,"Chris Abner, Central Conn. St. (NEC)",Sr.,DB,12,43,66,109,9.1
37,"Davin Bovie, Nicholls (Southland)",Sr.,LB,12,71,37,108,9
37,"Ben Endress, Jacksonville St. (OVC)",Sr.,LB,12,51,57,108,9
37,"Javancy Jones, Jackson St. (SWAC)",So.,LB,12,46,62,108,9
37,"Alex Green, Valparaiso (Pioneer)",Jr.,LB,12,43,65,108,9
37,"James Simms, Towson (CAA)",Fr.,LB,11,42,57,99,9
42,"Jake Farley, UNI (MVFC)",Sr.,LB,14,66,59,125,8.9
43,"Marcell Coke, Norfolk St. (MEAC)",Sr.,LB,12,51,56,107,8.9
44,"Aaron Breed, Grambling (SWAC)",Sr.,LB,12,57,49,106,8.8
44,"Cameron Ontko, Cal Poly (Big Sky)",Sr.,LB,12,50,56,106,8.8
44,"Deon King, Norfolk St. (MEAC)",Jr.,LB,12,46,60,106,8.8
44,"Will Ratelle, North Dakota (Big Sky)",Jr.,LB,12,45,61,106,8.8
44,"Henry Fernandez, Sacramento St. (Big Sky)",Sr.,LB,12,29,77,106,8.8
49,"Kendall Walker, Indiana St. (MVFC)",Jr.,LB,14,44,79,123,8.8
50,"Emmett Tela, Weber St. (Big Sky)",Fr.,LB,9,46,33,79,8.8
51,"Tim Wienclaw, Rhode Island (CAA)",Jr.,DB,11,55,41,96,8.7
52,"Kendrick Van Ackeren, Montana (Big Sky)",Jr.,LB,14,56,66,122,8.7
53,"Mike Zeuli, Princeton (Ivy League)",Sr.,LB,10,50,37,87,8.7
54,"Cody Acker, Morgan St. (MEAC)",Sr.,LB,13,70,43,113,8.7
55,"Dubem Nwadiogbu, Youngstown St. (MVFC)",Jr.,LB,12,59,45,104,8.7
55,"Gordon Hill, Sacred Heart (NEC)",Sr.,DB,12,53,51,104,8.7
55,"Tyler Ward, Mercer (SoCon)",So.,LB,12,45,59,104,8.7
58,"Christophe Mulumba Tshimanga, Maine (CAA)",So.,LB,11,42,53,95,8.6
59,"Ronnie Hamlin, Eastern Wash. (Big Sky)",Sr.,LB,13,73,39,112,8.6
60,"John Zakrzewski, Holy Cross (Patriot)",Jr.,LB,12,61,42,103,8.6
61,"Adam Parker, Rhode Island (CAA)",So.,LB,12,47,55,102,8.5
62,"Justin Cooper, Samford (SoCon)",Jr.,DB,11,73,20,93,8.5
62,"Taylor Coleman, Drake (Pioneer)",Jr.,LB,11,47,46,93,8.5
64,"Miles Killebrew, Southern Utah (Big Sky)",Jr.,DB,12,62,39,101,8.4
64,"Austin Tallant, Tennessee Tech (OVC)",Sr.,DB,12,43,58,101,8.4
64,"Ralph Williams, Jr., Bethune-Cookman (MEAC)",Sr.,LB,12,43,58,101,8.4
64,"Jay Rudwall, Tennessee Tech (OVC)",Jr.,LB,12,40,61,101,8.4
64,"Una Hamala, San Diego (Pioneer)",Sr.,LB,12,34,67,101,8.4
69,"Kevin Kintzel, Western Ill. (MVFC)",Sr.,LB,11,51,41,92,8.4
69,"Daerius Washington, Alabama St. (SWAC)",Jr.,LB,11,50,42,92,8.4
69,"Khari Brown, Howard (MEAC)",Jr.,LB,11,48,44,92,8.4
69,"Matthew Satchell, Georgetown (Patriot)",Jr.,LB,11,45,47,92,8.4
69,"Robbie Kendall, Sacramento St. (Big Sky)",Sr.,DB,11,41,51,92,8.4
74,"T.J. Lally, South Dakota St. (MVFC)",Jr.,LB,14,52,65,117,8.4
74,"Jeremiah Kose, Montana (Big Sky)",Jr.,LB,14,44,73,117,8.4
76,"Donovan Walker, Rhode Island (CAA)",Sr.,DB,12,58,42,100,8.3
76,"Nathan Stone, Duquesne (NEC)",Fr.,LB,12,53,47,100,8.3
76,"Collin Garrett, SFA ()",Sr.,LB,12,39,61,100,8.3
76,"John Silas, Elon (CAA)",So.,LB,12,38,62,100,8.3
80,"Ronnie Jones Jr., Lamar University (Southland)",Jr.,LB,12,43,56,99,8.3
81,"Chris Blair, Elon (CAA)",Fr.,DB,12,51,47,98,8.2
81,"Xavier Bethany, Lamar University (Southland)",So.,DB,12,42,56,98,8.2
83,"Mark Sewall, Indiana St. (MVFC)",Jr.,DB,14,64,50,114,8.1
84,"Alec May, Georgetown (Patriot)",Sr.,DL,11,47,42,89,8.1
84,"Mark Dodd, Lafayette (Patriot)",Jr.,LB,11,30,59,89,8.1
84,"Paul Sakowski, Marist (Pioneer)",Fr.,LB,11,28,61,89,8.1
87,"Kamu Grugier-Hill, Eastern Ill. (OVC)",Jr.,LB,12,47,50,97,8.1
87,"Tyson Graham, Jr., South Dakota (MVFC)",So.,WR,12,43,54,97,8.1
89,"Muhasibi Wakeel, Chattanooga (SoCon)",Sr.,LB,14,69,43,112,8
89,"Caleb Schaffitzel, Missouri St. (MVFC)",Sr.,DB,12,42,54,96,8
89,"Xavier Russo, Brown (Ivy League)",Sr.,LB,10,46,34,80,8
89,"Damond Jackson, Prairie View (SWAC)",---,,10,36,44,80,8
93,"Cody Sorensen, Idaho St. (Big Sky)",Jr.,DB,12,48,47,95,7.9
93,"Chase Allen, Southern Ill. (MVFC)",So.,LB,12,45,50,95,7.9
95,"Evan Jackson, Penn (Ivy League)",Sr.,DB,10,46,33,79,7.9
95,"Foyesade Oluokun, Yale (Ivy League)",So.,DB,10,43,36,79,7.9
97,"Max Busher, UNI (MVFC)",Sr.,LB,13,39,63,102,7.8
98,"Darius Leonard, South Carolina St. (MEAC)",---,SAM,11,72,14,86,7.8
99,"Matt Hermanson, Montana (Big Sky)",Sr.,DB,14,52,57,109,7.8
100,"Demetrius Carter, Southern U. (SWAC)",Jr.,LB,13,51,50,101,7.8
101,"Luke Rhodes, William & Mary (CAA)",Jr.,LB,12,55,38,93,7.8
101,"Tyrone Ward, Hampton (MEAC)",Jr.,LB,12,43,50,93,7.8
103,"John Sieczkowski, Monmouth (Big South)",Jr.,LB,11,58,27,85,7.7
104,"Jacob Hagen, Liberty (Big South)",Sr.,DB,14,69,39,108,7.7
105,"Pat Meehan, Illinois St. (MVFC)",Jr.,LB,15,51,64,115,7.7
105,"Christian Ricard, Stony Brook (CAA)",Sr.,LB,12,55,37,92,7.7
105,"Dylan Cole, Missouri St. (MVFC)",So.,LB,12,54,38,92,7.7
105,"Aaron Cook, Gardner-Webb (Big South)",So.,LB,12,51,41,92,7.7
105,"Kyle Sakowski, UAlbany (CAA)",Jr.,DB,12,46,46,92,7.7
110,"Herbert Gamboa, Montana (Big Sky)",Jr.,LB,14,46,61,107,7.6
111,"Jake Tkach, Robert Morris (NEC)",Jr.,LB,11,34,50,84,7.6
112,"Dorian Williams, Princeton (Ivy League)",So.,DB,10,47,29,76,7.6
112,"Ronnie Walker, Nicholls (Southland)",So.,LB,10,26,50,76,7.6
114,"Davon Moore, Delaware St. (MEAC)",Sr.,DB,12,58,33,91,7.6
114,"Donald D'Alesio, Youngstown St. (MVFC)",Sr.,DB,12,45,46,91,7.6
114,"Lynden Trail, Norfolk St. (MEAC)",Sr.,LB,12,32,59,91,7.6
117,"Brent Spikes, McNeese (Southland)",Jr.,DB,11,50,33,83,7.5
117,"Grady Redding, Jacksonville (Pioneer)",So.,LB,11,46,37,83,7.5
117,"Jojo Ciancio, Butler (Pioneer)",Sr.,DB,11,37,46,83,7.5
117,"Trey Thompson, Tennessee Tech (OVC)",So.,LB,11,34,49,83,7.5
121,"Michael Wade, Sam Houston (Southland)",Sr.,DB,16,71,49,120,7.5
121,"C.J. Moore, N.C. Central (MEAC)",Sr.,DB,12,48,42,90,7.5
121,"Nic Henson, San Diego (Pioneer)",So.,LB,12,41,49,90,7.5
121,"Rohan Hylton, Princeton (Ivy League)",So.,LB,10,34,41,75,7.5
125,"Kyre Hawkins, James Madison (CAA)",So.,LB,13,39,58,97,7.5
126,"Jared Turner, Ark.-Pine Bluff (SWAC)",So.,DB,11,50,32,82,7.5
126,"Mike Stojkovic, Robert Morris (NEC)",Jr.,LB,11,45,37,82,7.5
126,"Garrett Dolan, Houston Baptist (Southland)",Fr.,LB,11,43,39,82,7.5
129,"Deandre Houston-Carson, William & Mary (CAA)",Jr.,DB,9,38,29,67,7.4
130,"Kyle Diener, Colgate (Patriot)",So.,LB,12,55,34,89,7.4
130,"Blake Childress, Central Ark. (Southland)",Sr.,LB,12,51,38,89,7.4
130,"Ariane McCree, Jackson St. (SWAC)",Sr.,LB,12,48,41,89,7.4
130,"Kameryon Brown, Nicholls (Southland)",Jr.,LB,12,36,53,89,7.4
134,"Bob Quilico, Drake (Pioneer)",Sr.,DB,10,41,33,74,7.4
134,"Cabrinni Goncalves, Maine (CAA)",Jr.,LB,10,37,37,74,7.4
136,"Nick Mears, South Dakota St. (MVFC)",So.,DB,13,64,32,96,7.4
136,"Dean Marlowe, James Madison (CAA)",Sr.,DB,13,59,37,96,7.4
138,"Donelle Williams, Presbyterian (Big South)",Jr.,LB,11,51,30,81,7.4
138,"Max Wassel, Wagner (NEC)",---,ILB,11,49,32,81,7.4
138,"Antonio Turner, Austin Peay (OVC)",So.,LB,11,43,38,81,7.4
141,"Brett McMakin, UNI (MVFC)",So.,DL,14,69,34,103,7.4
142,"Adam Jones, Northwestern St. (Southland)",So.,DB,12,63,25,88,7.3
142,"Eddie Horn, Northern Ariz. (Big Sky)",Jr.,DB,12,58,30,88,7.3
142,"Mike Armiento, Colgate (Patriot)",Sr.,DB,12,51,37,88,7.3
142,"Ryan Griffin, Jackson St. (SWAC)",Sr.,LB,12,45,43,88,7.3
142,"Anthony Hayes, Murray St. (OVC)",Sr.,LB,12,41,47,88,7.3
142,"Andrew Beisel, Missouri St. (MVFC)",Sr.,LB,12,35,53,88,7.3
148,"Carlton Littlejohn, North Dakota St. (MVFC)",Sr.,LB,16,58,59,117,7.3
149,"Paul Eatman, Morgan St. (MEAC)",Sr.,DB,13,59,36,95,7.3
150,"Ryan Schwenke, Dayton (Pioneer)",Jr.,LB,10,44,29,73,7.3
150,"Wisler Ymonice, Southeast Mo. St. (OVC)",Sr.,LB,10,25,48,73,7.3
152,"Miquiyah Zamora, Eastern Wash. (Big Sky)",So.,LB,14,54,48,102,7.3
152,"Austin Hancock, Fordham (Patriot)",Sr.,LB,14,53,49,102,7.3
154,"Marquise Watson, Bryant (NEC)",So.,LB,11,43,37,80,7.3
154,"Sean Horan, Butler (Pioneer)",So.,LB,11,26,54,80,7.3
156,"Luke Keller, Morehead St. (Pioneer)",Jr.,LB,12,44,43,87,7.3
156,"Josh Kariya, Southern Utah (Big Sky)",So.,LB,12,40,47,87,7.3
156,"Austin Hasquet, Northern Ariz. (Big Sky)",Sr.,LB,12,35,52,87,7.3
159,"Lorenzo Jerome, Saint Francis (PA) (NEC)",So.,DB,11,50,29,79,7.2
160,"TJ Idowu, UAlbany (CAA)",Sr.,DB,12,50,36,86,7.2
160,"Alex Perry, Delaware St. (MEAC)",Sr.,LB,12,48,38,86,7.2
160,"Jeremy Lutali, Portland St. (Big Sky)",Jr.,LB,12,46,40,86,7.2
160,"Sam Martello, Duquesne (NEC)",Jr.,LB,12,46,40,86,7.2
160,"Landis Shoffner, N.C. A&T (MEAC)",Jr.,DB,12,46,40,86,7.2
160,"Vinny Russo, Colgate (Patriot)",Sr.,LB,12,42,44,86,7.2
166,"Miles Norris, Cornell (Ivy League)",So.,LB,10,33,38,71,7.1
166,"Toba Akinleye, Columbia (Ivy League)",Jr.,DL,10,32,39,71,7.1
168,"Mike Basile, Monmouth (Big South)",Fr.,DB,11,59,19,78,7.1
168,"Ace Clark, Western Caro. (SoCon)",Sr.,DB,11,36,42,78,7.1
168,"Zach Adler, Marist (Pioneer)",Sr.,DB,11,33,45,78,7.1
171,"Donnell Lewis, Towson (CAA)",Jr.,DB,12,57,28,85,7.1
171,"Tye Smith, Towson (CAA)",Sr.,DB,12,57,28,85,7.1
171,"James Cowser, Southern Utah (Big Sky)",Jr.,DL,12,50,35,85,7.1
171,"D'Vonte Grant, N.C. A&T (MEAC)",Sr.,LB,12,46,39,85,7.1
171,"Troy McClelland, San Diego (Pioneer)",Sr.,DB,12,43,42,85,7.1
171,"J.J. Nunes, Valparaiso (Pioneer)",So.,DB,12,40,45,85,7.1
171,"John Wessel, South Dakota (MVFC)",So.,LB,12,38,47,85,7.1
171,"Lamar Neal, Norfolk St. (MEAC)",Jr.,LB,12,31,54,85,7.1
179,"Tyler Stoddard, Southeastern La. (Southland)",Sr.,DB,13,50,41,91,7
179,"Kris Kent, Colgate (Patriot)",Sr.,LB,12,52,32,84,7
179,"Tyree Hollins, Grambling (SWAC)",Sr.,DB,12,49,35,84,7
179,"David Mackall, Delaware (CAA)",Sr.,LB,12,47,37,84,7
179,"Davion Belk, Stetson (Pioneer)",So.,DL,12,44,40,84,7
179,"Matt Miller, San Diego (Pioneer)",Sr.,DB,12,44,40,84,7
179,"Jaylin Kelly, Youngstown St. (MVFC)",So.,LB,12,43,41,84,7
179,"Felix Woods, Weber St. (Big Sky)",So.,LB,12,38,46,84,7
179,"Eric Handy, Towson (CAA)",So.,LB,12,30,54,84,7
179,"Andrew Yost, Campbell (Pioneer)",Jr.,LB,12,30,54,84,7
179,"Chris Brockman, Lafayette (Patriot)",Jr.,LB,11,42,35,77,7
179,"Jacob Lindsey, Harvard (Ivy League)",Jr.,LB,9,29,34,63,7
179,"J.J. Raffelson, Western Ill. (MVFC)",Jr.,LB,9,24,39,63,7
192,"Byran Brower, Alabama A&M (SWAC)",---,MIKE,12,46,37,83,6.9
193,"Naim Cheeseboro, Stony Brook (CAA)",Jr.,DB,11,44,32,76,6.9
193,"Jeremy Thompson, N.C. Central (MEAC)",So.,LB,11,36,40,76,6.9
195,"Cory Webber, Tennessee Tech (OVC)",Sr.,DB,12,33,49,82,6.8
195,"Kevin Barry, Sacred Heart (NEC)",So.,LB,12,31,51,82,6.8
195,"Taj Rich, North Dakota (Big Sky)",So.,LB,12,30,52,82,6.8
198,"Antonio Jefferson, Morgan St. (MEAC)",So.,DB,11,57,18,75,6.8
198,"Pierce Ripanti, Lehigh (Patriot)",So.,LB,11,53,22,75,6.8
198,"Jonathon Rollins, Western Ill. (MVFC)",Sr.,DB,11,51,24,75,6.8
198,"Lee Marvel, Bucknell (Patriot)",Sr.,LB,11,42,33,75,6.8
198,"Darius Lewis, Northern Ariz. (Big Sky)",Jr.,DB,11,35,40,75,6.8
