Rank,Player,Cl,Pos,G,Solo Tack,Asst Tack,TT,TPG
1,"Javahn Fergurson, New Mexico St. (FBS Independent)",Jr.,LB,10,42,90,132,13.2
2,"Malik Fountain, Central Mich. (MAC)",Sr.,LB,12,88,67,155,12.9
3,"Ben Burr-Kirven, Washington (Pac-12)",Sr.,LB,14,94,82,176,12.6
4,"Joe Dineen Jr., Kansas (Big 12)",Sr.,LB,12,108,39,147,12.3
4,"Bryton Barr, Massachusetts (FBS Independent)",Sr.,LB,12,63,84,147,12.3
6,"Evan Weaver, California (Pac-12)",Jr.,LB,13,88,71,159,12.2
7,"Ron LaForce, New Mexico St. (FBS Independent)",Sr.,DB,10,56,66,122,12.2
8,"Leon McQuaker, New Mexico St. (FBS Independent)",Sr.,LB,10,48,72,120,12
9,"Jordan Kunaszyk, California (Pac-12)",Sr.,LB,13,95,53,148,11.4
10,"Terrill Hanks, New Mexico St. (FBS Independent)",Sr.,LB,9,33,68,101,11.2
11,"David Woodward, Utah St. (Mountain West)",So.,LB,12,52,82,134,11.2
12,"Lawrence Garner, Old Dominion (C-USA)",So.,LB,9,50,50,100,11.1
13,"Kenneth Murray, Oklahoma (Big 12)",So.,LB,14,71,84,155,11.1
14,"Brandon Harris, Bowling Green (MAC)",Sr.,LB,12,76,55,131,10.9
14,"Josh Watson, Colorado St. (Mountain West)",Sr.,LB,12,57,74,131,10.9
16,"John Lako, Akron (MAC)",Jr.,LB,12,73,53,126,10.5
16,"A.J. Hotchkins, UTEP (C-USA)",Sr.,LB,12,53,73,126,10.5
18,"Khalil Hodge, Buffalo (MAC)",Sr.,LB,14,58,86,144,10.3
19,"Adarius Pickett, UCLA (Pac-12)",Sr.,DB,12,77,46,123,10.3
20,"Sage Lewis, FIU (C-USA)",Jr.,LB,13,81,51,132,10.2
21,"Jamal Scott, San Jose St. (Mountain West)",Sr.,LB,9,36,55,91,10.1
22,"Curtis Bolton, Oklahoma (Big 12)",Sr.,LB,14,58,81,139,9.9
23,"Colin Schooler, Arizona (Pac-12)",So.,LB,12,72,47,119,9.9
24,"Austin Robinson, Houston (AAC)",Sr.,LB,13,75,53,128,9.8
25,"De'Jon Harris, Arkansas (SEC)",Jr.,LB,12,62,56,118,9.8
26,"Kyahva Tezino, San Diego St. (Mountain West)",Jr.,LB,13,70,57,127,9.8
26,"Kyle Rachwal, Eastern Mich. (MAC)",Sr.,LB,13,49,78,127,9.8
28,"Ben Holt, Western Ky. (C-USA)",Jr.,LB,12,58,58,116,9.7
29,"Ethan Aguayo, San Jose St. (Mountain West)",Jr.,LB,11,48,58,106,9.6
30,"Tre Watson, Maryland (Big Ten)",Sr.,LB,12,71,44,115,9.6
31,"Cole Holcomb, North Carolina (ACC)",Sr.,LB,11,59,46,105,9.5
32,"Te'Von Coney, Notre Dame (FBS Independent)",Sr.,LB,13,63,60,123,9.5
32,"Devin White, LSU (SEC)",Jr.,LB,13,62,61,123,9.5
34,"Germaine Pratt, NC State (ACC)",Sr.,LB,11,55,49,104,9.5
35,"Jeffrey Allison, Fresno St. (Mountain West)",Jr.,LB,14,72,60,132,9.4
36,"Josiah Tauaefa, UTSA (C-USA)",Jr.,LB,12,62,51,113,9.4
36,"Cooper Edmiston, Tulsa (AAC)",Jr.,LB,12,47,66,113,9.4
38,"Mohamed Barry, Nebraska (Big Ten)",Jr.,LB,12,55,57,112,9.3
38,"Mohamed Sanogo, Ole Miss (SEC)",So.,LB,12,53,59,112,9.3
40,"E.J. Ejiya, North Texas (C-USA)",Sr.,LB,13,60,61,121,9.3
41,"Antonio Jones-Davis, NIU (MAC)",Jr.,LB,14,76,54,130,9.3
42,"David Long Jr., West Virginia (Big 12)",Jr.,LB,12,76,35,111,9.3
42,"Khalid McGee, South Fla. (AAC)",Sr.,LB,12,64,47,111,9.3
44,"Jordan Griffin, Vanderbilt (SEC)",Sr.,LB,13,62,57,119,9.2
45,"Tyler Coyle, UConn (AAC)",Jr.,DB,12,65,44,109,9.1
45,"Dalton Baker, UNLV (Mountain West)",Sr.,DB,12,60,49,109,9.1
45,"Bryan London II, Texas St. (Sun Belt)",Jr.,LB,12,53,56,109,9.1
45,"Trevor Morris, Rutgers (Big Ten)",Sr.,LB,12,46,63,109,9.1
49,"Sione Takitaki, BYU (FBS Independent)",Sr.,DL,13,74,44,118,9.1
50,"Blake Gallagher, Northwestern (Big Ten)",So.,LB,14,72,55,127,9.1
51,"Nikolas Daniels, Texas St. (Sun Belt)",Jr.,LB,12,48,60,108,9
52,"Deshaun Davis, Auburn (SEC)",Sr.,LB,13,57,59,116,8.9
53,"Dre Greenlaw, Arkansas (SEC)",Sr.,LB,9,38,42,80,8.9
54,"Markus Bailey, Purdue (Big Ten)",Jr.,LB,13,82,33,115,8.8
54,"Troy Dye, Oregon (Pac-12)",Jr.,LB,13,66,49,115,8.8
56,"Jerry McBride III, Bowling Green (MAC)",Jr.,DB,12,67,39,106,8.8
57,"Nigel Lawrence, South Alabama (Sun Belt)",Sr.,DB,10,44,44,88,8.8
58,"Nate Landman, Colorado (Pac-12)",So.,LB,12,66,39,105,8.8
58,"Rayshard Ashby, Virginia Tech (ACC)",So.,LB,12,57,48,105,8.8
58,"Chase Hancock, Marshall (C-USA)",Sr.,LB,12,45,60,105,8.8
61,"T.J. Edwards, Wisconsin (Big Ten)",Sr.,LB,13,73,40,113,8.7
61,"Roman Brown, Houston (AAC)",Sr.,LB,13,51,62,113,8.7
63,"Blake Cashman, Minnesota (Big Ten)",Sr.,LB,12,62,42,104,8.7
63,"Jeremy Fejedelem, Air Force (Mountain West)",Jr.,DB,12,54,50,104,8.7
65,"Cale Garrett, Missouri (SEC)",Jr.,LB,13,69,43,112,8.6
66,"Logan Wilson, Wyoming (Mountain West)",Jr.,LB,12,57,46,103,8.6
67,"Jalen Moore, Oregon St. (Pac-12)",Jr.,DB,12,70,32,102,8.5
68,"Brad Koenig, Miami (OH) (MAC)",Sr.,DB,12,61,40,101,8.4
68,"Tre Thomas, Colorado St. (Mountain West)",Sr.,LB,12,42,59,101,8.4
70,"Richie Grant, UCF (AAC)",So.,DB,13,69,40,109,8.4
71,"Jaquan Johnson, Miami (FL) (ACC)",Sr.,DB,11,44,48,92,8.4
72,"Paddy Fisher, Northwestern (Big Ten)",So.,LB,14,64,53,117,8.4
73,"Cody Barton, Utah (Pac-12)",Sr.,LB,14,68,48,116,8.3
74,"Clay Johnston, Baylor (Big 12)",Jr.,LB,12,64,35,99,8.3
75,"Reed Blankenship, Middle Tenn. (C-USA)",So.,DB,13,71,36,107,8.2
75,"Ryan Guthrie, Syracuse (ACC)",Sr.,LB,13,66,41,107,8.2
75,"Taylor Heflin, Navy (AAC)",Sr.,LB,13,56,51,107,8.2
78,"Cameron Glenn, Wake Forest (ACC)",Sr.,DB,12,68,30,98,8.2
79,"Kyle Pugh, NIU (MAC)",Sr.,LB,13,63,43,106,8.2
79,"T.J. Brunson, South Carolina (SEC)",Jr.,LB,13,59,47,106,8.2
81,"Chase Hansen, Utah (Pac-12)",Sr.,LB,14,70,44,114,8.1
82,"Cameron Smith, Southern California (Pac-12)",Sr.,LB,10,58,23,81,8.1
83,"Devonni Reed, Central Mich. (MAC)",Fr.,DB,12,62,35,97,8.1
84,"Justin Strnad, Wake Forest (ACC)",Jr.,LB,13,63,42,105,8.1
84,"Akeem Davis-Gaither, App State (Sun Belt)",Jr.,LB,13,48,57,105,8.1
86,"Parker Baldwin, San Diego St. (Mountain West)",Sr.,DB,13,60,43,103,7.9
87,"Jake Hansen, Illinois (Big Ten)",Jr.,LB,12,48,47,95,7.9
87,"Del'Shawn Phillips, Illinois (Big Ten)",Sr.,LB,12,45,50,95,7.9
89,"Deonte Roberts, Rutgers (Big Ten)",Sr.,LB,11,25,62,87,7.9
90,"C.J. Levine, UTSA (C-USA)",Sr.,DB,12,67,27,94,7.8
90,"Isaiah Davis, Maryland (Big Ten)",Jr.,LB,12,50,44,94,7.8
92,"Joe Bachie, Michigan St. (Big Ten)",Jr.,LB,13,46,55,101,7.8
93,"Jesse Osuna, San Jose St. (Mountain West)",Jr.,LB,12,55,38,93,7.8
93,"Jamal Hicks, Colorado St. (Mountain West)",Jr.,DB,12,45,48,93,7.8
95,"David Reese, Florida (SEC)",Jr.,LB,10,22,55,77,7.7
96,"Kielan Whitner, Syracuse (ACC)",Sr.,LB,13,60,40,100,7.7
96,"Chase Christiansen, Utah St. (Mountain West)",Sr.,LB,13,36,64,100,7.7
98,"Ben DeLuca, Charlotte (C-USA)",Jr.,DB,12,57,35,92,7.7
98,"Richard Moore, SMU (AAC)",Sr.,LB,12,56,36,92,7.7
98,"David Griffith, ULM (Sun Belt)",Sr.,LB,12,44,48,92,7.7
101,"Nate Evans, UCF (AAC)",Jr.,LB,13,55,44,99,7.6
101,"Johnathan Abram, Mississippi St. (SEC)",Sr.,DB,13,53,46,99,7.6
103,"Bryce Torneden, Kansas (Big 12)",Jr.,DB,12,57,34,91,7.6
103,"Jonathan Lenard, Jr., San Jose St. (Mountain West)",So.,DB,12,56,35,91,7.6
103,"Hamsah Nasirildeen, Florida St. (ACC)",So.,DB,12,51,40,91,7.6
103,"Matt Bahr, Kent St. (MAC)",Sr.,LB,12,50,41,91,7.6
103,"Connor Strachan, Boston College (ACC)",Sr.,LB,12,47,44,91,7.6
108,"Justin Phillips, Oklahoma St. (Big 12)",Sr.,LB,13,71,27,98,7.5
108,"Peyton Pelluer, Washington St. (Pac-12)",Sr.,LB,13,62,36,98,7.5
108,"Juan Thornhill, Virginia (ACC)",Sr.,DB,13,62,36,98,7.5
111,"Keith Sherald Jr., Kent St. (MAC)",So.,DB,12,61,29,90,7.5
112,"Edwin Freeman, FIU (C-USA)",Sr.,LB,13,62,35,97,7.5
112,"James Nachtigal, Army West Point (FBS Independent)",Sr.,LB,13,57,40,97,7.5
112,"Andrew Dowell, Michigan St. (Big Ten)",Sr.,LB,13,41,56,97,7.5
115,"Tony Fields II, Arizona (Pac-12)",So.,LB,12,58,31,89,7.4
115,"Ryan Connelly, Wisconsin (Big Ten)",Sr.,LB,12,56,33,89,7.4
117,"Jacob Thieneman, Purdue (Big Ten)",Sr.,DB,10,49,25,74,7.4
118,"Bobby Okereke, Stanford (Pac-12)",Sr.,LB,13,52,44,96,7.4
118,"Anthony Flory, App State (Sun Belt)",Sr.,LB,13,39,57,96,7.4
120,"Zachery Harris, Tulane (AAC)",Sr.,LB,13,50,45,95,7.3
121,"Dylan Singleton, Duke (ACC)",Jr.,DB,10,41,32,73,7.3
122,"Greg Eisworth, Iowa St. (Big 12)",So.,DB,12,56,31,87,7.3
122,"Jeff Gemmell, Charlotte (C-USA)",Jr.,LB,12,50,37,87,7.3
122,"Andrew Wingard, Wyoming (Mountain West)",Sr.,DB,12,46,41,87,7.3
122,"Santos Ramirez, Arkansas (SEC)",Sr.,DB,12,43,44,87,7.3
122,"Jacoby Phillips, LSU (SEC)",So.,LB,12,32,55,87,7.3
127,"Alohi Gilman, Notre Dame (FBS Independent)",Jr.,DB,13,58,36,94,7.2
127,"Malik Gant, Marshall (C-USA)",Jr.,DB,13,44,50,94,7.2
129,"Tre Webb, San Jose St. (Mountain West)",So.,DB,10,40,32,72,7.2
130,"Les Maruo, UTSA (C-USA)",Sr.,LB,12,49,37,86,7.2
130,"Rashad Smith, Fla. Atlantic (C-USA)",Jr.,LB,12,36,50,86,7.2
132,"Jacob Huff, Minnesota (Big Ten)",Sr.,DB,13,60,33,93,7.2
132,"Navon Mosley, Purdue (Big Ten)",Jr.,DB,13,60,33,93,7.2
132,"Vosean Joseph, Florida (SEC)",Jr.,LB,13,40,53,93,7.2
135,"Curtis Akins, Memphis (AAC)",Sr.,LB,14,62,38,100,7.1
136,"Sean Williams, Navy (AAC)",Sr.,DB,12,56,29,85,7.1
136,"Krys Barnes, UCLA (Pac-12)",Jr.,LB,12,53,32,85,7.1
136,"Isaiah McDuffie, Boston College (ACC)",So.,LB,12,48,37,85,7.1
136,"Ulysees Gilbert, Akron (MAC)",Sr.,LB,12,47,38,85,7.1
136,"Shemar Smith, Oregon St. (Pac-12)",Jr.,LB,12,46,39,85,7.1
136,"Zaven Collins, Tulsa (AAC)",Fr.,LB,12,42,43,85,7.1
142,"Derrick Barnes, Purdue (Big Ten)",So.,LB,13,61,31,92,7.1
142,"Solomon Matautia, Hawaii (Mountain West)",Jr.,LB,13,54,38,92,7.1
142,"Gabe Sewell, Nevada (Mountain West)",Jr.,LB,13,50,42,92,7.1
142,"Sean Barton, Stanford (Pac-12)",Sr.,LB,13,47,45,92,7.1
146,"Jordyn Brooks, Texas Tech (Big 12)",Jr.,LB,12,43,41,84,7
146,"Jalen Harvey, Arizona St. (Pac-12)",Sr.,DB,10,53,17,70,7
146,"Kyle Johnson, Air Force (Mountain West)",Jr.,LB,10,27,43,70,7
149,"Evan Croutch, Ohio (MAC)",Sr.,LB,13,58,32,90,6.9
149,"Gary Johnson, Texas (Big 12)",Sr.,LB,13,58,32,90,6.9
149,"Kyle Gibson, UCF (AAC)",Sr.,DB,13,57,33,90,6.9
149,"Darreon Jackson, Arkansas St. (Sun Belt)",Jr.,DB,13,51,39,90,6.9
153,"Jamal Parker, Kent St. (MAC)",Jr.,DB,12,52,31,83,6.9
153,"Sean Carter, Old Dominion (C-USA)",Sr.,DB,12,49,34,83,6.9
153,"Kyran Mitchell, SMU (AAC)",Sr.,LB,12,47,36,83,6.9
153,"Ray Wilborn, Ball St. (MAC)",Jr.,LB,12,47,36,83,6.9
153,"Bryce Cosby, Ball St. (MAC)",So.,DB,12,42,41,83,6.9
153,"Dedrick Young II, Nebraska (Big Ten)",Sr.,LB,12,41,42,83,6.9
159,"Omar Fortt, UConn (AAC)",So.,LB,11,48,28,76,6.9
159,"Stanley Barnwell, Jr., New Mexico (Mountain West)",Sr.,DB,11,40,36,76,6.9
161,"Darius Harris, Middle Tenn. (C-USA)",Sr.,LB,14,49,47,96,6.9
162,"Jake Gervase, Iowa (Big Ten)",Sr.,DB,13,49,40,89,6.8
162,"Greg Reaves, South Fla. (AAC)",Jr.,DL,13,47,42,89,6.8
162,"Hudson Sullivan, Navy (AAC)",Sr.,LB,13,42,47,89,6.8
165,"Arico Evans, TCU (Big 12)",Sr.,DB,12,49,33,82,6.8
165,"Jamal Davis II, Akron (MAC)",Sr.,LB,12,48,34,82,6.8
167,"Alvin Davis, Akron (MAC)",Jr.,DB,11,43,32,75,6.8
167,"Remy Lazarus, Georgia St. (Sun Belt)",Jr.,DB,11,42,33,75,6.8
169,"Brody Bagnall, Air Force (Mountain West)",Sr.,LB,10,16,52,68,6.8
170,"Josh Allen, Kentucky (SEC)",Sr.,LB,13,56,32,88,6.8
170,"Reggie Floyd, Virginia Tech (ACC)",Jr.,DB,13,56,32,88,6.8
172,"Tron Folsom, Troy (Sun Belt)",Jr.,LB,12,38,43,81,6.8
172,"Jaylen Pickett, Eastern Mich. (MAC)",Sr.,LB,12,37,44,81,6.8
172,"Ed Curney, Georgia St. (Sun Belt)",Jr.,LB,12,34,47,81,6.8
175,"Brice McAllister, Massachusetts (FBS Independent)",Sr.,DB,11,39,35,74,6.7
176,"Collin Scott, Louisiana Tech (C-USA)",Jr.,LB,13,35,52,87,6.7
176,"Erroll Thompson, Mississippi St. (SEC)",So.,LB,13,31,56,87,6.7
178,"Darryl Godfrey, UTSA (C-USA)",Sr.,DB,12,53,27,80,6.7
178,"Kahani Smith, UTEP (C-USA)",Sr.,DB,12,51,29,80,6.7
178,"Manny Bunch, Tulsa (AAC)",Jr.,DB,12,41,39,80,6.7
178,"Jamar Smith, UTEP (C-USA)",Sr.,LB,12,37,43,80,6.7
178,"Devon Sutton, East Carolina (AAC)",Sr.,DB,12,36,44,80,6.7
178,"Santana Sterling, UConn (AAC)",Sr.,LB,12,34,46,80,6.7
178,"Jah'Shawn Johnson, Texas Tech (Big 12)",Sr.,DB,9,39,21,60,6.7
185,"Jacques Boudreaux, Louisiana (Sun Belt)",Jr.,LB,14,41,52,93,6.6
186,"Dakota Allen, Texas Tech (Big 12)",Sr.,LB,11,33,40,73,6.6
187,"Drue Tranquill, Notre Dame (FBS Independent)",Sr.,LB,13,63,23,86,6.6
187,"Evan Foster, Syracuse (ACC)",Jr.,DB,13,56,30,86,6.6
187,"Drake Spears, Western Mich. (MAC)",Jr.,LB,13,53,33,86,6.6
187,"Darius West, Kentucky (SEC)",Sr.,DB,13,47,39,86,6.6
187,"Jordan Fehr, App State (Sun Belt)",Jr.,LB,13,36,50,86,6.6
187,"Richard Olekanma, Toledo (MAC)",Sr.,LB,13,36,50,86,6.6
193,"Zedrick Woods, Ole Miss (SEC)",Sr.,DB,12,42,37,79,6.6
193,"Bull Barge, South Alabama (Sun Belt)",Sr.,LB,12,40,39,79,6.6
193,"Javon Hagan, Ohio (MAC)",Jr.,DB,12,40,39,79,6.6
193,"Otaro Alaka, Texas A&M (SEC)",Sr.,LB,12,39,40,79,6.6
193,"Daniel Bituli, Tennessee (SEC)",Jr.,LB,12,39,40,79,6.6
198,"Collin Turner, ULM (Sun Belt)",Sr.,DB,11,42,30,72,6.5
199,"Delvon Randall, Temple (AAC)",Sr.,DB,13,62,23,85,6.5
200,"Devin Bush, Michigan (Big Ten)",Jr.,LB,12,38,40,78,6.5
200,"Patrick Nelson, SMU (AAC)",Jr.,DB,10,37,28,65,6.5
200,"Kaulana Apelu, Oregon (Pac-12)",Sr.,LB,10,36,29,65,6.5
203,"Vince Calhoun, Eastern Mich. (MAC)",Jr.,DB,13,47,37,84,6.5
203,"Dimitri Moore, Vanderbilt (SEC)",So.,LB,13,47,37,84,6.5
203,"Kash Daniel, Kentucky (SEC)",Jr.,LB,13,42,42,84,6.5
203,"Khari Willis, Michigan St. (Big Ten)",Sr.,DB,13,41,43,84,6.5
207,"Damar Hamlin, Pittsburgh (ACC)",Jr.,DB,14,61,29,90,6.4
208,"Kenny Robinson Jr., West Virginia (Big 12)",So.,DB,12,52,25,77,6.4
208,"Merlin Robertson, Arizona St. (Pac-12)",Fr.,LB,12,48,29,77,6.4
208,"Dvndr Robinson, East Carolina (AAC)",So.,DB,12,48,29,77,6.4
208,"Bailey Laolagi, UNLV (Mountain West)",Sr.,LB,12,39,38,77,6.4
212,"Alex Grace, Western Mich. (MAC)",Jr.,LB,13,55,28,83,6.4
212,"Malcolm Rodriguez, Oklahoma St. (Big 12)",So.,DB,13,53,30,83,6.4
212,"Micah Parsons, Penn St. (Big Ten)",Fr.,LB,13,48,35,83,6.4
212,"Ladarius Wiley, Vanderbilt (SEC)",Sr.,DB,13,44,39,83,6.4
216,"Jordan George, Akron (MAC)",Sr.,DB,11,41,29,70,6.4
217,"Jaylin Thomas, Ball St. (MAC)",So.,LB,12,43,33,76,6.3
217,"Max Richardson, Boston College (ACC)",Jr.,LB,12,39,37,76,6.3
217,"Masai Whyte, Western Ky. (C-USA)",Sr.,LB,12,37,39,76,6.3
217,"Carlton Martial, Troy (Sun Belt)",Fr.,LB,12,33,43,76,6.3
221,"Justin Tranquill, Western Mich. (MAC)",Jr.,DB,13,58,24,82,6.3
221,"Mike Edwards, Kentucky (SEC)",Sr.,DB,13,56,26,82,6.3
221,"Jahad Woods, Washington St. (Pac-12)",So.,LB,13,51,31,82,6.3
221,"Shaquille Quarterman, Miami (FL) (ACC)",Jr.,LB,13,45,37,82,6.3
225,"Brian Bell, Akron (MAC)",Sr.,LB,10,38,25,63,6.3
226,"Brody Hoying, Eastern Mich. (MAC)",Jr.,DB,11,29,40,69,6.3
227,"Dontavious Jackson, Florida St. (ACC)",Jr.,LB,12,46,29,75,6.3
227,"William Harris, Boston College (ACC)",Sr.,DB,12,43,32,75,6.3
227,"Jordan Young, Old Dominion (C-USA)",So.,LB,12,37,38,75,6.3
227,"Noel Cook, App State (Sun Belt)",Jr.,LB,12,36,39,75,6.3
231,"Jordan Fuller, Ohio St. (Big Ten)",Jr.,DB,13,61,20,81,6.2
231,"Ronnie Hoggins, South Fla. (AAC)",Sr.,DB,13,58,23,81,6.2
231,"Malik Harrison, Ohio St. (Big Ten)",Jr.,LB,13,55,26,81,6.2
231,"Gleson Sprewell, Houston (AAC)",So.,DB,13,51,30,81,6.2
231,"Thomas Barber, Minnesota (Big Ten)",Jr.,LB,13,47,34,81,6.2
231,"Jarius Morehead, NC State (ACC)",Jr.,DB,13,45,36,81,6.2
231,"Justin Clifton, Arkansas St. (Sun Belt)",Sr.,DB,13,41,40,81,6.2
238,"C.J. Avery, Louisville (ACC)",So.,DB,9,33,23,56,6.2
239,"Ikem Okeke, Hawaii (Mountain West)",Jr.,LB,14,60,27,87,6.2
239,"Anthony Wheeler, Texas (Big 12)",Sr.,LB,14,56,31,87,6.2
239,"Mike Bell, Fresno St. (Mountain West)",Jr.,DB,14,53,34,87,6.2
239,"Penei Pavihi, Hawaii (Mountain West)",So.,LB,14,46,41,87,6.2
239,"George Helmuth, Fresno St. (Mountain West)",Sr.,LB,14,44,43,87,6.2
244,"Mike Lee, Kansas (Big 12)",Jr.,DB,11,49,19,68,6.2
244,"Fitz Wattley, Coastal Carolina (Sun Belt)",Sr.,DB,11,48,20,68,6.2
246,"Javin White, UNLV (Mountain West)",Jr.,DB,12,40,34,74,6.2
246,"Michael Pinckney, Miami (FL) (ACC)",Jr.,LB,12,35,39,74,6.2
248,"Ridwan Issahaku, TCU (Big 12)",Sr.,DB,13,56,24,80,6.2
249,"Mykal Walker, Fresno St. (Mountain West)",Sr.,LB,14,38,48,86,6.1
250,"John Houston, Southern California (Pac-12)",Jr.,LB,11,35,32,67,6.1
251,"Dee Smith, Louisville (ACC)",Sr.,DB,12,40,33,73,6.1
252,"Tahjea Chambers, Arkansas St. (Sun Belt)",So.,LB,13,33,46,79,6.1
253,"Shaun Bradley, Temple (AAC)",Jr.,LB,13,51,27,78,6
253,"Kenny Willekes, Michigan St. (Big Ten)",Jr.,DL,13,37,41,78,6
253,"Rodney Clemons, SMU (AAC)",Jr.,DB,12,54,18,72,6
253,"Jordan Baldwin, Louisiana Tech (C-USA)",Sr.,DB,12,50,22,72,6
253,"Justin Layne, Michigan St. (Big Ten)",Jr.,DB,12,44,28,72,6
253,"Steven Montac, South Carolina (SEC)",Sr.,DB,12,44,28,72,6
253,"Chinedu Ogbonna, Massachusetts (FBS Independent)",So.,LB,12,34,38,72,6
253,"Cedarius Rookard, Troy (Sun Belt)",Sr.,DB,12,32,40,72,6
253,"Isaiah Johnson, Houston (AAC)",Sr.,DB,11,50,16,66,6
253,"Evan Austrie, UNLV (Mountain West)",Jr.,DB,11,45,21,66,6
253,"Juan Hailey, Navy (AAC)",Sr.,DB,11,43,23,66,6
253,"Aaron Ramseur, East Carolina (AAC)",So.,LB,11,30,36,66,6
253,"Ben Humphreys, Duke (ACC)",Sr.,LB,11,24,42,66,6
266,"Isaiah Simmons, Clemson (ACC)",So.,DB,15,54,35,89,5.9
267,"Chris Woolbright, UAB (C-USA)",Sr.,LB,14,47,36,83,5.9
268,"Malik Reed, Nevada (Mountain West)",Sr.,LB,13,51,26,77,5.9
268,"Cole Christiansen, Army West Point (FBS Independent)",Jr.,LB,13,42,35,77,5.9
268,"Frankie Hernandez, Marshall (C-USA)",Sr.,LB,13,38,39,77,5.9
271,"Ta'Corian Darden, Western Ky. (C-USA)",Jr.,DB,12,42,29,71,5.9
271,"Devon Key, Western Ky. (C-USA)",So.,DB,12,41,30,71,5.9
271,"Joshua Moon, Ga. Southern (Sun Belt)",Sr.,DB,12,41,30,71,5.9
271,"Riko Jeffers, Texas Tech (Big 12)",So.,LB,12,40,31,71,5.9
271,"McKinley Whitfield, Tulsa (AAC)",Sr.,DB,12,38,33,71,5.9
271,"Rick Gamboa, Colorado (Pac-12)",Sr.,LB,12,37,34,71,5.9
271,"Frankie Griffin, Texas St. (Sun Belt)",Sr.,LB,12,33,38,71,5.9
278,"Joey Blount, Virginia (ACC)",So.,DB,11,39,26,65,5.9
279,"Cortez Sisco, Jr., ULM (Sun Belt)",Sr.,DB,9,26,27,53,5.9
280,"Oluwaseun Idowu, Pittsburgh (ACC)",Sr.,LB,14,55,27,82,5.9
280,"JR Pace, Northwestern (Big Ten)",So.,DB,14,51,31,82,5.9
282,"Willie Harvey, Iowa St. (Big 12)",Sr.,LB,13,46,30,76,5.8
282,"Skyler Thomas, Washington St. (Pac-12)",So.,DB,13,46,30,76,5.8
284,"Da'Quan Patton, Kansas St. (Big 12)",Jr.,LB,12,50,20,70,5.8
284,"Aaron Williams, Nebraska (Big Ten)",Sr.,DB,12,45,25,70,5.8
284,"Kholbe Coleman, Bowling Green (MAC)",So.,LB,12,42,28,70,5.8
284,"Chase Middleton, Georgia St. (Sun Belt)",Sr.,LB,12,34,36,70,5.8
284,"Maxx Crosby, Eastern Mich. (MAC)",Jr.,DL,12,31,39,70,5.8
289,"J.K. Britt, North Carolina (ACC)",Sr.,DB,11,44,20,64,5.8
289,"Oneil ROBINSON, UConn (AAC)",Fr.,,11,42,22,64,5.8
291,"Stanley Green, Illinois (Big Ten)",Jr.,DB,10,32,26,58,5.8
292,"Kendall Joseph, Clemson (ACC)",Sr.,LB,14,38,43,81,5.8
293,"Kevon Jones, UConn (AAC)",Fr.,LB,9,21,31,52,5.8
294,"Jomon Dotson, Nevada (Mountain West)",Sr.,DB,13,63,12,75,5.8
294,"Mike Rose, Iowa St. (Big 12)",Fr.,LB,13,41,34,75,5.8
296,"Keith Loneker Jr., Kansas (Big 12)",Sr.,LB,12,42,27,69,5.8
296,"Isaiah Moore, NC State (ACC)",Fr.,LB,12,37,32,69,5.8
296,"Bryson Bridges, San Jose St. (Mountain West)",Sr.,DL,12,29,40,69,5.8
299,"Dylan Moses, Alabama (SEC)",So.,LB,15,45,41,86,5.7
300,"Alex Briones, Central Mich. (MAC)",Sr.,LB,11,42,21,63,5.7
300,"Elijah McQueen, SMU (AAC)",So.,DB,11,41,22,63,5.7
302,"James Bailey, Fresno St. (Mountain West)",Sr.,LB,14,45,35,80,5.7
302,"Tre Lamar, Clemson (ACC)",Jr.,LB,14,39,41,80,5.7
304,"Marvell Tell, Southern California (Pac-12)",Sr.,DB,10,39,18,57,5.7
305,"Essang Bassey, Wake Forest (ACC)",Jr.,DB,13,53,21,74,5.7
305,"James Jackson, Louisiana Tech (C-USA)",Jr.,DB,13,48,26,74,5.7
305,"Daniel Thomas, Auburn (SEC)",Jr.,DB,13,48,26,74,5.7
305,"Grant Delpit, LSU (SEC)",So.,DB,13,46,28,74,5.7
305,"Terez Hall, Missouri (SEC)",Sr.,LB,13,46,28,74,5.7
305,"Tyree Kinnel, Michigan (Big Ten)",Sr.,DB,13,46,28,74,5.7
305,"Mark McLaurin, Mississippi St. (SEC)",Sr.,DB,13,41,33,74,5.7
305,"Darrell Williams, Auburn (SEC)",Sr.,LB,13,37,37,74,5.7
305,"Gaje Ferguson, Utah St. (Mountain West)",Sr.,DB,13,30,44,74,5.7
314,"Eli Walker, Kansas St. (Big 12)",Sr.,DB,12,51,17,68,5.7
314,"Antoine Brooks, Maryland (Big Ten)",Jr.,LB,12,46,22,68,5.7
314,"Dalton Hicks, Kent St. (MAC)",Jr.,LB,12,37,31,68,5.7
314,"Juwan Foggie, Charlotte (C-USA)",Sr.,LB,12,34,34,68,5.7
314,"Jordan Jones, Kentucky (SEC)",Sr.,LB,12,31,37,68,5.7
319,"Corey Turner, Louisiana (Sun Belt)",Sr.,DB,14,47,32,79,5.6
320,"Calvin Bundage, Oklahoma St. (Big 12)",Jr.,LB,11,41,21,62,5.6
320,"Jack Hockaday, Iowa (Big Ten)",Sr.,LB,11,24,38,62,5.6
322,"Kenneth Edison-McGruder, Oklahoma St. (Big 12)",Sr.,LB,13,54,19,73,5.6
322,"Sherrod Greene, South Carolina (SEC)",So.,LB,13,32,41,73,5.6
322,"Jontrell Rocquemore, Utah St. (Mountain West)",Sr.,DB,13,31,42,73,5.6
325,"Isaiah Rodgers, Massachusetts (FBS Independent)",Jr.,DB,10,41,15,56,5.6
326,"Quentin Lake, UCLA (Pac-12)",So.,DB,12,51,16,67,5.6
326,"Chris Miller, Baylor (Big 12)",Jr.,DB,12,50,17,67,5.6
326,"Christian Albright, Ball St. (MAC)",So.,LB,12,34,33,67,5.6
329,"Juju Hughes, Fresno St. (Mountain West)",Jr.,DB,14,40,38,78,5.6
330,"Nick Roberts, South Fla. (AAC)",Fr.,DB,13,52,20,72,5.5
330,"Garrett Wallow, TCU (Big 12)",So.,LB,13,46,26,72,5.5
330,"Roderic Teamer, Tulane (AAC)",Sr.,DB,13,45,27,72,5.5
330,"Deontay Anderson, Houston (AAC)",So.,WR,13,44,28,72,5.5
330,"Jan Johnson, Penn St. (Big Ten)",Jr.,LB,13,42,30,72,5.5
330,"Michael Dogbe, Temple (AAC)",Sr.,DL,13,36,36,72,5.5
336,"P.J. Locke III, Texas (Big 12)",Sr.,DB,14,57,20,77,5.5
336,"James Patterson, Buffalo (MAC)",Fr.,LB,14,40,37,77,5.5
336,"Jonathan Crawford, Indiana (Big Ten)",Sr.,DB,12,47,19,66,5.5
336,"Drell Greene, Western Ky. (C-USA)",Sr.,DB,12,43,23,66,5.5
336,"Mike Danna, Central Mich. (MAC)",Jr.,DL,12,37,29,66,5.5
336,"Brandon Martin, Ball St. (MAC)",So.,LB,12,37,29,66,5.5
336,"Donovan Wilson, Texas A&M (SEC)",Sr.,DB,12,37,29,66,5.5
336,"Bobby Roundtree, Illinois (Big Ten)",So.,DL,12,36,30,66,5.5
336,"Avery Young, Rutgers (Big Ten)",Fr.,DB,12,35,31,66,5.5
336,"Jacob White, Ball St. (MAC)",Jr.,LB,12,32,34,66,5.5
336,"Dorian Etheridge, Louisville (ACC)",So.,LB,10,32,23,55,5.5
336,"Sydney Brown, Illinois (Big Ten)",Fr.,DB,10,25,30,55,5.5
348,"Garrett Taylor, Penn St. (Big Ten)",Jr.,DB,13,45,26,71,5.5
348,"Pat Jasinski, UCF (AAC)",Sr.,LB,13,41,30,71,5.5
348,"Marvin Moody, Tulane (AAC)",So.,LB,13,41,30,71,5.5
348,"Kekoa Nawahine, Boise St. (Mountain West)",Jr.,DB,13,39,32,71,5.5
348,"Chauncey Gardner-Johnson, Florida (SEC)",Jr.,DB,13,37,34,71,5.5
353,"Silas Kelly, Coastal Carolina (Sun Belt)",So.,LB,11,31,29,60,5.5
354,"Kalen Hicks, Hawaii (Mountain West)",Jr.,DB,14,53,23,76,5.4
355,"Saquan Hampton, Rutgers (Big Ten)",Sr.,DB,12,44,21,65,5.4
355,"A.J. Westbrook, Florida St. (ACC)",Sr.,DB,12,37,28,65,5.4
355,"Shamad Lomax, New Mexico St. (FBS Independent)",Jr.,DB,12,28,37,65,5.4
358,"Rashad Byrd, Ga. Southern (Sun Belt)",So.,LB,10,30,24,54,5.4
359,"Isaiah Graham-Mobley, Temple (AAC)",So.,LB,13,51,19,70,5.4
359,"Tyrel Dodson, Texas A&M (SEC)",Jr.,LB,13,42,28,70,5.4
359,"Wesley Bush, Middle Tenn. (C-USA)",Sr.,DB,13,40,30,70,5.4
359,"Jawuan  Johnson, TCU (Big 12)",Sr.,LB,13,40,30,70,5.4
359,"Braxton Lewis, Iowa St. (Big 12)",Jr.,DB,13,40,30,70,5.4
359,"Chapelle Russell, Temple (AAC)",Jr.,LB,13,40,30,70,5.4
359,"Darien Butler, Arizona St. (Pac-12)",Fr.,LB,13,36,34,70,5.4
359,"Dae'Von Washington, Louisiana Tech (C-USA)",Sr.,LB,13,36,34,70,5.4
367,"Mikial Onu, SMU (AAC)",Jr.,DB,11,41,18,59,5.4
367,"Picasso Nelson, Jr., Southern Miss. (C-USA)",Sr.,DB,11,31,28,59,5.4
367,"Jalen Young, Fla. Atlantic (C-USA)",Sr.,DB,11,30,29,59,5.4
370,"Mykelti Williams, NIU (MAC)",Jr.,DB,14,45,30,75,5.4
370,"Fitzgerald Mofor, UAB (C-USA)",Jr.,LB,14,42,33,75,5.4
372,"Josh  Norwood, West Virginia (Big 12)",Jr.,DB,12,49,15,64,5.3
372,"Nigel Warrior, Tennessee (SEC)",Jr.,DB,12,41,23,64,5.3
372,"Carlos Basham, Jr., Wake Forest (ACC)",So.,DL,12,36,28,64,5.3
372,"Tomarcio Reese, Ga. Southern (Sun Belt)",Sr.,LB,12,28,36,64,5.3
376,"Marcel Spears, Iowa St. (Big 12)",Jr.,LB,13,44,25,69,5.3
376,"Cornel Jones, Purdue (Big Ten)",So.,LB,13,43,26,69,5.3
376,"Kahlil Robinson, Toledo (MAC)",Jr.,DB,13,41,28,69,5.3
376,"Emeke Egbule, Houston (AAC)",Sr.,LB,13,39,30,69,5.3
380,"Jericho Flowers, UNLV (Mountain West)",Jr.,DB,10,43,10,53,5.3
380,"Anthony Butler, Charlotte (C-USA)",Jr.,LB,10,20,33,53,5.3
382,"Richard LeCounte, Georgia (SEC)",So.,DB,14,45,29,74,5.3
383,"Sitivena Tamaivena, New Mexico (Mountain West)",Sr.,LB,11,32,26,58,5.3
384,"Deionte Thompson, Alabama (SEC)",Jr.,DB,15,48,31,79,5.3
385,"Marcus Epps, Wyoming (Mountain West)",Sr.,DB,12,42,21,63,5.3
385,"Nate Harvey, East Carolina (AAC)",Sr.,DL,12,42,21,63,5.3
385,"Keisean Nixon, South Carolina (SEC)",Sr.,DB,12,42,21,63,5.3
385,"Bryson Powers, Tulsa (AAC)",Fr.,DB,12,34,29,63,5.3
385,"Roy Lopez, New Mexico St. (FBS Independent)",Jr.,DL,12,25,38,63,5.3
385,"Josiah Coatney, Ole Miss (SEC)",Jr.,DL,12,23,40,63,5.3
385,"Damon Hayes, Rutgers (Big Ten)",Jr.,DB,12,23,40,63,5.3
392,"Malik Rivera, Georgia Tech (ACC)",Sr.,DB,13,40,28,68,5.2
392,"Marquis Waters, Duke (ACC)",So.,DB,13,40,28,68,5.2
392,"Brandon Garner, North Texas (C-USA)",Sr.,LB,13,37,31,68,5.2
392,"Malik Clements, Cincinnati (AAC)",Sr.,DB,13,36,32,68,5.2
392,"Chase Winovich, Michigan (Big Ten)",Sr.,DL,13,31,37,68,5.2
397,"Tevis Bartlett, Washington (Pac-12)",Sr.,LB,14,43,30,73,5.2
398,"Luke Masterson, Wake Forest (ACC)",So.,DB,10,33,19,52,5.2
399,"Michael Sewell, Jr., New Mexico (Mountain West)",Sr.,DB,11,34,23,57,5.2
400,"Nik Needham, UTEP (C-USA)",Sr.,DB,12,48,14,62,5.2
400,"Isaiah Wharton, Rutgers (Big Ten)",Sr.,DB,12,38,24,62,5.2
400,"Dameon Willis, Jr., Indiana (Big Ten)",Sr.,LB,12,38,24,62,5.2
400,"Brett Anderson, Ball St. (MAC)",So.,DB,12,35,27,62,5.2
400,"Luke Gifford, Nebraska (Big Ten)",Sr.,LB,12,35,27,62,5.2
405,"Antonio Blackmon, Purdue (Big Ten)",Sr.,DB,13,57,10,67,5.2
405,"Monquavion Brinson, Ga. Southern (Sun Belt)",Jr.,DB,13,52,15,67,5.2
405,"Nate Brooks, North Texas (C-USA)",Sr.,DB,13,48,19,67,5.2
405,"Lance Deveaux, NIU (MAC)",Jr.,LB,13,44,23,67,5.2
405,"Khairi Muhammad, North Texas (C-USA)",Jr.,DB,13,43,24,67,5.2
405,"George Nyakwol, Rice (C-USA)",So.,DB,13,43,24,67,5.2
405,"Jalen Thompson, Washington St. (Pac-12)",Jr.,DB,13,41,26,67,5.2
405,"Jalen Elliott, Notre Dame (FBS Independent)",Jr.,DB,13,36,31,67,5.2
405,"Justin Middleton, Louisiana (Sun Belt)",Sr.,LB,13,33,34,67,5.2
414,"Jabari Johnson, ULM (Sun Belt)",Fr.,DB,10,31,20,51,5.1
415,"Justin Hughes, Kansas St. (Big 12)",Jr.,LB,11,38,18,56,5.1
415,"Corbin Kaufusi, BYU (FBS Independent)",Sr.,DL,11,38,18,56,5.1
417,"Alijah Halliburton, Wyoming (Mountain West)",Jr.,DB,12,39,22,61,5.1
417,"Drew Lewis, Colorado (Pac-12)",Sr.,LB,12,39,22,61,5.1
417,"Tyson Maeva, Boise St. (Mountain West)",Jr.,LB,12,36,25,61,5.1
417,"Josh Smith, Vanderbilt (SEC)",Sr.,LB,12,35,26,61,5.1
417,"Caleb Kelly, Oklahoma (Big 12)",Jr.,LB,12,33,28,61,5.1
417,"Bruce Bivens, East Carolina (AAC)",So.,LB,12,27,34,61,5.1
417,"Zach Allen, Boston College (ACC)",Sr.,DL,12,26,35,61,5.1
424,"Darryl Lewis, Louisiana Tech (C-USA)",Jr.,DB,13,41,25,66,5.1
424,"Khalil Ladler, Virginia Tech (ACC)",So.,DB,13,40,26,66,5.1
424,"Jalen Johnson, Georgia Tech (ACC)",Sr.,DB,13,39,27,66,5.1
424,"Titus Davis, UCF (AAC)",Sr.,LB,13,32,34,66,5.1
428,"Tyrez Lindsey, Memphis (AAC)",So.,DB,14,40,31,71,5.1
429,"Corrion Ballard, Utah (Pac-12)",Sr.,DB,14,48,22,70,5
429,"Olin Cushion III, FIU (C-USA)",Jr.,DB,13,43,22,65,5
429,"Blaze Alldredge, Rice (C-USA)",So.,LB,13,39,26,65,5
429,"Asauni Rufus, Nevada (Mountain West)",Sr.,DB,13,39,26,65,5
429,"Amani Hooker, Iowa (Big Ten)",Jr.,DB,13,36,29,65,5
429,"Nick Scott, Penn St. (Big Ten)",Sr.,RB,13,35,30,65,5
429,"Chris Peace, Virginia (ACC)",Sr.,LB,13,31,34,65,5
429,"Ronheen Bingham, Arkansas St. (Sun Belt)",Sr.,DL,13,26,39,65,5
429,"Alex Highsmith, Charlotte (C-USA)",Jr.,DL,12,38,22,60,5
429,"Deangelo Malone, Western Ky. (C-USA)",So.,DL,12,31,29,60,5
429,"Divine Deablo, Virginia Tech (ACC)",So.,DB,11,35,20,55,5
429,"Wrong Player, UTEP (C-USA)",Sr.,,11,19,36,55,5
441,"Broderick Thomas, UAB (C-USA)",Sr.,DB,14,51,18,69,4.9
442,"Paulson Adebo, Stanford (Pac-12)",So.,DB,13,45,19,64,4.9
442,"Justin Hollins, Oregon (Pac-12)",Sr.,DL,13,38,26,64,4.9
442,"Jaylon Ferguson, Louisiana Tech (C-USA)",Sr.,DL,13,37,27,64,4.9
442,"Brant Mitchell, Georgia Tech (ACC)",Sr.,LB,13,35,29,64,4.9
442,"Sheldrick Redwine, Miami (FL) (ACC)",Sr.,DB,13,35,29,64,4.9
442,"Jeremiah Dinson, Auburn (SEC)",Jr.,DB,13,31,33,64,4.9
442,"Tipa Galeai, Utah St. (Mountain West)",Jr.,LB,13,30,34,64,4.9
442,"Jeawon Taylor, Florida (SEC)",Jr.,DB,13,24,40,64,4.9
442,"Jeremiah Harris, Eastern Mich. (MAC)",Sr.,DL,13,18,46,64,4.9
451,"Marcelino Ball, Indiana (Big Ten)",So.,DB,12,40,19,59,4.9
451,"Kamal Martin, Minnesota (Big Ten)",Jr.,LB,12,34,25,59,4.9
451,"Gerald Willis III, Miami (FL) (ACC)",Sr.,DL,12,34,25,59,4.9
451,"Eddie Hahn, UConn (AAC)",Jr.,LB,12,29,30,59,4.9
455,"Robert Barnes, Oklahoma (Big 12)",So.,DB,11,31,23,54,4.9
456,"Xavier McKinney, Alabama (SEC)",So.,DB,15,44,29,73,4.9
457,"TJ Carter, Memphis (AAC)",So.,DB,14,58,10,68,4.9
457,"Khalil Brooks, Middle Tenn. (C-USA)",Sr.,LB,14,46,22,68,4.9
457,"DQ Thomas, Middle Tenn. (C-USA)",So.,LB,14,41,27,68,4.9
460,"Julian Love, Notre Dame (FBS Independent)",Jr.,DB,13,49,14,63,4.8
460,"Sam Franklin, Temple (AAC)",Jr.,LB,13,45,18,63,4.8
460,"Cam Brown, Penn St. (Big Ten)",Jr.,LB,13,41,22,63,4.8
460,"Zack Baun, Wisconsin (Big Ten)",Jr.,LB,13,37,26,63,4.8
460,"Chuck Wade, Jr., Wake Forest (ACC)",Sr.,DB,13,33,30,63,4.8
460,"Zane Zandier, Virginia (ACC)",So.,LB,13,28,35,63,4.8
460,"Jeffery Simmons, Mississippi St. (SEC)",Jr.,DL,13,25,38,63,4.8
460,"Kevin Thurmon, Arkansas St. (Sun Belt)",Jr.,DL,13,16,47,63,4.8
468,"Stanford Samuels III, Florida St. (ACC)",So.,DB,12,37,21,58,4.8
468,"Alijah Holder, Stanford (Pac-12)",Sr.,DB,12,35,23,58,4.8
468,"Mike Brown, Miami (OH) (MAC)",So.,DB,12,34,24,58,4.8
468,"Oshane Ximines, Old Dominion (C-USA)",Sr.,DL,12,32,26,58,4.8
468,"Tarron Jackson, Coastal Carolina (Sun Belt)",So.,DL,12,28,30,58,4.8
468,"Taylor Robinson, North Texas (C-USA)",Sr.,DB,12,28,30,58,4.8
468,"Jaiden Woodbey, Florida St. (ACC)",Fr.,LB,12,24,34,58,4.8
475,"Nephi Sewell, Nevada (Mountain West)",So.,DB,11,32,21,53,4.8
475,"Kamren Curl, Arkansas (SEC)",So.,DB,11,27,26,53,4.8
477,"Ty Summers, TCU (Big 12)",Sr.,LB,10,30,18,48,4.8
477,"Charlie Thomas, Georgia Tech (ACC)",Fr.,LB,10,29,19,48,4.8
479,"Kris Boyd, Texas (Big 12)",Sr.,DB,14,49,18,67,4.8
479,"Tuf Borland, Ohio St. (Big Ten)",Jr.,LB,14,33,34,67,4.8
481,"Chase Lucas, Arizona St. (Pac-12)",So.,DB,13,49,13,62,4.8
481,"Caden Sterns, Texas (Big 12)",Fr.,DB,13,46,16,62,4.8
481,"Bryce Hall, Virginia (ACC)",Jr.,DB,13,39,23,62,4.8
481,"Dax Hollifield, Virginia Tech (ACC)",Fr.,LB,13,27,35,62,4.8
481,"Josh Ross, Michigan (Big Ten)",So.,LB,13,22,40,62,4.8
486,"Verkedric Vaughns, Baylor (Big 12)",Sr.,DB,12,38,19,57,4.8
486,"D'Angelo Ross, New Mexico (Mountain West)",Sr.,DB,12,36,21,57,4.8
486,"Tre Neal, Nebraska (Big Ten)",Sr.,DB,12,35,22,57,4.8
486,"B.J. Edmonds, Arkansas St. (Sun Belt)",Jr.,DB,12,34,23,57,4.8
486,"Ajene Harris, Southern California (Pac-12)",Sr.,DB,12,33,24,57,4.8
486,"Demarcus Owens, New Mexico St. (FBS Independent)",Sr.,DB,12,33,24,57,4.8
486,"Jalen Jelks, Oregon (Pac-12)",Sr.,DL,12,31,26,57,4.8
486,"Andrew Soroh, Fla. Atlantic (C-USA)",Sr.,DB,12,25,32,57,4.8
494,"Quinnen Williams, Alabama (SEC)",So.,DL,15,45,26,71,4.7
494,"Mack Wilson, Alabama (SEC)",Jr.,LB,15,36,35,71,4.7
496,"Deshawn Capers-Smith, Texas A&M (SEC)",Sr.,DB,11,31,21,52,4.7
497,"J.R. Reed, Georgia (SEC)",Jr.,DB,14,38,28,66,4.7
498,"Amari Henderson, Wake Forest (ACC)",Jr.,DB,10,34,13,47,4.7
498,"AJ Thomas, Western Mich. (MAC)",So.,DB,10,30,17,47,4.7
498,"Justice Davila, Old Dominion (C-USA)",Sr.,DB,10,25,22,47,4.7
498,"Jim Jones, Kent St. (MAC)",Sr.,LB,10,25,22,47,4.7
498,"Dominique Ross, North Carolina (ACC)",Jr.,LB,10,15,32,47,4.7
