Rank,Player,Cl,Pos,G,Solo Tack,Asst Tack,TT,TPG
1,"Rodney Butler, New Mexico St. (Sun Belt)",Sr.,LB,12,63,102,165,13.8
2,"Nate Holley, Kent St. (MAC)",Sr.,DB,9,80,31,111,12.3
3,"Bryan London II, Texas St. (Sun Belt)",Fr.,LB,12,83,58,141,11.8
4,"Micah Kiser, Virginia (ACC)",Jr.,LB,12,65,69,134,11.2
5,"Eric Wilson, Cincinnati (AAC)",Sr.,LB,12,60,69,129,10.8
6,"Emmanuel Ellerbee, Rice (C-USA)",Jr.,LB,11,70,48,118,10.7
7,"Khalil Hodge, Buffalo (MAC)",So.,LB,12,61,62,123,10.3
8,"Ulysees Gilbert, Akron (MAC)",So.,LB,12,65,57,122,10.2
9,"Travin Howard, TCU (Big 12)",Jr.,DB,13,72,58,130,10
9,"Quin Blanding, Virginia (ACC)",Jr.,DB,12,70,50,120,10
9,"Jayon Brown, UCLA (Pac-12)",Sr.,LB,12,70,50,120,10
12,"Obi Melifonwu, UConn (AAC)",Sr.,DB,12,73,45,118,9.8
13,"Jeff Camilli, Fresno St. (Mountain West)",Sr.,LB,11,53,55,108,9.8
14,"Tau Lotulelei, UNLV (Mountain West)",Sr.,LB,12,62,55,117,9.8
15,"Tegray Scales, Indiana (Big Ten)",Jr.,LB,13,93,33,126,9.7
16,"Alex Bertando, Nevada (Mountain West)",Sr.,LB,11,63,43,106,9.6
17,"Zach Cunningham, Vanderbilt (SEC)",Jr.,LB,13,71,54,125,9.6
18,"Stratton Brown, Fresno St. (Mountain West)",Sr.,DB,12,57,58,115,9.6
19,"Josey Jewell, Iowa (Big Ten)",Jr.,LB,13,58,66,124,9.5
20,"Ukeme Eligwe, Ga. Southern (Sun Belt)",Jr.,LB,11,65,39,104,9.5
21,"Dalton Herrington, New Mexico St. (Sun Belt)",Jr.,LB,12,47,66,113,9.4
22,"Andrew Wingard, Wyoming (Mountain West)",So.,DB,14,75,56,131,9.4
22,"Keith Brown, Western Ky. (C-USA)",Sr.,LB,14,60,71,131,9.4
24,"Azeez Al-Shaair, Fla. Atlantic (C-USA)",So.,LB,12,56,56,112,9.3
25,"Ty Summers, TCU (Big 12)",So.,LB,13,59,62,121,9.3
26,"Taylor Young, Baylor (Big 12)",Jr.,LB,10,58,35,93,9.3
26,"Alvin Jones, UTEP (C-USA)",Jr.,LB,10,44,49,93,9.3
28,"Trent Greene, Bowling Green (MAC)",Sr.,LB,12,54,57,111,9.3
29,"Jahlani Tavai, Hawaii (Mountain West)",So.,LB,14,86,43,129,9.2
30,"Parris Bennett, Syracuse (ACC)",Jr.,LB,12,56,54,110,9.2
31,"Blair Brown, Ohio (MAC)",Sr.,LB,14,71,57,128,9.1
32,"Kendell Beckwith, LSU (SEC)",Sr.,LB,10,33,58,91,9.1
33,"Jalen Young, Fla. Atlantic (C-USA)",So.,DB,11,67,33,100,9.1
34,"Sean Wiggins, Ball St. (MAC)",Sr.,LB,12,62,47,109,9.1
34,"Treyvon Williams, FIU (C-USA)",Jr.,LB,12,61,48,109,9.1
36,"Auggie Sanchez, South Fla. (AAC)",Jr.,RB,13,67,50,117,9
36,"Anthony Wint, FIU (C-USA)",Jr.,LB,12,57,51,108,9
36,"Shane Cockerille, Maryland (Big Ten)",Jr.,RB,12,52,56,108,9
36,"Nick Cook, Charlotte (C-USA)",Sr.,LB,12,49,59,108,9
40,"Troy Hawthorne, UNLV (Mountain West)",Sr.,DB,12,57,50,107,8.9
40,"Joe Giles-Harris, Duke (ACC)",Fr.,LB,12,55,52,107,8.9
40,"Hardy Nickerson, Illinois (Big Ten)",Sr.,LB,12,38,69,107,8.9
43,"Cole Holcomb, North Carolina (ACC)",Jr.,LB,13,62,53,115,8.8
43,"Josiah Tauaefa, UTSA (C-USA)",Fr.,LB,13,50,65,115,8.8
45,"Ben Humphreys, Duke (ACC)",So.,LB,12,51,55,106,8.8
46,"Steve Casali, Massachusetts (FBS Independent)",Jr.,LB,12,47,58,105,8.8
47,"Andre Smith, North Carolina (ACC)",So.,LB,13,56,57,113,8.7
48,"Jeremy Timpf, Army West Point (FBS Independent)",Sr.,LB,13,62,50,112,8.6
49,"Ishmael Hargrove, Buffalo (MAC)",Jr.,LB,12,61,42,103,8.6
49,"Terrill Hanks, New Mexico St. (Sun Belt)",So.,DB,12,38,65,103,8.6
51,"Ironhead Gallon, Ga. Southern (Sun Belt)",Sr.,LB,12,59,43,102,8.5
51,"Gabe Loyd, Texas St. (Sun Belt)",Jr.,LB,12,59,43,102,8.5
51,"Trevor Morris, Rutgers (Big Ten)",So.,LB,12,54,48,102,8.5
51,"Tre Watson, Illinois (Big Ten)",So.,LB,12,38,64,102,8.5
55,"Elijah Lee, Kansas St. (Big 12)",Jr.,LB,13,72,38,110,8.5
55,"Kevin Davis, Colorado St. (Mountain West)",Sr.,LB,13,66,44,110,8.5
55,"Jermaine Carter, Maryland (Big Ten)",Jr.,LB,13,58,52,110,8.5
58,"Zach Edwards, Cincinnati (AAC)",Sr.,DB,11,55,38,93,8.5
59,"Riley Bullough, Michigan St. (Big Ten)",Sr.,RB,9,20,56,76,8.4
60,"Jordan Sterns, Oklahoma St. (Big 12)",Sr.,DB,12,63,38,101,8.4
60,"Zaire Franklin, Syracuse (ACC)",Jr.,LB,12,56,45,101,8.4
62,"Jordan Jones, Kentucky (SEC)",So.,LB,13,74,35,109,8.4
62,"Josh Jones, NC State (ACC)",Jr.,DB,13,62,47,109,8.4
64,"Trent Martin, Tulsa (AAC)",Sr.,LB,12,53,47,100,8.3
65,"Godwin Igwebuike, Northwestern (Big Ten)",Jr.,DB,13,78,30,108,8.3
65,"Ben Weaver, Boise St. (Mountain West)",Sr.,LB,13,58,50,108,8.3
67,"Butch Pau'u, BYU (FBS Independent)",So.,LB,10,45,38,83,8.3
68,"Ben Boulware, Clemson (ACC)",Sr.,LB,14,58,58,116,8.3
68,"Calvin Munson, San Diego St. (Mountain West)",Sr.,LB,14,57,59,116,8.3
70,"Troy Dye, Oregon (Pac-12)",Fr.,LB,11,57,34,91,8.3
71,"Frank Ginda, San Jose St. (Mountain West)",So.,LB,12,50,49,99,8.3
72,"Kenneth Olugbode, Colorado (Pac-12)",Sr.,LB,14,68,47,115,8.2
73,"Nick Cuthbert, Kent St. (MAC)",Sr.,LB,12,52,46,98,8.2
74,"Ben Gedeon, Michigan (Big Ten)",Sr.,LB,13,38,68,106,8.2
75,"Andrew Motuapuaka, Virginia Tech (ACC)",Jr.,LB,14,52,62,114,8.1
76,"Christian Tago, San Jose St. (Mountain West)",Sr.,LB,9,44,29,73,8.1
77,"Alonzo McGee, Georgia St. (Sun Belt)",Sr.,LB,12,63,34,97,8.1
77,"Markus Bailey, Purdue (Big Ten)",Fr.,LB,12,61,36,97,8.1
79,"Tony Lashley, Idaho (Sun Belt)",So.,LB,13,65,40,105,8.1
79,"Marquel Lee, Wake Forest (ACC)",Sr.,LB,13,63,42,105,8.1
79,"Anthony Walker, Jr., Northwestern (Big Ten)",Jr.,LB,13,62,43,105,8.1
82,"Jason Beck, Eastern Mich. (MAC)",Jr.,DB,13,47,57,104,8
82,"Shaan Washington, Texas A&M (SEC)",Sr.,LB,13,45,59,104,8
82,"Kyle Rachwal, Eastern Mich. (MAC)",So.,LB,13,38,66,104,8
82,"Marcus Oliver, Indiana (Big Ten)",Jr.,LB,12,65,31,96,8
82,"Anthony Williams, Utah St. (Mountain West)",Sr.,LB,12,48,48,96,8
82,"Chris Frey, Michigan St. (Big Ten)",Jr.,LB,12,40,56,96,8
88,"Marcus Epps, Wyoming (Mountain West)",So.,DB,14,72,39,111,7.9
88,"Robert Spillane, Western Mich. (MAC)",Jr.,LB,14,60,51,111,7.9
90,"Asauni Rufus, Nevada (Mountain West)",So.,DB,12,67,28,95,7.9
90,"Caleb Saulo, Oregon St. (Pac-12)",Sr.,LB,12,49,46,95,7.9
90,"Deonte Roberts, Rutgers (Big Ten)",So.,LB,12,35,60,95,7.9
93,"Quentin Poling, Ohio (MAC)",Jr.,LB,14,67,43,110,7.9
93,"Marcus Allen, Penn St. (Big Ten)",Jr.,DB,14,57,53,110,7.9
95,"Donnie Miles, North Carolina (ACC)",Jr.,DB,13,53,49,102,7.8
95,"Chris Melton, Middle Tenn. (C-USA)",So.,LB,13,52,50,102,7.8
95,"Richie Brown, Mississippi St. (SEC)",Sr.,LB,13,51,51,102,7.8
95,"Raekwon McMillan, Ohio St. (Big Ten)",Jr.,LB,13,49,53,102,7.8
95,"TJ Ricks, Old Dominion (C-USA)",Sr.,LB,13,48,54,102,7.8
100,"Jordan Harris, Louisiana Tech (C-USA)",Sr.,LB,12,53,41,94,7.8
101,"Montae Nicholson, Michigan St. (Big Ten)",Jr.,DB,11,39,47,86,7.8
102,"Tre'Maine Lightfoot, Louisiana (Sun Belt)",Sr.,LB,13,47,54,101,7.8
103,"Fish Smithson, Kansas (Big 12)",Sr.,DB,12,70,23,93,7.8
103,"Nyles Morgan, Notre Dame (FBS Independent)",Jr.,LB,12,49,44,93,7.8
103,"Duke Riley, LSU (SEC)",Sr.,LB,12,40,53,93,7.8
103,"Antonio Kinard, Cincinnati (AAC)",Sr.,LB,12,35,58,93,7.8
107,"T.J. McCollum, Western Ky. (C-USA)",Jr.,LB,11,45,40,85,7.7
108,"Lucas Wacha, Wyoming (Mountain West)",Sr.,LB,14,59,49,108,7.7
109,"Jessie Bates III, Wake Forest (ACC)",Fr.,DB,13,70,30,100,7.7
109,"Darrell Songy, South Alabama (Sun Belt)",Jr.,LB,13,59,41,100,7.7
109,"Mike Edwards, Kentucky (SEC)",So.,DB,13,56,44,100,7.7
112,"Reuben Foster, Alabama (SEC)",Sr.,LB,15,60,55,115,7.7
113,"Micah Thomas, Navy (AAC)",Jr.,LB,14,65,42,107,7.6
114,"Denzel Johnson, TCU (Big 12)",Sr.,DB,11,48,36,84,7.6
115,"Anthony Wilson, Old Dominion (C-USA)",Sr.,LB,13,54,45,99,7.6
116,"Dakota Cox, New Mexico (Mountain West)",Sr.,LB,12,51,40,91,7.6
116,"Alex Lyons, Rice (C-USA)",Sr.,LB,12,48,43,91,7.6
118,"Tremaine Edmunds, Virginia Tech (ACC)",So.,LB,14,56,50,106,7.6
119,"Manase Hungalu, Oregon St. (Pac-12)",Jr.,LB,11,49,34,83,7.5
120,"Aiavion Edwards, Baylor (Big 12)",Sr.,LB,13,64,34,98,7.5
120,"Jordan Evans, Oklahoma (Big 12)",Sr.,LB,13,55,43,98,7.5
120,"Tony Reid, Miami (OH) (MAC)",Jr.,DB,13,51,47,98,7.5
120,"Eric Boggs, App State (Sun Belt)",Jr.,LB,13,43,55,98,7.5
124,"Daivon Ellison, Syracuse (ACC)",So.,DB,12,57,33,90,7.5
124,"Kenneth Young, UCLA (Pac-12)",Jr.,LB,12,55,35,90,7.5
126,"Andrew King, Army West Point (FBS Independent)",Sr.,LB,13,59,38,97,7.5
127,"Matthew Adams, Houston (AAC)",Jr.,LB,11,57,25,82,7.5
128,"Ryan McAleenan, UNLV (Mountain West)",Sr.,LB,12,42,47,89,7.4
128,"Dante Lovilette, UTEP (C-USA)",Jr.,LB,12,38,51,89,7.4
128,"Jacob Nwangwa, New Mexico St. (Sun Belt)",Jr.,DB,12,33,56,89,7.4
131,"Paul Magloire Jr., Arizona (Pac-12)",Sr.,LB,11,58,23,81,7.4
132,"Nico Marley, Tulane (AAC)",Sr.,LB,12,55,33,88,7.3
133,"Roquan Smith, Georgia (SEC)",So.,LB,13,52,43,95,7.3
133,"Xavier Woodson, Arkansas St. (Sun Belt)",Sr.,LB,13,47,48,95,7.3
135,"Alvin Davis, Akron (MAC)",Fr.,DB,12,51,36,87,7.3
136,"Jayshawn Jordan, Idaho (Sun Belt)",Sr.,DB,13,62,32,94,7.2
136,"Dejuan Rogers, Toledo (MAC)",Sr.,DB,13,55,39,94,7.2
136,"Otha Peters, Louisiana (Sun Belt)",Sr.,LB,13,47,47,94,7.2
139,"Kendall Joseph, Clemson (ACC)",So.,LB,15,61,47,108,7.2
140,"Demarquis Gates, Ole Miss (SEC)",Jr.,LB,11,39,40,79,7.2
141,"Jordyn Brooks, Texas Tech (Big 12)",Fr.,LB,12,61,25,86,7.2
142,"Peyton Pelluer, Washington St. (Pac-12)",Jr.,LB,13,59,34,93,7.2
142,"Mark Rucker, UCF (AAC)",Sr.,LB,13,53,40,93,7.2
142,"Keith Kelsey, Louisville (ACC)",Sr.,LB,13,49,44,93,7.2
142,"Josh Banderas, Nebraska (Big Ten)",Sr.,LB,13,40,53,93,7.2
146,"Aaron Taylor, Ball St. (MAC)",Sr.,LB,12,49,36,85,7.1
147,"Shaquem Griffin, UCF (AAC)",Jr.,LB,13,57,35,92,7.1
147,"Malik Fountain, Central Mich. (MAC)",So.,LB,13,50,42,92,7.1
149,"Kishawn McClain, North Texas (C-USA)",Jr.,DB,13,67,24,91,7
149,"Bo Bower, Iowa (Big Ten)",Jr.,LB,13,44,47,91,7
149,"Vontae Diggs, UConn (AAC)",Jr.,LB,12,43,41,84,7
149,"Devante Downs, California (Pac-12)",Jr.,LB,12,40,44,84,7
149,"Mike Lee, Kansas (Big 12)",Fr.,DB,11,70,7,77,7
149,"Jaleel Wadood, UCLA (Pac-12)",Jr.,DB,11,51,26,77,7
149,"Jimmie Swain, Oregon (Pac-12)",Jr.,LB,11,29,48,77,7
