Rank,Player,Cl,Pos,G,Solo Tack,Asst Tack,TT,TPG
1,"Deon King, Norfolk St. (MEAC)",Sr.,LB,11,77,86,163,14.8
2,"Darnell Sankey, Sacramento St. (Big Sky)",Sr.,LB,11,57,96,153,13.9
3,"Dylan Cole, Missouri St. (MVFC)",Jr.,LB,11,73,79,152,13.8
4,"Tra'Darius Goff, Tennessee Tech (OVC)",Sr.,LB,11,54,78,132,12
5,"Kourtney Berry, Alabama St. (SWAC)",Jr.,LB,11,59,71,130,11.8
6,"Kendrick Van Ackeren, Montana (Big Sky)",Sr.,LB,11,63,66,129,11.7
6,"Daniel Riddle, Western Caro. (SoCon)",So.,LB,11,46,83,129,11.7
8,"Alex Green, Valparaiso (Pioneer)",Sr.,LB,10,62,55,117,11.7
9,"Dylan Weigel, ETSU (FCS Independent)",Fr.,LB,11,79,48,127,11.5
9,"Cory Magwood, Furman (SoCon)",Sr.,LB,11,69,58,127,11.5
11,"Donald Payne, Stetson (Pioneer)",Jr.,DB,11,79,46,125,11.4
12,"Brett Taylor, Western Ill. (MVFC)",So.,LB,13,80,64,144,11.1
13,"Miles Killebrew, Southern Utah (Big Sky)",Sr.,DB,12,74,58,132,11
13,"Garrett Dolan, Houston Christian (Southland)",So.,LB,10,48,62,110,11
15,"Chase Allen, Southern Ill. (MVFC)",Jr.,LB,11,44,76,120,10.9
16,"Mike Basile, Monmouth (Big South)",So.,DB,11,75,44,119,10.8
17,"Willie Duncan, Ark.-Pine Bluff (SWAC)",Jr.,LB,11,46,72,118,10.7
18,"Kenny James, Southern Ill. (MVFC)",So.,DB,10,46,61,107,10.7
19,"Colton Caslow, Lehigh (Patriot)",Jr.,LB,9,56,39,95,10.6
20,"John Hugunin, Drake (Pioneer)",Sr.,LB,11,68,48,116,10.5
20,"Corey Mitchell, Elon (CAA)",Jr.,LB,11,45,71,116,10.5
22,"Ryan Francis, VMI (SoCon)",So.,LB,11,54,61,115,10.5
23,"Brandon Bryant, Lafayette (Patriot)",So.,LB,11,71,43,114,10.4
24,"Hayden Stout, Idaho St. (Big Sky)",Jr.,LB,11,51,62,113,10.3
25,"Donelle Williams, Presbyterian (Big South)",Sr.,LB,11,57,55,112,10.2
26,"Will Ratelle, North Dakota (Big Sky)",Sr.,LB,11,63,47,110,10
26,"Grady Redding, Jacksonville (Pioneer)",Jr.,LB,10,58,42,100,10
28,"Stephen Hodge, Fordham (Patriot)",Sr.,DB,12,70,49,119,9.9
29,"Taylor Risner, Northern Colo. (Big Sky)",Jr.,DB,11,38,71,109,9.9
30,"Allan Cratsenberg, VMI (SoCon)",So.,LB,11,38,70,108,9.8
31,"Javancy Jones, Jackson St. (SWAC)",Jr.,DL,11,37,70,107,9.7
32,"Omar Howard, Richmond (CAA)",Jr.,LB,14,70,66,136,9.7
33,"Tu'Uta Inoke, Cal Poly (Big Sky)",Sr.,LB,10,54,43,97,9.7
34,"Kendall Walker, Indiana St. (MVFC)",Sr.,LB,9,50,37,87,9.7
35,"Roper Garrett, Southeast Mo. St. (OVC)",Jr.,LB,11,42,64,106,9.6
36,"Matt Holley, Southern Utah (Big Sky)",Sr.,LB,12,62,53,115,9.6
37,"Carl Rider, Furman (SoCon)",Jr.,LB,11,49,56,105,9.5
38,"Jeremiah Kose, Montana (Big Sky)",Sr.,LB,13,45,78,123,9.5
39,"Malik Harris, Delaware St. (MEAC)",So.,LB,11,55,49,104,9.5
39,"John Silas, Elon (CAA)",Jr.,LB,11,45,59,104,9.5
41,"Justin Cooper, Samford (SoCon)",Sr.,DB,11,54,49,103,9.4
41,"Jay Rudwall, Tennessee Tech (OVC)",Sr.,LB,11,27,76,103,9.4
43,"Chris Beaschler, Dayton (Pioneer)",Sr.,LB,12,65,47,112,9.3
44,"Mac Bignell, Montana St. (Big Sky)",So.,LB,11,71,31,102,9.3
44,"Guy Stallworth, Grambling (SWAC)",---,,11,65,37,102,9.3
46,"Kyle Diener, Colgate (Patriot)",Jr.,LB,14,78,51,129,9.2
47,"Hayden Carlson, Yale (Ivy League)",So.,DB,10,64,28,92,9.2
48,"Miquiyah Zamora, Eastern Wash. (Big Sky)",Jr.,LB,11,43,58,101,9.2
49,"Dorian Williams, Princeton (Ivy League)",Jr.,DB,10,58,33,91,9.1
50,"Matthew Satchell, Georgetown (Patriot)",Sr.,LB,11,53,47,100,9.1
50,"Justin Owens, SFA (Southland)",Sr.,LB,11,45,55,100,9.1
52,"Seth McDonald, Eastern Ill. (OVC)",Jr.,LB,12,57,52,109,9.1
53,"Nick DeLuca, North Dakota St. (MVFC)",Jr.,LB,15,59,76,135,9
53,"C.J. Moore, N.C. Central (MEAC)",Sr.,DB,11,58,41,99,9
55,"Markese Jackson, Southern Ill. (MVFC)",So.,LB,10,25,64,89,8.9
56,"Jacob Merriman, Northwestern St. (Southland)",Sr.,LB,11,47,50,97,8.8
57,"Brett McMakin, UNI (MVFC)",Jr.,DL,14,81,42,123,8.8
58,"Jack Crain, Dayton (Pioneer)",Jr.,LB,12,42,63,105,8.8
59,"Hezekiah White, Nicholls (Southland)",So.,LB,11,57,39,96,8.7
59,"Ryan Bennett, Morehead St. (Pioneer)",Jr.,LB,11,43,53,96,8.7
59,"Tyson Dickson, Western Caro. (SoCon)",Jr.,LB,11,43,53,96,8.7
59,"Charles Bell, Delaware (CAA)",So.,LB,11,39,57,96,8.7
63,"Mark Pyles, Bucknell (Patriot)",So.,LB,11,53,42,95,8.6
64,"Julian Cox, UAlbany (CAA)",Fr.,LB,11,57,37,94,8.5
64,"Kwame Bowens, Jackson St. (SWAC)",Jr.,LB,11,33,61,94,8.5
66,"T.J. Lally, South Dakota St. (MVFC)",Sr.,LB,12,47,55,102,8.5
66,"Cody Moncure, Houston Christian (Southland)",So.,LB,10,41,44,85,8.5
68,"Mike Stojkovic, Robert Morris (NEC)",Sr.,LB,11,41,52,93,8.5
68,"Jake Tkach, Robert Morris (NEC)",Sr.,LB,11,35,58,93,8.5
70,"Adam Parker, Rhode Island (CAA)",Jr.,LB,9,50,26,76,8.4
71,"Deandre Houston-Carson, William & Mary (CAA)",Sr.,DB,13,65,44,109,8.4
72,"Chad Geter, Gardner-Webb (Big South)",Jr.,LB,11,56,36,92,8.4
72,"Randall LaGuerrre, Central Conn. St. (NEC)",So.,LB,11,55,37,92,8.4
72,"Azziz Higgins, Gardner-Webb (Big South)",Sr.,LB,11,47,45,92,8.4
72,"Tyler Kuder, Idaho St. (Big Sky)",Sr.,DL,11,42,50,92,8.4
76,"Jake Pettit, Idaho St. (Big Sky)",Jr.,DL,11,30,61,91,8.3
77,"Damare' Whitaker, Morgan St. (MEAC)",So.,LB,8,30,36,66,8.3
78,"Chris Blair, Elon (CAA)",So.,DB,11,55,35,90,8.2
78,"Austin Calitro, Villanova (CAA)",Jr.,LB,11,55,35,90,8.2
78,"Dequinten Spraggins, Murray St. (OVC)",Sr.,DB,11,50,40,90,8.2
81,"Jesse Bobbit, South Dakota St. (MVFC)",Jr.,LB,12,39,58,97,8.1
82,"Eddie Horn, Northern Ariz. (Big Sky)",Sr.,DB,11,60,28,88,8
82,"Drake Michaelson, Wofford (SoCon)",Sr.,DB,11,59,29,88,8
82,"Najae Brown, Central Conn. St. (NEC)",So.,DB,11,50,38,88,8
82,"Grant Collins, Montana St. (Big Sky)",Fr.,LB,11,46,42,88,8
82,"Daniel Yankovich, Georgetown (Patriot)",So.,LB,11,46,42,88,8
82,"Don Cherry, Villanova (CAA)",Sr.,LB,11,36,52,88,8
82,"Tyler Drake, Penn (Ivy League)",Sr.,DL,10,45,35,80,8
82,"Todd Raynes, Eastern Wash. (Big Sky)",Sr.,DB,9,29,43,72,8
90,"James Riley, The Citadel (SoCon)",Sr.,LB,13,58,45,103,7.9
91,"Kyre Hawkins, James Madison (CAA)",So.,LB,12,48,47,95,7.9
92,"Xavier Bethany, Lamar University (Southland)",Jr.,DB,11,44,43,87,7.9
92,"Malik Slater, Jacksonville (Pioneer)",So.,DB,11,37,50,87,7.9
92,"Tanner Burch, Gardner-Webb (Big South)",Sr.,LB,11,29,58,87,7.9
95,"Chris Collins, Tennessee St. (OVC)",So.,LB,10,38,41,79,7.9
95,"Marquis Clemons, UT Martin (OVC)",Sr.,DB,10,37,42,79,7.9
97,"Jalan Coleman, Prairie View (SWAC)",---,LB,9,39,32,71,7.9
98,"Taylor Nelson, Southern Utah (Big Sky)",So.,LB,12,57,37,94,7.8
98,"Mike Needham, Southern Utah (Big Sky)",Sr.,LB,12,54,40,94,7.8
98,"Arkez Cooper, Grambling (SWAC)",Jr.,LB,12,51,43,94,7.8
101,"Larance Hale, Lamar University (Southland)",Fr.,DL,11,43,43,86,7.8
102,"Herbert Harris, Southeastern La. (Southland)",Sr.,LB,10,52,26,78,7.8
102,"Jake Gall, Eastern Wash. (Big Sky)",So.,LB,10,32,46,78,7.8
102,"Alec Kocour, Illinois St. (MVFC)",So.,DB,10,29,49,78,7.8
105,"Jeremy Lutali, Portland St. (Big Sky)",Sr.,LB,12,59,34,93,7.8
106,"Jalen Day, Howard (MEAC)",Jr.,LB,11,48,37,85,7.7
106,"Patrick Kenney, Bryant (NEC)",Jr.,LB,11,41,44,85,7.7
108,"William Twyman, Brown (Ivy League)",Sr.,LB,10,44,33,77,7.7
108,"Semo Sila, Saint Francis (PA) (NEC)",Sr.,LB,10,31,46,77,7.7
110,"Pat Meehan, Illinois St. (MVFC)",Sr.,LB,13,41,59,100,7.7
111,"Will McNamara, Dartmouth (Ivy League)",Sr.,LB,9,36,33,69,7.7
112,"Keyen Lage, South Dakota (MVFC)",Sr.,LB,11,52,32,84,7.6
112,"Bradley Street, Alabama St. (SWAC)",Sr.,DB,11,43,41,84,7.6
112,"Rashawn Barrett, Delaware St. (MEAC)",Jr.,LB,11,42,42,84,7.6
115,"Donald Panciello, Penn (Ivy League)",Jr.,LB,8,33,28,61,7.6
116,"J.J. Nunes, Valparaiso (Pioneer)",Jr.,DB,10,48,28,76,7.6
116,"Shawn Jones, Lamar University (Southland)",So.,LB,10,36,40,76,7.6
118,"Jourdan Wickliffe, Eastern Ill. (OVC)",Sr.,DB,9,46,22,68,7.6
119,"Ed Britt, Presbyterian (Big South)",Sr.,DB,11,57,26,83,7.5
119,"Leo Loughrey, Georgetown (Patriot)",Jr.,LB,11,45,38,83,7.5
119,"Trevor Douglass, Northern Colo. (Big Sky)",Jr.,DB,11,39,44,83,7.5
119,"Kellen Sperduto, Sacred Heart (NEC)",Sr.,LB,11,29,54,83,7.5
119,"Stacy Noble, Jackson St. (SWAC)",Jr.,LB,11,28,55,83,7.5
124,"Jared Farley, UNI (MVFC)",So.,LB,13,60,37,97,7.5
125,"Terrick Colston, Delaware St. (MEAC)",Sr.,DB,11,46,36,82,7.5
125,"Christian Hoffman, Missouri St. (MVFC)",Sr.,LB,11,31,51,82,7.5
127,"Bill Dillard, Tennessee Tech (OVC)",Jr.,DB,9,34,33,67,7.4
128,"Gage Steele, James Madison (CAA)",Jr.,LB,12,40,49,89,7.4
129,"Cody Sorensen, Idaho St. (Big Sky)",Sr.,DB,10,38,36,74,7.4
129,"Leonardo Myers, Savannah St. (MEAC)",Sr.,LB,10,37,37,74,7.4
131,"Greg Sanders, VMI (SoCon)",So.,DB,11,52,29,81,7.4
131,"Burt De Koning, Cal Poly (Big Sky)",Sr.,LB,11,46,35,81,7.4
133,"Raven Greene, James Madison (CAA)",Jr.,DB,12,50,38,88,7.3
133,"C.J. Langlow, Idaho St. (Big Sky)",Sr.,LB,9,26,40,66,7.3
135,"Luke Catarius, Princeton (Ivy League)",Jr.,LB,10,37,36,73,7.3
136,"Ronnie Jones Jr., Lamar University (Southland)",Sr.,LB,11,39,41,80,7.3
136,"Jordan Miles, N.C. Central (MEAC)",Jr.,LB,11,36,44,80,7.3
138,"Jacob Lindsey, Harvard (Ivy League)",Sr.,LB,10,44,28,72,7.2
138,"Emmett Tela, Weber St. (Big Sky)",So.,LB,10,27,45,72,7.2
140,"Tim Wienclaw, Rhode Island (CAA)",Sr.,DB,11,55,24,79,7.2
140,"David Akere, Georgetown (Patriot)",So.,DB,11,49,30,79,7.2
140,"Ben Richard, Bucknell (Patriot)",So.,LB,11,37,42,79,7.2
140,"Jonathan Jackson, Murray St. (OVC)",Jr.,LB,11,35,44,79,7.2
144,"JQ Bowers, Fordham (Patriot)",Sr.,DB,12,65,21,86,7.2
145,"Byran Brower, Alabama A&M (SWAC)",Fr.,MIKE,9,44,20,64,7.1
145,"Alek Kacmarcik, Eastern Wash. (Big Sky)",Fr.,LB,9,27,37,64,7.1
147,"Cole Reyes, North Dakota (Big Sky)",So.,DB,10,50,21,71,7.1
147,"Avery James, Liberty (Big South)",So.,DB,10,44,27,71,7.1
147,"Brandon Medina, Prairie View (SWAC)",Sr.,LB,10,30,41,71,7.1
147,"La'Travien Gee, Houston Christian (Southland)",So.,DB,10,29,42,71,7.1
147,"Marquise Watson, Bryant (NEC)",Jr.,LB,10,26,45,71,7.1
152,"Lee Wright, Youngstown St. (MVFC)",So.,LB,11,54,24,78,7.1
152,"John Patterson, Wofford (SoCon)",So.,LB,11,43,35,78,7.1
152,"Joshua Thorne, Hampton (MEAC)",Sr.,LB,11,42,36,78,7.1
155,"Patrick Onwuasor, Portland St. (Big Sky)",Sr.,DB,12,49,36,85,7.1
156,"Tevin Floyd, The Citadel (SoCon)",Jr.,LB,13,44,47,91,7
156,"Dominic Iori, Morehead St. (Pioneer)",Jr.,DB,11,44,33,77,7
156,"Aaron Cook, Gardner-Webb (Big South)",Jr.,LB,11,40,37,77,7
156,"Thomas Singleton, Northern Colo. (Big Sky)",Jr.,DB,11,39,38,77,7
156,"Manoah Pearson, Sacramento St. (Big Sky)",Fr.,LB,11,28,49,77,7
156,"Kamu Grugier-Hill, Eastern Ill. (OVC)",Sr.,LB,10,45,25,70,7
156,"Tripp Patterson, Mercer (SoCon)",Jr.,LB,10,30,40,70,7
163,"David Jones, Richmond (CAA)",Jr.,DB,14,54,43,97,6.9
164,"Kyle Young, Holy Cross (Patriot)",Jr.,LB,11,68,8,76,6.9
164,"Rayshan Clark, UAlbany (CAA)",Jr.,DB,11,57,19,76,6.9
164,"Darryl Graham, UC Davis (Big Sky)",So.,DB,11,48,28,76,6.9
164,"Tyrone Ward, Hampton (MEAC)",Sr.,LB,11,34,42,76,6.9
164,"Josh Bamrick, Northern Ariz. (Big Sky)",Sr.,LB,11,32,44,76,6.9
164,"James Riddle, Northern Colo. (Big Sky)",Jr.,LB,11,17,59,76,6.9
170,"Dasharnte Thompson, UAlbany (CAA)",So.,LB,10,39,30,69,6.9
171,"Victor Egu, Yale (Ivy League)",Jr.,LB,9,32,30,62,6.9
171,"Jamal Lucas, Texas Southern (SWAC)",Jr.,LB,9,31,31,62,6.9
173,"Caleb Kidder, Montana (Big Sky)",Jr.,DL,12,23,59,82,6.8
174,"Devin Spurlock, Central Ark. (Southland)",Jr.,DB,11,57,18,75,6.8
174,"Jacques Bryant, Florida A&M (MEAC)",Jr.,DB,11,52,23,75,6.8
174,"B.T. Sanders, Nicholls (Southland)",Jr.,DB,11,48,27,75,6.8
174,"Akil Blount, Florida A&M (MEAC)",Sr.,LB,11,45,30,75,6.8
174,"Jamerson Blount, Samford (SoCon)",Jr.,DB,11,43,32,75,6.8
174,"Jameer Thurman, Indiana St. (MVFC)",Jr.,DB,11,41,34,75,6.8
174,"Joseph Gigantino, Cal Poly (Big Sky)",Jr.,LB,11,40,35,75,6.8
174,"Julius Moore, Elon (CAA)",Sr.,DB,11,34,41,75,6.8
174,"Fred Payne, Western Caro. (SoCon)",Jr.,DB,11,22,53,75,6.8
183,"Brandon Bender, Jacksonville St. (OVC)",Sr.,DB,15,45,57,102,6.8
183,"Micah Eugene, Southeastern La. (Southland)",Sr.,DB,10,48,20,68,6.8
183,"Trey Robinson, Furman (SoCon)",Jr.,DB,10,36,32,68,6.8
186,"Solomon Leaeno, Saint Francis (PA) (NEC)",Jr.,LB,9,31,30,61,6.8
187,"Aaron Brown, Charleston So. (Big South)",Sr.,LB,13,35,53,88,6.8
188,"Sam Martello, Duquesne (NEC)",Sr.,LB,12,38,43,81,6.8
189,"Nick Newman, Liberty (Big South)",Jr.,LB,11,49,25,74,6.7
189,"Payton Minnich, Monmouth (Big South)",Jr.,LB,11,47,27,74,6.7
189,"Marcus Gray, Indiana St. (MVFC)",Sr.,DB,11,45,29,74,6.7
189,"Alijah Robinson, VMI (SoCon)",Jr.,DB,11,37,37,74,6.7
193,"Dorrin Turner, Houston Christian (Southland)",Jr.,LB,10,35,32,67,6.7
194,"A.J. Hampton, Chattanooga (SoCon)",Sr.,LB,13,59,28,87,6.7
194,"Tyrone Holmes, Montana (Big Sky)",Sr.,DL,13,32,55,87,6.7
196,"Chris Morgan, Colgate (Patriot)",Jr.,DB,14,60,33,93,6.6
197,"Dayshaw Taylor, South Carolina St. (MEAC)",Fr.,,11,54,19,73,6.6
197,"Trey Thomas, Eastern Ky. (OVC)",Sr.,LB,11,35,38,73,6.6
197,"Dylan Wydronkowski, Stetson (Pioneer)",Sr.,LB,11,34,39,73,6.6
197,"Miguel Sandoval, Marist (Pioneer)",Sr.,LB,11,28,45,73,6.6
