Rank,Player,Cl,Pos,G,Solo Tack,Asst Tack,TT,TPG
1,"Tazmon Foster, N.C. Central (MEAC)",Sr.,LB,12,79,65,144,12
2,"Delbert Tyler, Hampton (MEAC)",Sr.,LB,11,57,74,131,11.9
3,"Stephon Robertson, James Madison (CAA)",Sr.,LB,12,52,89,141,11.8
4,"Evan Byers, Bucknell (Patriot)",Jr.,LB,11,61,68,129,11.7
5,"Todd Davis, Sacramento St. (Big Sky)",Sr.,LB,12,54,77,131,10.9
6,"Jer-Ryan Harris, Ark.-Pine Bluff (SWAC)",Sr.,LB,10,56,51,107,10.7
7,"Mike Cook, Robert Morris (NEC)",Sr.,LB,11,34,83,117,10.6
8,"Zak Browning, Southern Utah (Big Sky)",So.,LB,10,45,61,106,10.6
9,"Justin Heard, Central Ark. (Southland)",Sr.,LB,9,60,35,95,10.6
10,"Zach Olinger, Columbia (Ivy League)",Sr.,LB,10,52,52,104,10.4
11,"Marquis Smith, Savannah St. (MEAC)",Fr.,LB,12,72,52,124,10.3
12,"Brett Buehler, Cornell (Ivy League)",Sr.,LB,10,43,60,103,10.3
13,"Donald Payne, Stetson (Pioneer)",Fr.,DB,11,71,42,113,10.3
13,"John Hugunin, Drake (Pioneer)",Jr.,LB,11,67,46,113,10.3
15,"Carvin Johnson, Hampton (MEAC)",Sr.,DB,12,73,50,123,10.3
16,"Nick Alfieri, Georgetown (Patriot)",Jr.,LB,9,40,52,92,10.2
17,"Justin Dixon, Savannah St. (MEAC)",So.,LB,12,62,60,122,10.2
18,"Patrick Callaway, Delaware (CAA)",Jr.,LB,12,53,67,120,10
18,"Alex Green, Valparaiso (Pioneer)",So.,LB,11,58,52,110,10
18,"Anthony Morales, Weber St. (Big Sky)",Sr.,LB,10,38,62,100,10
21,"Justin Shade, Samford (SoCon)",Sr.,LB,13,67,62,129,9.9
22,"Leilon Willingham, Northern Colo. (Big Sky)",Jr.,LB,10,41,58,99,9.9
23,"Cameron Ontko, Cal Poly (Big Sky)",Jr.,LB,11,43,65,108,9.8
23,"Clarence Bumpas, Northern Colo. (Big Sky)",Sr.,LB,11,42,66,108,9.8
25,"Carl Rider, Furman (SoCon)",So.,LB,14,59,77,136,9.7
25,"Garrett Dolan, Houston Christian (FCS Independent)",Fr.,LB,7,36,32,68,9.7
27,"Matt Casey, Davidson (Pioneer)",Jr.,LB,11,49,57,106,9.6
28,"Brock Coyle, Montana (Big Sky)",Sr.,LB,13,60,65,125,9.6
29,"Quinn Backus, Coastal Carolina (Big South)",Jr.,LB,15,85,59,144,9.6
30,"Joshua Thorne, Hampton (MEAC)",So.,LB,12,65,50,115,9.6
31,"R.C. Kilgore, South Dakota St. (MVFC)",Sr.,LB,14,53,81,134,9.6
32,"Colin Monnier, Dayton (Pioneer)",Sr.,LB,11,41,64,105,9.5
33,"Greg Worthy, Furman (SoCon)",Sr.,DB,14,66,66,132,9.4
34,"Jerome Couplin III, William & Mary (CAA)",Sr.,DB,12,70,43,113,9.4
35,"Antonio Jenkins, Ark.-Pine Bluff (SWAC)",So.,LB,10,58,36,94,9.4
36,"Ronnie Hamlin, Eastern Wash. (Big Sky)",Sr.,LB,15,65,75,140,9.3
36,"Nick Dzubnar, Cal Poly (Big Sky)",Jr.,LB,12,54,58,112,9.3
38,"Jaycob Shoemaker, Portland St. (Big Sky)",Sr.,LB,11,59,43,102,9.3
38,"D'Vonte Grant, N.C. A&T (MEAC)",Sr.,LB,11,58,44,102,9.3
38,"Pat Derbak, Valparaiso (Pioneer)",Sr.,LB,11,45,57,102,9.3
41,"Mitch Beckstead, Idaho St. (Big Sky)",Jr.,LB,12,51,60,111,9.3
41,"Kellen Sperduto, Sacred Heart (NEC)",So.,LB,12,42,69,111,9.3
43,"Alex Singleton, Montana St. (Big Sky)",Jr.,LB,12,69,41,110,9.2
43,"Caleb Schaffitzel, Missouri St. (MVFC)",Jr.,DB,12,37,73,110,9.2
45,"Bryan Houston, N.C. A&T (MEAC)",Sr.,LB,11,52,48,100,9.1
46,"Christophe Mulumba, Maine (CAA)",So.,LB,13,32,86,118,9.1
47,"Telvion Clark, Towson (CAA)",Sr.,LB,16,91,54,145,9.1
48,"Joseph Thomas, South Carolina St. (MEAC)",Sr.,LB,13,84,33,117,9
48,"Marcell Coke, Norfolk St. (MEAC)",Jr.,LB,12,54,54,108,9
48,"Don Cherry, Villanova (CAA)",So.,LB,11,60,39,99,9
51,"Courtland Carson, Western Caro. (SoCon)",Sr.,LB,12,58,49,107,8.9
51,"Matt Hermanson, Montana (Big Sky)",Jr.,DB,12,53,54,107,8.9
51,"Tanner Burch, Gardner-Webb (Big South)",Jr.,LB,12,47,60,107,8.9
54,"Tyler Ward, Lehigh (Patriot)",Sr.,DB,11,67,31,98,8.9
54,"Patrick Boyle, Georgetown (Patriot)",Jr.,LB,11,49,49,98,8.9
56,"Patrick Black, Northwestern St. (Southland)",Sr.,LB,12,53,53,106,8.8
56,"Gage Steele, James Madison (CAA)",Fr.,LB,12,43,63,106,8.8
58,"Collin Garrett, SFA (Southland)",Jr.,LB,10,42,46,88,8.8
59,"Stephen Hodge, Fordham (Patriot)",Jr.,LB,14,94,29,123,8.8
60,"Kourtney Berry, Alabama St. (SWAC)",Fr.,LB,12,57,48,105,8.8
60,"Raheem Cardwell, Prairie View (SWAC)",Sr.,LB,12,57,48,105,8.8
62,"Travis Crosby, N.C. A&T (MEAC)",Sr.,DB,11,58,38,96,8.7
62,"Steve Orisakwe, Grambling (SWAC)",Sr.,LB,11,54,42,96,8.7
64,"Terrell Brown, Houston Christian (FCS Independent)",Fr.,LB,7,37,24,61,8.7
65,"Justin Blake, Hampton (MEAC)",Sr.,DB,12,59,45,104,8.7
65,"Bryan Presume, Southern Ill. (MVFC)",Sr.,LB,12,55,49,104,8.7
67,"Ariane McCree, Jackson St. (SWAC)",Jr.,LB,11,48,46,94,8.5
68,"Ben Johnson, UT Martin (OVC)",Sr.,LB,12,40,62,102,8.5
68,"Christian Dorsey, UAlbany (CAA)",Jr.,LB,10,46,39,85,8.5
68,"Michael Runger, Dartmouth (Ivy League)",Sr.,LB,10,43,42,85,8.5
71,"Matt Holley, Southern Utah (Big Sky)",Jr.,LB,13,48,62,110,8.5
72,"Christon Gill, Western Caro. (SoCon)",Jr.,DB,12,49,52,101,8.4
72,"Tyler Ward, Mercer (Pioneer)",Fr.,LB,12,49,52,101,8.4
72,"Tra'Darius Goff, Tennessee Tech (OVC)",Jr.,LB,12,36,65,101,8.4
75,"Brian East, Columbia (Ivy League)",Sr.,LB,10,40,44,84,8.4
76,"Carl Robinson, The Citadel (SoCon)",Jr.,LB,11,58,34,92,8.4
77,"Cameron Alston, Howard (MEAC)",Sr.,DB,12,61,39,100,8.3
77,"Robert Nelson, Alabama A&M (SWAC)",Sr.,LB,12,44,56,100,8.3
77,"Andrew Bose, Rhode Island (CAA)",Jr.,LB,9,44,31,75,8.3
80,"Christian Ricard, Stony Brook (CAA)",Jr.,LB,11,63,28,91,8.3
81,"Akil Anderson, New Hampshire (CAA)",So.,LB,15,66,58,124,8.3
82,"William Vaughan, Yale (Ivy League)",So.,LB,10,49,33,82,8.2
82,"Pat Meehan, Illinois St. (MVFC)",So.,LB,10,39,43,82,8.2
84,"Mike McCrimon, Wofford (SoCon)",Sr.,LB,11,45,45,90,8.2
85,"Jaquiski Tartt, Samford (SoCon)",Jr.,DB,12,71,27,98,8.2
85,"Brandon Wicks, Murray St. (OVC)",Sr.,DB,12,60,38,98,8.2
85,"Johnny Millard, Cal Poly (Big Sky)",Sr.,LB,12,48,50,98,8.2
85,"Marty Jones, Tennessee Tech (OVC)",Jr.,DB,12,47,51,98,8.2
85,"Luke Rhodes, William & Mary (CAA)",So.,LB,12,42,56,98,8.2
90,"Matt Miller, San Diego (Pioneer)",Jr.,DB,11,51,38,89,8.1
91,"Cody Acker, Morgan St. (MEAC)",Jr.,LB,12,65,32,97,8.1
91,"Ortavious Hypolite, SFA (Southland)",Sr.,LB,12,35,62,97,8.1
93,"Marcus McMorris, Furman (SoCon)",Jr.,DB,14,59,54,113,8.1
94,"Shane McNeely, New Hampshire (CAA)",Jr.,LB,15,63,57,120,8
94,"Jairus Hollman, Furman (SoCon)",So.,DB,14,61,51,112,8
94,"Jarkevis Fields, Bethune-Cookman (MEAC)",Sr.,LB,13,37,67,104,8
94,"Sertonuse Harris, Western Caro. (SoCon)",So.,DB,12,45,51,96,8
94,"Xavier Lofton, Ark.-Pine Bluff (SWAC)",Sr.,LB,11,42,46,88,8
94,"Adam Padilla, Weber St. (Big Sky)",So.,DB,11,36,52,88,8
100,"Tanner Brock, Sam Houston (Southland)",Sr.,LB,14,44,66,110,7.9
101,"Olatunji Idowu, UAlbany (CAA)",Jr.,DB,12,51,43,94,7.8
101,"Lynden Trail, Norfolk St. (MEAC)",Jr.,LB,12,36,58,94,7.8
103,"Cole Champion, Yale (Ivy League)",So.,DB,10,49,29,78,7.8
103,"Nick Kaszei, Marist (Pioneer)",Sr.,DB,10,40,38,78,7.8
105,"Cabrinni Goncalves, Maine (CAA)",Jr.,DB,13,46,55,101,7.8
106,"Monte Gaddis, Towson (CAA)",Sr.,LB,16,73,51,124,7.8
107,"Martay Mattox, Charlotte (FCS Independent)",Jr.,DB,11,49,36,85,7.7
107,"Teven Williams, Youngstown St. (MVFC)",Jr.,LB,11,48,37,85,7.7
109,"C.J. Moore, N.C. Central (MEAC)",Jr.,DB,10,35,42,77,7.7
110,"Bobby Wilson, Samford (SoCon)",So.,LB,13,55,45,100,7.7
110,"Jordan Tripp, Montana (Big Sky)",Sr.,LB,13,41,59,100,7.7
112,"Cody McCarthy, Eastern Wash. (Big Sky)",Jr.,LB,15,44,71,115,7.7
112,"Mike Armiento, Colgate (Patriot)",Jr.,DB,12,67,25,92,7.7
112,"Andrew Beisel, Missouri St. (MVFC)",Jr.,LB,12,27,65,92,7.7
115,"Nick Thrasher, Tennessee St. (OVC)",Jr.,LB,14,68,39,107,7.6
116,"Ace Clark, Western Caro. (SoCon)",Jr.,DB,11,41,43,84,7.6
117,"T.J. Lee III, Eastern Wash. (Big Sky)",Sr.,DB,15,82,32,114,7.6
117,"John Coleman, Morehead St. (Pioneer)",Sr.,DB,10,46,30,76,7.6
119,"Kris Kent, Colgate (Patriot)",Jr.,LB,12,63,28,91,7.6
119,"Austin Hasquet, Northern Ariz. (Big Sky)",Jr.,LB,12,52,39,91,7.6
119,"Jameer Thurman, Indiana St. (MVFC)",Fr.,DB,12,45,46,91,7.6
122,"Cody Moncure, Houston Christian (FCS Independent)",Fr.,DB,7,37,16,53,7.6
123,"Aaron Breed, Grambling (SWAC)",Jr.,LB,11,48,35,83,7.5
123,"Chris Beaschler, Dayton (Pioneer)",Fr.,LB,11,38,45,83,7.5
123,"Terrick Colston, Delaware St. (MEAC)",So.,DB,11,38,45,83,7.5
123,"Eric Wright, Richmond (CAA)",Jr.,LB,11,31,52,83,7.5
127,"Trey Wesley, Samford (SoCon)",So.,DB,13,62,36,98,7.5
128,"Michael Wade, Sam Houston (Southland)",Jr.,DB,14,59,46,105,7.5
128,"Devon Francois, Alcorn (SWAC)",Jr.,DB,12,51,39,90,7.5
128,"Anthony Balancier, Southern U. (SWAC)",Sr.,LB,12,47,43,90,7.5
131,"Chad Geter, Gardner-Webb (Big South)",So.,LB,11,50,32,82,7.5
131,"Brandon Thomas, Texas Southern (SWAC)",Sr.,DB,11,48,34,82,7.5
133,"Dan Casey, Davidson (Pioneer)",Sr.,LB,9,40,27,67,7.4
133,"Grady Redding, Jacksonville (Pioneer)",Fr.,LB,9,37,30,67,7.4
135,"Jordan Gacke, UNI (MVFC)",Sr.,LB,12,45,44,89,7.4
135,"Russell Jones, Indiana St. (MVFC)",Sr.,DL,12,35,54,89,7.4
137,"Chad Hansen, Southern Utah (Big Sky)",Sr.,LB,13,45,51,96,7.4
138,"Joey Harmon, Villanova (CAA)",Jr.,LB,11,51,30,81,7.4
138,"Kyle Cooper, Robert Morris (NEC)",Sr.,LB,11,32,49,81,7.4
140,"Eric Fieilo, Sam Houston (Southland)",---,,14,51,52,103,7.4
141,"Dean Faddis, Portland St. (Big Sky)",Sr.,DB,12,57,31,88,7.3
141,"Leland Baker, Alabama St. (SWAC)",Sr.,LB,12,53,35,88,7.3
141,"Ryan Smith, N.C. Central (MEAC)",So.,DB,12,51,37,88,7.3
141,"Ivan Tagoe, William & Mary (CAA)",Jr.,DB,12,42,46,88,7.3
141,"Antwione Reese, Central Conn. St. (NEC)",Sr.,DB,12,38,50,88,7.3
141,"Roman Valenzuela, Weber St. (Big Sky)",So.,LB,12,23,65,88,7.3
141,"Dustin Wharton, Georgetown (Patriot)",Sr.,DB,9,30,36,66,7.3
148,"Trevion Ashford, Savannah St. (MEAC)",So.,LB,10,44,29,73,7.3
149,"Daerius Washington, Alabama St. (SWAC)",So.,LB,11,45,35,80,7.3
149,"Kevin Thomas, Wofford (SoCon)",Jr.,LB,11,42,38,80,7.3
151,"Mike McClure, Coastal Carolina (Big South)",Sr.,LB,15,54,55,109,7.3
152,"Mark Sewall, Indiana St. (MVFC)",So.,DB,12,44,43,87,7.3
152,"Tabrian Resby, Howard (MEAC)",Sr.,LB,12,39,48,87,7.3
154,"Cameron Loeffler, Jackson St. (SWAC)",Sr.,DB,9,35,30,65,7.2
155,"Brandon Bender, Jacksonville St. (OVC)",So.,DB,14,68,33,101,7.2
156,"Mike Zeuli, Princeton (Ivy League)",Jr.,DB,10,43,29,72,7.2
156,"Garrison Goodman, North Dakota (Big Sky)",Sr.,LB,10,42,30,72,7.2
156,"Tyler Roussel, Northwestern St. (Southland)",Jr.,DB,10,40,32,72,7.2
156,"Eric Medes, Harvard (Ivy League)",So.,LB,10,35,37,72,7.2
160,"Bishop Neal, Saint Francis (PA) (NEC)",Jr.,LB,11,45,34,79,7.2
160,"Ernest Adjei, Delaware St. (MEAC)",Sr.,LB,11,32,47,79,7.2
162,"Charles Boyett, UC Davis (Big Sky)",Jr.,DB,12,51,35,86,7.2
163,"Chris Wheeler, Weber St. (Big Sky)",Sr.,DB,9,29,35,64,7.1
164,"Nicholas Peoples, Grambling (SWAC)",So.,DB,11,54,24,78,7.1
164,"Ryan Powers, Stetson (Pioneer)",Fr.,DB,11,52,26,78,7.1
166,"Chris Bermond, Nicholls (Southland)",Sr.,LB,12,45,40,85,7.1
167,"Christian Carpenter, Towson (CAA)",So.,DB,14,56,42,98,7
167,"Deon King, Norfolk St. (MEAC)",So.,LB,12,50,34,84,7
167,"Jonathan Spain, Elon (SoCon)",Jr.,LB,12,43,41,84,7
167,"Mike Boles, Lafayette (Patriot)",Sr.,LB,12,34,50,84,7
167,"Walt Sparks, Richmond (CAA)",Sr.,LB,12,31,53,84,7
167,"Max Flores, Northern Colo. (Big Sky)",Jr.,LB,12,27,57,84,7
167,"D.J. Key, Chattanooga (SoCon)",Sr.,DB,11,52,25,77,7
167,"Mark Hogan, Charlotte (FCS Independent)",Sr.,LB,11,42,35,77,7
167,"Antonio Benson, Mississippi Val. (SWAC)",Sr.,LB,11,37,40,77,7
167,"Cory Magwood, Furman (SoCon)",So.,LB,11,29,48,77,7
167,"Chad Washington, Columbia (Ivy League)",Jr.,DL,10,31,39,70,7
167,"Marquel Carter, Columbia (Ivy League)",Sr.,DB,9,39,24,63,7
167,"Vinny Pugilese, Columbia (Ivy League)",Jr.,LB,9,35,28,63,7
167,"Zach Devaney, San Diego (Pioneer)",Sr.,LB,9,31,32,63,7
181,"Demaris Freeman, Charleston So. (Big South)",Sr.,DB,13,45,45,90,6.9
182,"Randall Exantus, UAlbany (CAA)",Sr.,DB,12,45,38,83,6.9
183,"Mike Klein, Jacksonville (Pioneer)",Jr.,LB,11,38,38,76,6.9
184,"Julius Childs, Youngstown St. (MVFC)",Jr.,DB,10,50,19,69,6.9
184,"Naim Cheeseboro, Stony Brook (CAA)",So.,DB,10,41,28,69,6.9
186,"Carlton Littlejohn, North Dakota St. (MVFC)",Jr.,LB,13,40,49,89,6.8
187,"Airek Green, William & Mary (CAA)",Jr.,LB,12,53,29,82,6.8
187,"Wes Dothard, Chattanooga (SoCon)",Sr.,LB,12,43,39,82,6.8
187,"Jerome Howard, Prairie View (SWAC)",Jr.,LB,12,40,42,82,6.8
187,"Weston Reber, VMI (Big South)",Sr.,LB,12,32,50,82,6.8
191,"Howard Savage, Dayton (Pioneer)",Sr.,DB,11,47,28,75,6.8
191,"Alvin Scioneaux, Wofford (SoCon)",Sr.,LB,11,41,34,75,6.8
193,"Brandon Stanley, Eastern Ky. (OVC)",Jr.,DB,9,42,19,61,6.8
193,"Bronson Green, Dartmouth (Ivy League)",Sr.,LB,9,35,26,61,6.8
195,"John Kanongata'a, Montana (Big Sky)",Sr.,LB,13,44,44,88,6.8
196,"Tyrus McGlothen, Lamar University (Southland)",Sr.,DB,12,54,27,81,6.8
196,"Dave Damirgian, Monmouth (FCS Independent)",Sr.,LB,12,45,36,81,6.8
196,"Tanner Davis, Idaho St. (Big Sky)",Sr.,DB,12,38,43,81,6.8
196,"Jesse Dickson, Lamar University (Southland)",Sr.,DL,12,38,43,81,6.8
200,"Manny Asam, New Hampshire (CAA)",Sr.,DB,15,66,35,101,6.7
201,"Bernard Williams, Wofford (SoCon)",Jr.,DB,11,44,30,74,6.7
201,"Alex Donnelly, Illinois St. (MVFC)",So.,LB,11,37,37,74,6.7
201,"Jordan Burton, SFA (Southland)",So.,LB,11,36,38,74,6.7
201,"Demitri Diamond, Colgate (Patriot)",Sr.,DB,11,35,39,74,6.7
201,"Aaron Reed, Duquesne (NEC)",Fr.,LB,11,33,41,74,6.7
201,"Christian Kuntz, Duquesne (NEC)",So.,LB,11,32,42,74,6.7
207,"Caleb Clayton-Molby, Charlotte (FCS Independent)",Jr.,LB,10,46,21,67,6.7
207,"Ed Foley, Jacksonville (Pioneer)",Sr.,DB,10,43,24,67,6.7
207,"Antonio Turner, Austin Peay (OVC)",Fr.,LB,10,27,40,67,6.7
210,"Roman SanDoval, Holy Cross (Patriot)",Sr.,LB,12,56,24,80,6.7
210,"Michael Ducre, Florida A&M (MEAC)",Sr.,DB,12,55,25,80,6.7
210,"Caleb Nelson, SFA (Southland)",Sr.,DB,12,49,31,80,6.7
210,"Justin Grant, Richmond (CAA)",Jr.,DB,12,43,37,80,6.7
210,"Nick Canavan, Missouri St. (MVFC)",Sr.,LB,12,37,43,80,6.7
210,"Tony Bell, UT Martin (OVC)",Jr.,LB,12,36,44,80,6.7
210,"Alex James, VMI (Big South)",So.,DB,12,36,44,80,6.7
210,"Thad Williams, UT Martin (OVC)",Sr.,DB,12,31,49,80,6.7
218,"Jordan Hendrix, Morehead St. (Pioneer)",Jr.,LB,11,36,37,73,6.6
219,"Daniel Giovacchini, Brown (Ivy League)",Jr.,LB,10,43,23,66,6.6
219,"Myles Atkins, Davidson (Pioneer)",So.,DB,10,39,27,66,6.6
221,"Mario Rowson, Delaware (CAA)",Jr.,DB,12,57,22,79,6.6
222,"Jake DeMedal, Saint Francis (PA) (NEC)",Sr.,DB,11,43,29,72,6.5
223,"Daniel Brown, Southern U. (SWAC)",Jr.,LB,13,41,44,85,6.5
224,"Tye Smith, Towson (CAA)",Jr.,DB,16,76,28,104,6.5
224,"Jourdan Wickliffe, Eastern Ill. (OVC)",Jr.,DB,14,50,41,91,6.5
224,"Vinny Russo, Colgate (Patriot)",Jr.,LB,12,49,29,78,6.5
224,"Cody Sorenson, Idaho St. (Big Sky)",So.,DB,12,46,32,78,6.5
224,"Russell Smith, Sacramento St. (Big Sky)",Fr.,LB,12,44,34,78,6.5
224,"Reggie Barnette, Richmond (CAA)",Jr.,DB,12,39,39,78,6.5
224,"James Zotto, Wofford (SoCon)",Sr.,LB,10,41,24,65,6.5
224,"Phillip Bhaya, Princeton (Ivy League)",Sr.,DB,10,37,28,65,6.5
232,"D.J. Myers, Robert Morris (NEC)",Sr.,DB,11,35,36,71,6.5
233,"Darveon Trahan, Texas Southern (SWAC)",Jr.,DB,9,34,24,58,6.4
234,"T.J. Lally, South Dakota St. (MVFC)",So.,LB,14,51,39,90,6.4
234,"Cqulin Hubert, Southeastern La. (Southland)",Sr.,LB,14,50,40,90,6.4
236,"Sam Small, Murray St. (OVC)",Sr.,LB,12,47,30,77,6.4
236,"Dean Marlowe, James Madison (CAA)",Jr.,DB,12,36,41,77,6.4
236,"Matt Farris, Campbell (Pioneer)",Jr.,LB,12,29,48,77,6.4
239,"D.J. Monroe, Harvard (Ivy League)",---,CB,10,49,15,64,6.4
239,"Colton Caslow, Lehigh (Patriot)",Fr.,LB,10,42,22,64,6.4
239,"Dan Davis, Penn (Ivy League)",Jr.,LB,10,41,23,64,6.4
239,"Mike Banaciski, Dartmouth (Ivy League)",Sr.,DB,10,39,25,64,6.4
243,"Gordon Hill, Sacred Heart (NEC)",Jr.,DB,13,43,40,83,6.4
244,"Breyon Williams, Presbyterian (Big South)",Jr.,RB,11,40,30,70,6.4
244,"Donald D'Alesio, Youngstown St. (MVFC)",Jr.,DB,11,39,31,70,6.4
244,"Rich Piekarski, Duquesne (NEC)",Jr.,DB,11,38,32,70,6.4
247,"Lucky Dozier, Northern Ariz. (Big Sky)",Sr.,DB,12,56,20,76,6.3
247,"Deandre Rashada, Alabama St. (SWAC)",Jr.,DB,12,50,26,76,6.3
247,"John Ojo, Florida A&M (MEAC)",Sr.,DB,12,48,28,76,6.3
247,"James Riley, The Citadel (SoCon)",So.,LB,12,46,30,76,6.3
247,"Johnathan Shuler, Austin Peay (OVC)",Jr.,DB,12,42,34,76,6.3
247,"Connor Underwood, Indiana St. (MVFC)",So.,LB,12,30,46,76,6.3
247,"Gavin Miller, Northern Colo. (Big Sky)",Sr.,DL,12,28,48,76,6.3
247,"Chuck Obi, Prairie View (SWAC)",Sr.,LB,12,23,53,76,6.3
255,"Aaron Sam, McNeese (Southland)",Jr.,DB,13,47,35,82,6.3
256,"Adewole Oyalowo, Brown (Ivy League)",Sr.,LB,10,45,18,63,6.3
257,"Ed Britt, Presbyterian (Big South)",So.,DB,11,46,23,69,6.3
257,"Dionte McDuffy, Southern U. (SWAC)",So.,DB,11,45,24,69,6.3
257,"Trevor Loveland, Wagner (NEC)",Jr.,LB,11,41,28,69,6.3
257,"Logan Staib, VMI (Big South)",Jr.,LB,11,33,36,69,6.3
261,"Kadeem Wise, Chattanooga (SoCon)",Sr.,DB,12,51,24,75,6.3
261,"Damon Watkins, Alcorn (SWAC)",So.,LB,12,46,29,75,6.3
261,"Courtney Hall, Northern Colo. (Big Sky)",Jr.,DB,12,44,31,75,6.3
261,"Max Busher, UNI (MVFC)",Jr.,LB,12,40,35,75,6.3
261,"David Mackall, Delaware (CAA)",Jr.,LB,12,34,41,75,6.3
266,"Justin Cooper, Samford (SoCon)",---,SLB,13,50,31,81,6.2
267,"Brandon Powe, Mississippi Val. (SWAC)",Sr.,LB,9,26,30,56,6.2
268,"Andre Addison, Jacksonville (Pioneer)",Sr.,DB,11,50,18,68,6.2
268,"Naquan Smith, Grambling (SWAC)",Sr.,DB,11,41,27,68,6.2
268,"Lee Marvel, Bucknell (Patriot)",Jr.,LB,11,36,32,68,6.2
268,"Alec May, Georgetown (Patriot)",Jr.,LB,11,34,34,68,6.2
268,"Michael Ruffino, San Diego (Pioneer)",Sr.,LB,11,32,36,68,6.2
273,"Ben Kargbo, Southeast Mo. St. (OVC)",Sr.,DB,12,55,19,74,6.2
273,"Alex Hubbard, Cal Poly (Big Sky)",Sr.,DB,12,46,28,74,6.2
273,"Kevin Kintzel, Western Ill. (MVFC)",Jr.,LB,12,44,30,74,6.2
273,"Steven Pitts, UC Davis (Big Sky)",Jr.,LB,12,39,35,74,6.2
273,"Xavier Williams, UNI (MVFC)",Jr.,DL,12,39,35,74,6.2
273,"Alfred Ansley, Savannah St. (MEAC)",So.,DB,12,36,38,74,6.2
273,"Devon Butler, Western Ill. (MVFC)",Sr.,LB,12,33,41,74,6.2
280,"Ian Williams, Fordham (Patriot)",Sr.,DB,14,66,20,86,6.1
280,"Taylor Thompson, Houston Christian (FCS Independent)",Fr.,DB,7,28,15,43,6.1
282,"Le'Tevin Wilcox, Texas Southern (SWAC)",Jr.,DB,9,34,21,55,6.1
283,"Matt Arends, Princeton (Ivy League)",So.,DB,10,35,26,61,6.1
283,"Garrett Leicht, Princeton (Ivy League)",Jr.,LB,10,34,27,61,6.1
285,"David Edgerson, Portland St. (Big Sky)",Sr.,DB,11,47,20,67,6.1
285,"Jarius Moore, Texas Southern (SWAC)",So.,LB,11,39,28,67,6.1
285,"Shaquille Riddick, Gardner-Webb (Big South)",Jr.,DL,11,31,36,67,6.1
288,"Connor McNamara, Bryant (NEC)",Sr.,DL,12,48,25,73,6.1
288,"Sybhrian Berry, Missouri St. (MVFC)",Sr.,DB,12,45,28,73,6.1
288,"Tim Wienclaw, Rhode Island (CAA)",Jr.,DB,12,45,28,73,6.1
288,"John Wilson, Savannah St. (MEAC)",Sr.,DB,12,44,29,73,6.1
288,"Michael Foster, Montana St. (Big Sky)",Jr.,LB,12,35,38,73,6.1
293,"Troy Eastman, Maine (CAA)",Sr.,LB,13,31,47,78,6
293,"Michael Jackson, Morehead St. (Pioneer)",Jr.,DB,12,45,27,72,6
293,"Devon Taverna, South Dakota (MVFC)",Sr.,DB,12,41,31,72,6
293,"Josh Celerin, Central Conn. St. (NEC)",So.,DB,12,38,34,72,6
293,"William Thomas II, Alcorn (SWAC)",Jr.,LB,12,35,37,72,6
293,"Gerrick Ratliff, Indiana St. (MVFC)",So.,LB,12,34,38,72,6
293,"Ty Garvin, VMI (Big South)",Jr.,LB,12,23,49,72,6
293,"Cory White, Presbyterian (Big South)",Jr.,DB,11,46,20,66,6
293,"Wisler Ymonice, Southeast Mo. St. (OVC)",Jr.,LB,11,36,30,66,6
293,"Siegan Vergenal, Nicholls (Southland)",Sr.,DB,11,34,32,66,6
293,"Colton Underwood, Illinois St. (MVFC)",Sr.,DL,11,33,33,66,6
293,"Zachary Lattrell, Brown (Ivy League)",Sr.,LB,10,38,22,60,6
293,"Jason Ray, Princeton (Ivy League)",Sr.,RB,10,30,30,60,6
306,"Donnell Lewis, Towson (CAA)",So.,DB,16,62,33,95,5.9
307,"James Cowser, Southern Utah (Big Sky)",So.,DL,13,44,33,77,5.9
307,"Franchot West, Southern U. (SWAC)",Sr.,LB,13,38,39,77,5.9
309,"Matt Bhaya, Holy Cross (Patriot)",So.,DB,12,57,14,71,5.9
309,"Tyler Starr, South Dakota (MVFC)",Sr.,LB,12,47,24,71,5.9
309,"John Silas, Elon (SoCon)",Fr.,LB,12,42,29,71,5.9
309,"Devin Rollins, Howard (MEAC)",So.,LB,12,41,30,71,5.9
309,"Sullivan Grosz, Cal Poly (Big Sky)",Sr.,DL,12,32,39,71,5.9
309,"Bobby Ellis, UT Martin (OVC)",Sr.,LB,12,30,41,71,5.9
315,"Michael Ratelle, Drake (Pioneer)",Sr.,DB,11,40,25,65,5.9
315,"Sam Martello, Duquesne (NEC)",So.,LB,11,35,30,65,5.9
317,"Evan Jackson, Penn (Ivy League)",Sr.,DB,10,44,15,59,5.9
317,"Foyesade Oluokun, Yale (Ivy League)",Fr.,DB,10,44,15,59,5.9
317,"Travis Reim, Columbia (Ivy League)",So.,DB,10,38,21,59,5.9
317,"Nigel Muhammad, Lehigh (Patriot)",Sr.,LB,10,37,22,59,5.9
321,"Chaz Moore, Chattanooga (SoCon)",Sr.,DB,12,45,25,70,5.8
321,"Alexander Dawson, Elon (SoCon)",So.,LB,12,44,26,70,5.8
321,"Sam Tim, UNI (MVFC)",Sr.,LB,12,42,28,70,5.8
321,"J'Vontez Blackmon, UT Martin (OVC)",Sr.,DB,12,38,32,70,5.8
325,"Joe Boyd, Delaware St. (MEAC)",Jr.,DB,11,39,25,64,5.8
325,"Bryant Bednarek, Davidson (Pioneer)",Jr.,DB,11,38,26,64,5.8
325,"Corey Addison, Murray St. (OVC)",Sr.,DB,11,36,28,64,5.8
325,"Matthew Steinbeck, Bucknell (Patriot)",Jr.,DB,11,36,28,64,5.8
325,"Robert Simpson, Mississippi Val. (SWAC)",Sr.,DL,11,35,29,64,5.8
325,"Jawara Dudley, Stony Brook (CAA)",Sr.,LB,11,34,30,64,5.8
331,"Steven Lester, Morehead St. (Pioneer)",Sr.,DB,10,36,22,58,5.8
331,"Kendall Walker, Indiana St. (MVFC)",So.,LB,10,23,35,58,5.8
333,"Theo Alexander, Southeastern La. (Southland)",Sr.,DB,14,49,32,81,5.8
334,"Kimari McFadden, South Carolina St. (MEAC)",Sr.,DB,13,57,18,75,5.8
334,"Omar Cook, Southern U. (SWAC)",Jr.,DB,13,44,31,75,5.8
336,"Kyle Sebetic, Dayton (Pioneer)",Sr.,DB,11,46,17,63,5.7
336,"Craig James, Villanova (CAA)",Sr.,DB,11,43,20,63,5.7
336,"Dontae McCoy, Illinois St. (MVFC)",Jr.,DB,11,43,20,63,5.7
336,"Paul Sakowski, Marist (Pioneer)",Sr.,LB,11,26,37,63,5.7
336,"Ryan Mundy, Valparaiso (Pioneer)",Jr.,LB,11,25,38,63,5.7
341,"Austin Hancock, Fordham (Patriot)",Jr.,LB,14,53,27,80,5.7
342,"Markell Williams, Sacramento St. (Big Sky)",Sr.,DB,10,31,26,57,5.7
343,"Tommy Collett, Southern Utah (Big Sky)",Sr.,DB,13,32,42,74,5.7
344,"Colten Heagle, North Dakota St. (MVFC)",Jr.,DB,15,45,40,85,5.7
344,"David McDaniel, Western Ill. (MVFC)",Jr.,DB,12,48,20,68,5.7
344,"Adam Jones, Northwestern St. (Southland)",Fr.,DB,12,37,31,68,5.7
344,"Brad Daly, Montana St. (Big Sky)",Sr.,DL,12,36,32,68,5.7
344,"Brent Singleton, Norfolk St. (MEAC)",Sr.,LB,12,28,40,68,5.7
344,"Dylan Cole, Missouri St. (MVFC)",Fr.,LB,12,26,42,68,5.7
344,"Winston Longdon, Stony Brook (CAA)",Sr.,DB,9,41,10,51,5.7
344,"Tray Walker, Texas Southern (SWAC)",Jr.,DB,9,38,13,51,5.7
344,"Stephen Atwater, Georgetown (Patriot)",Sr.,DB,9,34,17,51,5.7
344,"Bob Quilico, Drake (Pioneer)",Jr.,DB,9,29,22,51,5.7
354,"Levon Williams, Fordham (Patriot)",Jr.,DB,14,56,23,79,5.6
354,"Robert Haynes, Eastern Ill. (OVC)",Jr.,LB,14,45,34,79,5.6
354,"Gary Wilkins, Furman (SoCon)",Jr.,DL,14,39,40,79,5.6
357,"Jeremy Johnson, Mississippi Val. (SWAC)",Jr.,DB,11,40,22,62,5.6
357,"Ryan Griffin, Jackson St. (SWAC)",Jr.,LB,11,30,32,62,5.6
357,"Max Wassel, Wagner (NEC)",Sr.,LB,11,30,32,62,5.6
360,"Terence Cahee, McNeese (Southland)",Sr.,DB,13,41,32,73,5.6
361,"Richie Sampson, Coastal Carolina (Big South)",So.,DB,15,65,19,84,5.6
361,"Stephan Thomas, Sacred Heart (NEC)",Jr.,DB,10,39,17,56,5.6
361,"Sebastian Jaskowski, Penn (Ivy League)",Sr.,DB,10,36,20,56,5.6
361,"Charles Cook, Yale (Ivy League)",Jr.,DB,10,29,27,56,5.6
361,"Jared Velasquez, William & Mary (CAA)",So.,DB,10,28,28,56,5.6
361,"P.J. Gremaud, Idaho St. (Big Sky)",Jr.,LB,10,25,31,56,5.6
361,"Kerry Wynn, Richmond (CAA)",Sr.,DL,10,24,32,56,5.6
361,"Norman Hayes, Harvard (Ivy League)",Jr.,DB,10,23,33,56,5.6
369,"Tyler Zeoli, Holy Cross (Patriot)",Jr.,LB,12,50,17,67,5.6
369,"Gregory Brown, Savannah St. (MEAC)",Jr.,DB,12,45,22,67,5.6
369,"Hayden Knudson, New Hampshire (CAA)",So.,DB,12,45,22,67,5.6
369,"Keyen Lage, South Dakota (MVFC)",So.,LB,12,45,22,67,5.6
369,"Auston Johnson, South Dakota (MVFC)",Jr.,LB,12,38,29,67,5.6
369,"Cole Moore, Montana St. (Big Sky)",Jr.,LB,12,38,29,67,5.6
369,"Charles Elmore, South Dakota St. (MVFC)",So.,LB,12,35,32,67,5.6
369,"Chad Allen, Lamar University (Southland)",Sr.,DB,12,34,33,67,5.6
369,"Aaron Roane, Richmond (CAA)",Jr.,DB,12,32,35,67,5.6
369,"Conrad Johnson, Alabama A&M (SWAC)",So.,LB,12,15,52,67,5.6
379,"Drew Misita, Southeastern La. (Southland)",Jr.,LB,14,44,34,78,5.6
380,"Zach Dyer, Stetson (Pioneer)",Fr.,DB,11,40,21,61,5.5
380,"Clayton Ewell, Bucknell (Patriot)",So.,DB,11,38,23,61,5.5
380,"Willie Duncan, Ark.-Pine Bluff (SWAC)",Fr.,LB,11,22,39,61,5.5
383,"David Burke, Butler (Pioneer)",Jr.,DB,13,47,25,72,5.5
383,"Calvin Bryant, Charleston So. (Big South)",Sr.,LB,13,35,37,72,5.5
385,"Kevin Harmon, Southeastern La. (Southland)",Sr.,DB,14,45,32,77,5.5
385,"Travis Hawkins, Delaware (CAA)",Sr.,DB,12,42,24,66,5.5
385,"Steven Bethley, Montana St. (Big Sky)",Sr.,DB,12,38,28,66,5.5
385,"Jonathon Rollins, Western Ill. (MVFC)",Jr.,DB,12,35,31,66,5.5
385,"Steven Garcia, Northern Ariz. (Big Sky)",Sr.,DL,12,31,35,66,5.5
385,"Tyler Williamson, Southern Ill. (MVFC)",Jr.,LB,12,29,37,66,5.5
385,"Kameryon Brown, Nicholls (Southland)",So.,LB,12,27,39,66,5.5
385,"Blake Adams, Tennessee Tech (OVC)",Sr.,LB,12,20,46,66,5.5
385,"Terry Caldwell, Charlotte (FCS Independent)",Fr.,LB,10,34,21,55,5.5
385,"Cody Fulleton, Dartmouth (Ivy League)",So.,DL,10,21,34,55,5.5
395,"Cory Scott, Delaware St. (MEAC)",So.,DB,11,46,14,60,5.5
395,"Nico Alcalde, Charlotte (FCS Independent)",Fr.,LB,11,42,18,60,5.5
395,"Cameron McCurry, Villanova (CAA)",So.,DB,11,42,18,60,5.5
395,"Dave Lazear, Stetson (Pioneer)",Fr.,LB,11,38,22,60,5.5
395,"Leron Eaddy, Austin Peay (OVC)",Jr.,DB,11,28,32,60,5.5
400,"Chris Johnson, Duquesne (NEC)",Jr.,DB,9,29,20,49,5.4
