Rank,Player,Cl,Pos,G,Solo Tack,Asst Tack,TT,TPG
1,"Dakota Cox, New Mexico (Mountain West)",So.,LB,9,39,77,116,12.9
2,"David Mayo, Texas St. (Sun Belt)",Sr.,LB,12,72,82,154,12.8
3,"Nate Holley, Kent St. (MAC)",So.,DB,11,75,62,137,12.5
4,"Jovan Santos-Knox, Massachusetts (MAC)",Jr.,LB,12,53,90,143,11.9
5,"Scooby Wright III, Arizona (Pac-12)",So.,LB,14,99,64,163,11.6
6,"Eric Kendricks, UCLA (Pac-12)",Sr.,LB,13,101,48,149,11.5
7,"Zach Vigil, Utah St. (Mountain West)",Sr.,LB,14,79,77,156,11.1
8,"Great Ibe, Eastern Mich. (MAC)",Jr.,LB,12,69,64,133,11.1
9,"Mike Hull, Penn St. (Big Ten)",Sr.,LB,13,75,65,140,10.8
9,"Zeek Bigger, East Carolina (AAC)",Jr.,LB,13,66,74,140,10.8
11,"Stanley Andre, Massachusetts (MAC)",Sr.,LB,12,38,90,128,10.7
12,"Ben Heeney, Kansas (Big 12)",Sr.,LB,12,88,39,127,10.6
13,"Efrem Oliphant, Houston (AAC)",Sr.,LB,13,69,68,137,10.5
14,"Paul Dawson, TCU (Big 12)",Sr.,LB,13,81,55,136,10.5
15,"Jeff Luc, Cincinnati (AAC)",Sr.,LB,13,65,69,134,10.3
15,"David Helton, Duke (ACC)",Sr.,LB,13,50,84,134,10.3
17,"Quin Blanding, Virginia (ACC)",Fr.,DB,12,60,63,123,10.3
18,"Devon Edwards, Duke (ACC)",So.,DB,13,77,56,133,10.2
19,"A.J. Johnson, Tennessee (SEC)",Sr.,LB,10,58,43,101,10.1
20,"Rodney Butler, New Mexico St. (Sun Belt)",So.,LB,12,58,61,119,9.9
21,"Jonathan Truman, Kansas St. (Big 12)",Sr.,LB,13,79,49,128,9.8
21,"Martrell Spaight, Arkansas (SEC)",Sr.,LB,13,63,65,128,9.8
23,"Tyler Matakevich, Temple (AAC)",Jr.,LB,12,88,29,117,9.8
23,"Jeremy Timpf, Army West Point (FBS Independent)",So.,LB,12,79,38,117,9.8
25,"Joseph Peterson, Georgia St. (Sun Belt)",Jr.,LB,10,62,35,97,9.7
26,"Christian Tago, San Jose St. (Mountain West)",So.,LB,10,61,35,96,9.6
27,"Ryan Janvion, Wake Forest (ACC)",So.,DB,12,54,61,115,9.6
28,"Brandon Williams, East Carolina (AAC)",Sr.,LB,13,54,70,124,9.5
29,"Nick Vigil, Utah St. (Mountain West)",So.,LB,13,60,63,123,9.5
30,"Michael Mudoh, Tulsa (AAC)",Jr.,DB,12,55,58,113,9.4
31,"Jake Ryan, Michigan (Big Ten)",Sr.,LB,12,67,45,112,9.3
32,"Zach Edwards, Cincinnati (AAC)",So.,DB,13,67,54,121,9.3
33,"Marc Millan, Idaho (Sun Belt)",Jr.,LB,11,64,38,102,9.3
34,"Josh Forrest, Kentucky (SEC)",Jr.,LB,12,63,47,110,9.2
35,"Damien Wilson, Minnesota (Big Ten)",Sr.,LB,13,63,56,119,9.2
36,"Brandon Chubb, Wake Forest (ACC)",Jr.,LB,12,53,56,109,9.1
37,"Cole Farrand, Maryland (Big Ten)",Sr.,LB,13,70,48,118,9.1
37,"Aaron Davis, Colorado St. (Mountain West)",Sr.,LB,13,62,56,118,9.1
39,"Jordan Pierce, Air Force (Mountain West)",Sr.,LB,13,61,56,117,9
39,"Justin Cherocci, Central Mich. (MAC)",Sr.,LB,13,59,58,117,9
39,"Derek Akunne, North Texas (C-USA)",Sr.,LB,12,65,43,108,9
39,"Anthony Harris, Virginia (ACC)",Sr.,DB,12,49,59,108,9
43,"Jared Norris, Utah (Pac-12)",Jr.,LB,13,63,53,116,8.9
44,"Sean Davis, Maryland (Big Ten)",Jr.,DB,13,80,35,115,8.8
44,"Amarlo Herrera, Georgia (SEC)",Sr.,LB,13,44,71,115,8.8
46,"Kevin Johnson, Eastern Mich. (MAC)",Sr.,DB,11,60,37,97,8.8
46,"Lee Skinner, Buffalo (MAC)",Sr.,LB,11,45,52,97,8.8
48,"Neville Hewitt, Marshall (C-USA)",Sr.,LB,14,42,81,123,8.8
49,"Bryce Hager, Baylor (Big 12)",Sr.,LB,13,76,38,114,8.8
50,"Landon Feichter, Purdue (Big Ten)",Sr.,DB,12,71,34,105,8.8
50,"Marquise Vann, UConn (AAC)",Jr.,LB,12,60,45,105,8.8
52,"Jordan Italiano, Kent St. (MAC)",Jr.,DB,11,48,48,96,8.7
53,"Kentrell Brothers, Missouri (SEC)",Jr.,LB,14,62,60,122,8.7
53,"Reggie Northrup, Florida St. (ACC)",Jr.,LB,14,61,61,122,8.7
55,"Ben Ingle, Ball St. (MAC)",Sr.,LB,10,35,52,87,8.7
56,"Terrell Brigham, South Alabama (Sun Belt)",Sr.,DB,13,69,44,113,8.7
56,"Nick Temple, Cincinnati (AAC)",Sr.,LB,13,67,46,113,8.7
58,"Chi Chi Ariguzo, Northwestern (Big Ten)",Sr.,LB,12,65,39,104,8.7
59,"Jaylon Smith, Notre Dame (FBS Independent)",So.,LB,13,65,47,112,8.6
60,"Andrae Kirk, Fla. Atlantic (C-USA)",Sr.,LB,12,53,50,103,8.6
61,"Jared Tevis, Arizona (Pac-12)",Sr.,DB,14,79,41,120,8.6
62,"Jeremy Cash, Duke (ACC)",Jr.,DB,13,68,43,111,8.5
62,"Nick Holt, Western Ky. (C-USA)",Jr.,LB,13,62,49,111,8.5
62,"Mason Monheim, Illinois (Big Ten)",Jr.,LB,13,43,68,111,8.5
65,"Paul Davis, Georgia Tech (ACC)",So.,LB,14,82,37,119,8.5
65,"Joe Bolden, Michigan (Big Ten)",Jr.,LB,12,55,47,102,8.5
65,"Derek Ibekwe, New Mexico St. (Sun Belt)",Fr.,LB,12,46,56,102,8.5
68,"Qushaun Lee, Arkansas St. (Sun Belt)",Sr.,LB,13,79,31,110,8.5
68,"Denzel Perryman, Miami (FL) (ACC)",Sr.,LB,13,79,31,110,8.5
68,"Ramik Wilson, Georgia (SEC)",Sr.,LB,13,56,54,110,8.5
71,"Marquel Lee, Wake Forest (ACC)",So.,LB,12,39,62,101,8.4
71,"Antonio Morrison, Florida (SEC)",Jr.,LB,12,30,71,101,8.4
73,"Steve Edmond, Texas (Big 12)",Sr.,LB,13,66,43,109,8.4
73,"Jordan Drake, Navy (FBS Independent)",Sr.,LB,13,63,46,109,8.4
73,"Zane Petty, Illinois (Big Ten)",Sr.,DB,13,49,60,109,8.4
76,"Jordan Simone, Arizona St. (Pac-12)",Jr.,DB,12,74,26,100,8.3
76,"Taylor Barton, Illinois (Big Ten)",So.,DB,12,44,56,100,8.3
76,"Jarrell Jones, Miami (OH) (MAC)",Sr.,DB,9,48,27,75,8.3
79,"Joshua Perry, Ohio St. (Big Ten)",Jr.,LB,15,73,51,124,8.3
80,"Jatavis Brown, Akron (MAC)",Jr.,LB,12,64,35,99,8.3
81,"Jordan Hicks, Texas (Big 12)",Sr.,LB,13,53,54,107,8.2
81,"Dominique Alexander, Oklahoma (Big 12)",So.,LB,13,48,59,107,8.2
83,"Gabe Martin, Bowling Green (MAC)",Sr.,LB,14,54,61,115,8.2
84,"Anthony Zappone, Eastern Mich. (MAC)",Jr.,LB,11,42,48,90,8.2
85,"L.A. Goree, Maryland (Big Ten)",Sr.,LB,12,65,33,98,8.2
85,"Joe Colton, Massachusetts (MAC)",Jr.,DB,12,43,55,98,8.2
87,"Damarious Randall, Arizona St. (Pac-12)",Sr.,DB,13,87,19,106,8.2
88,"Michael Scherer, Missouri (SEC)",So.,LB,14,51,63,114,8.1
89,"Matt Dellinger, Kent St. (MAC)",Jr.,LB,11,37,52,89,8.1
90,"Heath Harding, Miami (OH) (MAC)",So.,DB,12,74,23,97,8.1
90,"Cameron Lynch, Syracuse (ACC)",Sr.,LB,12,69,28,97,8.1
92,"Justin Currie, Western Mich. (MAC)",Sr.,DB,13,70,35,105,8.1
92,"Max Morgan, Colorado St. (Mountain West)",Sr.,LB,13,53,52,105,8.1
94,"Andrew Adams, UConn (AAC)",Jr.,DB,12,65,31,96,8
94,"Vince Buhagiar, San Jose St. (Mountain West)",Sr.,LB,12,57,39,96,8
94,"Trey Payne, Georgia St. (Sun Belt)",Fr.,LB,11,56,32,88,8
97,"Nick Kwiatkoski, West Virginia (Big 12)",Sr.,LB,13,71,32,103,7.9
97,"Jordan Sterns, Oklahoma St. (Big 12)",So.,DB,13,61,42,103,7.9
97,"John Lowdermilk, Iowa (Big Ten)",Sr.,DB,13,58,45,103,7.9
97,"Zaire Anderson, Nebraska (Big Ten)",Sr.,LB,13,48,55,103,7.9
101,"Jamie Byrd, South Fla. (AAC)",Jr.,DB,12,71,24,95,7.9
101,"Maleki Harris, South Alabama (Sun Belt)",Sr.,LB,12,49,46,95,7.9
103,"Steve Longa, Rutgers (Big Ten)",So.,LB,13,71,31,102,7.8
103,"Grant DePalma, Western Mich. (MAC)",Jr.,LB,13,61,41,102,7.8
105,"Sam Scofield, Tulane (AAC)",Sr.,DB,12,60,34,94,7.8
105,"Graham Stewart, UConn (AAC)",Jr.,LB,12,41,53,94,7.8
107,"Tarris Batiste, Georgia St. (Sun Belt)",Jr.,DB,11,58,28,86,7.8
108,"Jalen Reeves-Maybin, Tennessee (SEC)",So.,LB,13,63,38,101,7.8
108,"Blake Martinez, Stanford (Pac-12)",Jr.,LB,13,53,48,101,7.8
110,"Skai Moore, South Carolina (SEC)",So.,LB,12,52,41,93,7.8
110,"Gerrand Johnson, ULM (Sun Belt)",Jr.,DL,12,32,61,93,7.8
112,"John Timu, Washington (Pac-12)",Sr.,LB,14,56,52,108,7.7
113,"Junior Sylvestre, Toledo (MAC)",Sr.,LB,13,58,42,100,7.7
113,"Marcus Mallet, TCU (Big 12)",Sr.,LB,13,57,43,100,7.7
113,"Tau Lotulelei, UNLV (Mountain West)",So.,LB,13,45,55,100,7.7
116,"Kent Kern, Miami (OH) (MAC)",Jr.,LB,9,46,23,69,7.7
117,"Terrance Plummer, UCF (AAC)",Sr.,LB,13,53,46,99,7.6
118,"T.J. Mutcherson, Iowa St. (Big 12)",So.,DB,10,56,20,76,7.6
119,"Tyrequek Zimmerman, Oregon St. (Pac-12)",Sr.,DB,12,58,33,91,7.6
119,"Mitch Lane, ULM (Sun Belt)",Jr.,DB,12,51,40,91,7.6
119,"Zack Ryan, Ball St. (MAC)",Jr.,LB,12,35,56,91,7.6
122,"Michael Caputo, Wisconsin (Big Ten)",Jr.,DB,14,64,42,106,7.6
123,"Jonathan McNeal, Nevada (Mountain West)",Sr.,LB,13,57,41,98,7.5
123,"T.J. Neal Jr., Illinois (Big Ten)",So.,LB,13,31,67,98,7.5
125,"Kwon Alexander, LSU (SEC)",Jr.,LB,12,40,50,90,7.5
126,"Clayton Geathers, UCF (AAC)",Sr.,DB,13,58,39,97,7.5
127,"Brian Sutton, Bowling Green (MAC)",Sr.,DB,14,59,45,104,7.4
127,"Jermaine Holmes, Marshall (C-USA)",Sr.,LB,14,41,63,104,7.4
129,"Quentin Poling, Ohio (MAC)",So.,LB,12,55,34,89,7.4
130,"Sam Eguavoen, Texas Tech (Big 12)",Sr.,LB,10,49,25,74,7.4
131,"Ryan Simmons, Oklahoma St. (Big 12)",Jr.,LB,13,66,30,96,7.4
132,"Landon Collins, Alabama (SEC)",Jr.,DB,14,60,43,103,7.4
133,"Taz Stevenson, Hawaii (Mountain West)",Sr.,DB,12,69,19,88,7.3
133,"Peni Vea, UNLV (Mountain West)",Jr.,DB,12,56,32,88,7.3
133,"Montres Kitchens, Troy (Sun Belt)",Jr.,DB,12,54,34,88,7.3
136,"Xavier Woodson, Arkansas St. (Sun Belt)",So.,LB,13,69,26,95,7.3
136,"Hayes Pullard, Southern California (Pac-12)",Sr.,LB,13,53,42,95,7.3
138,"Traveon Henry, Northwestern (Big Ten)",Jr.,DB,10,38,35,73,7.3
139,"Trey McGowen, Texas St. (Sun Belt)",Jr.,LB,11,45,35,80,7.3
140,"David Guthrie, New Mexico (Mountain West)",Sr.,DB,12,49,38,87,7.3
140,"Terrance Smith, Florida St. (ACC)",Jr.,LB,12,48,39,87,7.3
142,"Tank Jakes, Memphis (AAC)",Sr.,LB,13,70,24,94,7.2
142,"Antonio Longino, Arizona St. (Pac-12)",Jr.,LB,13,56,38,94,7.2
142,"Quinton Alston, Iowa (Big Ten)",Sr.,LB,13,45,49,94,7.2
145,"Triston Wade, UTSA (C-USA)",Sr.,DB,12,47,39,86,7.2
145,"Jason Beck, Eastern Mich. (MAC)",Fr.,DB,12,42,44,86,7.2
145,"Daquan Romero, Virginia (ACC)",Sr.,LB,12,38,48,86,7.2
148,"Johnathan Ford, Auburn (SEC)",So.,DB,13,62,31,93,7.2
148,"Jordan Evans, Oklahoma (Big 12)",So.,LB,13,55,38,93,7.2
148,"Marcus Trotter, Wisconsin (Big Ten)",Sr.,LB,13,53,40,93,7.2
151,"Tanner Vallejo, Boise St. (Mountain West)",So.,LB,14,64,36,100,7.1
152,"Trent Martin, Tulsa (AAC)",So.,LB,9,29,35,64,7.1
153,"Adam Redden, Buffalo (MAC)",Sr.,DB,11,57,21,78,7.1
153,"Nigel Bowden, Vanderbilt (SEC)",Fr.,LB,11,37,41,78,7.1
155,"Kevin Pierre-Louis, Colorado St. (Mountain West)",Jr.,DB,12,51,34,85,7.1
155,"Dalton Herrington, New Mexico St. (Sun Belt)",Fr.,DB,12,43,42,85,7.1
155,"Jens Jeters, UTSA (C-USA)",Jr.,LB,12,35,50,85,7.1
155,"Hunter Kissinger, ULM (Sun Belt)",Jr.,LB,12,35,50,85,7.1
155,"Kawe Johnson, New Mexico St. (Sun Belt)",So.,DB,12,34,51,85,7.1
160,"Karl Joseph, West Virginia (Big 12)",Jr.,DB,13,62,30,92,7.1
160,"Seth Jacobs, Oklahoma St. (Big 12)",So.,LB,13,59,33,92,7.1
160,"Taylor Young, Baylor (Big 12)",Fr.,LB,13,58,34,92,7.1
160,"Jordan Lomax, Iowa (Big Ten)",Jr.,DB,13,44,48,92,7.1
164,"Marlon Moore, NIU (MAC)",Jr.,DB,14,48,51,99,7.1
165,"Cassanova McKinzy, Auburn (SEC)",Jr.,LB,13,60,31,91,7
165,"Damian Parms, Fla. Atlantic (C-USA)",Sr.,DB,12,50,34,84,7
165,"Nigel Harris, South Fla. (AAC)",So.,LB,11,52,25,77,7
165,"Chidobe Awuzie, Colorado (Pac-12)",So.,DB,9,54,9,63,7
169,"J. Sample, Louisville (ACC)",---,FS,13,74,16,90,6.9
169,"Connor Healy, Air Force (Mountain West)",Jr.,LB,13,44,46,90,6.9
171,"Devyn Harris, Wyoming (Mountain West)",Sr.,LB,12,43,40,83,6.9
171,"Michael Johnson, ULM (Sun Belt)",Jr.,LB,12,35,48,83,6.9
173,"Karl Mickelson, Fresno St. (Mountain West)",Sr.,LB,14,71,25,96,6.9
174,"Josh Gavert, San Diego St. (Mountain West)",Sr.,LB,13,54,35,89,6.8
175,"Daquawn Brown, Washington St. (Pac-12)",So.,DB,12,56,26,82,6.8
175,"Nico Marley, Tulane (AAC)",So.,LB,12,46,36,82,6.8
177,"Obi Melifonwu, UConn (AAC)",So.,DB,11,52,23,75,6.8
178,"Reggie Ragland, Alabama (SEC)",Jr.,LB,14,45,50,95,6.8
179,"Brian Randolph, Tennessee (SEC)",Jr.,DB,13,65,23,88,6.8
179,"Kyshoen Jarrett, Virginia Tech (ACC)",Sr.,DB,13,52,36,88,6.8
179,"Nathan Gerry, Nebraska (Big Ten)",So.,DB,13,49,39,88,6.8
179,"Trey Depriest, Alabama (SEC)",Sr.,LB,13,41,47,88,6.8
183,"Pete Robertson, Texas Tech (Big 12)",Jr.,LB,12,47,34,81,6.8
183,"Craig Suits, Tulsa (AAC)",Fr.,LB,12,45,36,81,6.8
185,"Bradley Njoku, Idaho (Sun Belt)",Sr.,DB,11,52,22,74,6.7
185,"Frankie Williams, Purdue (Big Ten)",Jr.,DB,11,51,23,74,6.7
185,"Michael Lowe, California (Pac-12)",Sr.,DB,11,46,28,74,6.7
188,"Taj Letman, Marshall (C-USA)",Jr.,DB,14,46,48,94,6.7
189,"Keenon Ward, Texas Tech (Big 12)",So.,DB,10,53,14,67,6.7
190,"Keith Kelsey, Louisville (ACC)",So.,LB,13,60,27,87,6.7
190,"Kris Frost, Auburn (SEC)",Jr.,LB,13,59,28,87,6.7
190,"Myles Jack, UCLA (Pac-12)",So.,LB,13,57,30,87,6.7
193,"Matthew Lyons, Nevada (Mountain West)",Jr.,LB,12,45,35,80,6.7
193,"Michael Barton, California (Pac-12)",So.,LB,12,37,43,80,6.7
195,"Nate Andrews, Florida St. (ACC)",So.,DB,14,66,27,93,6.6
195,"Derron Smith, Fresno St. (Mountain West)",Sr.,DB,14,66,27,93,6.6
195,"Danny Shelton, Washington (Pac-12)",Sr.,DL,14,53,40,93,6.6
198,"Daniel Gonzales, Navy (FBS Independent)",So.,LB,13,47,39,86,6.6
199,"Hayden Greenbauer, SMU (AAC)",Sr.,DB,12,48,31,79,6.6
199,"Ryland Ward, Bowling Green (MAC)",Sr.,DB,12,47,32,79,6.6
