Rank,Player,Cl,Pos,G,Solo Tack,Asst Tack,TT,TPG
1,"Dylan Cole, Missouri St. (MVFC)",Sr.,LB,11,85,57,142,12.9
2,"Garrett Dolan, Houston Christian (Southland)",Jr.,LB,11,47,88,135,12.3
3,"Brett Taylor, Western Ill. (MVFC)",Jr.,LB,11,94,40,134,12.2
4,"Allan Cratsenberg, VMI (SoCon)",Jr.,LB,11,60,66,126,11.5
5,"Donald Payne, Stetson (Pioneer)",Sr.,DB,10,74,40,114,11.4
6,"Darius Leonard, South Carolina St. (MEAC)",So.,SAM,11,78,46,124,11.3
7,"Gunnar Scholato, Austin Peay (OVC)",So.,LB,11,53,70,123,11.2
7,"Jeffrey Canady, Eastern Ky. (OVC)",Jr.,LB,11,46,77,123,11.2
9,"Kyle Newsom, Northern Colo. (Big Sky)",Sr.,LB,11,59,62,121,11
9,"Michael Nicastro, UAlbany (CAA)",Sr.,LB,11,50,71,121,11
11,"Willie Duncan, Ark.-Pine Bluff (SWAC)",Sr.,LB,11,40,80,120,10.9
12,"Gianmarco Rea, Columbia (Ivy League)",Sr.,LB,10,58,51,109,10.9
13,"Chad Geter, Gardner-Webb (Big South)",Sr.,LB,11,67,51,118,10.7
14,"Jeb Boudreaux, Stetson (Pioneer)",Jr.,LB,11,74,42,116,10.5
14,"Randall LaGuerrre, Central Conn. St. (NEC)",Jr.,LB,11,40,76,116,10.5
16,"Christian Rozeboom, South Dakota St. (MVFC)",Fr.,LB,13,58,74,132,10.2
17,"Mike Basile, Monmouth (Big South)",Jr.,DB,11,65,45,110,10
18,"Grady Redding, Jacksonville (Pioneer)",Sr.,LB,10,54,44,98,9.8
19,"Immanuel Anderson, Sacramento St. (Big Sky)",So.,DL,11,55,52,107,9.7
20,"Christophe Mulumba Tshimanga, Maine (CAA)",Sr.,LB,10,35,62,97,9.7
21,"Nick McBeath, Holy Cross (Patriot)",Jr.,LB,11,75,31,106,9.6
21,"Dylan Weigel, ETSU (SoCon)",So.,LB,11,46,60,106,9.6
23,"Ryan Francis, VMI (SoCon)",Jr.,LB,10,50,46,96,9.6
23,"William Twyman, Brown (Ivy League)",Sr.,LB,10,46,50,96,9.6
25,"Josh Poplar, Tennessee Tech (OVC)",So.,LB,11,40,65,105,9.5
26,"Hayden Carlson, Yale (Ivy League)",Jr.,DB,10,62,33,95,9.5
27,"Trey Robinson, Furman (SoCon)",Sr.,DB,11,55,49,104,9.5
28,"Xavier Bethany, Lamar University (Southland)",Sr.,DB,11,52,51,103,9.4
29,"Mario Jenkins, Idaho St. (Big Sky)",Jr.,LB,10,33,60,93,9.3
30,"Ryan Bennett, Morehead St. (Pioneer)",Sr.,LB,11,44,58,102,9.3
30,"Drew Snouffer, Valparaiso (Pioneer)",So.,LB,11,40,62,102,9.3
32,"CJ Parvelus, Sacred Heart (NEC)",Jr.,LB,11,46,54,100,9.1
32,"Tyler Meteer, Sacramento St. (Big Sky)",Jr.,LB,11,44,56,100,9.1
34,"Miquiyah Zamora, Eastern Wash. (Big Sky)",Sr.,LB,12,46,63,109,9.1
35,"Seth McDonald, Eastern Ill. (OVC)",Sr.,LB,11,52,47,99,9
35,"Zachary Wade, Murray St. (OVC)",Jr.,DB,10,35,55,90,9
37,"Tyrice Beverette, Stony Brook (CAA)",Jr.,DB,11,59,39,98,8.9
37,"Kenneth Davis, Alabama A&M (SWAC)",Jr.,LB,11,43,55,98,8.9
39,"Colton Moskal, Penn (Ivy League)",Jr.,LB,10,49,40,89,8.9
39,"Carl Rider, Furman (SoCon)",Sr.,LB,10,27,62,89,8.9
41,"Chris Santini, Cal Poly (Big Sky)",Sr.,LB,12,68,38,106,8.8
42,"Mac Bignell, Montana St. (Big Sky)",Jr.,LB,11,64,33,97,8.8
42,"Jet Moreland, South Dakota (MVFC)",Sr.,LB,11,58,39,97,8.8
44,"Fred Payne, Western Caro. (SoCon)",Sr.,DB,10,44,43,87,8.7
45,"Landon Stice, Weber St. (Big Sky)",So.,LB,12,52,52,104,8.7
46,"Ben Richard, Bucknell (Patriot)",Jr.,LB,11,55,40,95,8.6
46,"Allen Pittman, Nicholls (Southland)",Fr.,LB,11,52,43,95,8.6
48,"Tyson Dickson, Western Caro. (SoCon)",Sr.,LB,10,36,50,86,8.6
49,"Charles Bell, Delaware (CAA)",Jr.,LB,11,38,56,94,8.5
50,"Kailik Williams, The Citadel (SoCon)",Jr.,DB,12,47,55,102,8.5
50,"Cameron Hampton, Lamar University (Southland)",So.,LB,10,35,50,85,8.5
52,"Jesse Bobbit, South Dakota St. (MVFC)",Sr.,LB,13,55,55,110,8.5
53,"Shaheed Salmon, Samford (SoCon)",Jr.,LB,11,50,43,93,8.5
53,"Abner Logan, UAlbany (CAA)",Sr.,LB,11,38,55,93,8.5
55,"Jameer Thurman, Indiana St. (MVFC)",Sr.,DB,11,46,46,92,8.4
55,"Roper Garrett, Southeast Mo. St. (OVC)",Sr.,LB,11,29,63,92,8.4
57,"Foyesade Oluokun, Yale (Ivy League)",Sr.,DB,9,52,23,75,8.3
58,"Folarin Orimolade, Dartmouth (Ivy League)",Sr.,LB,10,49,34,83,8.3
59,"Kyle Young, Holy Cross (Patriot)",Sr.,LB,11,65,26,91,8.3
59,"Jesse Nemerowicz, Bryant (NEC)",Fr.,LB,11,43,48,91,8.3
61,"Jamerson Blount, Samford (SoCon)",Sr.,DB,12,53,46,99,8.3
62,"Zach Bruce, Eastern Wash. (Big Sky)",Sr.,DB,14,63,52,115,8.2
63,"Javancy Jones, Jackson St. (SWAC)",Sr.,DL,10,41,41,82,8.2
63,"T.C. Livingston, Norfolk St. (MEAC)",Jr.,LB,10,29,53,82,8.2
65,"Carter Henderson, Duquesne (NEC)",Jr.,LB,11,42,48,90,8.2
66,"Dylan Bakker, North Dakota (Big Sky)",Sr.,LB,12,54,44,98,8.2
67,"Nakevion Leslie, Chattanooga (SoCon)",Sr.,LB,13,59,47,106,8.2
68,"Kyle Archie, Norfolk St. (MEAC)",Jr.,LB,9,33,40,73,8.1
68,"Cody Moncure, Houston Christian (Southland)",Jr.,LB,9,32,41,73,8.1
70,"Darien Anderson, Alcorn (SWAC)",Sr.,LB,11,52,37,89,8.1
70,"Kiante Northington, Eastern Ky. (OVC)",Sr.,DB,11,50,39,89,8.1
70,"Javon Tillman, Southeastern La. (Southland)",Jr.,DB,11,47,42,89,8.1
70,"Thomas Singleton, Northern Colo. (Big Sky)",Sr.,DB,11,39,50,89,8.1
70,"Adam Wollet, Robert Morris (NEC)",So.,LB,11,34,55,89,8.1
75,"Gage Steele, James Madison (CAA)",Sr.,LB,13,59,45,104,8
75,"Christopher Beaschler, Dayton (Pioneer)",Sr.,LB,11,56,32,88,8
75,"Quentin Moon, Western Ill. (MVFC)",So.,LB,11,46,42,88,8
75,"Joe Martin, Idaho St. (Big Sky)",So.,DB,11,33,55,88,8
75,"Nick Gesualdi, Cornell (Ivy League)",Jr.,DB,10,58,22,80,8
75,"Jake Thomas, Northern Ariz. (Big Sky)",Sr.,LB,10,36,44,80,8
81,"Alejandro Rivera, Illinois St. (MVFC)",Sr.,LB,12,47,48,95,7.9
81,"Solomon Leaeno, Saint Francis (PA) (NEC)",Sr.,LB,12,43,52,95,7.9
83,"Chris Collins, Tennessee St. (OVC)",Jr.,LB,11,58,29,87,7.9
83,"J'V'On Butler, Georgetown (Patriot)",So.,LB,11,43,44,87,7.9
85,"Marquis Smith, Savannah St. (MEAC)",Sr.,LB,10,53,26,79,7.9
86,"Byron Johnson, Furman (SoCon)",Sr.,LB,9,21,50,71,7.9
87,"Jack Ryan, Campbell (Pioneer)",So.,LB,8,24,39,63,7.9
88,"D.J. Stewart, Rhode Island (CAA)",So.,DB,11,56,30,86,7.8
88,"Chad Meredith, Southeast Mo. St. (OVC)",Jr.,LB,11,45,41,86,7.8
90,"Jackson Weber, Cornell (Ivy League)",Sr.,LB,10,57,21,78,7.8
90,"Price Miller, SFA (Southland)",Sr.,LB,10,31,47,78,7.8
90,"Hayden Stout, Idaho St. (Big Sky)",Sr.,LB,10,31,47,78,7.8
93,"Khalid Hagens, UT Martin (OVC)",Jr.,DB,12,45,48,93,7.8
94,"George Stone III, SFA (Southland)",Sr.,LB,11,35,50,85,7.7
94,"Michael Root, Lafayette (Patriot)",Jr.,LB,11,34,51,85,7.7
96,"Chase Allen, Southern Ill. (MVFC)",Sr.,LB,10,49,28,77,7.7
97,"Tre'Von Johnson, Weber St. (Big Sky)",Sr.,DB,12,46,46,92,7.7
98,"Kellan Hughes, Valparaiso (Pioneer)",Jr.,DB,11,43,41,84,7.6
98,"Archie Rice, Texas Southern (SWAC)",Jr.,DB,11,41,43,84,7.6
98,"Dylan Wydronkowski, Stetson (Pioneer)",Sr.,LB,11,38,46,84,7.6
101,"Luke Catarius, Princeton (Ivy League)",Sr.,LB,10,39,37,76,7.6
101,"Brandon Louder, Morehead St. (Pioneer)",Sr.,DB,10,37,39,76,7.6
103,"Alec Kocour, Illinois St. (MVFC)",Jr.,DB,12,47,44,91,7.6
104,"Dayshaw Taylor, South Carolina St. (MEAC)",So.,,11,54,29,83,7.5
104,"Santoni Graham, Wagner (NEC)",So.,LB,11,42,41,83,7.5
104,"John Silas, Elon (CAA)",Sr.,LB,11,26,57,83,7.5
107,"Justin Johnson, Sam Houston (Southland)",So.,LB,13,36,61,97,7.5
108,"Malik Harris, Delaware St. (MEAC)",Jr.,LB,11,50,32,82,7.5
108,"Alek Kacmarcik, Eastern Wash. (Big Sky)",So.,LB,11,40,42,82,7.5
108,"Malachi Hoskins, UAlbany (CAA)",Jr.,DL,11,31,51,82,7.5
111,"Reis Seggebruch, Cornell (Ivy League)",So.,LB,10,52,22,74,7.4
112,"Brandon Hereford, James Madison (CAA)",Jr.,LB,13,53,43,96,7.4
113,"Josh Buss, Montana (Big Sky)",So.,LB,11,43,38,81,7.4
113,"Josh Wynn, UAlbany (CAA)",So.,DB,11,37,44,81,7.4
113,"Joseph Uhatafe, Robert Morris (NEC)",Jr.,LB,11,33,48,81,7.4
113,"Elliott Normand, Tennessee Tech (OVC)",Jr.,LB,11,31,50,81,7.4
117,"Josh Burton, Weber St. (Big Sky)",Sr.,DB,12,50,38,88,7.3
117,"Laquarius Cook, Tennessee St. (OVC)",So.,DB,9,38,28,66,7.3
119,"Kyle Diener, Colgate (Patriot)",Sr.,LB,10,43,30,73,7.3
119,"Mulik Simmons, Savannah St. (MEAC)",Jr.,LB,10,37,36,73,7.3
121,"Chris Hagan, Dayton (Pioneer)",Sr.,DB,11,51,29,80,7.3
121,"Jared Farley, UNI (MVFC)",Jr.,LB,11,45,35,80,7.3
121,"Rob Hinchen, Lafayette (Patriot)",Jr.,LB,11,43,37,80,7.3
121,"Colt Briggs, Morehead St. (Pioneer)",Sr.,DL,11,33,47,80,7.3
121,"Kenneth Keen, Central Conn. St. (NEC)",So.,LB,11,32,48,80,7.3
126,"Marlon Bridges, Jacksonville St. (OVC)",Fr.,DB,12,49,38,87,7.3
127,"James Bond, Austin Peay (OVC)",So.,DB,9,40,25,65,7.2
128,"Colton Caslow, Lehigh (Patriot)",Sr.,LB,10,54,18,72,7.2
128,"Dorrin Turner, Houston Christian (Southland)",Sr.,LB,10,36,36,72,7.2
130,"Stephen Lubnow, William & Mary (CAA)",Sr.,LB,11,48,31,79,7.2
130,"Fletcher Collins, Montana St. (Big Sky)",Sr.,LB,11,43,36,79,7.2
130,"Jack Crain, Dayton (Pioneer)",Sr.,LB,11,38,41,79,7.2
130,"Juwan Wells, Liberty (Big South)",So.,DL,11,38,41,79,7.2
130,"Chris Blair, Elon (CAA)",Jr.,DB,11,37,42,79,7.2
135,"Tevin Floyd, The Citadel (SoCon)",Sr.,LB,12,36,50,86,7.2
136,"Omar Howard, Richmond (CAA)",Sr.,LB,14,49,51,100,7.1
137,"Brock Kenyon, Columbia (Ivy League)",Sr.,DB,10,44,27,71,7.1
137,"Keith Brady, Columbia (Ivy League)",Sr.,LB,10,34,37,71,7.1
139,"Jerry Powe, Lafayette (Patriot)",So.,DB,11,47,31,78,7.1
139,"Shayne Lawless, Stony Brook (CAA)",So.,LB,11,45,33,78,7.1
139,"Taison Manu, Idaho St. (Big Sky)",Sr.,DB,11,42,36,78,7.1
142,"Dale Warren, Chattanooga (SoCon)",Jr.,LB,13,61,30,91,7
142,"Reggie Hunter, N.C. Central (MEAC)",Sr.,LB,12,44,40,84,7
142,"Wesley Beans, Marist (Pioneer)",Jr.,DB,11,52,25,77,7
142,"Sean Jones, Texas Southern (SWAC)",Jr.,DB,11,39,38,77,7
142,"David Starkey, Butler (Pioneer)",Sr.,LB,11,39,38,77,7
142,"Greg Gibson, Morgan St. (MEAC)",Jr.,LB,11,38,39,77,7
142,"David Akere, Georgetown (Patriot)",Jr.,DB,11,33,44,77,7
142,"Nick Pierotti, Northwestern St. (Southland)",Jr.,LB,11,29,48,77,7
142,"Terrence Singleton, Prairie View (SWAC)",---,,10,49,21,70,7
142,"Cole Reyes, North Dakota (Big Sky)",Jr.,DB,10,44,26,70,7
142,"Ryan Powers, ETSU (SoCon)",Sr.,DB,10,37,33,70,7
142,"Justin Horton, Jacksonville (Pioneer)",Sr.,LB,10,36,34,70,7
142,"Solomon Brown, Charleston So. (Big South)",Jr.,LB,10,34,36,70,7
142,"Jamal Lucas, Texas Southern (SWAC)",Sr.,LB,10,34,36,70,7
156,"Datavious Wilson, Wofford (SoCon)",Fr.,LB,14,45,52,97,6.9
157,"D'Shawn Dexter, UNI (MVFC)",Sr.,DB,11,49,27,76,6.9
157,"Mike Needham, Southern Utah (Big Sky)",---,LB,11,48,28,76,6.9
157,"Marshaun Cameron, Northern Colo. (Big Sky)",So.,DB,11,45,31,76,6.9
157,"Alijah Robinson, VMI (SoCon)",Sr.,LB,11,42,34,76,6.9
157,"Noah McGinty, Stony Brook (CAA)",So.,LB,11,40,36,76,6.9
157,"Mcneece Egbim, Missouri St. (MVFC)",Fr.,LB,11,38,38,76,6.9
163,"Leo Loughrey, Georgetown (Patriot)",Sr.,LB,10,37,32,69,6.9
164,"Joe Lauro, Bucknell (Patriot)",So.,DB,9,39,23,62,6.9
164,"Kevin Barry, Sacred Heart (NEC)",Sr.,LB,9,35,27,62,6.9
166,"Mitch Fettig, Eastern Wash. (Big Sky)",So.,DB,14,63,33,96,6.9
167,"Bryson McCabe, Montana St. (Big Sky)",Jr.,DB,11,53,22,75,6.8
167,"Jalen Day, Howard (MEAC)",Sr.,LB,11,50,25,75,6.8
167,"Bret Berg, Bucknell (Patriot)",Sr.,DB,11,46,29,75,6.8
167,"Junior Tufuga, Southern Utah (Big Sky)",Sr.,LB,11,45,30,75,6.8
167,"Sean Horan, Butler (Pioneer)",Sr.,LB,11,39,36,75,6.8
167,"Grant Beidel, Presbyterian (Big South)",Jr.,LB,11,34,41,75,6.8
173,"Stefen Banks, Savannah St. (MEAC)",So.,DL,10,42,26,68,6.8
173,"Nick Miller, Penn (Ivy League)",So.,LB,10,42,26,68,6.8
173,"Justin Strong, Montana (Big Sky)",Jr.,DB,10,42,26,68,6.8
173,"Nick Newman, Liberty (Big South)",Sr.,LB,10,38,30,68,6.8
177,"Tere Calloway, Alabama A&M (SWAC)",Jr.,DB,11,50,24,74,6.7
177,"Karter Schult, UNI (MVFC)",Sr.,DL,11,50,24,74,6.7
177,"Trey Morgan, Western Caro. (SoCon)",Sr.,DB,11,47,27,74,6.7
177,"Quintin Hampton, Wagner (NEC)",So.,LB,11,42,32,74,6.7
177,"Legrand Toia, Weber St. (Big Sky)",Jr.,LB,11,42,32,74,6.7
177,"Austin Balthazor, Northwestern St. (Southland)",Jr.,DB,11,40,34,74,6.7
177,"Ethan Brunhofer, Butler (Pioneer)",Jr.,LB,11,40,34,74,6.7
177,"Nate Atkins, William & Mary (CAA)",Fr.,LB,11,39,35,74,6.7
177,"Chris Tedder, Towson (CAA)",So.,LB,11,36,38,74,6.7
186,"Brendan Coniker, Richmond (CAA)",Jr.,DB,14,52,42,94,6.7
187,"Siran Neal, Jacksonville St. (OVC)",Jr.,DB,12,39,41,80,6.7
188,"Keith Graham, Northern Ariz. (Big Sky)",Sr.,DB,11,46,27,73,6.6
188,"David Leisring, Dayton (Pioneer)",So.,DB,11,46,27,73,6.6
188,"Max Lyons, Southeastern La. (Southland)",Jr.,DB,11,45,28,73,6.6
188,"Nick Horne, Eastern Ill. (OVC)",Jr.,LB,11,43,30,73,6.6
188,"Jaheem Woods, Stony Brook (CAA)",Sr.,DB,11,43,30,73,6.6
188,"Nathan Stone, Duquesne (NEC)",Jr.,LB,11,42,31,73,6.6
188,"Willie Barrett, Marist (Pioneer)",Jr.,LB,11,41,32,73,6.6
188,"Beau Duronslet, Portland St. (Big Sky)",Jr.,DB,11,41,32,73,6.6
188,"Adam Parker, Rhode Island (CAA)",Sr.,LB,11,40,33,73,6.6
188,"Corey Glass, Eastern Ky. (OVC)",So.,LB,11,37,36,73,6.6
188,"Toby Omli, Murray St. (OVC)",Sr.,DB,11,36,37,73,6.6
188,"Devin Vandyke, Hampton (MEAC)",Sr.,LB,11,36,37,73,6.6
188,"Deontay Wilson, Tennessee Tech (OVC)",So.,DB,11,32,41,73,6.6
188,"Nick Moss, Presbyterian (Big South)",Fr.,LB,11,31,42,73,6.6
