Rank,Player,Cl,Pos,G,Solo Tack,Asst Tack,TT,TPG
1,"Darius Joiner, Western Ill. (MVFC)",Sr.,DB,11,79,63,142,12.9
2,"James Conway, Fordham (Patriot)",Fr.,LB,11,61,70,131,11.9
3,"Forrest Rhyne, Villanova (CAA)",Sr.,LB,13,51,103,154,11.8
4,"Rodney Dansby, Houston Christian (Southland)",Fr.,LB,11,52,78,130,11.8
5,"Matt Shotwell, Cal Poly (Big Sky)",Sr.,LB,11,75,50,125,11.4
6,"Stone Snyder, VMI (SoCon)",Jr.,LB,11,49,71,120,10.9
7,"Marco Olivas, Lafayette (Patriot)",Jr.,LB,11,59,58,117,10.6
8,"Jacob Dobbs, Holy Cross (Patriot)",Jr.,LB,13,75,62,137,10.5
9,"Jayden Johnson, Marist (Pioneer)",Jr.,LB,9,29,65,94,10.4
10,"Tristan Wheeler, Richmond (CAA)",Jr.,LB,11,42,72,114,10.4
11,"Troy Andersen, Montana St. (Big Sky)",Sr.,LB,15,85,65,150,10
11,"Kelechi Anyalebechi, UIW (Southland)",Sr.,LB,13,81,49,130,10
11,"Jason Johnson, Eastern Ill. (OVC)",Jr.,LB,11,63,47,110,10
14,"Brennan Young, Houston Christian (Southland)",Sr.,LB,10,49,50,99,9.9
15,"Robby Hauck, Montana (Big Sky)",Jr.,S,13,54,74,128,9.8
16,"William McRainey, Gardner-Webb (Big South)",So.,LB,11,55,53,108,9.8
17,"Nathan East, Samford (SoCon)",Sr.,LB,10,47,50,97,9.7
18,"Vincent Winey, Morehead St. (Pioneer)",Sr.,LB,11,51,55,106,9.6
19,"Garrett Sayegh, Charleston So. (Big South)",Sr.,LB,10,52,44,96,9.6
20,"Jalen Mackie, Dartmouth (Ivy League)",Sr.,LB,9,49,37,86,9.6
21,"Kareem Taylor, Western Caro. (SoCon)",Sr.,LB,11,59,46,105,9.5
21,"Morgan Vest, Northern Ariz. (Big Sky)",Jr.,DB,11,54,51,105,9.5
21,"Tre Walker, Idaho (Big Sky)",Sr.,LB,11,46,59,105,9.5
24,"Donovan Manuel, ETSU (SoCon)",So.,LB,13,66,57,123,9.5
25,"Jake Stebbins, Cornell (Ivy League)",Jr.,LB,10,48,46,94,9.4
26,"Ray Miller, Maine (CAA)",Sr.,LB,11,44,59,103,9.4
27,"Brandon Easterling, Dayton (Pioneer)",Sr.,DB,10,61,32,93,9.3
28,"Kyle Bailey, Eastern Ky. (ASUN)",Sr.,LB,11,65,37,102,9.3
28,"Martin Foray, Jr., Saint Francis (PA) (NEC)",Sr.,DB,11,44,58,102,9.3
30,"Tyler Dressler, Richmond (CAA)",Sr.,LB,10,33,59,92,9.2
31,"Matthew Jackson, Eastern Ky. (ASUN)",Jr.,LB,11,56,45,101,9.2
32,"Ty Graham, Eastern Wash. (Big Sky)",Sr.,LB,13,50,69,119,9.2
33,"Kordell Williams, McNeese (Southland)",Jr.,DB,11,64,36,100,9.1
34,"Evan Thompson, Kennesaw St. (Big South)",Jr.,LB,13,62,55,117,9
35,"Michael Lawson, Western Ill. (MVFC)",Sr.,DB,11,63,35,98,8.9
35,"Isaiah Cash, Houston Christian (Southland)",So.,S,11,49,49,98,8.9
37,"Tylar Wiltz, Missouri St. (MVFC)",Sr.,LB,12,51,55,106,8.8
38,"Jackson Ambush, UAlbany (CAA)",Fr.,LB,11,53,44,97,8.8
39,"Justin Fonteneaux, Georgetown (Patriot)",Sr.,LB,10,40,47,87,8.7
40,"Untareo Johnson, Bethune-Cookman (SWAC)",Sr.,DB,11,55,40,95,8.6
40,"Tyler King, Stony Brook (CAA)",Fr.,LB,11,50,45,95,8.6
40,"Jack Sendelbach, Eastern Wash. (Big Sky)",Sr.,LB,11,49,46,95,8.6
43,"Jared Folks, ETSU (SoCon)",Sr.,LB,11,44,50,94,8.5
44,"Alex Rogers, Drake (Pioneer)",Sr.,DB,10,56,29,85,8.5
45,"Milton Braasch II, Colgate (Patriot)",Sr.,LB,11,53,40,93,8.5
46,"Aubrey Miller Jr., Jackson St. (SWAC)",Sr.,LB,13,53,56,109,8.4
47,"Adam Bock, South Dakota St. (MVFC)",So.,LB,15,66,59,125,8.3
48,"Diamonte Tucker-Dorsey, James Madison (CAA)",Jr.,LB,14,39,77,116,8.3
49,"Ryan Saddler, Bryant (NEC)",Sr.,LB,11,47,44,91,8.3
50,"La'akea Kaho'ohanohano-Davis, Southern Utah (Big Sky)",Jr.,LB,9,40,34,74,8.2
50,"Spencer Cuvelier, UNI (MVFC)",Sr.,LB,9,20,54,74,8.2
52,"Ty Boeck, Chattanooga (SoCon)",Jr.,LB,11,55,35,90,8.2
52,"Colin Bohanek, Eastern Ill. (OVC)",So.,LB,11,45,45,90,8.2
54,"Zach Rumpke, Dayton (Pioneer)",Jr.,DB,10,45,36,81,8.1
54,"Mike Arrington, Marist (Pioneer)",Jr.,LB,10,33,48,81,8.1
56,"Ali Shockley, Hampton (Big South)",Jr.,DB,11,53,36,89,8.1
57,"Patrick O'Connell, Montana (Big Sky)",Jr.,LB,13,45,60,105,8.1
58,"Parker McKenna, Portland St. (Big Sky)",Fr.,LB,11,52,36,88,8
58,"Evan Stewart, Rhode Island (CAA)",Fr.,LB,11,41,47,88,8
58,"Noah Rainbow-Douglas, N.C. Central (MEAC)",Sr.,LB,11,39,49,88,8
58,"Majeste' Hansberry, Stetson (Pioneer)",Jr.,LB,10,46,34,80,8
62,"Markquese Bell, Florida A&M (SWAC)",Sr.,DB,12,71,24,95,7.9
63,"Andre Blackett, Rhode Island (CAA)",Sr.,LB,11,38,49,87,7.9
64,"Jack Cochrane, South Dakota (MVFC)",Sr.,LB,12,59,35,94,7.8
65,"Shanon Reid, Illinois St. (MVFC)",Sr.,LB,11,48,38,86,7.8
65,"Tristen Vance, Northern Ariz. (Big Sky)",Sr.,LB,11,35,51,86,7.8
67,"Jamar Shegog, Robert Morris (Big South)",So.,LB,10,41,37,78,7.8
68,"Kaleb Culp, UIW (Southland)",So.,DB,13,68,33,101,7.8
68,"Jace Lewis, Montana (Big Sky)",Sr.,LB,13,51,50,101,7.8
70,"Jesse Bramble, Fordham (Patriot)",Sr.,DB,11,63,22,85,7.7
70,"Koby Perry, Austin Peay (OVC)",Sr.,CB,11,51,34,85,7.7
70,"Jace Bobo, Northern Colo. (Big Sky)",Jr.,LB,11,49,36,85,7.7
73,"Teddy Wright, Marist (Pioneer)",Sr.,S,10,38,39,77,7.7
73,"Dan Damico, UAlbany (CAA)",Jr.,LB,10,36,41,77,7.7
75,"Coi Miller, Houston Christian (Southland)",Sr.,DB,11,48,36,84,7.6
75,"Jacob Roberts, N.C. A&T (Big South)",So.,LB,11,38,46,84,7.6
77,"Juwan Taylor, Alcorn (SWAC)",Sr.,DB,11,50,33,83,7.5
78,"Callahan O'Reilly, Montana St. (Big Sky)",Sr.,LB,14,61,44,105,7.5
78,"Kenny Gallop, Howard (MEAC)",So.,DB,10,45,30,75,7.5
78,"Jahsun Bryant, Tennessee St. (OVC)",Jr.,LB,10,43,32,75,7.5
81,"Josh Knapp, VMI (SoCon)",Fr.,DB,11,52,30,82,7.5
81,"Cole Williams, N.C. Central (MEAC)",So.,LB,11,39,43,82,7.5
83,"Ben Schmiesing, Dayton (Pioneer)",Sr.,LB,10,31,43,74,7.4
84,"Cooper Krezek, Morehead St. (Pioneer)",So.,DB,11,51,30,81,7.4
84,"Joe Andreessen, Bryant (NEC)",Sr.,LB,11,36,45,81,7.4
84,"Joe Beckett, Wofford (SoCon)",Sr.,LB,11,36,45,81,7.4
84,"Johnny Buchanan, Delaware (CAA)",Sr.,LB,11,35,46,81,7.4
88,"Jacob Harris, Western Caro. (SoCon)",Jr.,DB,10,37,36,73,7.3
88,"Isaac Dowling, Mercer (SoCon)",So.,LB,10,25,48,73,7.3
90,"Reidgee Dimanche, Stony Brook (CAA)",Sr.,LB,11,42,38,80,7.3
90,"Josiah Silver, New Hampshire (CAA)",Fr.,DE,11,42,38,80,7.3
90,"Keshawn Thompson, Campbell (Big South)",Sr.,LB,11,25,55,80,7.3
93,"Marcus Welnel, Montana (Big Sky)",Jr.,LB,13,38,56,94,7.2
94,"Kelvin Azanama, James Madison (CAA)",Sr.,LB,14,37,64,101,7.2
95,"Jordan Hill, Harvard (Ivy League)",Sr.,LB,10,26,46,72,7.2
96,"Drake Cheatum, Prairie View (SWAC)",Jr.,S,12,45,41,86,7.2
96,"Tre'Shaud Smith, Prairie View (SWAC)",Sr.,LB,12,38,48,86,7.2
98,"Deven Sims, UT Martin (OVC)",Jr.,S,13,45,48,93,7.2
98,"Amin Black, Villanova (CAA)",Sr.,LB,13,39,54,93,7.2
100,"Ahmad Wilson, Georgetown (Patriot)",Sr.,DB,10,42,29,71,7.1
100,"Kyle Fleitman, Marist (Pioneer)",Sr.,S,10,32,39,71,7.1
100,"John Dean, Yale (Ivy League)",Sr.,LB,10,31,40,71,7.1
103,"Chase Foster, Southern U. (SWAC)",Sr.,DB,11,51,27,78,7.1
103,"Monroe Beard III, Ark.-Pine Bluff (SWAC)",Jr.,LB,11,44,34,78,7.1
103,"Trey Watkins, William & Mary (CAA)",Sr.,LB,11,41,37,78,7.1
103,"Connor Reid, Butler (Pioneer)",Jr.,DB,11,38,40,78,7.1
103,"Tyler Long, Norfolk St. (MEAC)",So.,LB,11,35,43,78,7.1
108,"Bryce Notree, Southern Ill. (MVFC)",Sr.,LB,13,53,38,91,7
108,"Brent Jackson, Bucknell (Patriot)",Jr.,DB,11,44,33,77,7
108,"Harrison Beemiller, Northern Ariz. (Big Sky)",Sr.,LB,11,40,37,77,7
108,"Ken Standley, Mercer (SoCon)",Jr.,LB,10,32,38,70,7
108,"Scott Valentas, Columbia (Ivy League)",Jr.,LB,8,34,22,56,7
113,"S.J. Brown II, Towson (CAA)",Sr.,DB,11,47,29,76,6.9
113,"Kedrick Whitehead, Delaware (CAA)",Sr.,DB,11,42,34,76,6.9
113,"Trimarcus Cheeks, Samford (SoCon)",Jr.,LB,11,37,39,76,6.9
116,"James Herring, Harvard (Ivy League)",Jr.,S,10,29,40,69,6.9
116,"Darian Green, Idaho St. (Big Sky)",Jr.,LB,10,28,41,69,6.9
116,"Justin McIntire, Charleston So. (Big South)",Sr.,LB,10,27,42,69,6.9
119,"Clayton Isbell, Illinois St. (MVFC)",Jr.,DB,9,37,25,62,6.9
120,"Jerone Jackson, Northern Colo. (Big Sky)",Sr.,DB,11,45,30,75,6.8
120,"Caleb Sutherland, Bethune-Cookman (SWAC)",Jr.,CB,11,45,30,75,6.8
120,"Claudin Cherelus, Alcorn (SWAC)",Jr.,LB,11,44,31,75,6.8
120,"Michael Hawkins, San Diego (Pioneer)",Sr.,DB,11,44,31,75,6.8
120,"Ben Allen, Bucknell (Patriot)",Jr.,LB,11,39,36,75,6.8
120,"Brian Bullock, Abilene Christian (WAC)",Jr.,DB,11,30,45,75,6.8
126,"Darion Slade, Campbell (Big South)",Sr.,DB,9,37,24,61,6.8
127,"John Ford, UT Martin (OVC)",Sr.,LB,13,44,44,88,6.8
128,"Danny Morales, Drake (Pioneer)",Sr.,DB,8,38,16,54,6.8
129,"Grant Dixon, Youngstown St. (MVFC)",Sr.,LB,10,40,27,67,6.7
129,"Lawrence Richardson, Morgan St. (MEAC)",Jr.,LB,10,40,27,67,6.7
131,"Qua Brown, Southern Ill. (MVFC)",Sr.,DB,13,55,32,87,6.7
132,"Anthony Budd, Monmouth (Big South)",Sr.,DB,9,38,22,60,6.7
133,"Zeke Vandenburgh, Illinois St. (MVFC)",Sr.,LB,11,44,29,73,6.6
133,"Christian Dixon, Towson (CAA)",Sr.,LB,11,41,32,73,6.6
133,"David Ambagtsheer, San Diego (Pioneer)",Jr.,LB,11,39,34,73,6.6
133,"James Green, Tennessee St. (OVC)",Jr.,LB,11,37,36,73,6.6
133,"Joseph Stuckey, N.C. A&T (Big South)",Jr.,LB,11,37,36,73,6.6
138,"Brock Mogensen, South Dakota (MVFC)",Jr.,LB,12,44,35,79,6.6
139,"Aniello Buzzacco, Robert Morris (Big South)",Sr.,LB,9,36,23,59,6.6
139,"Lance Wise, Mercer (SoCon)",So.,DB,9,33,26,59,6.6
141,"Carthell Flowers-Lloyd, Stony Brook (CAA)",Sr.,DB,11,45,27,72,6.5
141,"Ethan Caselberry, VMI (SoCon)",Sr.,LB,11,38,34,72,6.5
141,"Eric Samuta, Murray St. (OVC)",Jr.,LB,11,33,39,72,6.5
141,"Noah Martin, Samford (SoCon)",So.,,11,27,45,72,6.5
145,"Jackson Hankey, North Dakota St. (MVFC)",Sr.,LB,15,43,55,98,6.5
146,"Elijah Reed, South Dakota (MVFC)",Sr.,DB,12,48,30,78,6.5
146,"Alfonzo Lambert, UNI (MVFC)",Sr.,LB,12,40,38,78,6.5
146,"Alexis Ramos, Southeastern La. (Southland)",Sr.,LB,12,38,40,78,6.5
146,"Trevor Williams, Sam Houston (WAC)",Jr.,LB,12,36,42,78,6.5
146,"Riley Van Wyhe, UNI (MVFC)",Sr.,LB,12,33,45,78,6.5
146,"Larry Elder, LIU (NEC)",So.,DB,10,36,29,65,6.5
146,"Bryce Shaw, New Hampshire (CAA)",So.,LB,10,33,32,65,6.5
153,"Tyrese Wright, Monmouth (Big South)",Jr.,DB,11,49,22,71,6.5
153,"Titus Leo, Wagner (NEC)",Sr.,LB,11,48,23,71,6.5
153,"Trey Psota, Valparaiso (Pioneer)",Jr.,LB,11,42,29,71,6.5
153,"Cole Coleman, Elon (CAA)",Jr.,DB,11,39,32,71,6.5
153,"Troy Henderson, Austin Peay (OVC)",Sr.,LB,11,38,33,71,6.5
153,"Vaughn Taylor, Morehead St. (Pioneer)",Sr.,DL,11,27,44,71,6.5
159,"Marcus Hawkins, Sacramento St. (Big Sky)",Sr.,LB,12,35,42,77,6.4
160,"Calin Criner, Eastern Wash. (Big Sky)",Sr.,DB,13,38,45,83,6.4
161,"Jordan White, Youngstown St. (MVFC)",So.,DB,8,30,21,51,6.4
162,"Chad Gilchrist, South Carolina St. (MEAC)",Sr.,LB,11,40,30,70,6.4
162,"David Hoage, Northern Colo. (Big Sky)",So.,DL,11,39,31,70,6.4
162,"Xavier Toliver, Houston Christian (Southland)",Fr.,S,11,39,31,70,6.4
162,"Josh Reliford, Tennessee Tech (OVC)",Jr.,DB,11,38,32,70,6.4
162,"Jack McDonald, Austin Peay (OVC)",Sr.,LB,11,32,38,70,6.4
162,"Devonte Chandler, Elon (CAA)",Jr.,LB,11,30,40,70,6.4
168,"BJ DAVIS, South Carolina St. (MEAC)",So.,LB,12,59,17,76,6.3
169,"AJ Stanley, Southern Utah (Big Sky)",Jr.,S,10,43,20,63,6.3
169,"Gio Vonne Sanders, Saint Francis (PA) (NEC)",Jr.,DB,10,40,23,63,6.3
169,"Tekeven Thomas, Bethune-Cookman (SWAC)",Jr.,LB,10,31,32,63,6.3
169,"Blake Leake, Bucknell (Patriot)",So.,LB,10,28,35,63,6.3
173,"TyGee Leach, Lehigh (Patriot)",Jr.,DB,11,54,15,69,6.3
173,"Wilson Hendricks III, The Citadel (SoCon)",So.,DB,11,44,25,69,6.3
173,"Nate Norris, Lehigh (Patriot)",Sr.,LB,11,44,25,69,6.3
173,"Markail Benton, Jacksonville St. (ASUN)",Jr.,LB,11,33,36,69,6.3
173,"Willie O'Hara, Saint Francis (PA) (NEC)",Jr.,LB,11,17,52,69,6.3
178,"Liam Anderson, Holy Cross (Patriot)",Sr.,LB,13,41,40,81,6.2
179,"Darius Daniels, McNeese (Southland)",Sr.,LB,9,24,32,56,6.2
180,"Tarik Cooper, Texas Southern (SWAC)",Jr.,LB,10,40,22,62,6.2
180,"Ty Harris, Western Caro. (SoCon)",Sr.,LB,10,39,23,62,6.2
180,"Ray Anderson, Southern U. (SWAC)",Sr.,LB,10,31,31,62,6.2
183,"Devon Krzanowski, North Dakota (MVFC)",Sr.,LB,11,35,33,68,6.2
183,"Evan Annis, Valparaiso (Pioneer)",So.,LB,11,34,34,68,6.2
183,"Jomard Valsin Jr., Northwestern St. (Southland)",Jr.,LB,11,31,37,68,6.2
183,"Hunter Kier, Abilene Christian (WAC)",Sr.,LB,11,29,39,68,6.2
183,"Stevonte Tullis, Jacksonville St. (ASUN)",Jr.,S,11,22,46,68,6.2
188,"Teddye Buchanan, UC Davis (Big Sky)",Fr.,LB,12,40,34,74,6.2
189,"Ty French, Gardner-Webb (Big South)",So.,DE,10,34,27,61,6.1
189,"Junior Gafa, Brown (Ivy League)",Jr.,LB,10,34,27,61,6.1
191,"DeAndre Faulk, Hampton (Big South)",So.,LB,11,39,28,67,6.1
191,"Kenton Wilhoit, Illinois St. (MVFC)",Jr.,LB,11,31,36,67,6.1
191,"Ryan Toscano, New Hampshire (CAA)",Fr.,LB,11,30,37,67,6.1
191,"Seth Carlisle, Tennessee Tech (OVC)",Jr.,LB,11,29,38,67,6.1
195,"Chris Venable, UC Davis (Big Sky)",So.,DB,12,51,22,73,6.1
195,"Titus Wall, Missouri St. (MVFC)",Sr.,S,12,40,33,73,6.1
195,"Jared Brinkman, UNI (MVFC)",Sr.,DL,12,22,51,73,6.1
198,"Keonte Hampton, Jackson St. (SWAC)",Sr.,LB,13,53,26,79,6.1
199,"Tamaurian Wilson, Central Ark. (ASUN)",Fr.,DB,11,43,23,66,6
199,"Bryce Norman, Southeast Mo. St. (OVC)",Fr.,LB,11,32,34,66,6
199,"Isaiah Johnson, Dartmouth (Ivy League)",Sr.,CB,9,37,17,54,6
199,"Nicario Harper, Jacksonville St. (ASUN)",So.,DB,9,23,31,54,6
