Rank,Player,Cl,Pos,G,Solo Tack,Asst Tack,TT,TPG
1,"Dante Olson, Montana (Big Sky)",Sr.,LB,14,76,103,179,12.8
2,"Brandon Easterling, Dayton (Pioneer)",Jr.,DB,11,82,58,140,12.7
3,"Colby Campbell, Presbyterian (Big South)",Jr.,LB,12,70,80,150,12.5
4,"Tre Walker, Idaho (Big Sky)",So.,LB,12,74,64,138,11.5
5,"Brennan Young, Houston Christian (Southland)",So.,LB,11,50,74,124,11.3
6,"Aniello Buzzacco, Robert Morris (NEC)",So.,DB,12,52,79,131,10.9
7,"Keith Woetzel, Lehigh (Patriot)",Sr.,LB,11,79,39,118,10.7
8,"Darien Reynolds, Gardner-Webb (Big South)",Jr.,LB,12,58,69,127,10.6
9,"Donnell Rodgers, North Dakota (FCS Independent)",Sr.,LB,12,52,74,126,10.5
10,"Caleb Johnson, Houston Christian (Southland)",Jr.,LB,10,30,74,104,10.4
11,"Anthony Koclanakis, Murray St. (OVC)",Jr.,LB,12,63,61,124,10.3
12,"Ryan Greenhagan, Fordham (Patriot)",So.,LB,12,82,41,123,10.3
13,"Justice Galloway-Velazquez, Campbell (Big South)",So.,LB,11,38,73,111,10.1
14,"Robert Brown, Bryant (NEC)",Sr.,LB,11,59,49,108,9.8
15,"Tracy Thompkins, Mississippi Val. (SWAC)",Sr.,DB,11,68,39,107,9.7
16,"John Staton, Samford (SoCon)",Jr.,LB,12,50,66,116,9.7
17,"Dehonta Hayes, Eastern Wash. (Big Sky)",Sr.,DB,12,59,56,115,9.6
18,"Clayton Glasco, Indiana St. (MVFC)",Sr.,LB,9,40,46,86,9.6
19,"Bryce Flater, UNI (MVFC)",So.,LB,15,74,69,143,9.5
20,"Armoni Holloway, Alabama A&M (SWAC)",Jr.,DB,12,62,52,114,9.5
21,"Christian Elliss, Idaho (Big Sky)",Jr.,LB,11,49,55,104,9.5
21,"Tyler Dressler, Richmond (CAA)",Jr.,LB,11,45,59,104,9.5
21,"Aderick Moore, Tennessee Tech (OVC)",Sr.,LB,11,41,63,104,9.5
24,"Zach Hall, Southeast Mo. St. (OVC)",Sr.,LB,13,56,66,122,9.4
25,"Jace Lewis, Montana (Big Sky)",Jr.,LB,14,65,66,131,9.4
26,"Major Jordan, Lafayette (Patriot)",Jr.,LB,12,70,42,112,9.3
26,"Luke Nelson, Northern Colo. (Big Sky)",Sr.,LB,12,65,47,112,9.3
28,"Tre'Shaud Smith, Prairie View (SWAC)",Jr.,MLB,10,42,51,93,9.3
29,"Rick Mottram, Bucknell (Patriot)",Jr.,LB,11,64,38,102,9.3
30,"Ian McBorrough, Morgan St. (MEAC)",Sr.,LB,12,65,46,111,9.3
30,"Willie Eubanks III, The Citadel (SoCon)",Jr.,LB,12,62,49,111,9.3
32,"Robby Hauck, Montana (Big Sky)",So.,DB,14,61,68,129,9.2
33,"Jeremiah Chambers, Abilene Christian (Southland)",Sr.,LB,12,70,40,110,9.2
34,"Branyan Javier-Castillo, Rhode Island (CAA)",Sr.,LB,12,51,57,108,9
34,"Elliott Brewster, VMI (SoCon)",Jr.,LB,12,41,67,108,9
36,"Forrest Rhyne, Villanova (CAA)",Jr.,LB,13,57,59,116,8.9
37,"Nigel Chavis, Norfolk St. (MEAC)",Sr.,LB,12,44,63,107,8.9
38,"Colby Duncan, Stetson (Pioneer)",Sr.,LB,11,45,53,98,8.9
38,"Taji Lowe, Maine (CAA)",Sr.,LB,11,42,56,98,8.9
40,"Jack Cochrane, South Dakota (MVFC)",Jr.,LB,12,58,48,106,8.8
40,"Jonas Griffith, Indiana St. (MVFC)",Sr.,LB,12,47,59,106,8.8
40,"Ty Harris, Western Caro. (SoCon)",So.,LB,12,45,61,106,8.8
43,"Pete Haffner, Lehigh (Patriot)",Jr.,LB,11,61,36,97,8.8
44,"Qua Brown, Southern Ill. (MVFC)",Jr.,DB,12,75,30,105,8.8
44,"Jerone Jackson, Northern Colo. (Big Sky)",Jr.,DB,12,65,40,105,8.8
44,"Rico Kennedy, Morgan St. (MEAC)",Sr.,LB,12,59,46,105,8.8
47,"Marquis Hendrix, Bethune-Cookman (MEAC)",Sr.,LB,11,37,59,96,8.7
48,"Cade Hamilton, Gardner-Webb (Big South)",So.,LB,10,37,50,87,8.7
49,"Trenton Gordon, SFA (Southland)",Jr.,DB,12,50,54,104,8.7
49,"Jack Gibbens, Abilene Christian (Southland)",Jr.,LB,12,49,55,104,8.7
49,"Tristan Wheeler, Richmond (CAA)",Fr.,LB,12,44,60,104,8.7
52,"Levi Metheny, UAlbany (CAA)",Sr.,LB,14,64,57,121,8.6
53,"J.D. Sosebee, Charleston So. (Big South)",Sr.,LB,12,57,46,103,8.6
53,"Kedrick Whitehead, Delaware (CAA)",So.,LB,12,53,50,103,8.6
53,"Nhyre Quinerly, Norfolk St. (MEAC)",Sr.,DB,12,47,56,103,8.6
56,"Michael Lawson, Lamar University (Southland)",Jr.,DB,11,61,33,94,8.5
56,"Mcneece Egbim, Missouri St. (MVFC)",Sr.,LB,11,51,43,94,8.5
56,"Jack Sendelbach, Eastern Wash. (Big Sky)",Sr.,LB,11,40,54,94,8.5
59,"Christian Rozeboom, South Dakota St. (MVFC)",Sr.,LB,13,57,54,111,8.5
60,"Jamari Booker, Valparaiso (Pioneer)",Sr.,DB,12,55,46,101,8.4
60,"Tra Fluellen, Houston Christian (Southland)",Fr.,DB,12,55,46,101,8.4
60,"Ty Boeck, Chattanooga (SoCon)",So.,LB,12,47,54,101,8.4
63,"Marshall Cooper, Chattanooga (SoCon)",Sr.,LB,12,57,43,100,8.3
63,"Ja'Quay Pough, Northwestern St. (Southland)",Jr.,LB,12,46,54,100,8.3
65,"Anthony Sweeney, Northern Ariz. (Big Sky)",So.,DB,10,63,20,83,8.3
65,"Zach Evans, Penn (Ivy League)",Sr.,LB,10,43,40,83,8.3
67,"Mason Gray, Robert Morris (NEC)",Sr.,DB,12,59,40,99,8.3
67,"Trevor Childers, Western Caro. (SoCon)",Jr.,LB,12,44,55,99,8.3
69,"Da'Quan Grimes, Monmouth (Big South)",Sr.,LB,14,60,55,115,8.2
70,"Kody Graves, Idaho St. (Big Sky)",Sr.,LB,12,39,59,98,8.2
71,"Jerome Brooks III, LIU (NEC)",Jr.,DB,10,50,31,81,8.1
72,"Matt Shotwell, Cal Poly (Big Sky)",Jr.,LB,11,57,32,89,8.1
73,"Mason Brunner, Butler (Pioneer)",Sr.,LB,12,59,38,97,8.1
74,"Kevin Moore, Nicholls (Southland)",Jr.,DB,14,73,39,112,8
74,"Zack Woodard, Jacksonville St. (OVC)",So.,LB,12,43,53,96,8
76,"Jackson Hankey, North Dakota St. (MVFC)",So.,LB,16,55,72,127,7.9
77,"Luke Sennett, Butler (Pioneer)",Sr.,DB,12,55,40,95,7.9
77,"Jesse Nemerowicz, Bryant (NEC)",Sr.,LB,12,46,49,95,7.9
79,"TJ Jefferson, UT Martin (OVC)",Sr.,LB,12,32,62,94,7.8
80,"Grant Dixon, Marist (Pioneer)",Jr.,LB,11,49,37,86,7.8
81,"Danny Damico, UAlbany (CAA)",Jr.,LB,14,57,52,109,7.8
81,"AJ Mistler, UAlbany (CAA)",Jr.,DB,14,51,58,109,7.8
83,"Darion Slade, Campbell (Big South)",Jr.,DB,9,30,40,70,7.8
84,"Dimitri Holloway, James Madison (CAA)",Sr.,LB,16,50,74,124,7.8
84,"Keonte Hampton, Jackson St. (SWAC)",So.,LB,12,61,32,93,7.8
84,"Da'Jon Lee, Saint Francis (PA) (NEC)",Sr.,LB,12,47,46,93,7.8
84,"Sidney Otiwu, Mercer (SoCon)",Jr.,LB,12,35,58,93,7.8
88,"Jack McDonald, Austin Peay (OVC)",So.,LB,15,57,59,116,7.7
89,"JaQuez Akins, UT Martin (OVC)",Jr.,DB,12,53,39,92,7.7
89,"Jarrett Nagy, Presbyterian (Big South)",So.,LB,12,33,59,92,7.7
91,"Cole Coleman, Elon (CAA)",So.,DB,11,44,40,84,7.6
92,"Jelani Taylor, Cornell (Ivy League)",Sr.,DB,10,51,25,76,7.6
93,"Caysaun Wakeley, Jacksonville (Pioneer)",Sr.,LB,12,49,42,91,7.6
94,"Tadarius Davis, Mississippi Val. (SWAC)",Sr.,DL,11,50,33,83,7.5
94,"Devin James, Bethune-Cookman (MEAC)",Jr.,LB,11,37,46,83,7.5
96,"Cody Crider, Southern Ill. (MVFC)",Sr.,LB,12,45,45,90,7.5
96,"Jermichael White, Western Caro. (SoCon)",Sr.,DB,12,43,47,90,7.5
96,"Eric Jackson, Mercer (SoCon)",Sr.,DB,12,40,50,90,7.5
96,"Jack Traynor, Dartmouth (Ivy League)",Sr.,LB,10,41,34,75,7.5
96,"Delan Stallworth, Princeton (Ivy League)",Jr.,DB,8,48,12,60,7.5
101,"Joe Caputo, Eastern Ill. (OVC)",Sr.,LB,9,38,29,67,7.4
102,"Allen Pittman, Nicholls (Southland)",Sr.,LB,12,40,49,89,7.4
103,"Abdoulaye Konate, LIU (NEC)",So.,LB,8,28,31,59,7.4
104,"Artevius Smith, ETSU (SoCon)",Sr.,DB,12,61,27,88,7.3
104,"Augie Contressa, Stony Brook (CAA)",Jr.,DB,12,50,38,88,7.3
104,"Zach Glisan, Western Ill. (MVFC)",Sr.,LB,12,45,43,88,7.3
104,"Seth Carlisle, Tennessee Tech (OVC)",So.,LB,12,27,61,88,7.3
108,"Adkin Aguirre, Idaho St. (Big Sky)",Sr.,DB,12,55,32,87,7.3
108,"Jordan Canady, North Dakota (FCS Independent)",Jr.,DB,12,53,34,87,7.3
108,"Robert Heyward, Towson (CAA)",Sr.,LB,12,52,35,87,7.3
108,"Nick Ioanilli, Colgate (Patriot)",Sr.,LB,12,50,37,87,7.3
108,"Steven Brown, Towson (CAA)",Jr.,DB,12,47,40,87,7.3
108,"Reidgee Dimanche, Stony Brook (CAA)",So.,LB,12,39,48,87,7.3
114,"Justin Swift, Southeast Mo. St. (OVC)",Sr.,LB,13,48,46,94,7.2
115,"Christian Jegen, UNI (MVFC)",Sr.,WR,15,53,55,108,7.2
115,"Pat Walker, Austin Peay (OVC)",Sr.,LB,15,52,56,108,7.2
115,"Storey Jackson, Prairie View (SWAC)",Sr.,,10,37,35,72,7.2
118,"Jacob Dobbs, Holy Cross (Patriot)",Fr.,LB,13,61,32,93,7.2
119,"Laryon James, Nicholls (Southland)",Sr.,LB,14,53,47,100,7.1
120,"Juantarius Bryant, Austin Peay (OVC)",Sr.,DB,15,60,47,107,7.1
121,"Jeremy Chinn, Southern Ill. (MVFC)",Sr.,DB,10,49,22,71,7.1
122,"Elijah Reed, South Dakota (MVFC)",Jr.,DB,12,56,29,85,7.1
122,"Dan DelGrosso, Butler (Pioneer)",Sr.,LB,12,53,32,85,7.1
122,"Colton Manning, Houston Christian (Southland)",So.,DB,12,39,46,85,7.1
122,"Calin Criner, Eastern Wash. (Big Sky)",Jr.,DB,12,37,48,85,7.1
122,"George Hatalowich, Davidson (Pioneer)",Sr.,LB,12,33,52,85,7.1
127,"Daniel Jones, Richmond (CAA)",Sr.,DB,12,52,32,84,7
127,"Jovon Burris, McNeese (Southland)",Sr.,DB,12,50,34,84,7
127,"Tom Rehfeld, Western Ill. (MVFC)",Sr.,LB,12,45,39,84,7
127,"Ethan Hull, Jacksonville (Pioneer)",So.,LB,12,39,45,84,7
127,"Mar'Kel Cooks, UIW (Southland)",Sr.,LB,12,37,47,84,7
127,"Santoni Graham, Wagner (NEC)",Sr.,LB,12,34,50,84,7
127,"Blake Conner, Ark.-Pine Bluff (SWAC)",Sr.,DB,11,43,34,77,7
127,"Gerrit Van Itallie, Bucknell (Patriot)",Jr.,DB,11,43,34,77,7
135,"Conner Mortensen, Weber St. (Big Sky)",Jr.,LB,15,60,44,104,6.9
136,"Khristian Mims, Nicholls (Southland)",Sr.,DB,14,70,27,97,6.9
137,"Deonta Fair, N.C. Central (MEAC)",Sr.,DB,12,47,36,83,6.9
137,"Kody Fulp, McNeese (Southland)",So.,LB,12,47,36,83,6.9
137,"Eric Carrera, Western Ill. (MVFC)",Sr.,DB,12,40,43,83,6.9
137,"Trey Watkins, William & Mary (CAA)",So.,LB,12,38,45,83,6.9
137,"Seven Wilson, South Dakota St. (MVFC)",Jr.,LB,12,38,45,83,6.9
137,"Cecil Cherry, UT Martin (OVC)",Sr.,LB,12,35,48,83,6.9
137,"Adrian Otero, Maine (CAA)",So.,LB,12,34,49,83,6.9
144,"Nigel Alexander, Dartmouth (Ivy League)",Sr.,LB,10,38,31,69,6.9
145,"Justice Seales, Marist (Pioneer)",Jr.,DB,9,24,38,62,6.9
146,"Josh Wynn, UAlbany (CAA)",Sr.,DB,14,53,43,96,6.9
147,"Juwan Taylor, Alcorn (SWAC)",Jr.,DB,13,57,32,89,6.8
147,"Calvin Lunkins, Southern U. (SWAC)",Sr.,LB,13,38,51,89,6.8
149,"Eric Flowers, UC Davis (Big Sky)",Sr.,LB,12,62,20,82,6.8
149,"Nathan East, Samford (SoCon)",So.,LB,12,40,42,82,6.8
149,"Noah Larson, North Dakota (FCS Independent)",So.,LB,12,28,54,82,6.8
152,"Brendan Thompson, Duquesne (NEC)",Sr.,LB,11,46,29,75,6.8
152,"Jeremiah Johnson, Jacksonville (Pioneer)",Sr.,DB,11,44,31,75,6.8
154,"Brandon Benson, Bucknell (Patriot)",Jr.,DB,10,41,27,68,6.8
155,"Bryson Armstrong, Kennesaw St. (Big South)",Jr.,LB,14,51,44,95,6.8
156,"Malique Fleming, Mercer (SoCon)",Jr.,DB,9,24,37,61,6.8
157,"Jerome Foster, N.C. Central (MEAC)",So.,LB,12,53,28,81,6.8
157,"Marco Olivas, Lafayette (Patriot)",Fr.,LB,12,53,28,81,6.8
157,"Jacob WHITE, Robert Morris (NEC)",Fr.,FS,12,46,35,81,6.8
157,"Corey Glass, Eastern Ky. (OVC)",Sr.,LB,12,41,40,81,6.8
157,"Alex Sims, Southern Utah (Big Sky)",Sr.,LB,12,40,41,81,6.8
157,"Sherrod Pittman, UT Martin (OVC)",Sr.,LB,12,31,50,81,6.8
163,"Noah Vaea, Weber St. (Big Sky)",So.,LB,15,44,57,101,6.7
164,"Ben Mathiasmeier, Columbia (Ivy League)",Jr.,DB,10,43,24,67,6.7
164,"Grant Dyer, Dayton (Pioneer)",So.,LB,10,38,29,67,6.7
164,"Gavin Roland, SFA (Southland)",Jr.,DB,10,36,31,67,6.7
164,"James Johnson, Princeton (Ivy League)",Jr.,LB,10,32,35,67,6.7
168,"Solomon Muhammad, Alcorn (SWAC)",Sr.,LB,13,61,26,87,6.7
169,"Corey Parker, William & Mary (CAA)",Sr.,DB,12,48,32,80,6.7
169,"Kendrick Catis, Murray St. (OVC)",Sr.,LB,12,42,38,80,6.7
169,"Quantravis Kelly, Alabama A&M (SWAC)",Jr.,LB,12,40,40,80,6.7
169,"Jalen Choice, Jacksonville St. (OVC)",Sr.,LB,12,35,45,80,6.7
169,"Chris Outterbridge, Sacred Heart (NEC)",Jr.,LB,12,31,49,80,6.7
169,"Nela Otukolo, Southern Utah (Big Sky)",Sr.,LB,9,34,26,60,6.7
175,"Kitu Humphrey, Cal Poly (Big Sky)",Sr.,DB,11,46,27,73,6.6
176,"Qwynnterrio Cole, Alcorn (SWAC)",Jr.,DB,13,49,37,86,6.6
177,"Liam McIntyre, LIU (NEC)",Fr.,LB,10,33,33,66,6.6
178,"Kyin Howard, N.C. A&T (MEAC)",So.,LB,12,43,36,79,6.6
179,"Michael Tutsie, North Dakota St. (MVFC)",So.,DB,16,46,59,105,6.6
180,"Jadrian McGraw, Texas Southern (SWAC)",Fr.,LB,9,30,29,59,6.6
181,"Glenn Cunningham, Fordham (Patriot)",Jr.,LB,12,49,29,78,6.5
181,"Trent Carrington, Presbyterian (Big South)",So.,DB,12,41,37,78,6.5
181,"Nate Atkins, William & Mary (CAA)",Sr.,LB,12,33,45,78,6.5
181,"Prince Emili, Penn (Ivy League)",Sr.,DL,10,43,22,65,6.5
185,"AJ Stanley, Southern Utah (Big Sky)",So.,DB,11,52,19,71,6.5
185,"Daniel Reid-Bennett, Elon (CAA)",Sr.,DB,11,45,26,71,6.5
185,"Synceir Malone, Stony Brook (CAA)",Sr.,DB,11,42,29,71,6.5
188,"Darian Green, Idaho St. (Big Sky)",Fr.,LB,9,35,23,58,6.4
189,"Devon King, UC Davis (Big Sky)",So.,DB,12,62,15,77,6.4
189,"Martin Foray, Jr., Saint Francis (PA) (NEC)",Jr.,DB,12,56,21,77,6.4
189,"Christian Dixon, Towson (CAA)",Jr.,LB,12,43,34,77,6.4
189,"Ryan Reed, Northwestern St. (Southland)",Sr.,DB,12,41,36,77,6.4
193,"Brian Campbell, Rhode Island (CAA)",Sr.,DB,10,36,28,64,6.4
193,"Kolby Watts, Ark.-Pine Bluff (SWAC)",Jr.,LB,10,32,32,64,6.4
193,"Terry Jefferson, Florida A&M (MEAC)",Sr.,DB,10,29,35,64,6.4
196,"Evan Horn, New Hampshire (CAA)",Jr.,DB,11,51,19,70,6.4
196,"Xavier Reddick, Georgetown (Patriot)",Jr.,LB,11,38,32,70,6.4
196,"Justin Benvie, Morehead St. (Pioneer)",So.,LB,11,33,37,70,6.4
199,"Connor Airey, UC Davis (Big Sky)",Jr.,LB,12,47,29,76,6.3
199,"Nick Turner, Valparaiso (Pioneer)",Sr.,LB,12,43,33,76,6.3
199,"Milton Braasch II, Colgate (Patriot)",So.,LB,12,37,39,76,6.3
199,"Cephas Harden, Norfolk St. (MEAC)",Sr.,LB,9,22,35,57,6.3
