Rank,Player,Cl,Pos,G,Solo Tack,Asst Tack,TT,TPG
1,"Grant Morgan, Arkansas (SEC)",Sr.,LB,9,40,71,111,12.3
1,"Bubba Arslanian, Akron (MAC)",Jr.,LB,6,47,27,74,12.3
3,"Chad Muma, Wyoming (Mountain West)",Jr.,LB,6,33,38,71,11.8
4,"Edefuan Ulofoshio, Washington (Pac-12)",So.,LB,4,31,16,47,11.8
5,"Darius Muasau, Hawaii (Mountain West)",So.,LB,9,68,36,104,11.6
6,"Avery Roberts, Oregon St. (Pac-12)",Jr.,LB,6,39,30,69,11.5
7,"Ryan McWood, Miami (OH) (MAC)",Sr.,LB,3,14,20,34,11.3
8,"Brandon Martin, Ball St. (MAC)",Sr.,LB,8,46,44,90,11.2
9,"Olakunle Fatukasi, Rutgers (Big Ten)",Sr.,LB,9,43,58,101,11.2
9,"Bumper Pool, Arkansas (SEC)",Jr.,LB,9,40,61,101,11.2
11,"Terry Myrick, Eastern Mich. (MAC)",Sr.,LB,6,24,43,67,11.2
12,"Darren Anders, Bowling Green (MAC)",So.,LB,5,25,30,55,11
13,"Payton Wilson, NC State (ACC)",So.,LB,10,57,51,108,10.8
14,"Antjuan Simmons, Michigan St. (Big Ten)",Sr.,LB,7,28,47,75,10.7
15,"Nate Landman, Colorado (Pac-12)",Sr.,LB,5,39,14,53,10.6
16,"Nick Jackson, Virginia (ACC)",So.,LB,10,55,50,105,10.5
16,"Chance Campbell, Maryland (Big Ten)",Jr.,LB,4,22,20,42,10.5
18,"Talanoa Hufanga, Southern California (Pac-12)",Jr.,S,6,40,22,62,10.3
19,"Zakoby McClain, Auburn (SEC)",Jr.,LB,11,57,56,113,10.3
19,"Carlton Martial, Troy (Sun Belt)",Jr.,LB,11,54,59,113,10.3
21,"Jamin Davis, Kentucky (SEC)",Jr.,LB,10,50,52,102,10.2
22,"Tavante Beckett, Marshall (C-USA)",Sr.,LB,9,31,59,90,10
22,"Brandon Shook, New Mexico (Mountain West)",Sr.,LB,6,30,30,60,10
22,"Dequan Jackson, Colorado St. (Mountain West)",Jr.,LB,4,22,18,40,10
25,"Jalen Catalon, Arkansas (SEC)",Fr.,DB,10,51,48,99,9.9
25,"Tyler Grubbs, Louisiana Tech (C-USA)",Fr.,LB,10,45,54,99,9.9
27,"Tony Fields II, West Virginia (Big 12)",Sr.,LB,9,34,54,88,9.8
28,"Kyle Harmon, San Jose St. (Mountain West)",Jr.,LB,8,45,33,78,9.8
28,"Jaylin Thomas, Ball St. (MAC)",Sr.,LB,8,38,40,78,9.8
30,"Isaiah McDuffie, Boston College (ACC)",Sr.,LB,11,54,53,107,9.7
31,"Treshaun Hayward, Western Mich. (MAC)",Sr.,LB,6,30,28,58,9.7
32,"Nick Niemann, Iowa (Big Ten)",Sr.,LB,8,37,40,77,9.6
33,"Riley Cole, South Alabama (Sun Belt)",Sr.,LB,10,54,42,96,9.6
33,"Devin Lloyd, Utah (Pac-12)",Jr.,LB,5,33,15,48,9.6
35,"Paddy Fisher, Northwestern (Big Ten)",Sr.,LB,9,47,39,86,9.6
35,"Ernest Jones, South Carolina (SEC)",Jr.,LB,9,42,44,86,9.6
37,"Nick Bolton, Missouri (SEC)",Jr.,LB,10,55,40,95,9.5
37,"Evan Fields, Arizona St. (Pac-12)",Sr.,DB,4,28,10,38,9.5
39,"Trey Baldwin, Louisiana Tech (C-USA)",Sr.,LB,9,53,32,85,9.4
40,"Blaze Alldredge, Rice (C-USA)",Sr.,LB,5,21,26,47,9.4
41,"Blake Gallagher, Northwestern (Big Ten)",Sr.,LB,9,44,40,84,9.3
42,"Hayes Maples, Southern Miss. (C-USA)",So.,LB,10,34,57,91,9.1
43,"Max Richardson, Boston College (ACC)",Sr.,LB,11,47,52,99,9
43,"Garret Wallow, TCU (Big 12)",Sr.,LB,10,50,40,90,9
43,"Malik Shorts, Southern Miss. (C-USA)",So.,DB,9,39,42,81,9
43,"Omar Speights, Oregon St. (Pac-12)",So.,LB,7,32,31,63,9
43,"James Patterson, Buffalo (MAC)",Jr.,LB,7,29,34,63,9
43,"Derrick Barnes, Purdue (Big Ten)",Sr.,DL,6,40,14,54,9
49,"Josh Ross, Michigan (Big Ten)",Sr.,LB,6,27,26,53,8.8
50,"Erroll Thompson, Mississippi St. (SEC)",Sr.,LB,11,37,59,96,8.7
51,"Grant Stuard, Houston (AAC)",Sr.,LB,7,35,26,61,8.7
51,"Riley Whimpey, Boise St. (Mountain West)",Sr.,LB,7,33,28,61,8.7
53,"Chris Bergin, Northwestern (Big Ten)",Sr.,LB,9,40,38,78,8.7
53,"Tariq  Speights, Eastern Mich. (MAC)",Jr.,LB,6,25,27,52,8.7
53,"Ivan Pace Jr., Miami (OH) (MAC)",So.,LB,3,12,14,26,8.7
56,"Buddy Johnson, Texas A&M (SEC)",Sr.,LB,10,45,41,86,8.6
56,"Kholbe Coleman, Bowling Green (MAC)",Sr.,LB,5,24,19,43,8.6
58,"Nick Mobley, South Alabama (Sun Belt)",Jr.,LB,11,41,53,94,8.5
59,"Jake Hansen, Illinois (Big Ten)",Sr.,LB,8,36,32,68,8.5
59,"Tyshon Fogg, Rutgers (Big Ten)",Sr.,LB,8,21,47,68,8.5
59,"Tony Adams, Illinois (Big Ten)",Sr.,DB,6,25,26,51,8.5
62,"Owen Pappoe, Auburn (SEC)",So.,LB,11,56,37,93,8.5
63,"Reed Blankenship, Middle Tenn. (C-USA)",Sr.,DB,9,37,39,76,8.4
64,"David Curry, Georgia Tech (ACC)",Sr.,LB,10,41,43,84,8.4
65,"Krishon Merriweather, Texas Tech (Big 12)",Jr.,LB,9,43,32,75,8.3
65,"KD Davis, North Texas (C-USA)",Jr.,LB,9,37,38,75,8.3
65,"Jacquez Jones, Ole Miss (SEC)",Jr.,LB,9,36,39,75,8.3
65,"AJ Vongphachanh, Utah St. (Mountain West)",So.,LB,6,27,23,50,8.3
69,"Chazz Surratt, North Carolina (ACC)",Sr.,LB,11,49,42,91,8.3
70,"Gregory Grate, Middle Tenn. (C-USA)",Jr.,DB,9,41,33,74,8.2
71,"Devin Nicholson, Missouri (SEC)",So.,DL,10,45,37,82,8.2
71,"Traveion Webster, ULM (Sun Belt)",Sr.,LB,10,37,45,82,8.2
71,"Jordan Mosley, Maryland (Big Ten)",Jr.,DB,5,24,17,41,8.2
74,"Dorian Williams, Tulane (AAC)",So.,LB,12,65,33,98,8.2
74,"Korey Hernandez, Eastern Mich. (MAC)",Jr.,DB,6,29,20,49,8.2
74,"Jaylan Alexander, Purdue (Big Ten)",Jr.,LB,6,28,21,49,8.2
74,"Tyler Murray, Charlotte (C-USA)",Jr.,DB,6,26,23,49,8.2
78,"Will Honas, Nebraska (Big Ten)",Sr.,LB,7,30,27,57,8.1
79,"Ja'Cquez Williams, Wake Forest (ACC)",Sr.,LB,9,41,32,73,8.1
80,"Mike Rose, Iowa St. (Big 12)",Jr.,LB,12,54,42,96,8
80,"Ventrell Miller, Florida (SEC)",Jr.,LB,11,52,36,88,8
80,"Quez Jackson, Georgia Tech (ACC)",Jr.,LB,10,45,35,80,8
80,"Richie Grant, UCF (AAC)",Sr.,DB,9,49,23,72,8
80,"Diego Fagot, Navy (AAC)",Jr.,LB,9,39,33,72,8
80,"Xavier Smith, East Carolina (AAC)",Jr.,LB,9,39,33,72,8
80,"Chase Lasater, Fla. Atlantic (C-USA)",Sr.,TE,9,27,45,72,8
80,"Ben DeLuca, Charlotte (C-USA)",Sr.,DB,6,30,18,48,8
80,"Nephi Sewell, Utah (Pac-12)",Jr.,DB,5,27,13,40,8
80,"Cole McCubrey, Massachusetts (FBS Independent)",Sr.,LB,4,20,12,32,8
80,"Daniel Isom, Washington St. (Pac-12)",Sr.,DB,4,17,15,32,8
80,"Mike Ruane, Massachusetts (FBS Independent)",Sr.,LB,4,15,17,32,8
80,"Cam'ron Carter, Colorado St. (Mountain West)",Jr.,LB,4,10,22,32,8
93,"Rashad Wisdom, UTSA (C-USA)",So.,DB,12,60,35,95,7.9
94,"Zane Zandier, Virginia (ACC)",Sr.,LB,10,32,47,79,7.9
95,"Isaiah Moore, NC State (ACC)",Jr.,LB,12,38,56,94,7.8
95,"Shaq Bond, Utah St. (Mountain West)",Sr.,S,6,36,11,47,7.8
95,"Dyontae Johnson, Toledo (MAC)",Jr.,LB,6,25,22,47,7.8
98,"Khoury Bethley, Hawaii (Mountain West)",Jr.,DB,9,50,20,70,7.8
98,"Jireh Wilson, East Carolina (AAC)",So.,DB,9,42,28,70,7.8
100,"Bryce Cosby, Ball St. (MAC)",Sr.,DB,8,35,27,62,7.8
100,"Stephen Forester, UTEP (C-USA)",Sr.,LB,8,29,33,62,7.8
100,"Jahad Woods, Washington St. (Pac-12)",Sr.,LB,4,20,11,31,7.8
100,"Kuony Deng, California (Pac-12)",Sr.,LB,4,17,14,31,7.8
104,"Noah Harvey, Michigan St. (Big Ten)",Jr.,LB,7,31,23,54,7.7
104,"Mariano Sori-Marin, Minnesota (Big Ten)",Jr.,LB,7,28,26,54,7.7
106,"Delano Robinson, SMU (AAC)",Sr.,LB,10,51,26,77,7.7
106,"Austin Hawley, ULM (Sun Belt)",Sr.,S,10,49,28,77,7.7
106,"Jarell White, Cincinnati (AAC)",Sr.,LB,10,44,33,77,7.7
109,"Devon Key, Western Ky. (C-USA)",Sr.,DB,12,55,37,92,7.7
109,"Daxton Hill, Michigan (Big Ten)",So.,DB,6,30,16,46,7.7
109,"AJ Thomas, Western Mich. (MAC)",Sr.,DB,6,29,17,46,7.7
112,"Keith Gallmon, South Alabama (Sun Belt)",Jr.,S,11,59,25,84,7.6
113,"Henry To'o To'o, Tennessee (SEC)",So.,LB,10,47,29,76,7.6
113,"Ralen Goforth, Southern California (Pac-12)",So.,LB,5,8,30,38,7.6
115,"Trey Cobb, App State (Sun Belt)",Jr.,LB,12,33,58,91,7.6
116,"Lorenzo McCaskill, Louisiana (Sun Belt)",Jr.,LB,11,41,42,83,7.5
117,"Eli Neal, Marshall (C-USA)",So.,LB,10,19,56,75,7.5
117,"George Douglas, Central Mich. (MAC)",Jr.,LB,6,32,13,45,7.5
117,"Bricen Garner, Western Mich. (MAC)",Sr.,DB,6,27,18,45,7.5
120,"Malcolm Rodriguez, Oklahoma St. (Big 12)",Sr.,LB,11,57,25,82,7.5
121,"DQ Thomas, Middle Tenn. (C-USA)",Sr.,LB,9,29,38,67,7.4
122,"Jack Sanborn, Wisconsin (Big Ten)",Jr.,LB,7,31,21,52,7.4
123,"D'Marco Jackson, App State (Sun Belt)",Jr.,LB,12,37,52,89,7.4
124,"Blake Carroll, Georgia St. (Sun Belt)",Jr.,LB,10,52,22,74,7.4
124,"Tre Sterling, Oklahoma St. (Big 12)",Jr.,S,10,51,23,74,7.4
124,"Jammie Robinson, South Carolina (SEC)",So.,DB,10,47,27,74,7.4
124,"Ferrod Gardner, Louisiana (Sun Belt)",Sr.,LB,10,43,31,74,7.4
124,"Kevin Meitzenheimer, Utah St. (Mountain West)",Sr.,LB,5,13,24,37,7.4
129,"Kristopher Moll, UAB (C-USA)",Sr.,LB,8,40,19,59,7.4
129,"Antonio Grier, South Fla. (AAC)",Jr.,LB,8,34,25,59,7.4
129,"Nazeeh Johnson, Marshall (C-USA)",Sr.,S,8,29,30,59,7.4
132,"Chamarri Conner, Virginia Tech (ACC)",Jr.,DB,11,60,21,81,7.4
132,"Quindell Johnson, Memphis (AAC)",So.,DB,11,60,21,81,7.4
132,"Amen Ogbongbemiga, Oklahoma St. (Big 12)",Sr.,LB,11,51,30,81,7.4
135,"Nick Anderson, Tulane (AAC)",Jr.,LB,12,56,32,88,7.3
135,"Christian Izien, Rutgers (Big Ten)",Jr.,DB,9,38,28,66,7.3
135,"Anfernee Orji, Vanderbilt (SEC)",So.,DB,9,31,35,66,7.3
135,"Curtis Robinson, Stanford (Pac-12)",Sr.,LB,6,31,13,44,7.3
135,"Michael Barrett, Michigan (Big Ten)",Jr.,LB,6,25,19,44,7.3
135,"Esaias Gandy, Wyoming (Mountain West)",Sr.,S,6,23,21,44,7.3
141,"Ky'el Hemby, Southern Miss. (C-USA)",Sr.,DB,10,42,31,73,7.3
142,"Tavian Combs, New Mexico (Mountain West)",Fr.,DB,7,24,27,51,7.3
143,"Micah McFadden, Indiana (Big Ten)",Jr.,LB,8,44,14,58,7.2
143,"JoJo Domann, Nebraska (Big Ten)",Sr.,LB,8,35,23,58,7.2
143,"Marshaun Cameron, Colorado St. (Mountain West)",Sr.,DB,4,19,10,29,7.2
146,"Amari Gainer, Florida St. (ACC)",So.,LB,9,36,29,65,7.2
146,"Lawson Hall, Nevada (Mountain West)",Sr.,LB,9,35,30,65,7.2
148,"Keenan Pili, BYU (FBS Independent)",So.,LB,10,37,35,72,7.2
148,"Richard Dames, FIU (C-USA)",Sr.,DB,5,26,10,36,7.2
148,"Kyle Pugh, NIU (MAC)",Sr.,LB,5,14,22,36,7.2
151,"C.J. Avery, Louisville (ACC)",Sr.,LB,11,48,31,79,7.2
151,"Shaka Heyward, Duke (ACC)",So.,LB,11,48,31,79,7.2
153,"Jaylen Mahoney, Vanderbilt (SEC)",So.,DB,8,33,24,57,7.1
154,"Josh Chandler-Semedo, West Virginia (Big 12)",Jr.,LB,9,32,32,64,7.1
155,"Nakobe Dean, Georgia (SEC)",So.,LB,10,40,31,71,7.1
156,"Jon Rhattigan, Army West Point (FBS Independent)",Sr.,LB,11,33,45,78,7.1
157,"Antwon Kincade, Western Ky. (C-USA)",Sr.,DB,12,48,37,85,7.1
158,"Yusuf Corker, Kentucky (SEC)",Jr.,DB,11,39,38,77,7
158,"Aaron Brule, Mississippi St. (SEC)",So.,LB,11,31,46,77,7
158,"Nick Andersen, Wake Forest (ACC)",Fr.,DB,9,47,16,63,7
158,"Kendarin Ray, Tulsa (AAC)",So.,DB,9,44,19,63,7
158,"Colin Schooler, Texas Tech (Big 12)",Sr.,LB,9,41,22,63,7
158,"Justin Wright, Tulsa (AAC)",So.,LB,9,37,26,63,7
158,"William Kwenkeu, Temple (AAC)",Sr.,LB,7,29,20,49,7
158,"Troy Brown, Central Mich. (MAC)",Jr.,LB,6,31,11,42,7
158,"Arnold Ebiketie, Temple (AAC)",Jr.,DE,6,28,14,42,7
158,"Devonni Reed, Central Mich. (MAC)",Jr.,DB,6,24,18,42,7
158,"Bryce Jackson, UNLV (Mountain West)",Jr.,DB,6,23,19,42,7
158,"Easton Gibbs, Wyoming (Mountain West)",Fr.,LB,6,21,21,42,7
158,"Levani Damuni, Stanford (Pac-12)",So.,LB,6,18,24,42,7
158,"Nick Heninger, Utah St. (Mountain West)",Sr.,LB,6,15,27,42,7
158,"Dean Clark, Kent St. (MAC)",So.,DB,4,19,9,28,7
158,"Elijah Hicks, California (Pac-12)",Sr.,S,4,18,10,28,7
158,"Kirk Lockhart, Rice (C-USA)",So.,S,4,16,12,28,7
175,"Isaiah Kaufusi, BYU (FBS Independent)",Sr.,LB,12,46,37,83,6.9
176,"Justin Rice, Arkansas St. (Sun Belt)",Sr.,LB,11,57,19,76,6.9
176,"Kyle Bailey, Western Ky. (C-USA)",Sr.,LB,11,40,36,76,6.9
178,"Trajan Stephens-McQueen, Georgia St. (Sun Belt)",Sr.,LB,9,36,26,62,6.9
178,"Lakia Henry, Ole Miss (SEC)",Sr.,LB,9,28,34,62,6.9
178,"Emmett Rice, Florida St. (ACC)",Sr.,LB,9,27,35,62,6.9
181,"Antavious Lane, Georgia St. (Sun Belt)",Fr.,DB,8,39,16,55,6.9
181,"Micah Baskerville, LSU (SEC)",Jr.,LB,8,30,25,55,6.9
183,"Tuf Borland, Ohio St. (Big Ten)",Sr.,LB,7,22,26,48,6.9
184,"Jordan Gandy, NIU (MAC)",So.,DB,6,25,16,41,6.8
184,"Troy Hairston, Central Mich. (MAC)",Sr.,LB,6,22,19,41,6.8
184,"Kana'i Mauga, Southern California (Pac-12)",Jr.,LB,6,15,26,41,6.8
187,"Jamien Sherwood, Auburn (SEC)",Jr.,DB,11,44,31,75,6.8
188,"Makyle Sanders, North Texas (C-USA)",Sr.,DB,10,44,24,68,6.8
188,"Kevin Brennan, Navy (AAC)",Jr.,DB,10,35,33,68,6.8
188,"Anthony Butler, Liberty (FBS Independent)",Sr.,LB,10,32,36,68,6.8
191,"Ellis Brooks, Penn St. (Big Ten)",Jr.,LB,9,26,35,61,6.8
192,"Christian Morgan, Baylor (Big 12)",Jr.,DB,8,39,15,54,6.8
192,"Zaven Collins, Tulsa (AAC)",Jr.,LB,8,36,18,54,6.8
192,"Pete Werner, Ohio St. (Big Ten)",Sr.,LB,8,28,26,54,6.8
192,"Tyrice Knight, UTEP (C-USA)",Jr.,LB,8,26,28,54,6.8
192,"Caliph Brice, Fla. Atlantic (C-USA)",Sr.,LB,8,22,32,54,6.8
192,"Jackson Sirmon, Washington (Pac-12)",So.,LB,4,17,10,27,6.8
192,"Treshawn Chamberlain, Rice (C-USA)",Jr.,LB,4,12,15,27,6.8
199,"Bubba Bolden, Miami (FL) (ACC)",Jr.,DB,11,50,24,74,6.7
200,"Seth Benson, Iowa (Big Ten)",So.,LB,7,26,21,47,6.7
201,"Jabari Johnson, ULM (Sun Belt)",So.,S,10,31,36,67,6.7
202,"Silas Kelly, Coastal Carolina (Sun Belt)",Sr.,LB,12,39,41,80,6.7
202,"Jalen Pitre, Baylor (Big 12)",Jr.,LB,9,41,19,60,6.7
202,"Luke Reimer, Nebraska (Big Ten)",So.,LB,6,29,11,40,6.7
202,"Isaiah Pola-Mao, Southern California (Pac-12)",Jr.,S,6,19,21,40,6.7
206,"Smoke Monday, Auburn (SEC)",Jr.,DB,11,41,32,73,6.6
207,"Alonzo Addae, West Virginia (Big 12)",Sr.,DB,10,38,28,66,6.6
207,"Damar Hamlin, Pittsburgh (ACC)",Sr.,DB,10,36,30,66,6.6
207,"Corvan Taylor, Air Force (Mountain West)",Jr.,DB,5,11,22,33,6.6
210,"Leo Chenal, Wisconsin (Big Ten)",So.,LB,7,31,15,46,6.6
211,"Eriq Gilyard, UCF (AAC)",Jr.,LB,9,33,26,59,6.6
211,"Jesse Luketa, Penn St. (Big Ten)",Jr.,LB,9,31,28,59,6.6
211,"Alan Tisdale, Virginia Tech (ACC)",So.,LB,9,21,38,59,6.6
214,"Marquis Waters, Duke (ACC)",Sr.,DB,11,46,26,72,6.5
214,"Martin Emerson, Mississippi St. (SEC)",So.,DB,11,45,27,72,6.5
214,"Jamal Ligon, UTSA (C-USA)",Fr.,LB,11,31,41,72,6.5
217,"Jeremiah Gemmel, North Carolina (ACC)",Jr.,LB,12,50,28,78,6.5
217,"Jake Hummel, Iowa St. (Big 12)",Sr.,LB,12,41,37,78,6.5
217,"Arik Smith, Army West Point (FBS Independent)",Jr.,LB,12,33,45,78,6.5
217,"Dee Winters, TCU (Big 12)",So.,LB,10,40,25,65,6.5
217,"Shawn Preston Jr., Mississippi St. (SEC)",So.,DB,10,35,30,65,6.5
217,"Tama Tutele, Navy (AAC)",So.,LB,8,38,14,52,6.5
217,"Brad Hawkins, Michigan (Big Ten)",Sr.,DB,6,25,14,39,6.5
217,"Jacoby Windmon, UNLV (Mountain West)",So.,LB,6,24,15,39,6.5
217,"Elijah Molden, Washington (Pac-12)",Sr.,DB,4,21,5,26,6.5
217,"Logan Stewart, Colorado St. (Mountain West)",Sr.,DB,4,16,10,26,6.5
217,"Kyle Soelle, Arizona St. (Pac-12)",Jr.,LB,4,14,12,26,6.5
228,"Kenny Logan Jr., Kansas (Big 12)",So.,DB,9,40,18,58,6.4
228,"Shawn Dourseau, East Carolina (AAC)",So.,DB,9,35,23,58,6.4
228,"Ahman Ross, Fla. Atlantic (C-USA)",Sr.,DB,9,34,24,58,6.4
228,"Riko Jeffers, Texas Tech (Big 12)",Sr.,LB,9,33,25,58,6.4
228,"Avery Young, Rutgers (Big Ten)",Jr.,DB,9,30,28,58,6.4
233,"Noah Sewell, Oregon (Pac-12)",Fr.,LB,7,24,21,45,6.4
233,"Isaac Slade-Matautia, Oregon (Pac-12)",Jr.,LB,7,23,22,45,6.4
235,"Kaiden Smith, App State (Sun Belt)",Jr.,DB,12,48,29,77,6.4
236,"Martez Manuel, Missouri (SEC)",So.,DB,10,45,19,64,6.4
236,"Keidron Smith, Ole Miss (SEC)",Jr.,DB,10,38,26,64,6.4
236,"Jerry Roberts, Bowling Green (MAC)",Jr.,LB,5,11,21,32,6.4
239,"Deontai Williams, Nebraska (Big Ten)",Sr.,DB,8,37,14,51,6.4
239,"Jordan Helm, Fla. Atlantic (C-USA)",Sr.,DB,8,22,29,51,6.4
241,"Cedrick Cunningham Jr., Army West Point (FBS Independent)",Jr.,DB,11,37,33,70,6.4
242,"Enock Makonzo, Coastal Carolina (Sun Belt)",Jr.,LB,12,47,29,76,6.3
242,"Jakeen Harris, NC State (ACC)",So.,DB,12,43,33,76,6.3
242,"Teddy  Gallagher, Coastal Carolina (Sun Belt)",Sr.,LB,12,33,43,76,6.3
242,"Jaquan Brisker, Penn St. (Big Ten)",Sr.,DB,9,33,24,57,6.3
242,"Elisha Palm, Air Force (Mountain West)",Sr.,DB,6,27,11,38,6.3
242,"Malik Antoine, Stanford (Pac-12)",Sr.,S,6,26,12,38,6.3
242,"Jamison Collier, Ohio (MAC)",Jr.,DB,3,15,4,19,6.3
249,"Marvin Moody, Tulane (AAC)",Sr.,LB,10,36,27,63,6.3
249,"JaCoby Stevens, LSU (SEC)",Sr.,DB,10,33,30,63,6.3
249,"Damone  Clark, LSU (SEC)",Jr.,LB,10,28,35,63,6.3
249,"Darius Hodge, Marshall (C-USA)",Jr.,DL,10,19,44,63,6.3
253,"Dwayne Boyles, South Fla. (AAC)",Jr.,LB,7,28,16,44,6.3
253,"Caleb Johnson, UCLA (Pac-12)",Jr.,LB,7,22,22,44,6.3
255,"Chase Kuerschen, Tulane (AAC)",Sr.,DB,11,54,15,69,6.3
255,"Mikel Jones, Syracuse (ACC)",So.,LB,11,43,26,69,6.3
255,"Rayshard Ashby, Virginia Tech (ACC)",Sr.,LB,11,38,31,69,6.3
255,"Javon Scruggs, Liberty (FBS Independent)",Jr.,S,11,37,32,69,6.3
259,"Dillon Doyle, Baylor (Big 12)",So.,LB,9,37,19,56,6.2
259,"Tyson Williams, Nevada (Mountain West)",Jr.,DB,9,37,19,56,6.2
261,"A.J.  Finley, Ole Miss (SEC)",So.,DB,10,40,22,62,6.2
261,"Trevon Flowers, Tennessee (SEC)",Jr.,DB,10,36,26,62,6.2
261,"John Marshall, Navy (AAC)",So.,DB,10,32,30,62,6.2
261,"Juwan Mitchell, Texas (Big 12)",Jr.,LB,10,32,30,62,6.2
265,"JL Skinner, Boise St. (Mountain West)",So.,S,6,24,13,37,6.2
265,"Kempton Shine, Eastern Mich. (MAC)",So.,DB,6,23,14,37,6.2
265,"Carson Wells, Colorado (Pac-12)",Jr.,LB,6,23,14,37,6.2
265,"Corvin Moment, Western Mich. (MAC)",So.,LB,6,15,22,37,6.2
269,"Dylan Moses, Alabama (SEC)",Sr.,LB,13,40,40,80,6.2
270,"Tre Webb, San Jose St. (Mountain West)",Sr.,DB,8,29,20,49,6.1
270,"Santrell Latham, Southern Miss. (C-USA)",Jr.,LB,8,21,28,49,6.1
272,"Rob Hanna, Syracuse (ACC)",Fr.,DB,9,43,12,55,6.1
272,"Devin Taylor, Virginia Tech (ACC)",Sr.,DB,9,36,19,55,6.1
272,"Divine Deablo, Virginia Tech (ACC)",Sr.,DB,9,32,23,55,6.1
272,"Joseph Ossai, Texas (Big 12)",Jr.,LB,9,26,29,55,6.1
276,"Tykee Smith, West Virginia (Big 12)",So.,DB,10,33,28,61,6.1
277,"Jayden McDonald, Troy (Sun Belt)",So.,LB,11,38,29,67,6.1
277,"Brendon Luper, Texas St. (Sun Belt)",Jr.,S,11,36,31,67,6.1
279,"Trevor Harmanson, UTSA (C-USA)",Jr.,LB,12,30,43,73,6.1
280,"Christian  Harris, Alabama (SEC)",So.,LB,13,52,27,79,6.1
281,"Ja'Had Carter, Syracuse (ACC)",Fr.,DB,11,53,13,66,6
281,"Brian Asamoah, Oklahoma (Big 12)",So.,LB,11,34,32,66,6
281,"Eric Monroe, Texas Tech (Big 12)",Sr.,DB,10,41,19,60,6
281,"Tyler Baker-Williams, NC State (ACC)",Jr.,DB,10,32,28,60,6
281,"DeMarvion Overshown, Texas (Big 12)",Jr.,DB,10,32,28,60,6
281,"MoMo Sanogo, Ole Miss (SEC)",Jr.,LB,10,25,35,60,6
281,"Joe Foucha, Arkansas (SEC)",Jr.,DB,10,18,42,60,6
281,"Abram Smith, Baylor (Big 12)",Jr.,LB,8,31,17,48,6
281,"Cristian Williams, Tulsa (AAC)",Sr.,DB,8,30,18,48,6
281,"Stephan Blaylock, UCLA (Pac-12)",Jr.,DB,7,28,14,42,6
281,"Brendon Harris, Vanderbilt (SEC)",Jr.,DB,7,26,16,42,6
281,"Cory Gross Jr., Buffalo (MAC)",So.,DB,7,23,19,42,6
281,"Derrion Rakestraw, Colorado (Pac-12)",Sr.,DB,6,25,11,36,6
281,"Devin Lafayette, NIU (MAC)",Fr.,DB,6,21,15,36,6
281,"Sydney Brown, Illinois (Big Ten)",Jr.,DB,6,20,16,36,6
281,"Rhedi Short, Arizona (Pac-12)",Jr.,DB,5,23,7,30,6
281,"Cole Godbout, Wyoming (Mountain West)",So.,DT,5,13,17,30,6
281,"Anthony Pandy, Arizona (Pac-12)",Sr.,LB,5,10,20,30,6
281,"Jermayne Lole, Arizona St. (Pac-12)",Jr.,DL,4,17,7,24,6
281,"Deandre Pierce, Arizona St. (Pac-12)",Sr.,DB,4,14,10,24,6
281,"Merlin Robertson, Arizona St. (Pac-12)",Jr.,LB,4,12,12,24,6
281,"Antonio Montero, Rice (C-USA)",Jr.,LB,4,8,16,24,6
281,"Sterling Weatherford, Miami (OH) (MAC)",Jr.,DB,3,15,3,18,6
281,"Tywan Francis, Colorado St. (Mountain West)",Jr.,DB,3,13,5,18,6
305,"Rashad Byrd, Ga. Southern (Sun Belt)",Sr.,LB,13,38,39,77,5.9
306,"DeAngelo Malone, Western Ky. (C-USA)",Sr.,DE,12,42,29,71,5.9
307,"Juanyeh Thomas, Georgia Tech (ACC)",Jr.,DB,10,38,21,59,5.9
308,"Jalen Jordan, Ole Miss (SEC)",So.,DB,9,31,22,53,5.9
308,"Larry Nixon III, North Texas (C-USA)",So.,LB,9,29,24,53,5.9
310,"Hudson Clark, Arkansas (SEC)",Fr.,DB,8,32,15,47,5.9
310,"Marquel Dismuke, Nebraska (Big Ten)",Sr.,DB,8,29,18,47,5.9
310,"Brett Anderson, Ball St. (MAC)",Sr.,S,8,23,24,47,5.9
310,"Bruce Bivens, East Carolina (AAC)",Sr.,LB,8,17,30,47,5.9
314,"Tyler Nubin, Minnesota (Big Ten)",So.,DB,7,30,11,41,5.9
314,"Tre Jenkins, San Jose St. (Mountain West)",So.,DB,7,29,12,41,5.9
314,"Xavier Henderson, Michigan St. (Big Ten)",Jr.,DB,7,24,17,41,5.9
314,"Verone McKinley III, Oregon (Pac-12)",So.,DB,7,21,20,41,5.9
318,"Willie Reid, Central Mich. (MAC)",So.,DB,6,22,13,35,5.8
319,"Garrett Williams, Syracuse (ACC)",Fr.,DB,11,54,10,64,5.8
320,"Jabril Cox, LSU (SEC)",Sr.,LB,10,39,19,58,5.8
320,"Darrian Beavers, Cincinnati (AAC)",Sr.,LB,10,38,20,58,5.8
320,"Drake Thomas, NC State (ACC)",So.,LB,10,25,33,58,5.8
323,"Brandon Joseph, Northwestern (Big Ten)",So.,DB,9,28,24,52,5.8
323,"Ryan Smenda, Jr., Wake Forest (ACC)",Jr.,LB,9,26,26,52,5.8
325,"Jarron Morris, Texas St. (Sun Belt)",Jr.,DB,12,51,18,69,5.8
325,"Mohamoud Diabate, Florida (SEC)",So.,LB,12,33,36,69,5.8
325,"Traveon Redd, Wake Forest (ACC)",Sr.,DB,8,21,25,46,5.8
325,"Tanner Davis, Massachusetts (FBS Independent)",So.,,4,16,7,23,5.8
325,"Zayin West, Kent St. (MAC)",Jr.,DL,4,16,7,23,5.8
325,"Henry Blackburn, Colorado St. (Mountain West)",Fr.,DB,4,14,9,23,5.8
325,"Nick Cross, Maryland (Big Ten)",So.,DB,4,14,9,23,5.8
325,"Fa'Najae  Gotay, Maryland (Big Ten)",Jr.,DB,4,12,11,23,5.8
333,"Geoff Cantin-Arku, Syracuse (ACC)",So.,LB,11,52,11,63,5.7
333,"Kyle Hamilton, Notre Dame (ACC)",So.,S,11,51,12,63,5.7
335,"Jalen Walker, Boise St. (Mountain West)",Sr.,CB,7,26,14,40,5.7
335,"Joey Noble, New Mexico (Mountain West)",Sr.,DL,7,19,21,40,5.7
335,"Ezekiel Noa, Boise St. (Mountain West)",Jr.,LB,7,14,26,40,5.7
338,"SirVocea Dennis, Pittsburgh (ACC)",So.,LB,10,35,22,57,5.7
338,"Quavaris Crouch, Tennessee (SEC)",So.,LB,10,30,27,57,5.7
338,"Tatum Bethune, UCF (AAC)",So.,LB,10,28,29,57,5.7
341,"O'Rien Vance, Iowa St. (Big 12)",Jr.,LB,12,30,38,68,5.7
341,"Thomas Leggett, Texas Tech (Big 12)",Sr.,DB,9,39,12,51,5.7
341,"DaMarcus Mitchell, Purdue (Big Ten)",Jr.,DE,6,22,12,34,5.7
341,"Tre Caine, UNLV (Mountain West)",Jr.,DB,6,20,14,34,5.7
341,"Tycen Anderson, Toledo (MAC)",Sr.,S,6,16,18,34,5.7
341,"George Silvanic, Air Force (Mountain West)",Sr.,OL,6,11,23,34,5.7
341,"Jared Dorsa, Ohio (MAC)",Sr.,LB,3,11,6,17,5.7
348,"Donovan Stiner, Florida (SEC)",Sr.,DB,11,33,29,62,5.6
349,"Justin Hughes, Kansas St. (Big 12)",Sr.,LB,8,30,15,45,5.6
349,"Jack Koerner, Iowa (Big Ten)",Jr.,DB,8,26,19,45,5.6
349,"Chauncey Golston, Iowa (Big Ten)",Sr.,DL,8,24,21,45,5.6
349,"Daviyon Nixon, Iowa (Big Ten)",Jr.,DL,8,22,23,45,5.6
349,"Brandon Drayton, Marshall (C-USA)",Sr.,S,8,19,26,45,5.6
349,"Dashaun Jerkins, Vanderbilt (SEC)",Jr.,DB,8,17,28,45,5.6
349,"Johnathan Butler, Middle Tenn. (C-USA)",Jr.,LB,8,11,34,45,5.6
356,"BeeJay Williamson, Louisiana Tech (C-USA)",So.,DB,10,32,24,56,5.6
356,"Londyn Craft , Mississippi St. (SEC)",Jr.,DB,10,31,25,56,5.6
356,"Averie Habas, Southern Miss. (C-USA)",So.,LB,10,20,36,56,5.6
356,"Nate Ritchie, Utah (Pac-12)",Fr.,DB,5,18,10,28,5.6
356,"Elijah Garcia, Rice (C-USA)",Sr.,DL,5,10,18,28,5.6
361,"Anthony Wilson, Ga. Southern (Sun Belt)",Fr.,DB,12,42,25,67,5.6
361,"Marquel Broughton, Army West Point (FBS Independent)",So.,DB,12,40,27,67,5.6
363,"Qwuantrezz Knight, UCLA (Pac-12)",Sr.,DB,7,28,11,39,5.6
363,"Mo Osling III, UCLA (Pac-12)",Jr.,DB,7,28,11,39,5.6
363,"Dwayne Johnson Jr., San Diego St. (Mountain West)",Sr.,DB,7,22,17,39,5.6
363,"Khalan Tolson, Illinois (Big Ten)",Jr.,LB,7,15,24,39,5.6
367,"Noah Wilder, UAB (C-USA)",Jr.,LB,9,31,19,50,5.6
368,"Baylon Spector, Clemson (ACC)",Jr.,LB,12,35,31,66,5.5
368,"Nico Ezidore, Texas St. (Sun Belt)",Jr.,DL,12,26,40,66,5.5
368,"Abraham Beauplan, Marshall (C-USA)",Jr.,LB,10,16,39,55,5.5
368,"Charles Snowden, Virginia (ACC)",Sr.,LB,8,20,24,44,5.5
368,"Amir Tyler, Temple (AAC)",Sr.,S,6,27,6,33,5.5
368,"Brennan Thieneman, Purdue (Big Ten)",Sr.,DB,6,25,8,33,5.5
368,"Isaiah Lewis, Colorado (Pac-12)",Jr.,DB,6,22,11,33,5.5
368,"Justin Hilliard, Ohio St. (Big Ten)",Sr.,LB,6,20,13,33,5.5
368,"Nick Rattin, NIU (MAC)",So.,LB,6,11,22,33,5.5
368,"Armani Marsh, Washington St. (Pac-12)",Jr.,DB,4,15,7,22,5.5
368,"Scott Patchan, Colorado St. (Mountain West)",Sr.,DL,4,10,12,22,5.5
379,"DeAndre Square, Kentucky (SEC)",Jr.,LB,11,25,35,60,5.5
379,"KJ Robertson, Troy (Sun Belt)",Jr.,LB,11,23,37,60,5.5
381,"Quavian White, Georgia St. (Sun Belt)",Jr.,DB,9,37,12,49,5.4
381,"Cam Johnson, North Texas (C-USA)",Sr.,DB,9,34,15,49,5.4
381,"Monty Rice, Georgia (SEC)",Sr.,LB,9,30,19,49,5.4
381,"Daiyan Henley, Nevada (Mountain West)",Jr.,LB,9,28,21,49,5.4
381,"Aaron Hansford, Texas A&M (SEC)",Sr.,LB,9,17,32,49,5.4
386,"Kayvon Thibodeaux, Oregon (Pac-12)",So.,DE,7,23,15,38,5.4
386,"Jayson Oweh, Penn St. (Big Ten)",Jr.,DL,7,20,18,38,5.4
388,"Elery Alexander, Arkansas St. (Sun Belt)",Sr.,DB,10,42,12,54,5.4
388,"Jahron McPherson, Kansas St. (Big 12)",Sr.,DB,10,36,18,54,5.4
388,"Sean Mahone, West Virginia (Big 12)",Sr.,DB,10,34,20,54,5.4
388,"Akil Jones, Colorado (Pac-12)",Sr.,LB,5,13,14,27,5.4
388,"Gabe Reid, Stanford (Pac-12)",Sr.,LB,5,12,15,27,5.4
388,"Charles Hicks, Wyoming (Mountain West)",So.,LB,5,8,19,27,5.4
394,"Jamar Johnson, Indiana (Big Ten)",Jr.,DB,8,33,10,43,5.4
394,"Riley Moss, Iowa (Big Ten)",Jr.,DB,8,33,10,43,5.4
394,"Decorian Patterson, Middle Tenn. (C-USA)",So.,DB,8,27,16,43,5.4
397,"Sione Tupou, Texas St. (Sun Belt)",Jr.,LB,12,23,41,64,5.3
397,"Ezekiel Barnett, Louisiana Tech (C-USA)",Sr.,LB,9,32,16,48,5.3
397,"Quentin Frazier, Hawaii (Mountain West)",Sr.,DB,9,27,21,48,5.3
397,"Kevin Wood, North Texas (C-USA)",So.,LB,9,25,23,48,5.3
397,"Kendall Williamson, Stanford (Pac-12)",Jr.,S,6,19,13,32,5.3
397,"Austin Conrad, Ohio (MAC)",Sr.,DL,3,14,2,16,5.3
397,"Kameron Butler, Miami (OH) (MAC)",Jr.,DL,3,8,8,16,5.3
404,"Zech McPhearson, Texas Tech (Big 12)",Sr.,DB,10,47,6,53,5.3
404,"Amari Carter, Miami (FL) (ACC)",Sr.,DB,10,36,17,53,5.3
404,"Thomas Pickens, Memphis (AAC)",Sr.,LB,10,36,17,53,5.3
404,"Eli Brown, Western Ky. (C-USA)",Sr.,LB,10,28,25,53,5.3
408,"Jordan Howden, Minnesota (Big Ten)",Jr.,DB,7,26,11,37,5.3
409,"Dell Pettus, Troy (Sun Belt)",So.,S,11,43,15,58,5.3
409,"JJ Russell, Memphis (AAC)",Sr.,LB,11,39,19,58,5.3
409,"Rodjay Burns, Louisville (ACC)",Jr.,LB,11,37,21,58,5.3
409,"Hal Vinson, Texas St. (Sun Belt)",Sr.,LB,11,30,28,58,5.3
413,"Ricky Thomas, Kansas (Big 12)",Sr.,DB,8,24,18,42,5.2
413,"Mohamed Kamara, Colorado St. (Mountain West)",So.,LB,4,7,14,21,5.2
415,"Chris Brown, Texas (Big 12)",Sr.,DB,9,43,4,47,5.2
416,"Richard McBryde, SMU (AAC)",Sr.,LB,10,42,10,52,5.2
416,"Lewis Cine, Georgia (SEC)",So.,DB,10,39,13,52,5.2
416,"Delarrin Turner-Yell, Oklahoma (Big 12)",Jr.,S,10,32,20,52,5.2
416,"Rishard Dames, FIU (C-USA)",Jr.,DB,5,20,6,26,5.2
416,"Dorian Hall, FIU (C-USA)",Jr.,DB,5,19,7,26,5.2
416,"Christian Roland-Wallace, Arizona (Pac-12)",So.,DB,5,19,7,26,5.2
416,"JaTravis  Broughton, Utah (Pac-12)",So.,DB,5,18,8,26,5.2
416,"Caleb Biggers, Bowling Green (MAC)",Jr.,DB,5,17,9,26,5.2
416,"Cameron McGrone, Michigan (Big Ten)",Jr.,LB,5,14,12,26,5.2
416,"Jamal Gates, FIU (C-USA)",Sr.,LB,5,11,15,26,5.2
426,"Jeremiah Owusu-Koramoah, Notre Dame (ACC)",Sr.,LB,12,42,20,62,5.2
426,"Cory Trice, Purdue (Big Ten)",So.,DB,6,27,4,31,5.2
426,"Vic Viramontes, UNLV (Mountain West)",Sr.,LB,6,17,14,31,5.2
426,"Adam Plant Jr., UNLV (Mountain West)",So.,LB,6,12,19,31,5.2
426,"Jordan Bertagnole, Wyoming (Mountain West)",Fr.,DT,6,10,21,31,5.2
431,"Trenton Thompson, San Diego St. (Mountain West)",Sr.,DB,7,26,10,36,5.1
432,"Matt Hankins, Iowa (Big Ten)",Sr.,DB,8,28,13,41,5.1
432,"Tariq Thompson, San Diego St. (Mountain West)",Sr.,DB,8,25,16,41,5.1
434,"Derek Gainous, UCF (AAC)",Jr.,DB,9,33,13,46,5.1
434,"Tyree Gillespie, Missouri (SEC)",Sr.,DB,9,31,15,46,5.1
434,"Zyon Gilbert, Fla. Atlantic (C-USA)",Sr.,DB,9,29,17,46,5.1
434,"JT Woods, Baylor (Big 12)",Jr.,DB,9,29,17,46,5.1
434,"Exree Loe, West Virginia (Big 12)",Jr.,LB,9,27,19,46,5.1
439,"Joel Dublanko, Cincinnati (AAC)",Sr.,LB,10,32,19,51,5.1
439,"Damani Staley, South Carolina (SEC)",Sr.,LB,10,28,23,51,5.1
441,"Lawrence White, Iowa St. (Big 12)",Sr.,DB,12,41,20,61,5.1
441,"Zion Childress, Texas St. (Sun Belt)",Fr.,S,12,35,26,61,5.1
441,"Kevin Anderson, Texas St. (Sun Belt)",So.,DB,12,31,30,61,5.1
444,"Jordan Battle, Alabama (SEC)",So.,DB,13,39,27,66,5.1
445,"Alex Spillum, Coastal Carolina (Sun Belt)",Jr.,S,12,39,21,60,5
445,"C.J Brewer, Coastal Carolina (Sun Belt)",Sr.,DT,12,27,33,60,5
445,"Ifeatu Melifonwu, Syracuse (ACC)",Jr.,DB,11,42,13,55,5
445,"Mitchell West, Navy (AAC)",Jr.,DB,10,32,18,50,5
445,"TJ Harris, Troy (Sun Belt)",Jr.,S,10,20,30,50,5
445,"Allan George, Vanderbilt (SEC)",Sr.,DB,9,31,14,45,5
445,"Stephen Dix, Jr., Florida St. (ACC)",Fr.,LB,9,18,27,45,5
445,"Elijah Sullivan, Kansas St. (Big 12)",Sr.,LB,8,28,12,40,5
445,"Devon Matthews, Indiana (Big Ten)",Jr.,DB,8,26,14,40,5
445,"Leighton McCarthy, Fla. Atlantic (C-USA)",Sr.,LB,8,20,20,40,5
445,"Bralyn Lux, Fresno St. (Mountain West)",Fr.,DB,6,27,3,30,5
445,"Nahshon Wright, Oregon St. (Pac-12)",Jr.,DB,6,23,7,30,5
445,"Andrew Aleki, San Diego St. (Mountain West)",Sr.,LB,6,17,13,30,5
445,"Malcolm Koonce, Buffalo (MAC)",Sr.,DL,6,16,14,30,5
445,"Clark Phillips, Utah (Pac-12)",Fr.,DB,5,22,3,25,5
445,"Jordan Anderson, Bowling Green (MAC)",So.,DB,5,17,8,25,5
445,"Josh Turner, FIU (C-USA)",Jr.,DB,5,16,9,25,5
445,"Nohl Williams, UNLV (Mountain West)",Fr.,DB,5,14,11,25,5
445,"Tarheeb Still, Maryland (Big Ten)",Fr.,DB,4,18,2,20,5
445,"Richie Carpenter, Kent St. (MAC)",Sr.,DB,4,13,7,20,5
445,"Daniel Scott, California (Pac-12)",Jr.,S,4,10,10,20,5
445,"Brett Johnson, California (Pac-12)",So.,DL,4,6,14,20,5
445,"Quinn Brinnon, Colorado St. (Mountain West)",Jr.,DB,3,11,4,15,5
445,"Evan Tattersall, California (Pac-12)",So.,LB,3,10,5,15,5
445,"Dillon Sherman, Washington St. (Pac-12)",Sr.,LB,3,6,9,15,5
470,"Brandin Echols, Kentucky (SEC)",Sr.,DB,11,39,15,54,4.9
471,"DeJordan Mask, Texas St. (Sun Belt)",So.,DB,10,31,18,49,4.9
471,"Zi'Yon Hill, Louisiana (Sun Belt)",Sr.,DL,10,18,31,49,4.9
473,"Noah Taylor, Virginia (ACC)",Jr.,LB,9,20,24,44,4.9
474,"Myles Jones, Texas A&M (SEC)",Sr.,DB,8,30,9,39,4.9
475,"Nick Pickett, Oregon (Pac-12)",Sr.,S,7,23,11,34,4.9
475,"Vincent Davis, South Fla. (AAC)",Jr.,DB,7,19,15,34,4.9
477,"Larry Brooks, Tulane (AAC)",Jr.,DB,12,46,12,58,4.8
477,"Jeffrey Gunter, Coastal Carolina (Sun Belt)",Jr.,DE,12,35,23,58,4.8
477,"Ricky Barber, Western Ky. (C-USA)",Fr.,DT,12,26,32,58,4.8
477,"A.J. Watts, Akron (MAC)",So.,DB,6,22,7,29,4.8
477,"Parker Noren, Air Force (Mountain West)",Sr.,LB,6,18,11,29,4.8
477,"Noski LaFleur, Eastern Mich. (MAC)",Sr.,DB,6,16,13,29,4.8
477,"Ralph Holley, Western Mich. (MAC)",Sr.,DL,6,12,17,29,4.8
477,"Jamal Hines, Toledo (MAC)",Jr.,DE,6,11,18,29,4.8
485,"Rodney Owens, Memphis (AAC)",Jr.,DB,11,37,16,53,4.8
485,"Cam Bright, Pittsburgh (ACC)",Jr.,LB,11,32,21,53,4.8
485,"Gilbert Frierson, Miami (FL) (ACC)",So.,DB,11,29,24,53,4.8
485,"Chris Rumph II, Duke (ACC)",Jr.,DL,11,25,28,53,4.8
489,"Leon O'Neal, Texas A&M (SEC)",Jr.,DB,10,32,16,48,4.8
489,"Wesley Walker, Georgia Tech (ACC)",So.,DB,10,30,18,48,4.8
489,"Lorenzo Burns, Arizona (Pac-12)",Sr.,DB,5,16,8,24,4.8
492,"Treyvon Reeves, Tulsa (AAC)",Sr.,LB,9,27,16,43,4.8
492,"Jordan Smith, UAB (C-USA)",Jr.,LB,9,24,19,43,4.8
492,"Jordan Ferguson, Middle Tenn. (C-USA)",Sr.,DL,9,18,25,43,4.8
495,"DeMarcco Hellams, Alabama (SEC)",So.,DB,13,36,26,62,4.8
496,"Shaun Crawford, Notre Dame (ACC)",Sr.,CB,12,40,17,57,4.8
496,"Payton Wilgar, BYU (FBS Independent)",So.,LB,12,30,27,57,4.8
496,"Darren Hall, San Diego St. (Mountain West)",Jr.,DB,8,31,7,38,4.8
496,"Nehemiah Shelton, San Jose St. (Mountain West)",Jr.,DB,8,31,7,38,4.8
496,"Tiawan Mullen, Indiana (Big Ten)",So.,DB,8,27,11,38,4.8
496,"Jartavius Martin, Illinois (Big Ten)",Jr.,DB,8,25,13,38,4.8
496,"Tayler Hawkins, San Diego St. (Mountain West)",Sr.,DB,8,24,14,38,4.8
496,"Michael  McMorris, Navy (AAC)",Jr.,DB,8,24,14,38,4.8
496,"Andrew Mims, South Fla. (AAC)",Jr.,LB,8,24,14,38,4.8
496,"Hunter Smith, ULM (Sun Belt)",Jr.,LB,8,18,20,38,4.8
496,"Camryn Bynum, California (Pac-12)",Sr.,CB,4,14,5,19,4.8
496,"Tyson Maeva, FIU (C-USA)",Sr.,LB,4,14,5,19,4.8
496,"George Hicks III, Washington St. (Pac-12)",Sr.,DB,4,13,6,19,4.8
496,"Cameron Goode, California (Pac-12)",Sr.,LB,4,12,7,19,4.8
496,"Jason Mercier, FIU (C-USA)",Jr.,DL,4,12,7,19,4.8
496,"Te'Rai Powell, Massachusetts (FBS Independent)",Fr.,DB,4,12,7,19,4.8
496,"Brennan Jackson, Washington St. (Pac-12)",So.,DL,4,11,8,19,4.8
496,"D.J. Davidson, Arizona St. (Pac-12)",Jr.,DL,4,9,10,19,4.8
496,"Avien Peah, Massachusetts (FBS Independent)",Sr.,TE,4,6,13,19,4.8
