Rank,Player,Cl,Pos,G,Solo Tack,Asst Tack,TT,TPG
1,"Brett Taylor, Western Ill. (MVFC)",Sr.,LB,12,66,96,162,13.5
2,"Garrett Dolan, Houston Christian (Southland)",Sr.,LB,11,80,60,140,12.7
3,"Brandon Bryant, Lafayette (Patriot)",Sr.,LB,11,69,64,133,12.1
4,"Darius Leonard, South Carolina St. (MEAC)",Jr.,SAM,10,73,40,113,11.3
5,"Anthony Smith, Norfolk St. (MEAC)",Sr.,LB,11,65,59,124,11.3
6,"Nate Hatalsky, UAlbany (CAA)",Sr.,LB,11,53,69,122,11.1
7,"Allan Cratsenberg, VMI (SoCon)",Sr.,LB,11,57,61,118,10.7
8,"Mike Basile, Monmouth (Big South)",Sr.,DB,12,91,35,126,10.5
9,"Jeb Boudreaux, Stetson (Pioneer)",Sr.,LB,11,64,51,115,10.5
10,"Nick Miller, Penn (Ivy League)",Jr.,LB,10,66,38,104,10.4
11,"Nick McBeath, Holy Cross (Patriot)",Sr.,LB,11,71,43,114,10.4
12,"James Banks, Montana (Big Sky)",Sr.,LB,11,39,72,111,10.1
12,"Mario Jenkins, Idaho St. (Big Sky)",Sr.,LB,11,37,74,111,10.1
14,"George Odum, Central Ark. (Southland)",Sr.,LB,12,78,42,120,10
14,"Ryan Brady, Holy Cross (Patriot)",Jr.,LB,11,76,34,110,10
14,"Lee Bennett, Mercer (SoCon)",Sr.,LB,11,29,81,110,10
17,"Shaheed Salmon, Samford (SoCon)",Sr.,LB,11,62,47,109,9.9
18,"Adam Wollet, Robert Morris (NEC)",Jr.,LB,11,43,65,108,9.8
19,"Jack Traynor, Dartmouth (Ivy League)",Jr.,LB,10,49,49,98,9.8
20,"Connor Strahm, Montana (Big Sky)",Sr.,LB,9,42,46,88,9.8
21,"Jonas Griffith, Indiana St. (MVFC)",So.,LB,11,50,57,107,9.7
22,"CJ Parvelus, Sacred Heart (NEC)",Sr.,LB,10,50,47,97,9.7
23,"Drew Snouffer, Valparaiso (Pioneer)",Jr.,LB,11,41,65,106,9.6
24,"Marvin Tillman, Western Caro. (SoCon)",Jr.,DB,10,53,43,96,9.6
25,"Warren Messer, Elon (CAA)",Jr.,LB,12,42,72,114,9.5
25,"Thomas Johnson, Princeton (Ivy League)",Jr.,LB,10,54,41,95,9.5
25,"Ryan Gilbert, Columbia (Ivy League)",Jr.,DB,10,53,42,95,9.5
28,"Jared Farley, UNI (MVFC)",Sr.,LB,13,62,60,122,9.4
29,"Thomas Costigan, Bryant (NEC)",Jr.,LB,11,65,38,103,9.4
29,"Ryan Francis, VMI (SoCon)",Sr.,LB,11,50,53,103,9.4
29,"Grant Beidel, Presbyterian (Big South)",Sr.,LB,11,43,60,103,9.4
29,"Jack Ryan, Campbell (Pioneer)",Jr.,LB,11,42,61,103,9.4
33,"Ed Shockley, Villanova (CAA)",Sr.,LB,11,56,45,101,9.2
33,"Raheim Huskey, Hampton (MEAC)",Sr.,LB,11,52,49,101,9.2
33,"Nick Turner, Valparaiso (Pioneer)",Jr.,LB,11,39,62,101,9.2
33,"Katrell Moss, Indiana St. (MVFC)",Jr.,LB,11,37,64,101,9.2
37,"Christian Rozeboom, South Dakota St. (MVFC)",So.,LB,14,68,60,128,9.1
38,"Stone Kane, Northern Colo. (Big Sky)",Sr.,DB,10,38,53,91,9.1
39,"Max Lyons, Southeastern La. (Southland)",Sr.,DB,11,60,40,100,9.1
40,"David Akere, Georgetown (Patriot)",Sr.,DB,11,55,44,99,9
40,"Eric Meile, Dartmouth (Ivy League)",Sr.,LB,10,49,41,90,9
42,"Quinlen Dean, New Hampshire (CAA)",So.,LB,14,80,44,124,8.9
43,"Chris Collins, Tennessee St. (OVC)",Sr.,LB,11,58,39,97,8.8
43,"Jakaris Wilson, Florida A&M (MEAC)",Sr.,LB,11,55,42,97,8.8
45,"Isaak Newhouse, Butler (Pioneer)",Sr.,DB,11,70,26,96,8.7
45,"Nate Atkins, William & Mary (CAA)",So.,LB,11,48,48,96,8.7
47,"Randall LaGuerrre, Central Conn. St. (NEC)",Sr.,LB,11,56,39,95,8.6
47,"Aderick Moore, Tennessee Tech (OVC)",So.,LB,11,38,57,95,8.6
49,"David Leisring, Dayton (Pioneer)",Jr.,DB,10,54,32,86,8.6
50,"Demetri Royer, Charleston So. (Big South)",Fr.,LB,9,35,42,77,8.6
51,"Josh Buss, Montana (Big Sky)",Jr.,LB,11,50,44,94,8.5
51,"Carlos Merritt, Campbell (Pioneer)",Sr.,DB,11,50,44,94,8.5
51,"Justin Hogan, Rhode Island (CAA)",Jr.,LB,11,47,47,94,8.5
51,"Julian Marcantel, Texas Southern (SWAC)",So.,LB,11,42,52,94,8.5
55,"Mac Bignell, Montana St. (Big Sky)",Sr.,LB,11,62,31,93,8.5
55,"Ryan Bua, UC Davis (Big Sky)",Sr.,LB,11,42,51,93,8.5
57,"Ahmad Gooden, Samford (SoCon)",Jr.,DL,12,53,48,101,8.4
57,"A.J. Newman, Western Caro. (SoCon)",Sr.,LB,12,39,62,101,8.4
59,"Carter Henderson, Duquesne (NEC)",Sr.,LB,10,52,32,84,8.4
59,"Sherand Boyd Jr., Northern Colo. (Big Sky)",So.,DB,10,46,38,84,8.4
61,"Mason Montgomery, Cal Poly (Big Sky)",Sr.,LB,11,56,36,92,8.4
61,"Greg Sanders, VMI (SoCon)",Sr.,DB,11,45,47,92,8.4
61,"Dylan Weigel, ETSU (SoCon)",Jr.,LB,11,45,47,92,8.4
61,"Patrick Harbin, Jr., Mississippi Val. (SWAC)",Jr.,LB,11,39,53,92,8.4
61,"Mitch Fettig, Eastern Wash. (Big Sky)",Jr.,DB,11,37,55,92,8.4
61,"Justin Rubin, Richmond (CAA)",Jr.,LB,11,36,56,92,8.4
67,"Mike Needham, Southern Utah (Big Sky)",Sr.,LB,12,69,31,100,8.3
68,"Henry Stelzner, Northern Colo. (Big Sky)",Jr.,LB,10,41,42,83,8.3
69,"Kasun Jackett, Portland St. (Big Sky)",Jr.,LB,11,53,38,91,8.3
69,"Cody Moncure, Houston Christian (Southland)",Sr.,LB,11,48,43,91,8.3
69,"Jeff Steeb, Villanova (CAA)",Jr.,LB,11,47,44,91,8.3
69,"Myles Pierce, The Citadel (SoCon)",Sr.,LB,11,40,51,91,8.3
73,"Gunnar Scholato, Austin Peay (OVC)",Jr.,LB,12,35,64,99,8.3
74,"Tae Davis, Chattanooga (SoCon)",Sr.,LB,9,42,32,74,8.2
74,"Nick Pierotti, Northwestern St. (Southland)",Sr.,LB,9,32,42,74,8.2
76,"Glenn Cunningham, Fordham (Patriot)",Fr.,LB,10,54,28,82,8.2
77,"Diondre Wallace, Towson (CAA)",Jr.,LB,11,52,38,90,8.2
77,"Kevin Barry, Sacred Heart (NEC)",Sr.,LB,11,38,52,90,8.2
79,"Bryson Armstrong, Kennesaw St. (Big South)",Fr.,LB,14,85,29,114,8.1
79,"Justin Johnson, Sam Houston (Southland)",Jr.,LB,14,50,64,114,8.1
81,"Jeffrey Canady, Eastern Ky. (OVC)",Sr.,LB,11,43,46,89,8.1
81,"Eric Jackson, Mercer (SoCon)",So.,DB,11,37,52,89,8.1
81,"Troy Reeder, Delaware (CAA)",Jr.,LB,11,34,55,89,8.1
84,"Kyle Archie, Norfolk St. (MEAC)",Sr.,LB,11,36,52,88,8
84,"Elliott Normand, Tennessee Tech (OVC)",Sr.,LB,11,33,55,88,8
84,"James Gilleylen, UT Martin (OVC)",Jr.,LB,11,32,56,88,8
84,"Mar'Kel Cooks, UIW (Southland)",So.,LB,11,29,59,88,8
88,"Mister Harriel, Sacramento St. (Big Sky)",Jr.,DB,11,56,31,87,7.9
88,"Bryson McCabe, Montana St. (Big Sky)",Sr.,DB,11,49,38,87,7.9
90,"Luke Hutton, Harvard (Ivy League)",Sr.,LB,10,35,44,79,7.9
90,"Jaron Grayer, Maine (CAA)",Fr.,LB,10,32,47,79,7.9
92,"Daniel Riddle, Western Caro. (SoCon)",Sr.,LB,12,33,61,94,7.8
93,"Byron Evans, Northern Ariz. (Big Sky)",Sr.,LB,12,43,50,93,7.8
94,"Reggie Hunter, N.C. Central (MEAC)",Sr.,LB,11,56,29,85,7.7
94,"Kenneth Keen, Central Conn. St. (NEC)",Jr.,LB,11,42,43,85,7.7
94,"Eric Martin, Stetson (Pioneer)",Sr.,DB,11,42,43,85,7.7
94,"Quandre Washington, UIW (Southland)",Sr.,LB,11,28,57,85,7.7
98,"Reynard Ellis, Furman (SoCon)",Fr.,LB,12,46,46,92,7.7
98,"Josh Hill, Montana St. (Big Sky)",So.,LB,9,39,30,69,7.7
100,"Ryan Neal, Southern Ill. (MVFC)",Sr.,DB,11,54,30,84,7.6
100,"Diquan Richardson, Bethune-Cookman (MEAC)",Sr.,DB,11,50,34,84,7.6
100,"Angelo Garbutt, Missouri St. (MVFC)",So.,LB,11,41,43,84,7.6
100,"Marico Paige, Murray St. (OVC)",Sr.,LB,11,38,46,84,7.6
100,"Sean Orsini, Saint Francis (PA) (NEC)",Jr.,LB,11,37,47,84,7.6
105,"Dayshaw Taylor, South Carolina St. (MEAC)",Jr.,,10,52,24,76,7.6
105,"Trenton Gordon, SFA (Southland)",Fr.,DB,10,39,37,76,7.6
107,"Daniel Jones, Richmond (CAA)",Fr.,,9,29,39,68,7.6
108,"Brayden Konkol, Montana St. (Big Sky)",So.,DB,11,56,27,83,7.5
108,"Peyton Guidry, Northwestern St. (Southland)",Sr.,LB,11,43,40,83,7.5
110,"Deion Pierre, Samford (SoCon)",Sr.,LB,12,46,44,90,7.5
110,"Colton Clemons, Wofford (SoCon)",Sr.,LB,12,41,49,90,7.5
112,"Jalyn Powell, Youngstown St. (MVFC)",Sr.,DB,11,56,26,82,7.5
112,"Nigel Chavis, Norfolk St. (MEAC)",So.,DL,11,40,42,82,7.5
112,"Quintin Hampton, Wagner (NEC)",Jr.,LB,11,39,43,82,7.5
115,"Keith Woetzel, Lehigh (Patriot)",So.,LB,12,68,21,89,7.4
116,"Kyre Hawkins, James Madison (CAA)",Sr.,LB,15,51,60,111,7.4
116,"Thomas Oporto, Jacksonville (Pioneer)",Jr.,DB,10,51,23,74,7.4
118,"Tyrice Beverette, Stony Brook (CAA)",Sr.,DB,13,64,32,96,7.4
118,"Noah McGinty, Stony Brook (CAA)",Jr.,LB,13,49,47,96,7.4
120,"Donald Rutledge, Savannah St. (MEAC)",So.,DB,11,45,36,81,7.4
120,"J.D. Sosebee, Charleston So. (Big South)",So.,LB,11,39,42,81,7.4
122,"Chris Blair, Elon (CAA)",Sr.,DB,12,37,51,88,7.3
122,"Jake Disterhaupt, North Dakota (Big Sky)",Sr.,LB,9,34,32,66,7.3
124,"Jake Rastas, North Dakota (Big Sky)",Fr.,LB,10,37,36,73,7.3
124,"Kurt Calhoun, Eastern Wash. (Big Sky)",Jr.,LB,10,33,40,73,7.3
126,"Sione Teuhema, Southeastern La. (Southland)",Sr.,LB,11,59,21,80,7.3
126,"Adkin Aguirre, Idaho St. (Big Sky)",So.,DB,11,47,33,80,7.3
126,"Jack Crain, Dayton (Pioneer)",Sr.,LB,11,41,39,80,7.3
129,"Duncan Ferch, UNI (MVFC)",Jr.,LB,13,42,52,94,7.2
130,"Daniel Yankovich, Georgetown (Patriot)",Sr.,LB,10,30,42,72,7.2
131,"D.J. Stewart, Rhode Island (CAA)",Jr.,DB,11,41,38,79,7.2
131,"Zach Hall, Southeast Mo. St. (OVC)",So.,LB,11,38,41,79,7.2
131,"Corey Parker, William & Mary (CAA)",So.,DB,11,37,42,79,7.2
134,"Shayne Lawless, Stony Brook (CAA)",Jr.,LB,13,54,39,93,7.2
135,"Hunter Brown, Sam Houston (Southland)",Jr.,LB,14,49,51,100,7.1
136,"Mason Gray, UAlbany (CAA)",Jr.,DB,10,36,35,71,7.1
137,"Jalyn Williams, Prairie View (SWAC)",Sr.,LB,11,46,32,78,7.1
137,"Kobie Grace, Eastern Ky. (OVC)",Sr.,DB,11,45,33,78,7.1
137,"Jahad Neibauer, Delaware St. (MEAC)",So.,DB,11,45,33,78,7.1
137,"Nasir Adderley, Delaware (CAA)",Jr.,DB,11,42,36,78,7.1
137,"Steven Smith, Hampton (MEAC)",Sr.,LB,11,34,44,78,7.1
137,"Chaston Brooks, Lamar University (Southland)",Jr.,LB,11,28,50,78,7.1
143,"Andrew Gray, South Dakota (MVFC)",Jr.,DB,13,51,40,91,7
143,"Colby Duncan, Stetson (Pioneer)",So.,LB,11,46,31,77,7
143,"Ben Richard, Bucknell (Patriot)",Sr.,LB,11,38,39,77,7
143,"Kevin Prather, Jr., UT Martin (OVC)",Jr.,LB,11,35,42,77,7
143,"Michael Root, Lafayette (Patriot)",Sr.,LB,11,34,43,77,7
143,"River Boruff, ETSU (SoCon)",Jr.,LB,11,33,44,77,7
143,"Andre Lloyd, Jackson St. (SWAC)",Sr.,LB,11,24,53,77,7
143,"J.J. Nunes, Valparaiso (Pioneer)",Sr.,DB,10,39,31,70,7
151,"Taylor Nelson, Southern Utah (Big Sky)",Sr.,LB,12,40,43,83,6.9
151,"Jonathan Hagler, Jacksonville St. (OVC)",Sr.,DB,12,31,52,83,6.9
151,"Jeremiah Mitchell, Austin Peay (OVC)",Sr.,LB,12,28,55,83,6.9
154,"Bolu Onifade, Abilene Christian (Southland)",Jr.,DB,11,52,24,76,6.9
154,"Armand Dellovade, Youngstown St. (MVFC)",Jr.,LB,11,40,36,76,6.9
154,"Josh Dulaney, William & Mary (CAA)",Jr.,LB,11,35,41,76,6.9
157,"Richard Jarvis, Brown (Ivy League)",Sr.,LB,10,44,25,69,6.9
158,"Juan Jackson, Central Ark. (Southland)",So.,DB,12,54,28,82,6.8
159,"Kyron Watson, Southern Ill. (MVFC)",Sr.,LB,11,50,25,75,6.8
159,"Tyree Horton, Illinois St. (MVFC)",Jr.,LB,11,40,35,75,6.8
159,"Alize Ward, SFA (Southland)",So.,DB,11,40,35,75,6.8
159,"Kenneth Davis, Alabama A&M (SWAC)",Sr.,LB,11,39,36,75,6.8
159,"Ethan Brunhofer, Butler (Pioneer)",Sr.,LB,11,34,41,75,6.8
164,"Chris Cooper, Stony Brook (CAA)",Sr.,DB,13,50,38,88,6.8
164,"De'Arius Christmas, Grambling (SWAC)",Sr.,LB,13,48,40,88,6.8
166,"Kamron Johnson, Northern Ariz. (Big Sky)",Jr.,DB,12,49,32,81,6.8
166,"Marlon Bridges, Jacksonville St. (OVC)",So.,DB,12,38,43,81,6.8
166,"Elijah McKoy, Furman (SoCon)",Fr.,LB,12,35,46,81,6.8
169,"Devin Rollins, Howard (MEAC)",Sr.,LB,11,58,16,74,6.7
169,"Kyle Hegedus, Youngstown St. (MVFC)",So.,DB,11,46,28,74,6.7
169,"Thomas Adams, Gardner-Webb (Big South)",Sr.,DB,11,43,31,74,6.7
169,"Lee Wright, Youngstown St. (MVFC)",Sr.,LB,11,37,37,74,6.7
169,"Emmanuel Olenga, Campbell (Pioneer)",Fr.,DL,11,35,39,74,6.7
169,"Josh Wynn, UAlbany (CAA)",Jr.,DB,11,34,40,74,6.7
169,"Brian Cavicante, Delaware St. (MEAC)",So.,LB,11,32,42,74,6.7
169,"Shawn Bishop, Jackson St. (SWAC)",Sr.,LB,11,28,46,74,6.7
177,"Colton Moskal, Penn (Ivy League)",Sr.,LB,9,28,32,60,6.7
178,"Adrian Contreras, Sam Houston (Southland)",Jr.,DB,14,51,42,93,6.6
179,"Hakeem Kinard, Saint Francis (PA) (NEC)",Jr.,DB,11,46,27,73,6.6
179,"Mark Pyles, Bucknell (Patriot)",Sr.,LB,11,40,33,73,6.6
179,"George Hatalowich, Davidson (Pioneer)",So.,LB,11,37,36,73,6.6
179,"Austin Clark, Sacramento St. (Big Sky)",Jr.,DB,11,29,44,73,6.6
183,"Landon Baty, Columbia (Ivy League)",Sr.,DB,10,32,34,66,6.6
183,"R.J. Mazolewski, Cal Poly (Big Sky)",Sr.,LB,10,31,35,66,6.6
183,"Will Coneway, Mercer (SoCon)",So.,LB,10,20,46,66,6.6
186,"Corey Abraham, Nicholls (Southland)",Jr.,DB,12,61,18,79,6.6
186,"Daniel Reid-Bennett, Elon (CAA)",So.,DB,12,54,25,79,6.6
188,"Wesley Beans, Marist (Pioneer)",Sr.,DB,11,48,24,72,6.5
188,"Monty Fenner, Towson (CAA)",Jr.,DB,11,44,28,72,6.5
188,"Wes Sutton, Northern Ariz. (Big Sky)",Jr.,DB,11,43,29,72,6.5
188,"Chuck Flowers, North Dakota (Big Sky)",Sr.,DB,11,42,30,72,6.5
188,"Brandon Richmond, Abilene Christian (Southland)",Jr.,DB,11,41,31,72,6.5
188,"Arman Jones, William & Mary (CAA)",So.,LB,11,35,37,72,6.5
188,"Jontavis Testa, Ark.-Pine Bluff (SWAC)",Jr.,LB,11,23,49,72,6.5
195,"Allen Pittman, Nicholls (Southland)",So.,LB,12,44,34,78,6.5
195,"Ray Miller, Campbell (Pioneer)",So.,LB,10,39,26,65,6.5
195,"Kayon Whitaker, Maine (CAA)",So.,DL,10,34,31,65,6.5
195,"Micah Keels, Richmond (CAA)",Jr.,DB,10,31,34,65,6.5
199,"Stefen Banks, Savannah St. (MEAC)",Jr.,DL,11,47,24,71,6.5
199,"Caleb Ham, Fordham (Patriot)",Sr.,DB,11,47,24,71,6.5
199,"JJ Henderson, Stetson (Pioneer)",Fr.,DB,11,47,24,71,6.5
199,"Nick Horne, Eastern Ill. (OVC)",Sr.,LB,11,38,33,71,6.5
199,"Mcneece Egbim, Missouri St. (MVFC)",So.,LB,11,35,36,71,6.5
199,"Datavious Wilson, Wofford (SoCon)",So.,LB,11,25,46,71,6.5
