Rank,Player,Cl,Pos,G,Solo Tack,Asst Tack,TT,TPG
1,"Dante Olson, Montana (Big Sky)",Jr.,LB,11,57,94,151,13.7
2,"Zach Hall, Southeast Mo. St. (OVC)",Jr.,LB,13,70,98,168,12.9
3,"Mitchell Chancey, Western Caro. (SoCon)",Sr.,LB,11,68,67,135,12.3
4,"Langston Tunson, Houston Christian (Southland)",So.,LB,9,54,56,110,12.2
5,"Jonas Griffith, Indiana St. (MVFC)",Jr.,LB,11,81,51,132,12
6,"Drew Snouffer, Valparaiso (Pioneer)",Sr.,LB,9,48,58,106,11.8
7,"Ryan Brady, Holy Cross (Patriot)",Sr.,LB,11,62,59,121,11
8,"Katrell Moss, Indiana St. (MVFC)",Sr.,LB,11,63,56,119,10.8
9,"Tamarcus Russell, Southeastern La. (Southland)",Sr.,LB,11,74,44,118,10.7
10,"Troy Reeder, Delaware (CAA)",Sr.,LB,12,62,65,127,10.6
11,"Jeremiah Chambers, Abilene Christian (Southland)",Jr.,LB,11,59,54,113,10.3
12,"BJ Blunt, McNeese (Southland)",Sr.,DB,10,60,42,102,10.2
13,"Quincy Williams, Murray St. (OVC)",Sr.,LB,11,78,33,111,10.1
13,"Adam Wollet, Robert Morris (NEC)",Sr.,LB,11,54,57,111,10.1
15,"T.J. Holl, Colgate (Patriot)",Sr.,LB,12,61,60,121,10.1
16,"Thomas Costigan, Bryant (NEC)",Sr.,LB,11,69,40,109,9.9
16,"Quentin Moon, Western Ill. (MVFC)",Sr.,LB,11,66,43,109,9.9
16,"Gunnar Scholato, Austin Peay (OVC)",Sr.,LB,11,54,55,109,9.9
19,"Armoni Holloway, Alabama A&M (SWAC)",So.,DB,11,51,57,108,9.8
20,"Dimitri Holloway, James Madison (CAA)",Jr.,LB,13,46,81,127,9.8
21,"Luke Sennett, Butler (Pioneer)",Jr.,DB,11,56,48,104,9.5
22,"Deontay Wilson, Tennessee Tech (OVC)",Sr.,DB,11,44,59,103,9.4
23,"Armand Dellovade, Youngstown St. (MVFC)",Sr.,LB,11,56,46,102,9.3
23,"Caleb Johnson, Houston Christian (Southland)",Jr.,LB,11,39,63,102,9.3
25,"Davon Jernigan, Lamar University (Southland)",Sr.,DB,12,76,35,111,9.3
26,"Tadarius Davis, Mississippi Val. (SWAC)",Jr.,DL,11,49,52,101,9.2
26,"Christian Holland, Idaho St. (Big Sky)",Sr.,LB,11,44,57,101,9.2
26,"Josh Poplar, Tennessee Tech (OVC)",Jr.,LB,11,40,61,101,9.2
29,"Elijah McKoy, Furman (SoCon)",So.,LB,10,50,41,91,9.1
29,"Daniel Aidman, Brown (Ivy League)",Sr.,LB,10,41,50,91,9.1
31,"Santoni Graham, Wagner (NEC)",Jr.,LB,11,57,42,99,9
31,"Angelo Garbutt, Missouri St. (MVFC)",Jr.,LB,11,45,54,99,9
31,"Matt Shotwell, Cal Poly (Big Sky)",So.,LB,10,57,33,90,9
31,"Colby Campbell, Presbyterian (Big South)",So.,LB,10,52,38,90,9
31,"Jake Casteel, Northern Ariz. (Big Sky)",Sr.,LB,10,40,50,90,9
36,"Sean Jones, Texas Southern (SWAC)",Sr.,DB,11,58,40,98,8.9
36,"Marshall Cooper, Chattanooga (SoCon)",Jr.,LB,11,46,52,98,8.9
38,"Keith Woetzel, Lehigh (Patriot)",Jr.,LB,10,53,36,89,8.9
38,"Ryan Gilbert, Columbia (Ivy League)",Sr.,DB,10,48,41,89,8.9
38,"Jarrett Nagy, Presbyterian (Big South)",Fr.,LB,10,47,42,89,8.9
41,"Hunter Brown, Sam Houston (Southland)",Sr.,LB,11,46,51,97,8.8
42,"Colby Duncan, Stetson (Pioneer)",Jr.,LB,10,59,29,88,8.8
43,"Justin Swift, Southeast Mo. St. (OVC)",Jr.,LB,13,60,54,114,8.8
44,"Mcneece Egbim, Missouri St. (MVFC)",Jr.,LB,11,48,48,96,8.7
45,"Nick Miller, Penn (Ivy League)",Sr.,LB,10,48,39,87,8.7
45,"Ty Harris, Western Caro. (SoCon)",Fr.,LB,10,46,41,87,8.7
47,"Duncan Ferch, UNI (MVFC)",Sr.,LB,13,38,75,113,8.7
48,"Robby Hauck, Montana (Big Sky)",Fr.,DB,11,41,54,95,8.6
49,"Deshawn Stevens, Maine (CAA)",So.,LB,14,53,67,120,8.6
50,"Aaron Harris, Samford (SoCon)",Sr.,LB,11,54,40,94,8.5
50,"Silas Stewart, UIW (Southland)",Sr.,LB,11,54,40,94,8.5
50,"Will Coneway, Mercer (SoCon)",Jr.,LB,11,45,49,94,8.5
53,"Marvin Tillman, Western Caro. (SoCon)",Sr.,DB,11,58,35,93,8.5
53,"Warren Messer, Elon (CAA)",Sr.,LB,11,44,49,93,8.5
55,"Jamal Jones, Indiana St. (MVFC)",Sr.,DB,10,54,30,84,8.4
55,"Brendan Pyne, Brown (Ivy League)",Jr.,LB,10,48,36,84,8.4
55,"Keontre Hampton, Jackson St. (SWAC)",Fr.,LB,10,41,43,84,8.4
58,"Chinedu Ahanonu, Southern Utah (Big Sky)",Sr.,LB,11,64,28,92,8.4
58,"Glenn Cunningham, Fordham (Patriot)",So.,LB,11,56,36,92,8.4
58,"Levi Metheny, UAlbany (CAA)",Jr.,LB,11,48,44,92,8.4
58,"Julian Marcantel, Texas Southern (SWAC)",Jr.,LB,11,41,51,92,8.4
58,"Michael Murphy, Western Caro. (SoCon)",So.,DB,11,40,52,92,8.4
63,"Kody Graves, Idaho St. (Big Sky)",Jr.,LB,10,37,46,83,8.3
64,"Juan Jackson, Central Ark. (Southland)",Jr.,DB,11,67,24,91,8.3
64,"Damare' Whitaker, Morgan St. (MEAC)",Sr.,LB,11,64,27,91,8.3
64,"Jamari Booker, Valparaiso (Pioneer)",Jr.,DB,11,52,39,91,8.3
64,"Wesley Bowers, Georgetown (Patriot)",So.,LB,11,48,43,91,8.3
68,"A.J. Smith, VMI (SoCon)",So.,DB,11,55,35,90,8.2
68,"Corey Horne, Gardner-Webb (Big South)",Sr.,LB,11,49,41,90,8.2
68,"David Leisring, Dayton (Pioneer)",Sr.,DB,11,49,41,90,8.2
68,"Zackary  Mathews, Illinois St. (MVFC)",Sr.,LB,11,46,44,90,8.2
68,"Elliott Brewster, VMI (SoCon)",So.,LB,11,41,49,90,8.2
73,"I. Anderson, Sacramento St. (Big Sky)",Sr.,,9,44,29,73,8.1
74,"Sean White, Columbia (Ivy League)",Sr.,LB,10,41,40,81,8.1
74,"Danny Damico, UAlbany (CAA)",So.,LB,10,32,49,81,8.1
76,"Ben Bruni, Saint Francis (PA) (NEC)",Sr.,LB,11,59,30,89,8.1
76,"Brian Cavicante, Delaware St. (MEAC)",Jr.,LB,11,50,39,89,8.1
76,"James Gilleylen, UT Martin (OVC)",Sr.,LB,11,44,45,89,8.1
76,"Shannon Fayne, Tennessee Tech (OVC)",Jr.,DB,11,38,51,89,8.1
76,"Jack Ryan, Campbell (Big South)",Sr.,LB,11,29,60,89,8.1
81,"Christian Rozeboom, South Dakota St. (MVFC)",Jr.,LB,13,58,47,105,8.1
82,"Solomon Brown, Charleston So. (Big South)",Sr.,DL,11,46,42,88,8
83,"Dylan Weigel, ETSU (SoCon)",Sr.,LB,12,37,58,95,7.9
84,"Noah McGinty, Stony Brook (CAA)",Sr.,LB,12,37,57,94,7.8
85,"Joe Lauro, Bucknell (Patriot)",Sr.,DB,11,54,32,86,7.8
85,"Daniel Jones, Richmond (CAA)",Jr.,DB,11,51,35,86,7.8
85,"Joe Caputo, Eastern Ill. (OVC)",Jr.,LB,11,45,41,86,7.8
88,"Anthony Stubbs, Prairie View (SWAC)",Sr.,LB,10,40,38,78,7.8
88,"Darron Johnson, Alabama St. (SWAC)",So.,DB,10,29,49,78,7.8
90,"Kevin Prather, Jr., UT Martin (OVC)",Sr.,LB,9,32,38,70,7.8
91,"Lane Taylor, Lamar University (Southland)",Sr.,DB,12,67,26,93,7.8
92,"Ketner Kupp, Eastern Wash. (Big Sky)",Sr.,LB,15,64,52,116,7.7
93,"Bryan Marine, Bucknell (Patriot)",Sr.,DB,11,69,16,85,7.7
93,"Luke Nelson, Northern Colo. (Big Sky)",Jr.,LB,11,52,33,85,7.7
95,"Sam McCloskey, Lehigh (Patriot)",Sr.,DB,10,53,24,77,7.7
95,"Malique Fleming, Mercer (SoCon)",So.,DB,10,47,30,77,7.7
95,"Jacob Martin, Penn (Ivy League)",Jr.,DB,10,47,30,77,7.7
98,"Nik Navarro, Cal Poly (Big Sky)",Jr.,LB,11,66,17,83,7.5
98,"Taylor Nelson, Southern Utah (Big Sky)",Sr.,LB,11,57,26,83,7.5
98,"Zach Glisan, Western Ill. (MVFC)",Jr.,LB,11,45,38,83,7.5
98,"Davanta Reynolds, N.C. Central (MEAC)",Sr.,DB,11,44,39,83,7.5
98,"Blaise Brown, Georgetown (Patriot)",Sr.,DB,11,41,42,83,7.5
103,"Tracy Thompkins, Mississippi Val. (SWAC)",Jr.,DB,10,36,39,75,7.5
103,"Donavan Perryman, Furman (SoCon)",Jr.,LB,10,28,47,75,7.5
103,"Jordan Willis, Furman (SoCon)",Jr.,DB,10,23,52,75,7.5
106,"Calvin Lunkins, Southern U. (SWAC)",Sr.,LB,11,38,44,82,7.5
107,"Diondre Wallace, Towson (CAA)",Sr.,LB,12,47,42,89,7.4
108,"Billy Caughell, Richmond (CAA)",Jr.,LB,10,25,49,74,7.4
109,"Christian Elliss, Idaho (Big Sky)",So.,LB,11,45,36,81,7.4
109,"Ethan Caselberry, VMI (SoCon)",Fr.,LB,11,43,38,81,7.4
109,"Dylan Hamilton, Alabama A&M (SWAC)",Sr.,DB,11,40,41,81,7.4
109,"Patrick Howell, Texas Southern (SWAC)",So.,LB,11,31,50,81,7.4
113,"Shayne Lawless, Stony Brook (CAA)",Sr.,LB,12,47,41,88,7.3
113,"Charles Bell, Delaware (CAA)",Sr.,LB,12,24,64,88,7.3
115,"Jesse Nemerowicz, Bryant (NEC)",Jr.,LB,10,53,20,73,7.3
115,"Marcellus Allison, Howard (MEAC)",Jr.,LB,10,51,22,73,7.3
115,"Michael Root, Lafayette (Patriot)",Sr.,LB,10,39,34,73,7.3
115,"Tristen Vance, Northern Ariz. (Big Sky)",Jr.,LB,10,31,42,73,7.3
119,"Royce See, Sam Houston (Southland)",Jr.,LB,11,41,39,80,7.3
119,"Austin Petrie, Valparaiso (Pioneer)",Jr.,LB,11,35,45,80,7.3
121,"Davonte Spruill, Hampton (FCS Independent)",Sr.,DL,9,25,40,65,7.2
122,"Jelani Taylor, Cornell (Ivy League)",Jr.,DB,10,41,31,72,7.2
122,"Elijah Richardson, Florida A&M (MEAC)",Sr.,LB,10,40,32,72,7.2
122,"J.D. Sosebee, Charleston So. (Big South)",Jr.,LB,10,28,44,72,7.2
125,"Ian McBorrough, Morgan St. (MEAC)",Jr.,LB,11,56,23,79,7.2
125,"Pop Lacey, New Hampshire (CAA)",Jr.,DB,11,50,29,79,7.2
125,"Mike Wilen, Sacred Heart (NEC)",Jr.,LB,11,43,36,79,7.2
125,"Hayden Bourgeois, Northwestern St. (Southland)",So.,DB,11,42,37,79,7.2
125,"Quinlen Dean, New Hampshire (CAA)",Jr.,LB,11,41,38,79,7.2
125,"Je'Kevin Carter, Ark.-Pine Bluff (SWAC)",Sr.,LB,11,37,42,79,7.2
125,"Jared Folks, ETSU (SoCon)",Sr.,LB,11,35,44,79,7.2
132,"Nasir Adderley, Delaware (CAA)",Sr.,DB,12,48,38,86,7.2
133,"Brayden Konkol, Montana St. (Big Sky)",Jr.,DB,13,58,35,93,7.2
133,"Korby Sander, UNI (MVFC)",So.,DB,13,36,57,93,7.2
135,"Caelan Barnes, Sacramento St. (Big Sky)",Jr.,DB,10,51,20,71,7.1
135,"Kiefer Glau, Northern Colo. (Big Sky)",Sr.,P,10,50,21,71,7.1
135,"Ty Graham, Idaho (Big Sky)",Jr.,LB,10,47,24,71,7.1
135,"Dakota Trice, Jacksonville (Pioneer)",So.,LB,10,36,35,71,7.1
139,"Antonio Jackson, Fordham (Patriot)",Sr.,DB,11,57,21,78,7.1
139,"Adrian Contreras, Sam Houston (Southland)",Sr.,DB,11,50,28,78,7.1
139,"Malik Davis, Austin Peay (OVC)",Sr.,DB,11,46,32,78,7.1
139,"Dytarious Johnson, Eastern Ill. (OVC)",So.,LB,11,46,32,78,7.1
139,"Bryce Notree, Southern Ill. (MVFC)",So.,LB,11,44,34,78,7.1
139,"J. Gibbens, Abilene Christian (Southland)",So.,LB,11,42,36,78,7.1
139,"Ryan Reed, Northwestern St. (Southland)",Jr.,DB,11,41,37,78,7.1
139,"Nas Jones, Rhode Island (CAA)",Sr.,LB,11,39,39,78,7.1
139,"Isaiah Mack, Chattanooga (SoCon)",Sr.,DL,11,39,39,78,7.1
139,"Quintreil Chung, Norfolk St. (MEAC)",Sr.,LB,11,37,41,78,7.1
139,"Branyan Javier-Castillo, Rhode Island (CAA)",Jr.,LB,11,25,53,78,7.1
150,"Chris Ojoh, Eastern Wash. (Big Sky)",So.,LB,15,59,46,105,7
150,"Grant Collins, Montana St. (Big Sky)",Sr.,LB,12,44,40,84,7
150,"Devin James, Bethune-Cookman (MEAC)",So.,LB,12,40,44,84,7
150,"Joe Lang, Holy Cross (Patriot)",So.,DB,11,52,25,77,7
150,"Alex Gray, South Dakota (MVFC)",Sr.,LB,11,47,30,77,7
150,"Uzoma Kpaduwa, VMI (SoCon)",Sr.,DB,11,46,31,77,7
150,"Carter Raleigh, Butler (Pioneer)",Sr.,LB,11,45,32,77,7
150,"Adkin Aguirre, Idaho St. (Big Sky)",Jr.,DB,11,44,33,77,7
150,"Willie Eubanks III, The Citadel (SoCon)",So.,LB,11,39,38,77,7
150,"Tony Collins, Davidson (Pioneer)",Jr.,LB,10,39,31,70,7
150,"Justin Rubin, Richmond (CAA)",Sr.,LB,10,31,39,70,7
150,"Jordan Hill, Harvard (Ivy League)",Jr.,LB,10,30,40,70,7
150,"Jack Traynor, Dartmouth (Ivy League)",Sr.,LB,8,27,29,56,7
163,"Marquis Hendrix, Bethune-Cookman (MEAC)",Jr.,LB,12,31,52,83,6.9
164,"Brandon Rowland, Charleston So. (Big South)",Sr.,DB,11,54,22,76,6.9
164,"Jemaurri Bailey, Mississippi Val. (SWAC)",Jr.,,11,36,40,76,6.9
164,"Gavin Bryant, Eastern Ky. (OVC)",Sr.,LB,11,35,41,76,6.9
167,"Kyran McKinney-Crudden, Dartmouth (Ivy League)",Sr.,DB,10,33,36,69,6.9
167,"Michael Hoecht, Brown (Ivy League)",Jr.,DL,10,27,42,69,6.9
169,"Legrand Toia, Weber St. (Big Sky)",Sr.,LB,13,40,49,89,6.8
170,"Christian McFarland, Idaho St. (Big Sky)",Jr.,DB,11,51,24,75,6.8
170,"Marquis Walker, Texas Southern (SWAC)",So.,DB,11,42,33,75,6.8
170,"Tim Simon, Dayton (Pioneer)",Jr.,DB,11,41,34,75,6.8
170,"West Lambert, UIW (Southland)",Jr.,LB,11,38,37,75,6.8
170,"Darien Reynolds, Gardner-Webb (Big South)",So.,LB,11,36,39,75,6.8
170,"Josh Buss, Montana (Big Sky)",Sr.,LB,11,32,43,75,6.8
170,"Quindarrius Whitley, Northwestern St. (Southland)",Jr.,LB,11,31,44,75,6.8
170,"Enmanuel Soriano, Marist (Pioneer)",Sr.,DL,11,29,46,75,6.8
178,"Nate Atkins, William & Mary (CAA)",Jr.,LB,10,33,35,68,6.8
178,"Thomas Johnson, Princeton (Ivy League)",Sr.,LB,10,26,42,68,6.8
178,"Ryan Woods, SFA (Southland)",Sr.,LB,10,23,45,68,6.8
181,"Ed Hall, Idaho (Big Sky)",Sr.,LB,9,37,24,61,6.8
182,"Brett Zanotto, Duquesne (NEC)",Jr.,LB,13,54,34,88,6.8
182,"Bydarrius Knighten, Southeast Mo. St. (OVC)",So.,DB,13,51,37,88,6.8
182,"Jalen Choice, Jacksonville St. (OVC)",Jr.,LB,13,47,41,88,6.8
182,"Omardrick Douglas, Southeast Mo. St. (OVC)",So.,LB,13,42,46,88,6.8
186,"Kurron Ramsey, Alabama St. (SWAC)",Sr.,DB,11,47,27,74,6.7
186,"DJ Exilhomme, Central Conn. St. (NEC)",So.,DB,11,46,28,74,6.7
186,"Andrew Gray, South Dakota (MVFC)",Sr.,DB,11,41,33,74,6.7
186,"Matt Robinson, Bucknell (Patriot)",Sr.,LB,11,37,37,74,6.7
186,"Connor Willis, Drake (Pioneer)",Sr.,LB,11,37,37,74,6.7
186,"Sam Chitty, Bucknell (Patriot)",Jr.,LB,11,36,38,74,6.7
192,"Mason Brunner, Butler (Pioneer)",Jr.,LB,11,48,25,73,6.6
192,"Donnell Rodgers, North Dakota (FCS Independent)",Jr.,LB,11,46,27,73,6.6
192,"Jack Cochrane, South Dakota (MVFC)",So.,LB,11,41,32,73,6.6
192,"Kendrick Catis, Murray St. (OVC)",Jr.,LB,11,38,35,73,6.6
192,"Steven Crowder, Eastern Ky. (OVC)",So.,LB,11,26,47,73,6.6
197,"Michael Fisher, Presbyterian (Big South)",Sr.,DB,8,29,24,53,6.6
198,"Tye Freeland, Howard (MEAC)",So.,FS,10,46,20,66,6.6
198,"Mark Fossati, Princeton (Ivy League)",Sr.,LB,10,29,37,66,6.6
198,"Darrius Woods, Jackson St. (SWAC)",Sr.,LB,10,27,39,66,6.6
