Rank,Player,Cl,Pos,G,Solo Tack,Asst Tack,TT,TPG
1,"Kentrell Brothers, Missouri (SEC)",Sr.,LB,12,73,79,152,12.7
2,"Hunter Kissinger, ULM (Sun Belt)",Sr.,LB,11,79,54,133,12.1
3,"Great Ibe, Eastern Mich. (MAC)",Sr.,LB,11,64,67,131,11.9
4,"Nate Holley, Kent St. (MAC)",Jr.,DB,12,79,62,141,11.8
5,"Clayton Fejedelem, Illinois (Big Ten)",Sr.,DB,12,74,66,140,11.7
6,"Nick Vigil, Utah St. (Mountain West)",Jr.,LB,13,68,76,144,11.1
7,"Jovan Santos-Knox, Massachusetts (MAC)",Sr.,LB,12,44,87,131,10.9
8,"Steve Longa, Rutgers (Big Ten)",Jr.,LB,11,76,41,117,10.6
9,"Michael Mudoh, Tulsa (AAC)",Sr.,DB,13,76,59,135,10.4
10,"Austin Valdez, Bowling Green (MAC)",So.,LB,14,58,86,144,10.3
11,"TJ Ricks, Old Dominion (C-USA)",Jr.,LB,12,47,76,123,10.3
12,"Andrew Wingard, Wyoming (Mountain West)",Fr.,DB,12,83,39,122,10.2
13,"Elandon Roberts, Houston (AAC)",Sr.,LB,14,88,54,142,10.1
14,"Fish Smithson, Kansas (Big 12)",Jr.,DB,11,87,24,111,10.1
15,"Blake Martinez, Stanford (Pac-12)",Sr.,LB,14,75,66,141,10.1
16,"Tyler Matakevich, Temple (AAC)",Sr.,LB,14,77,61,138,9.9
17,"Micah Kiser, Virginia (ACC)",So.,LB,12,64,53,117,9.8
18,"Armani Watts, Texas A&M (SEC)",So.,DB,13,83,43,126,9.7
18,"Micah Awe, Texas Tech (Big 12)",Sr.,LB,13,77,49,126,9.7
20,"Joseph Peterson, Georgia St. (Sun Belt)",Sr.,LB,12,70,46,116,9.7
21,"Christian Tago, San Jose St. (Mountain West)",Jr.,LB,13,68,57,125,9.6
22,"Quin Blanding, Virginia (ACC)",So.,DB,12,68,47,115,9.6
23,"Nick Gilbo, Buffalo (MAC)",Sr.,LB,12,67,46,113,9.4
24,"Anthony Walker, Northwestern (Big Ten)",So.,LB,13,64,58,122,9.4
25,"Evan McKelvey, Marshall (C-USA)",Sr.,LB,13,50,71,121,9.3
26,"Blake Dees, South Alabama (Sun Belt)",Sr.,LB,11,61,41,102,9.3
27,"Skai Moore, South Carolina (SEC)",Jr.,LB,12,69,42,111,9.3
28,"Kishawn McClain, North Texas (C-USA)",So.,DB,12,77,33,110,9.2
29,"Raekwon McMillan, Ohio St. (Big Ten)",So.,LB,13,57,62,119,9.2
30,"Donnie Miles, North Carolina (ACC)",So.,DB,14,76,52,128,9.1
31,"Jordan Simone, Arizona St. (Pac-12)",Sr.,DB,10,74,17,91,9.1
32,"T.J. Neal Jr., Illinois (Big Ten)",Jr.,LB,12,43,66,109,9.1
33,"Johnathan Ford, Auburn (SEC)",Jr.,DB,13,68,50,118,9.1
34,"Trenton Greene, Bowling Green (MAC)",Sr.,LB,14,67,60,127,9.1
35,"Shakeel Rashad, North Carolina (ACC)",Sr.,LB,14,82,44,126,9
35,"Josey Jewell, Iowa (Big Ten)",So.,LB,14,62,64,126,9
35,"Auggie Sanchez, South Fla. (AAC)",So.,RB,13,73,44,117,9
35,"Gionni Paul, Utah (Pac-12)",Sr.,LB,13,55,62,117,9
39,"Jatavis Brown, Akron ()",Sr.,LB,13,62,54,116,8.9
40,"Brandon Chubb, Wake Forest (ACC)",Sr.,LB,12,52,55,107,8.9
41,"Jerrol Garcia-Williams, Hawaii (Mountain West)",Jr.,LB,10,55,34,89,8.9
42,"Jaylon Smith, Notre Dame (FBS Independent)",Jr.,LB,13,69,45,114,8.8
42,"Dwayne Norman, Duke (ACC)",Sr.,LB,13,63,51,114,8.8
44,"Lucas Wacha, Wyoming (Mountain West)",Jr.,LB,11,46,50,96,8.7
45,"James Gray, North Texas (C-USA)",Jr.,DB,12,71,33,104,8.7
45,"Domenic Spencer, UCF (AAC)",Sr.,LB,12,49,55,104,8.7
47,"Julian Gener, Hawaii (Mountain West)",Sr.,LB,11,62,33,95,8.6
48,"Marcus Oliver, Indiana (Big Ten)",So.,LB,13,65,47,112,8.6
48,"Hardy Nickerson, California (Pac-12)",Jr.,LB,13,54,58,112,8.6
50,"Zach Cunningham, Vanderbilt (SEC)",So.,LB,12,69,34,103,8.6
50,"Jermaine Carter, Maryland (Big Ten)",So.,LB,12,66,37,103,8.6
50,"Brandon Berry, Buffalo (MAC)",Sr.,DB,12,62,41,103,8.6
53,"Ben Ingle, Ball St. (MAC)",Sr.,LB,12,46,56,102,8.5
54,"Duke Wheeler, UTSA (C-USA)",Sr.,DB,11,62,31,93,8.5
55,"Jeremy Cash, Duke (ACC)",Sr.,DB,12,57,44,101,8.4
56,"Richie Brown, Mississippi St. (SEC)",Jr.,LB,13,51,58,109,8.4
57,"Jordan Dobrich, Nevada (Mountain West)",Sr.,LB,12,58,42,100,8.3
57,"Deion Jones, LSU (SEC)",Sr.,LB,12,57,43,100,8.3
59,"Kavon Frazier, Central Mich. (MAC)",Sr.,DB,13,74,34,108,8.3
59,"Jordan Whitehead, Pittsburgh (ACC)",Fr.,DB,13,74,34,108,8.3
59,"Jordan Sterns, Oklahoma St. (Big 12)",Jr.,DB,13,71,37,108,8.3
62,"Cole Fisher, Iowa (Big Ten)",Sr.,LB,14,60,56,116,8.3
63,"Tiquan Lang, Marshall (C-USA)",Jr.,DB,11,40,51,91,8.3
64,"Cody Poock, Minnesota (Big Ten)",So.,LB,12,56,43,99,8.3
64,"Ejiro Ederaine, Fresno St. (Mountain West)",Sr.,LB,12,54,45,99,8.3
64,"Fellonte Misher, Old Dominion (C-USA)",Sr.,DB,12,48,51,99,8.3
67,"Chuck Clark, Virginia Tech (ACC)",Jr.,DB,13,65,42,107,8.2
67,"Matt Linscott, Tulsa (AAC)",Jr.,LB,13,61,46,107,8.2
67,"Keith Kelsey, Louisville (ACC)",Jr.,LB,13,57,50,107,8.2
67,"Antwione Williams, Ga. Southern (Sun Belt)",Sr.,LB,13,50,57,107,8.2
71,"Drew Douglas, UTSA (C-USA)",Sr.,LB,10,32,50,82,8.2
72,"Zeek Bigger, East Carolina (AAC)",Sr.,LB,12,51,47,98,8.2
72,"Mason Monheim, Illinois (Big Ten)",Sr.,LB,12,34,64,98,8.2
74,"Dylan Evans, Akron ()",Sr.,LB,13,66,40,106,8.2
74,"Eric Wilson, Cincinnati (AAC)",Jr.,LB,13,51,55,106,8.2
76,"Boomer Mays, NIU (MAC)",Sr.,LB,14,73,41,114,8.1
77,"Justice Davila, Old Dominion (C-USA)",So.,DB,11,41,48,89,8.1
78,"Jalen Reeves-Maybin, Tennessee (SEC)",Jr.,LB,13,66,39,105,8.1
78,"Travin Howard, TCU (Big 12)",So.,DB,13,63,42,105,8.1
78,"Asauni Rufus, Nevada (Mountain West)",Fr.,DB,13,58,47,105,8.1
78,"Joshua Perry, Ohio St. (Big Ten)",Sr.,LB,13,53,52,105,8.1
82,"Beau Fitte, Louisiana Tech (C-USA)",Sr.,LB,13,59,45,104,8
82,"Trent Martin, Tulsa (AAC)",Jr.,LB,13,59,45,104,8
82,"Eric Boggs, App State (Sun Belt)",So.,LB,13,54,50,104,8
82,"Jeremy Reaves, South Alabama (Sun Belt)",So.,DB,12,65,31,96,8
82,"Quentin Gause, Rutgers (Big Ten)",Sr.,LB,12,60,36,96,8
82,"Keanu Neal, Florida (SEC)",Jr.,DB,12,51,45,96,8
88,"Michael Johnson, ULM (Sun Belt)",Sr.,LB,13,57,46,103,7.9
88,"Andrew Adams, UConn (AAC)",Sr.,DB,13,56,47,103,7.9
88,"Asantay Brown, Western Mich. (MAC)",So.,DB,13,56,47,103,7.9
88,"Dominique Alexander, Oklahoma (Big 12)",Jr.,LB,13,54,49,103,7.9
92,"Sean Wiggins, Ball St. (MAC)",Jr.,LB,12,48,47,95,7.9
92,"Shane Huber, Massachusetts (MAC)",Jr.,LB,12,39,56,95,7.9
94,"Antonio Johnson, Minnesota (Big Ten)",Sr.,DB,13,59,43,102,7.8
94,"Brooks Ellis, Arkansas (SEC)",Jr.,LB,13,45,57,102,7.8
94,"Jake Ganus, Georgia (SEC)",Sr.,LB,13,44,58,102,7.8
97,"Azeez Al-Shaair, Fla. Atlantic (C-USA)",Fr.,LB,12,50,44,94,7.8
98,"Peyton Pelluer, Washington St. (Pac-12)",So.,LB,13,57,44,101,7.8
98,"Devon Edwards, Duke (ACC)",Jr.,DB,13,50,51,101,7.8
98,"Kevin Davis, Colorado St. (Mountain West)",Jr.,LB,13,48,53,101,7.8
101,"Jayon Brown, UCLA (Pac-12)",Jr.,LB,12,57,36,93,7.8
101,"Alvin Jones, UTEP (C-USA)",So.,LB,12,48,45,93,7.8
101,"Michael Scherer, Missouri (SEC)",Jr.,LB,12,47,46,93,7.8
101,"Derek Ibekwe, New Mexico St. (Sun Belt)",So.,LB,12,41,52,93,7.8
101,"Josh Forrest, Kentucky (SEC)",Sr.,LB,12,39,54,93,7.8
106,"Maurice McKnight, San Jose St. (Mountain West)",So.,DB,13,74,26,100,7.7
106,"Tarris Batiste, Georgia St. (Sun Belt)",Sr.,DB,13,67,33,100,7.7
106,"Jason Cabinda, Penn St. (Big Ten)",So.,LB,13,39,61,100,7.7
109,"Andrew King, Army West Point (FBS Independent)",Jr.,LB,12,55,37,92,7.7
109,"Jeremy Timpf, Army West Point (FBS Independent)",Jr.,LB,12,49,43,92,7.7
111,"Salamo Fiso, Arizona St. (Pac-12)",Jr.,LB,13,78,21,99,7.6
111,"Beniquez Brown, Mississippi St. (SEC)",Jr.,LB,13,48,51,99,7.6
113,"Nate Gaines, UTSA (C-USA)",So.,DB,10,48,28,76,7.6
114,"T.J. McCollum, Western Ky. (C-USA)",So.,LB,14,69,37,106,7.6
114,"Riley Bullough, Michigan St. (Big Ten)",Jr.,RB,14,48,58,106,7.6
116,"Marcus Epps, Wyoming (Mountain West)",So.,DB,11,59,24,83,7.5
116,"Jordan Evans, Oklahoma (Big 12)",Jr.,LB,11,49,34,83,7.5
118,"Jordan Burton, Oklahoma St. (Big 12)",Jr.,LB,13,63,35,98,7.5
119,"Marlon Moore, NIU (MAC)",Sr.,DB,14,67,38,105,7.5
119,"Joe Colton, Massachusetts (MAC)",Sr.,DB,12,43,47,90,7.5
121,"Christian Sam, Arizona St. (Pac-12)",So.,LB,13,69,28,97,7.5
121,"Jeremiah Allison, Washington St. (Pac-12)",Sr.,LB,13,63,34,97,7.5
121,"Grant Campbell, Baylor (Big 12)",Sr.,LB,13,63,34,97,7.5
121,"Dakota Cox, New Mexico (Mountain West)",Jr.,LB,13,49,48,97,7.5
125,"Kent Kern, Miami (OH) (MAC)",Sr.,LB,11,44,38,82,7.5
126,"Matt Dellinger, Kent St. (MAC)",Sr.,LB,12,36,53,89,7.4
127,"Kris Frost, Auburn (SEC)",Sr.,LB,13,36,60,96,7.4
128,"D'Nerius Antoine, Southern Miss. (C-USA)",Jr.,DB,14,75,28,103,7.4
128,"Antonio Morrison, Florida (SEC)",Sr.,LB,14,42,61,103,7.4
130,"Sean Davis, Maryland (Big Ten)",Sr.,DB,12,70,18,88,7.3
130,"Leroy Clark, Purdue (Big Ten)",Jr.,DB,12,54,34,88,7.3
130,"Chase Murdock, Toledo (MAC)",Sr.,LB,12,51,37,88,7.3
130,"Anthony Wint, FIU (C-USA)",So.,LB,12,41,47,88,7.3
134,"Azeem Victor, Washington (Pac-12)",So.,LB,13,59,36,95,7.3
134,"Dre Greenlaw, Arkansas (SEC)",Fr.,LB,13,46,49,95,7.3
136,"Jared Norris, Utah (Pac-12)",Sr.,LB,12,50,37,87,7.3
136,"Rommel Mageo, Oregon St. (Pac-12)",Jr.,LB,12,47,40,87,7.3
136,"Broc Westlake, Idaho (Sun Belt)",Sr.,LB,12,47,40,87,7.3
136,"Joe Walker, Oregon (Pac-12)",Sr.,LB,12,46,41,87,7.3
136,"Dakota Allen, Texas Tech (Big 12)",Fr.,LB,12,45,42,87,7.3
141,"Reggie Northrup, Florida St. (ACC)",Sr.,LB,13,45,49,94,7.2
142,"B.J. Goodson, Clemson (ACC)",Sr.,LB,15,59,49,108,7.2
143,"Qujuan Floyd, Iowa St. (Big 12)",Sr.,DB,11,51,28,79,7.2
144,"Joe Dineen, Jr., Kansas (Big 12)",So.,LB,12,66,20,86,7.2
145,"Zach Edwards, Cincinnati (AAC)",Jr.,DB,13,63,30,93,7.2
145,"Chad Whitener, Oklahoma St. (Big 12)",So.,LB,13,58,35,93,7.2
145,"Junior Joseph, UConn (AAC)",So.,LB,13,40,53,93,7.2
148,"Xavier Woodson, Arkansas St. (Sun Belt)",Jr.,LB,10,41,30,71,7.1
149,"Ryan McAleenan, UNLV (Mountain West)",Jr.,LB,12,52,33,85,7.1
149,"Okezie Alozie, Buffalo (MAC)",Sr.,DB,12,46,39,85,7.1
149,"Jacob Nwangwa, New Mexico St. (Sun Belt)",So.,DB,12,42,43,85,7.1
