Rank,Player,Cl,Pos,G,FF,FFPG
1,"Felix Anudike-Uzomah, Kansas St. (Big 12)",So.,DE,13,6,0.46
1,"Isaiah Foskey, Notre Dame (FBS Independent)",Jr.,DL,13,6,0.46
1,"Arron Mosby, Fresno St. (Mountain West)",Sr.,DE,13,6,0.46
4,"Michael McMorris, Navy (AAC)",Sr.,DB,12,5,0.42
5,"Jordan Lee, Nevada (Mountain West)",Sr.,DB,13,5,0.38
5,"Will McDonald, Iowa St. (Big 12)",Jr.,DE,13,5,0.38
5,"Darius Muasau, Hawaii (Mountain West)",Jr.,LB,13,5,0.38
8,"Santrell Latham, Southern Miss. (C-USA)",Jr.,LB,11,4,0.36
9,"Nick Heninger, Utah St. (Mountain West)",Sr.,DE,14,5,0.36
9,"David Ojabo, Michigan (Big Ten)",Jr.,LB,14,5,0.36
11,"Mitchell Agude, UCLA (Pac-12)",Sr.,LB,12,4,0.33
11,"DeWayne Carter, Duke (ACC)",So.,DL,12,4,0.33
11,"Elijah Hicks, California (Pac-12)",Sr.,S,12,4,0.33
11,"Kyron Johnson, Kansas (Big 12)",Sr.,DE,12,4,0.33
11,"Issiah Nixon, Texas St. (Sun Belt)",Fr.,LB,12,4,0.33
11,"Scott Patchan, Colorado St. (Mountain West)",Sr.,DL,12,4,0.33
11,"Marcus Valdez, Boston College (ACC)",Sr.,DE,9,3,0.33
18,"Chance Campbell, Ole Miss (SEC)",Sr.,LB,13,4,0.31
18,"Andre Carter II, Army West Point (FBS Independent)",Jr.,LB,13,4,0.31
18,"Cam Goode, UCF (AAC)",Jr.,DL,13,4,0.31
18,"D'Anthony Jones, Houston (AAC)",Jr.,DL,13,4,0.31
18,"Alonzo McCoy, Central Mich. (MAC)",Sr.,DB,13,4,0.31
18,"Vince Sanford, Air Force (Mountain West)",Jr.,LB,13,4,0.31
18,"Sam Williams, Ole Miss (SEC)",Sr.,DL,13,4,0.31
25,"DeAngelo Malone, Western Ky. (C-USA)",Sr.,DE,14,4,0.29
25,"Malcolm Rodriguez, Oklahoma St. (Big 12)",Sr.,LB,14,4,0.29
27,"Jack Jones, Arizona St. (Pac-12)",Sr.,DB,11,3,0.27
27,"Teagan Wilk, East Carolina (AAC)",Fr.,S,11,3,0.27
29,"Turner Coxe, SMU (AAC)",Sr.,DE,12,3,0.25
29,"Jordan Domineck, Georgia Tech (ACC)",So.,DL,12,3,0.25
29,"Viliami Fehoko, San Jose St. (Mountain West)",Jr.,DL,12,3,0.25
29,"Gerrell Johnson, Massachusetts (FBS Independent)",Fr.,LB,12,3,0.25
29,"George Karlaftis, Purdue (Big Ten)",Jr.,DE,12,3,0.25
29,"Jackson Mitchell, UConn (FBS Independent)",Jr.,LB,12,3,0.25
29,"R.J. Oben, Duke (ACC)",So.,DL,12,3,0.25
29,"Chris Ojoh, New Mexico St. (FBS Independent)",Jr.,LB,12,3,0.25
29,"Luke Reimer, Nebraska (Big Ten)",So.,LB,12,3,0.25
29,"Isaiah Thomas, Oklahoma (Big 12)",Sr.,DL,12,3,0.25
