Rank,Player,Cl,Pos,G,FF,FFPG
1,"Felix Small, N.C. Central (MEAC)",Sr.,DL,12,7,0.58
2,"Roper Garrett, Southeast Mo. St. (OVC)",So.,LB,9,5,0.56
3,"Justin Wheat, Texas Southern (SWAC)",Sr.,DL,11,6,0.55
4,"Quinn Backus, Coastal Carolina (Big South)",Sr.,LB,13,6,0.46
4,"Sage Harold, James Madison (CAA)",Sr.,DL,13,6,0.46
6,"Zack Wagenmann, Montana (Big Sky)",Sr.,DL,14,6,0.43
7,"Brandon Lee, James Madison (CAA)",Sr.,DL,13,5,0.38
8,"Tim Wienclaw, Rhode Island (CAA)",Jr.,DB,11,4,0.36
9,"Don Cherry, Villanova (CAA)",Jr.,LB,14,5,0.36
10,"Asia Bolling, Central Conn. St. (NEC)",So.,DL,12,4,0.33
10,"Cornelius Henderson, Jackson St. (SWAC)",So.,DL,12,4,0.33
10,"TJ Idowu, UAlbany (CAA)",Sr.,DB,12,4,0.33
10,"Miles Killebrew, Southern Utah (Big Sky)",Jr.,DB,12,4,0.33
10,"Trey Morgan, Western Caro. (SoCon)",So.,DB,12,4,0.33
10,"Donovan Walker, Rhode Island (CAA)",Sr.,DB,12,4,0.33
16,"Kionta Davis, Chattanooga (SoCon)",So.,DL,13,4,0.31
17,"Jacob Hagen, Liberty (Big South)",Sr.,DB,14,4,0.29
17,"Reggie Paris, Villanova (CAA)",Jr.,DL,14,4,0.29
17,"Connor Underwood, Indiana St. (MVFC)",Jr.,LB,14,4,0.29
20,"Marques Barron, UC Davis (Big Sky)",Sr.,DL,11,3,0.27
20,"Antonio Brown, N.C. Central (MEAC)",Fr.,DL,11,3,0.27
20,"Ace Clark, Western Caro. (SoCon)",Sr.,DB,11,3,0.27
20,"Le'Trey Jones, Mississippi Val. (SWAC)",Jr.,DB,11,3,0.27
20,"Alec May, Georgetown (Patriot)",Sr.,DL,11,3,0.27
20,"Jeremiah Russell, Mississippi Val. (SWAC)",Sr.,DL,11,3,0.27
26,"Tevin Allen, Illinois St. (MVFC)",Sr.,DB,15,4,0.27
27,"Chinedu Ahanonu, Southern Utah (Big Sky)",So.,LB,12,3,0.25
27,"Ugonna Awuruonye, Campbell (Pioneer)",Jr.,DL,12,3,0.25
27,"Germaine Calmes, Alabama A&M (SWAC)",Jr.,LB,12,3,0.25
27,"James Cowser, Southern Utah (Big Sky)",Jr.,DL,12,3,0.25
27,"Joe Crochet, The Citadel (SoCon)",So.,LB,12,3,0.25
27,"Tavarus Dantzler, Bethune-Cookman (MEAC)",Sr.,LB,12,3,0.25
27,"Ryan Delaire, Towson (CAA)",Sr.,DL,12,3,0.25
27,"D'Vonte Grant, N.C. A&T (MEAC)",Sr.,LB,12,3,0.25
27,"Simba Gwashavanhu, Delaware (CAA)",So.,DB,12,3,0.25
27,"P. J. Hall, Sam Houston (Southland)",Fr.,DL,16,4,0.25
27,"Javon Hargrave, South Carolina St. (MEAC)",Jr.,DL,12,3,0.25
27,"Ronnie Jones Jr., Lamar University (Southland)",Jr.,LB,12,3,0.25
27,"Kris Kent, Colgate (Patriot)",Sr.,LB,12,3,0.25
27,"Chris Landrum, Jacksonville St. (OVC)",Jr.,DL,12,3,0.25
27,"Dustin Martin, Weber St. (Big Sky)",Jr.,DL,12,3,0.25
27,"Midoho Okpokowuruk, Tennessee Tech (OVC)",Jr.,DL,12,3,0.25
27,"Jonathan Petersen, San Diego (Pioneer)",Fr.,DL,12,3,0.25
27,"Tre Reed, William & Mary (CAA)",So.,DB,12,3,0.25
27,"Harrison Reid, Tennessee Tech (OVC)",Jr.,DL,12,3,0.25
27,"Garrett Reineke, North Dakota (Big Sky)",Sr.,LB,12,3,0.25
27,"Ryan Smith, Holy Cross (Patriot)",Jr.,LB,12,3,0.25
27,"Lorenz Suttles, N.C. A&T (MEAC)",So.,LB,12,3,0.25
27,"Austin Tallant, Tennessee Tech (OVC)",Sr.,DB,12,3,0.25
27,"Gary Wilkins, Furman (SoCon)",Sr.,DL,12,3,0.25
