Rank,Player,Cl,Pos,G,FF,FFPG
1,"Jonathan Dowling, Western Ky. (Sun Belt)",Jr.,DB,12,6,0.50
2,"Jayrone Elliott, Toledo (MAC)",Sr.,DL,12,5,0.42
2,"Brandon Golson, West Virginia (Big 12)",---,BUCK,12,5,0.42
2,"Chidera Uzo-Diribe, Colorado (Pac-12)",Sr.,DL,12,5,0.42
5,"Anthony Barr, UCLA (Pac-12)",Sr.,LB,13,5,0.38
5,"Kenny Ladler, Vanderbilt (SEC)",Sr.,DB,13,5,0.38
5,"Khalil Mack, Buffalo (MAC)",Sr.,LB,13,5,0.38
5,"Jamal Palmer, Baylor (Big 12)",So.,DL,13,5,0.38
5,"Cedric Reed, Texas (Big 12)",Jr.,DL,13,5,0.38
10,"Jordan Batiste, Tulane (C-USA)",So.,DB,12,4,0.33
10,"Damontae Kazee, San Diego St. (Mountain West)",Fr.,DB,12,4,0.33
10,"Dede Lattimore, South Fla. (AAC)",Sr.,LB,12,4,0.33
13,"Vic Beasley, Clemson (ACC)",Jr.,DL,13,4,0.31
13,"Theiren Cockran, Minnesota (Big Ten)",So.,DL,13,4,0.31
13,"Aaron Donald, Pittsburgh (ACC)",Sr.,DL,13,4,0.31
13,"Tajh Hasson, UNLV (Mountain West)",Jr.,DB,13,4,0.31
13,"Ryan Mueller, Kansas St. (Big 12)",Jr.,DL,13,4,0.31
13,"Marcus Smith, Louisville (AAC)",Sr.,DL,13,4,0.31
13,"Tony Washington, Oregon (Pac-12)",Jr.,DL,13,4,0.31
20,"Forisse Hardin, Indiana (Big Ten)",Jr.,LB,10,3,0.30
20,"Randall Joyner, SMU (AAC)",Sr.,LB,10,3,0.30
20,"Dearco Nolan, Middle Tenn. (C-USA)",Sr.,DL,10,3,0.30
23,"Shaquil Barrett, Colorado St. (Mountain West)",Sr.,LB,14,4,0.29
23,"Ryan Shazier, Ohio St. (Big Ten)",Jr.,LB,14,4,0.29
25,"Brett Bowers, New Mexico (Mountain West)",Jr.,DL,11,3,0.27
25,"Isaiah Bruce, West Virginia (Big 12)",So.,LB,11,3,0.27
25,"Serderius Bryant, Ole Miss (SEC)",Jr.,LB,11,3,0.27
25,"Trey Flowers, Arkansas (SEC)",Jr.,DL,11,3,0.27
25,"Merrill Noel, Wake Forest (ACC)",Jr.,DB,11,3,0.27
25,"Jared Tevis, Arizona (Pac-12)",Jr.,DB,11,3,0.27
31,"Brenden Daley, Hawaii (Mountain West)",Sr.,LB,12,3,0.25
31,"Dante Fowler, Jr., Florida (SEC)",So.,LB,12,3,0.25
31,"Jeremiah George, Iowa St. (Big 12)",Sr.,LB,12,3,0.25
31,"Chris Hackett, TCU (Big 12)",So.,DB,12,3,0.25
31,"Greg Hickman, FIU (C-USA)",Sr.,DL,12,3,0.25
31,"Brendan Kelly, Wisconsin (Big Ten)",Sr.,LB,12,3,0.25
31,"Demarcus Lawrence, Boise St. (Mountain West)",Jr.,DL,12,3,0.25
31,"Terris Lewis, Troy (Sun Belt)",Fr.,LB,12,3,0.25
31,"Tyler Matakevich, Temple (AAC)",So.,LB,12,3,0.25
31,"Trashaun Nixon, New Mexico St. (FBS Independent)",Sr.,LB,12,3,0.25
31,"C.J. Olaniyan, Penn St. (Big Ten)",Jr.,DL,12,3,0.25
31,"Mike Orakpo, Texas St. (Sun Belt)",Jr.,LB,12,3,0.25
31,"Nate Orchard, Utah (Pac-12)",Jr.,DL,12,3,0.25
31,"Tyler Roberts, Troy (Sun Belt)",So.,DL,12,3,0.25
31,"Victor Simmons, Kansas (Big 12)",Jr.,DB,12,3,0.25
31,"Christian Smith, Toledo (MAC)",Sr.,DL,12,3,0.25
31,"Junior Sylvestre, Toledo (MAC)",Jr.,DB,12,3,0.25
31,"Earnest Thomas III, Illinois (Big Ten)",Jr.,DB,12,3,0.25
31,"Michael Ugenyi, Army West Point (FBS Independent)",Jr.,DL,12,3,0.25
31,"Mitch Villemez, Louisiana Tech (C-USA)",Jr.,LB,12,3,0.25
31,"Dexter Walker, Air Force (Mountain West)",So.,DB,12,3,0.25
