Rank,Player,Cl,Pos,G,FF,FFPG
1,"Nick Eaton, UC Davis (Big Sky)",Fr.,LB,12,5,0.42
1,"Jayden Pauling, Western Caro. (SoCon)",So.,LB,12,5,0.42
3,"Dytarious Johnson, Eastern Ill. (OVC)",Jr.,LB,11,4,0.36
4,"Eli Mencer, UAlbany (CAA)",Sr.,RB,14,5,0.36
5,"Kama Kamaka, San Diego (Pioneer)",Jr.,DB,12,4,0.33
5,"Sully Laiche, Nicholls (Southland)",Sr.,DL,12,4,0.33
5,"Elerson Smith, UNI (MVFC)",Jr.,TE,15,5,0.33
8,"Nasir Darnell, Harvard (Ivy League)",Jr.,DL,10,3,0.30
8,"Jordan Hill, Harvard (Ivy League)",Sr.,LB,10,3,0.30
10,"Robert Brown, Bryant (NEC)",Sr.,LB,11,3,0.27
10,"Christian Cantrell, Tennessee Tech (OVC)",Fr.,DL,11,3,0.27
10,"Keonte' Daniels, Mississippi Val. (SWAC)",Jr.,DB,11,3,0.27
10,"Irshaad Davis, Alabama St. (SWAC)",Fr.,DB,11,3,0.27
10,"Jerry Garner, Mississippi Val. (SWAC)",Jr.,DB,11,3,0.27
10,"Jeremiah Johnson, Jacksonville (Pioneer)",Sr.,DB,11,3,0.27
10,"Marquies Price, Alabama A&M (SWAC)",Jr.,DL,11,3,0.27
10,"Tracy Thompkins, Mississippi Val. (SWAC)",Sr.,DB,11,3,0.27
10,"Brendan Thompson, Duquesne (NEC)",Sr.,LB,11,3,0.27
10,"Drew Wiley, Villanova (CAA)",Sr.,LB,11,3,0.27
20,"Harrison Beemiller, Northern Ariz. (Big Sky)",Jr.,LB,12,3,0.25
20,"Jamari Booker, Valparaiso (Pioneer)",Sr.,DB,12,3,0.25
20,"Marlon Bridges, Jacksonville St. (OVC)",Sr.,DB,12,3,0.25
20,"Bryce Carter, Towson (CAA)",Jr.,DL,12,3,0.25
20,"Dariyn Choates, Sacramento St. (Big Sky)",Sr.,DL,12,3,0.25
20,"Mar'Kel Cooks, UIW (Southland)",Sr.,LB,12,3,0.25
20,"Daniel Crosley, Lamar University (Southland)",Sr.,DL,12,3,0.25
20,"John Daka, James Madison (CAA)",Sr.,DL,16,4,0.25
20,"Martin Foray, Jr., Saint Francis (PA) (NEC)",Jr.,DB,12,3,0.25
20,"Cameron Gill, Wagner (NEC)",Sr.,LB,12,3,0.25
20,"Gavin Heslop, Stony Brook (CAA)",Sr.,DB,12,3,0.25
20,"Kameron Hill, Abilene Christian (Southland)",Jr.,DL,12,3,0.25
20,"Luke Holloway, Idaho St. (Big Sky)",Sr.,LB,12,3,0.25
20,"Devon King, UC Davis (Big Sky)",So.,DB,12,3,0.25
20,"Chris Livings, McNeese (Southland)",Sr.,DL,12,3,0.25
20,"Lacale London, Western Ill. (MVFC)",Sr.,DL,12,3,0.25
20,"Marco Olivas, Lafayette (Patriot)",Fr.,LB,12,3,0.25
20,"Aaron Patrick, Eastern Ky. (OVC)",Sr.,DL,12,3,0.25
20,"Adrian Portlock, Alabama A&M (SWAC)",Jr.,DB,12,3,0.25
20,"Ja'Quay Pough, Northwestern St. (Southland)",Jr.,LB,12,3,0.25
20,"Donnell Rodgers, North Dakota (FCS Independent)",Sr.,LB,12,3,0.25
20,"Nick Salley, Charleston So. (Big South)",Sr.,DL,12,3,0.25
20,"Royce See, Sam Houston (Southland)",Sr.,LB,12,3,0.25
20,"Billy Shaeffer, Lafayette (Patriot)",So.,LB,12,3,0.25
20,"Makye Smith, Stony Brook (CAA)",So.,DL,12,3,0.25
20,"Desmond Sturdivant, Hampton (Big South)",Sr.,DL,12,3,0.25
20,"Carson Taylor, Northern Ariz. (Big Sky)",Jr.,DL,12,3,0.25
20,"Joseph Wallace, Sam Houston (Southland)",Jr.,DL,12,3,0.25
20,"Kayon Whitaker, Maine (CAA)",Sr.,DL,12,3,0.25
20,"Chris Williams, Wagner (NEC)",Sr.,DL,12,3,0.25
20,"Tomas Wright, Bryant (NEC)",Sr.,DL,12,3,0.25
