Rank,Player,Cl,Pos,G,FF,FFPG
1,"Ben DeLuca, Charlotte (C-USA)",So.,DB,11,5,0.45
2,"Dante Sawyer, South Carolina (SEC)",Sr.,DL,12,5,0.42
2,"Anthony Winbush, Ball St. (MAC)",Sr.,DL,12,5,0.42
4,"Jawuan Johnson, NIU (MAC)",Sr.,DB,13,5,0.38
5,"Brody Hoying, Eastern Mich. (MAC)",So.,DB,11,4,0.36
5,"Shamad Lomax, New Mexico St. (Independent)",So.,DB,11,4,0.36
5,"Joe Ostman, Central Mich. (MAC)",Sr.,DL,11,4,0.36
8,"Jermaine Carter, Maryland (Big Ten)",Sr.,LB,12,4,0.33
8,"James Crawford, Illinois (Big Ten)",Sr.,LB,9,3,0.33
8,"Maxx Crosby, Eastern Mich. (MAC)",So.,DL,12,4,0.33
8,"Russell Farris, Louisiana Tech (C-USA)",Sr.,LB,12,4,0.33
8,"James Hearns, Louisville (ACC)",Sr.,DB,12,4,0.33
8,"De'Andre Montgomery, Miami (OH) (MAC)",Jr.,DB,9,3,0.33
8,"Malik Reed, Nevada (Mountain West)",Jr.,DL,12,4,0.33
8,"Debione Renfro, Texas A&M (SEC)",Fr.,,12,4,0.33
8,"Grant Ross, Air Force (Mountain West)",Sr.,LB,12,4,0.33
8,"Asauni Rufus, Nevada (Mountain West)",Jr.,DB,9,3,0.33
8,"Rashaad Townes, App State (Sun Belt)",Sr.,LB,12,4,0.33
8,"Oshane Ximines, Old Dominion (C-USA)",Jr.,DL,12,4,0.33
20,"Paddy Fisher, Northwestern (Big Ten)",Fr.,LB,13,4,0.31
20,"Joe Gaziano, Northwestern (Big Ten)",So.,DL,13,4,0.31
20,"Justus Parker, Texas Tech (Big 12)",So.,DB,13,4,0.31
20,"Kylan Wilborn, Arizona (Pac-12)",Fr.,DL,13,4,0.31
24,"Stanley Green, Illinois (Big Ten)",So.,DB,10,3,0.30
24,"Avonte Maddox, Pittsburgh (ACC)",Sr.,DB,10,3,0.30
26,"Jeff Holland, Auburn (SEC)",Jr.,LB,14,4,0.29
26,"Leighton Vander Esch, Boise St. (Mountain West)",Jr.,LB,14,4,0.29
28,"Eric Banks, UTSA (C-USA)",So.,DL,11,3,0.27
28,"Marcus Davenport, UTSA (C-USA)",Sr.,DL,11,3,0.27
28,"Jordan Wyatt, SMU (AAC)",Jr.,DB,11,3,0.27
31,"Zayne Anderson, BYU (FBS Independent)",Jr.,DB,12,3,0.25
31,"Dorance Armstrong Jr., Kansas (Big 12)",Jr.,DL,12,3,0.25
31,"Thomas Barber, Minnesota (Big Ten)",So.,LB,12,3,0.25
31,"Tre Bell, UConn (AAC)",Sr.,DB,12,3,0.25
31,"Chase Christiansen, Utah St. (Mountain West)",Jr.,LB,12,3,0.25
31,"Bradley Chubb, NC State (ACC)",Sr.,DL,12,3,0.25
31,"Aikeem Coleman, Idaho (Sun Belt)",Sr.,DL,12,3,0.25
31,"Deshon Elliott, Texas (Big 12)",Jr.,DB,12,3,0.25
31,"Rashaan Gaulden, Tennessee (SEC)",Jr.,DB,12,3,0.25
31,"Brandon Harris, Bowling Green (MAC)",Jr.,DB,12,3,0.25
31,"Marquis Haynes, Ole Miss (SEC)",Sr.,DL,12,3,0.25
31,"D'Juan Hines, Houston (AAC)",Sr.,LB,12,3,0.25
31,"Alvin Jones, UTEP (C-USA)",Sr.,LB,12,3,0.25
31,"David Konowalski, Bowling Green (MAC)",Jr.,DL,12,3,0.25
31,"Nigel Lawrence, South Alabama (Sun Belt)",Jr.,DB,12,3,0.25
31,"Santos Ramirez, Arkansas (SEC)",Jr.,DB,12,3,0.25
31,"Jeremy Reaves, South Alabama (Sun Belt)",Sr.,DB,12,3,0.25
31,"Ja'Von Rolland-Jones, Arkansas St. (Sun Belt)",Sr.,DL,12,3,0.25
31,"Nigel Warrior, Tennessee (SEC)",So.,DB,12,3,0.25
31,"Tito Windham, Memphis (AAC)",Jr.,DB,12,3,0.25
