Rank,Player,Cl,Pos,G,FF,FFPG
1,"Nate Lynn, William & Mary (CAA)",Jr.,DL,10,6,0.60
2,"Michael Lawson, Western Ill. (MVFC)",Sr.,DB,11,6,0.55
2,"Josiah Silver, New Hampshire (CAA)",Fr.,DE,11,6,0.55
4,"James Houston, Jackson St. (SWAC)",Sr.,LB,13,7,0.54
5,"Dathan Hickey, Yale (Ivy League)",Sr.,DB,8,4,0.50
6,"Isaiah Chambers, McNeese (Southland)",Sr.,DL,11,5,0.45
7,"Markquese Bell, Florida A&M (SWAC)",Sr.,DB,12,5,0.42
8,"Tim Walton, Texas Southern (SWAC)",Sr.,DE,10,4,0.40
9,"Charles Akanno, Idaho (Big Sky)",Sr.,LB,11,4,0.36
9,"James Conway, Fordham (Patriot)",Fr.,LB,11,4,0.36
9,"Christian Dixon, Towson (CAA)",Sr.,LB,11,4,0.36
9,"Xavier Toliver, Houston Christian (Southland)",Fr.,S,11,4,0.36
9,"Oshea Trujillo, Idaho St. (Big Sky)",Sr.,LB,11,4,0.36
14,"Myles Heard, SFA (WAC)",Jr.,DB,12,4,0.33
14,"Mason King, Hampton (Big South)",So.,LB,9,3,0.33
14,"Kevin Peprah, Sacred Heart (NEC)",Sr.,DL,12,4,0.33
14,"Elijah Reed, South Dakota (MVFC)",Sr.,DB,12,4,0.33
14,"Tylar Wiltz, Missouri St. (MVFC)",Sr.,LB,12,4,0.33
19,"Kelechi Anyalebechi, UIW (Southland)",Sr.,LB,13,4,0.31
19,"Patrick O'Connell, Montana (Big Sky)",Jr.,LB,13,4,0.31
21,"Sundiata Anderson, Grambling (SWAC)",Jr.,DL,10,3,0.30
21,"Ray Anderson, Southern U. (SWAC)",Sr.,LB,10,3,0.30
21,"Ohmante Jenkins, Hampton (Big South)",Jr.,DL,10,3,0.30
21,"Delano Salgado, Georgetown (Patriot)",Sr.,DB,10,3,0.30
21,"Garrett Sayegh, Charleston So. (Big South)",Sr.,LB,10,3,0.30
26,"Milton Braasch II, Colgate (Patriot)",Sr.,LB,11,3,0.27
26,"Cole Coleman, Elon (CAA)",Jr.,DB,11,3,0.27
26,"Eddie Heckard, Weber St. (Big Sky)",So.,CB,11,3,0.27
26,"Jordan Jackson, Stony Brook (CAA)",So.,DB,11,3,0.27
26,"VJ Malo, Portland St. (Big Sky)",Jr.,DL,11,3,0.27
26,"Bryce Norman, Southeast Mo. St. (OVC)",Fr.,LB,11,3,0.27
26,"Jay Person, Chattanooga (SoCon)",So.,LB,11,3,0.27
26,"Ryan Poole, William & Mary (CAA)",Jr.,DB,11,3,0.27
26,"Eric Samuta, Murray St. (OVC)",Jr.,LB,11,3,0.27
26,"George Tarlas, Weber St. (Big Sky)",Jr.,DE,11,3,0.27
36,"Patrick GODBOLT, South Carolina St. (MEAC)",So.,DL,12,3,0.25
36,"Marcus Hawkins, Sacramento St. (Big Sky)",Sr.,LB,12,3,0.25
36,"Isaiah Land, Florida A&M (SWAC)",Jr.,LB,12,3,0.25
