Rank,Player,Cl,Pos,G,FF,FFPG
1,"Niko Kvietkus, New Hampshire (CAA)",Jr.,DT,1,1,1.00
1,"Titus Leo, Wagner (NEC)",Jr.,LB,2,2,1.00
3,"Dustin Grein, Cal Poly (Big Sky)",So.,DE,3,2,0.67
3,"Storey Jackson, Prairie View (SWAC)",Sr.,,3,2,0.67
3,"Troy James, Prairie View (SWAC)",Sr.,NT,3,2,0.67
3,"Sam Kamara, Stony Brook (CAA)",Sr.,DL,3,2,0.67
3,"Bryce Turner, Prairie View (SWAC)",Jr.,HWR,3,2,0.67
8,"Isaac Peppers, Ark.-Pine Bluff (SWAC)",Jr.,LB,5,3,0.60
9,"Colton Adams, Alabama St. (SWAC)",So.,LB,4,2,0.50
9,"Chris Campbell, Stony Brook (CAA)",Jr.,LB,4,2,0.50
9,"Declan Carr, Drake (Pioneer)",Jr.,LB,4,2,0.50
9,"BJ DAVIS, South Carolina St. (MEAC)",So.,,4,2,0.50
9,"Carline Davis, Southern U. (SWAC)",Fr.,DB,4,2,0.50
9,"Tyler Flick, Colgate (Patriot)",So.,LB,2,1,0.50
9,"Deion Harry, Howard (MEAC)",So.,DL,2,1,0.50
9,"Devonnsha Maxwell, Chattanooga (SoCon)",Jr.,DL,4,2,0.50
9,"Elijah Reed, South Dakota (MVFC)",Sr.,DB,4,2,0.50
9,"Jomard Valsin Jr., Northwestern St. (Southland)",Jr.,LB,6,3,0.50
19,"La'akea Kaho'ohanohano-Davis, Southern Utah (Big Sky)",Jr.,DB,5,2,0.40
19,"Jahari Kay, Sam Houston (Southland)",Sr.,DL,10,4,0.40
19,"Micheal Mason, Wofford (SoCon)",So.,DL,5,2,0.40
19,"Alexander Shaw, Jackson St. (SWAC)",Sr.,DB,5,2,0.40
19,"Desmond Williams, Weber St. (Big Sky)",Jr.,DB,5,2,0.40
24,"Darin Davenport, Central Ark. (Southland)",So.,LB,8,3,0.38
25,"Tremayne Booker, Gardner-Webb (Big South)",Jr.,DL,3,1,0.33
25,"Jack Bush, Lehigh (Patriot)",So.,DB,3,1,0.33
25,"Jeremiah Caine, Mississippi Val. (SWAC)",Jr.,DL,3,1,0.33
25,"Trimarcus Cheeks, Samford (SoCon)",So.,LB,6,2,0.33
25,"Dean Colton, Lehigh (Patriot)",So.,DL,3,1,0.33
25,"Aaron Cooper, Cal Poly (Big Sky)",Jr.,LB,3,1,0.33
25,"Jaumonie Crain, Jackson St. (SWAC)",Jr.,,6,2,0.33
25,"Tyler Crist, William & Mary (CAA)",Sr.,LB,3,1,0.33
25,"Keonte' Daniels, Mississippi Val. (SWAC)",Sr.,DB,3,1,0.33
25,"Di'Andre Davis, ETSU (SoCon)",Fr.,LB,6,2,0.33
25,"Sebastian Delasoudas, Rhode Island (CAA)",So.,OL,3,1,0.33
25,"Kolin Demens, Maine (CAA)",Fr.,LB,3,1,0.33
25,"Jerry Garner, Mississippi Val. (SWAC)",Sr.,DB,3,1,0.33
25,"Darian Green, Idaho St. (Big Sky)",Jr.,LB,6,2,0.33
25,"Jalen Greene, Elon (CAA)",Sr.,DB,6,2,0.33
25,"Malik Hamm, Lafayette (Patriot)",Jr.,DL,3,1,0.33
25,"Myles Heard, SFA (Southland)",So.,DB,9,3,0.33
25,"Muhindo Kapapa, San Diego (Pioneer)",Jr.,DL,6,2,0.33
25,"TyGee Leach, Lehigh (Patriot)",So.,DB,3,1,0.33
25,"Justin Nutof, Western Ill. (MVFC)",Sr.,DB,6,2,0.33
25,"Desmond Obi, Prairie View (SWAC)",So.,DE,3,1,0.33
25,"Jaxon Peifer, Valparaiso (Pioneer)",Jr.,LB,6,2,0.33
25,"Wyatt Rohmer, Lamar University (Southland)",Fr.,DB,6,2,0.33
25,"Alex Santiago, Campbell (Big South)",So.,LB,3,1,0.33
25,"Jamar Shegog, Robert Morris (Big South)",Fr.,LB,3,1,0.33
25,"Makye Smith, Stony Brook (CAA)",Jr.,DL,3,1,0.33
25,"Lance Vecchio, Cal Poly (Big Sky)",Sr.,LB,3,1,0.33
25,"Devalon Whitcomb, South Dakota (MVFC)",Sr.,DL,3,1,0.33
53,"JaQuez Akins, UT Martin (OVC)",Sr.,DB,7,2,0.29
53,"Jared Brinkman, UNI (MVFC)",Sr.,DL,7,2,0.29
53,"Herman Christophe, Southeastern La. (Southland)",So.,LB,7,2,0.29
53,"Grant Dixon, Youngstown St. (MVFC)",Sr.,LB,7,2,0.29
53,"Chris Edmonds, Samford (SoCon)",So.,WR,7,2,0.29
53,"Marcis Floyd, Murray St. (OVC)",So.,CB,7,2,0.29
53,"Davoan Hawkins, Tennessee St. (OVC)",So.,DL,7,2,0.29
53,"Rod Haygood, Presbyterian (Pioneer)",Sr.,DB,7,2,0.29
53,"Brian Jacobs, Davidson (Pioneer)",So.,DB,7,2,0.29
53,"Kevin Moore, Nicholls (Southland)",Sr.,DB,7,2,0.29
53,"Alexis Ramos, Southeastern La. (Southland)",Sr.,LB,7,2,0.29
53,"Matt Sochovka, Furman (SoCon)",Jr.,DL,7,2,0.29
53,"Jamaal Thompson, Tennessee Tech (OVC)",Jr.,DB,7,2,0.29
53,"Donniel Ward-Magee, Southeastern La. (Southland)",Jr.,DB,7,2,0.29
67,"Ricco Aaron, Jr., LIU (NEC)",Sr.,LB,4,1,0.25
67,"Ahmed Bailey, Delaware St. (MEAC)",Fr.,LB,4,1,0.25
67,"Connor Barrett, Duquesne (NEC)",So.,LB,4,1,0.25
67,"Taylor Bolesta, LIU (NEC)",Fr.,DL,4,1,0.25
67,"Andre Brackett, Bryant (NEC)",Sr.,DB,4,1,0.25
67,"Richard Carr, Maine (CAA)",Jr.,DB,4,1,0.25
67,"Tra Cofield, Alabama A&M (SWAC)",Jr.,DB,4,1,0.25
67,"Rey Estes, Grambling (SWAC)",Jr.,,4,1,0.25
67,"Malik Fisher, Villanova (CAA)",Sr.,DL,4,1,0.25
67,"Kenan Fontenot, Grambling (SWAC)",Jr.,DB,4,1,0.25
67,"Rashun Freeman, Chattanooga (SoCon)",Sr.,DB,4,1,0.25
67,"Ty French, Gardner-Webb (Big South)",Fr.,DE,4,1,0.25
67,"Timmy Furgeson, Villanova (CAA)",Fr.,LB,4,1,0.25
67,"Elijah Glover, Villanova (CAA)",So.,DB,4,1,0.25
67,"Eddie Hahn, Monmouth (Big South)",Sr.,LB,4,1,0.25
67,"Sha Haltiwanger, South Carolina St. (MEAC)",Sr.,,4,1,0.25
67,"MJ Hampton, James Madison (CAA)",Sr.,S,8,2,0.25
67,"Devin Haskins, Holy Cross (Patriot)",So.,DB,4,1,0.25
67,"Amari Holloway, Alabama A&M (SWAC)",Sr.,DB,4,1,0.25
67,"Clayton Isbell, Illinois St. (MVFC)",So.,DB,4,1,0.25
67,"Jordan Jackson, Holy Cross (Patriot)",Sr.,DL,4,1,0.25
67,"Logan Jessup, Central Ark. (Southland)",So.,DL,8,2,0.25
67,"Jaylon Johnson, Stetson (Pioneer)",So.,DB,4,1,0.25
67,"Darius King, Alabama St. (SWAC)",Sr.,LB,4,1,0.25
67,"Edward King, Charleston So. (Big South)",Sr.,LB,4,1,0.25
67,"Tyler King, Stony Brook (CAA)",Fr.,LB,4,1,0.25
67,"Cosmas Kwete, Northern Ariz. (Big Sky)",So.,DL,4,1,0.25
67,"Rassie Littlejohn, Stetson (Pioneer)",So.,DB,4,1,0.25
67,"Jeremy Mitchell, Gardner-Webb (Big South)",So.,LB,4,1,0.25
67,"Eddie Morales III, Monmouth (Big South)",Jr.,DB,4,1,0.25
67,"Chris Newton, Ark.-Pine Bluff (SWAC)",So.,DB,4,1,0.25
67,"Philip Ossai, Houston Christian (Southland)",So.,LB,4,1,0.25
67,"Derrius Perryman, Bryant (NEC)",Jr.,LB,4,1,0.25
67,"Jay Person, Chattanooga (SoCon)",So.,LB,4,1,0.25
67,"Noah Plack, Delaware (CAA)",So.,DB,8,2,0.25
67,"Bryan Powell, Grambling (SWAC)",Jr.,LB,4,1,0.25
67,"Fermon Reid, Stetson (Pioneer)",Jr.,DE,4,1,0.25
67,"Adrian Rivers, Southern U. (SWAC)",So.,DB,4,1,0.25
67,"Micah Roane, South Dakota (MVFC)",So.,DL,4,1,0.25
67,"Conner Romango, Bucknell (Patriot)",Sr.,DB,4,1,0.25
67,"Justin Sambu, Maine (CAA)",Jr.,DL,4,1,0.25
67,"Jalon Sheffield, Grambling (SWAC)",So.,DL,4,1,0.25
67,"Nick Shoemaker, Monmouth (Big South)",Jr.,DL,4,1,0.25
67,"Hayden Specht, UAlbany (CAA)",Sr.,DB,4,1,0.25
67,"Myles Taylor, Maine (CAA)",So.,LB,4,1,0.25
67,"Kobie Turner, Richmond (CAA)",Jr.,DL,4,1,0.25
67,"Jared Verse, UAlbany (CAA)",Fr.,DL,4,1,0.25
67,"Mazon Walker, UAlbany (CAA)",Jr.,DL,4,1,0.25
67,"Mike Wilcox, James Madison (CAA)",So.,DL,8,2,0.25
67,"Brennan Young, Houston Christian (Southland)",Jr.,LB,4,1,0.25
