Rank,Player,Cl,Pos,G,FF,FFPG
1,"Folarin Orimolade, Dartmouth (Ivy League)",Sr.,LB,10,5,0.50
2,"David Starkey, Butler (Pioneer)",Sr.,LB,11,5,0.45
2,"Khalil Young, Mississippi Val. (SWAC)",Sr.,DL,11,5,0.45
4,"Marlon Bridges, Jacksonville St. (OVC)",Fr.,DB,12,5,0.42
4,"Kevin Prather, Jr., UT Martin (OVC)",So.,LB,12,5,0.42
6,"Therron Presley, Alabama St. (SWAC)",Sr.,DB,10,4,0.40
6,"Marquis Smith, Savannah St. (MEAC)",Sr.,LB,10,4,0.40
8,"Tyrice Beverette, Stony Brook (CAA)",Jr.,DB,11,4,0.36
8,"Thomas Costigan, Bryant (NEC)",So.,LB,11,4,0.36
8,"Monty Fenner, Towson (CAA)",So.,DB,11,4,0.36
8,"John Franklin, SFA (Southland)",---,DE,11,4,0.36
8,"John Haggart, Stony Brook (CAA)",Jr.,LB,11,4,0.36
8,"Darius Leonard, South Carolina St. (MEAC)",So.,SAM,11,4,0.36
8,"Jarius Moore, Texas Southern (SWAC)",Sr.,LB,11,4,0.36
8,"Jameer Thurman, Indiana St. (MVFC)",Sr.,DB,11,4,0.36
16,"Laquarius Cook, Tennessee St. (OVC)",So.,DB,9,3,0.33
16,"Roosevelt Donaldson, Samford (SoCon)",Sr.,DL,12,4,0.33
16,"Bryan Marine, Bucknell (Patriot)",So.,DB,9,3,0.33
16,"B.J. Nard, Cal Poly (Big Sky)",Jr.,DB,12,4,0.33
16,"Rickey Neal, UNI (MVFC)",So.,LB,9,3,0.33
21,"Nakevion Leslie, Chattanooga (SoCon)",Sr.,LB,13,4,0.31
21,"George Odum, Central Ark. (Southland)",Jr.,DB,13,4,0.31
23,"Stefen Banks, Savannah St. (MEAC)",So.,DL,10,3,0.30
23,"Kourtney Berry, Alabama St. (SWAC)",Sr.,LB,10,3,0.30
23,"Kurt Frimel, Cornell (Ivy League)",Jr.,LB,10,3,0.30
23,"Austin Gatewood, ETSU (SoCon)",So.,LB,10,3,0.30
23,"Richard Jarvis, Brown (Ivy League)",Sr.,LB,10,3,0.30
23,"Donald Payne, Stetson (Pioneer)",Sr.,DB,10,3,0.30
23,"Maximilian Roberts, Fordham (Patriot)",Fr.,LB,10,3,0.30
30,"Siupeli Anau, Northern Ariz. (Big Sky)",Sr.,DL,11,3,0.27
30,"Deondre Barnett, Southern Ill. (MVFC)",Sr.,DL,11,3,0.27
30,"Davion Belk, Stetson (Pioneer)",Sr.,DL,11,3,0.27
30,"Dylan Cole, Missouri St. (MVFC)",Sr.,LB,11,3,0.27
30,"Najee Goode, Maine (CAA)",Jr.,DB,11,3,0.27
30,"Kobie Grace, Eastern Ky. (OVC)",Jr.,DB,11,3,0.27
30,"Mason Gray, UAlbany (CAA)",So.,DB,11,3,0.27
30,"Malik Harris, Delaware St. (MEAC)",Jr.,LB,11,3,0.27
30,"Malachi Hoskins, UAlbany (CAA)",Jr.,DL,11,3,0.27
30,"Zach Jackson, Mercer (SoCon)",Sr.,DB,11,3,0.27
30,"Ryan Johnson, Montana (Big Sky)",Sr.,DL,11,3,0.27
30,"Zach Jones, UC Davis (Big Sky)",Sr.,DL,11,3,0.27
30,"Christian Kuntz, Duquesne (NEC)",Sr.,LB,11,3,0.27
30,"Bryson McCabe, Montana St. (Big Sky)",Jr.,DB,11,3,0.27
30,"Greg Sanders, VMI (SoCon)",Jr.,DB,11,3,0.27
30,"Ben Sorensen, Sacramento St. (Big Sky)",Jr.,DL,11,3,0.27
30,"Gee Stanley, Robert Morris (NEC)",Fr.,LB,11,3,0.27
30,"Connor Strahm, Montana (Big Sky)",Jr.,LB,11,3,0.27
30,"Aaron Tiller, Southern U. (SWAC)",Jr.,LB,11,3,0.27
30,"Javon Tillman, Southeastern La. (Southland)",Jr.,DB,11,3,0.27
30,"Taaron Timmons, Houston Christian (Southland)",Jr.,DB,11,3,0.27
30,"Joseph Uhatafe, Robert Morris (NEC)",Jr.,LB,11,3,0.27
52,"Avery Moss, Youngstown St. (MVFC)",Sr.,DL,15,4,0.27
53,"Colin Boit, Dartmouth (Ivy League)",Jr.,DB,8,2,0.25
53,"De'Arius Christmas, Grambling (SWAC)",Jr.,LB,12,3,0.25
53,"Arkez Cooper, Grambling (SWAC)",Sr.,LB,12,3,0.25
53,"Jonathan Petersen, San Diego (Pioneer)",Jr.,DL,12,3,0.25
53,"Jeremy Taylor, N.C. A&T (MEAC)",Jr.,LB,12,3,0.25
