Rank,Player,Cl,Pos,G,FF,FFPG
1,"Nigel Harris, South Fla. (AAC)",So.,LB,11,6,0.55
2,"Jeff Luc, Cincinnati (AAC)",Sr.,LB,13,6,0.46
3,"Scooby Wright III, Arizona (Pac-12)",So.,LB,14,6,0.43
4,"Deon Bush, Miami (FL) (ACC)",Jr.,DB,12,5,0.42
4,"Praise Martin-Oguike, Temple (AAC)",Jr.,DL,12,5,0.42
4,"Michael Reynolds, Kansas (Big 12)",Sr.,DL,12,5,0.42
7,"Devon Edwards, Duke (ACC)",So.,DB,13,5,0.38
7,"Nick Vigil, Utah St. (Mountain West)",So.,LB,13,5,0.38
9,"Adam Redden, Buffalo (MAC)",Sr.,DB,11,4,0.36
10,"Tra'Mayne Bondurant, Arizona (Pac-12)",Sr.,DB,14,5,0.36
10,"Bryan Thomas, Bowling Green (MAC)",Sr.,DL,14,5,0.36
12,"Maleki Harris, South Alabama (Sun Belt)",Sr.,LB,12,4,0.33
12,"Dasman McCullum, Southern Miss. (C-USA)",Sr.,DL,12,4,0.33
12,"Robert Singletary, UTSA (C-USA)",Sr.,DL,12,4,0.33
12,"Damian Swann, Georgia (SEC)",Sr.,DB,12,4,0.33
12,"Michael Wakefield, FIU (C-USA)",Jr.,DL,12,4,0.33
17,"Arnold Blackmon, Marshall (C-USA)",Sr.,DL,13,4,0.31
17,"Jeremy Cash, Duke (ACC)",Jr.,DB,13,4,0.31
17,"Tank Jakes, Memphis (AAC)",Sr.,LB,13,4,0.31
17,"Mason Monheim, Illinois (Big Ten)",Jr.,LB,13,4,0.31
17,"Roy Robertson, UTEP (C-USA)",Jr.,DL,13,4,0.31
22,"Zach Patt, Rice (C-USA)",Sr.,DL,10,3,0.30
23,"Kentrell Brice, Louisiana Tech (C-USA)",Jr.,DB,14,4,0.29
24,"Jordan Italiano, Kent St. (MAC)",Jr.,DB,11,3,0.27
24,"Nate D. Smith, Temple (AAC)",Jr.,LB,11,3,0.27
24,"J.R. Tavai, Southern California (Pac-12)",Sr.,LB,11,3,0.27
27,"Joey Bosa, Ohio St. (Big Ten)",So.,DL,15,4,0.27
28,"Derek Akunne, North Texas (C-USA)",Sr.,LB,12,3,0.25
28,"Boye Aromire, Temple (AAC)",Jr.,DB,12,3,0.25
28,"Jatavis Brown, Akron (MAC)",Jr.,LB,12,3,0.25
28,"Tre Clifton, Miami (OH) (MAC)",Jr.,LB,12,3,0.25
28,"Dyshawn Davis, Syracuse (ACC)",Sr.,LB,12,3,0.25
28,"Leonard Floyd, Georgia (SEC)",So.,LB,12,3,0.25
28,"Kawe Johnson, New Mexico St. (Sun Belt)",So.,DB,12,3,0.25
28,"David Mayo, Texas St. (Sun Belt)",Sr.,LB,12,3,0.25
28,"Ifeadi Odenigbo, Northwestern (Big Ten)",So.,DL,12,3,0.25
28,"Pete Robertson, Texas Tech (Big 12)",Jr.,LB,12,3,0.25
28,"Jovan Santos-Knox, Massachusetts (MAC)",Jr.,LB,12,3,0.25
28,"Steven Taylor, Houston (AAC)",So.,LB,12,3,0.25
28,"Mike Tuaua, TCU (Big 12)",Jr.,DB,12,3,0.25
28,"Max Valles, Virginia (ACC)",So.,DL,12,3,0.25
