Rank,Player,Cl,Pos,G,FF,FFPG
1,"John Hugunin, Drake (Pioneer)",Sr.,LB,11,9,0.82
2,"Brett McMakin, UNI (MVFC)",Jr.,DL,14,6,0.43
3,"Andrew Ankrah, James Madison (CAA)",So.,LB,12,5,0.42
3,"George Dawson, Fordham (Patriot)",Jr.,LB,12,5,0.42
3,"Dino Fanti, Eastern Ill. (OVC)",Sr.,DL,12,5,0.42
6,"Tyler Drake, Penn (Ivy League)",Sr.,DL,10,4,0.40
6,"Tu'Uta Inoke, Cal Poly (Big Sky)",Sr.,LB,10,4,0.40
6,"Folarin Orimolade, Dartmouth (Ivy League)",Jr.,LB,10,4,0.40
9,"Mac Bignell, Montana St. (Big Sky)",So.,LB,11,4,0.36
9,"Derrick Farrow, Kennesaw St. (Big South)",Jr.,DB,11,4,0.36
9,"Colin Mertlik, South Dakota (MVFC)",Jr.,LB,11,4,0.36
12,"Pat Afriyie, Colgate (Patriot)",So.,DL,14,5,0.36
13,"Zack Bamijoko, Texas Southern (SWAC)",Jr.,LB,9,3,0.33
13,"James Cowser, Southern Utah (Big Sky)",Sr.,DL,12,4,0.33
13,"Archie Rice, Texas Southern (SWAC)",So.,DB,9,3,0.33
13,"Joel Scott, Morgan St. (MEAC)",Sr.,LB,9,3,0.33
17,"Darien Moody, Alcorn (SWAC)",Sr.,DL,13,4,0.31
18,"Matt Arends, Princeton (Ivy League)",Sr.,DB,10,3,0.30
18,"Caleb Hawkins, Western Caro. (SoCon)",Sr.,DL,10,3,0.30
18,"Darius Knight, Nicholls (Southland)",Sr.,DB,10,3,0.30
18,"Patrick Ricard, Maine (CAA)",Jr.,DL,10,3,0.30
22,"Tre' Bennett, Southeastern La. (Southland)",Jr.,LB,11,3,0.27
22,"Sean Bernard, Missouri St. (MVFC)",Fr.,LB,11,3,0.27
22,"Christian Boutte, Nicholls (Southland)",So.,DB,11,3,0.27
22,"Austin Calitro, Villanova (CAA)",Jr.,LB,11,3,0.27
22,"Jessie Clark, Montana St. (Big Sky)",Jr.,DL,11,3,0.27
22,"Ryan Francis, VMI (SoCon)",So.,LB,11,3,0.27
22,"Larance Hale, Lamar University (Southland)",Fr.,DL,11,3,0.27
22,"Malachi Hoskins, UAlbany (CAA)",So.,DL,11,3,0.27
22,"Anthony Jackson, Delaware (CAA)",So.,LB,11,3,0.27
22,"Jeremy James, Mercer (SoCon)",So.,DB,11,3,0.27
22,"Joe Johnson, Monmouth (Big South)",Sr.,DB,11,3,0.27
22,"Craig Johnson, Howard (MEAC)",Jr.,DB,11,3,0.27
22,"Patrick Martin, SFA (Southland)",Jr.,DB,11,3,0.27
22,"Jonathan Petersen, San Diego (Pioneer)",So.,DL,11,3,0.27
22,"Troy Roach, Grambling (SWAC)",Sr.,LB,11,3,0.27
22,"B.T. Sanders, Nicholls (Southland)",Jr.,DB,11,3,0.27
22,"Noah Spence, Eastern Ky. (OVC)",Jr.,DL,11,3,0.27
22,"Guy Stallworth, Grambling (SWAC)",---,,11,3,0.27
22,"Mike Stojkovic, Robert Morris (NEC)",Sr.,LB,11,3,0.27
22,"Reggie Thomas, Furman (SoCon)",Sr.,DB,11,3,0.27
22,"Miles Williams, Elon (CAA)",Sr.,DB,11,3,0.27
22,"D'Metrius Williams, Norfolk St. (MEAC)",Sr.,DB,11,3,0.27
44,"Luis Carreno, Sam Houston (Southland)",Jr.,DL,15,4,0.27
45,"Akheem Barton, Prairie View (SWAC)",Fr.,,8,2,0.25
45,"Amir Bloom, Texas Southern (SWAC)",Sr.,DL,8,2,0.25
45,"Jamison Goins, Grambling (SWAC)",Sr.,DL,12,3,0.25
45,"Mike Needham, Southern Utah (Big Sky)",Sr.,LB,12,3,0.25
