Rank,Player,Cl,Pos,G,FF,FFPG
1,"Chase Young, Ohio St. (Big Ten)",Jr.,DL,12,6,0.50
2,"Akileis Leroy, Fla. Atlantic (C-USA)",Jr.,LB,13,5,0.38
3,"Cam Taylor-Britt, Nebraska (Big Ten)",So.,DB,11,4,0.36
4,"Parnell Motley, Oklahoma (Big 12)",Sr.,DB,14,5,0.36
5,"Justin Rice, Fresno St. (Mountain West)",Jr.,LB,12,4,0.33
6,"A.J. Epenesa, Iowa (Big Ten)",Jr.,DL,13,4,0.31
6,"Ali Fayad, Western Mich. (MAC)",Jr.,DL,13,4,0.31
6,"Patrick Jones II, Pittsburgh (ACC)",Jr.,DL,13,4,0.31
6,"Xavier McKinney, Alabama (SEC)",Jr.,DB,13,4,0.31
6,"Kristopher Moll, UAB (C-USA)",Jr.,LB,13,4,0.31
6,"Micah Parsons, Penn St. (Big Ten)",So.,LB,13,4,0.31
12,"Stanley Green, Illinois (Big Ten)",Sr.,DB,10,3,0.30
12,"James Jackson, Louisiana Tech (C-USA)",Sr.,DB,10,3,0.30
12,"Devin Richardson, New Mexico St. (FBS Independent)",So.,LB,10,3,0.30
12,"Marquis Wilson, Penn St. (Big Ten)",Fr.,DB,10,3,0.30
16,"Jordan Smith, UAB (C-USA)",So.,LB,14,4,0.29
16,"Bryan Wright, Cincinnati (AAC)",Sr.,LB,14,4,0.29
18,"Jack Heflin, NIU (MAC)",Jr.,DL,11,3,0.27
18,"Mikial Onu, Colorado (Pac-12)",Sr.,DB,11,3,0.27
18,"Trill Williams, Syracuse (ACC)",So.,DB,11,3,0.27
21,"Erin Austin, New Mexico (Mountain West)",Sr.,DL,12,3,0.25
21,"Kendall Futrell, East Carolina (AAC)",Sr.,DL,12,3,0.25
21,"Joe Gaziano, Northwestern (Big Ten)",Sr.,DL,12,3,0.25
21,"Jonathan Greenard, Florida (SEC)",Sr.,LB,12,3,0.25
21,"Nasir Greer, Wake Forest (ACC)",So.,DB,12,3,0.25
21,"Kyle Harmon, San Jose St. (Mountain West)",So.,LB,12,3,0.25
21,"Keandre Jones, Maryland (Big Ten)",Jr.,LB,12,3,0.25
21,"Matt Lorbeck, NIU (MAC)",Jr.,DL,12,3,0.25
21,"Carlton Martial, Troy (Sun Belt)",So.,LB,12,3,0.25
21,"Brayden Matts, Coastal Carolina (Sun Belt)",So.,DB,12,3,0.25
21,"Trevon McSwain, Duke (ACC)",Sr.,DL,12,3,0.25
21,"Arron Mosby, Fresno St. (Mountain West)",Jr.,DB,12,3,0.25
21,"Hamsah Nasirildeen, Florida St. (ACC)",Jr.,DB,12,3,0.25
21,"Keidron Smith, Ole Miss (SEC)",So.,DB,12,3,0.25
