Rank,Player,Cl,Pos,G,FF,FFPG
1,"Evan Fields, Arizona St. (Pac-12)",Sr.,DB,4,3,0.75
1,"Zion Tupuola-Fetui, Washington (Pac-12)",So.,LB,4,3,0.75
3,"David Perales, Fresno St. (Mountain West)",Jr.,DL,6,4,0.67
4,"Kuony Deng, California (Pac-12)",Sr.,LB,4,2,0.50
4,"Arnold Ebiketie, Temple (AAC)",Jr.,DE,6,3,0.50
4,"Jeffrey Gunter, Coastal Carolina (Sun Belt)",Jr.,DE,12,6,0.50
4,"Nick Heninger, Utah St. (Mountain West)",Sr.,LB,6,3,0.50
4,"Durell  Nchami, Maryland (Big Ten)",Jr.,LB,4,2,0.50
4,"Tama Tutele, Navy (AAC)",So.,LB,8,4,0.50
10,"Mitchell Agude, UCLA (Pac-12)",Jr.,LB,7,3,0.43
11,"Azeez Ojulari, Georgia (SEC)",So.,LB,10,4,0.40
11,"Maxs Tupai, Utah (Pac-12)",Sr.,DL,5,2,0.40
13,"Kingsley Enagbare, South Carolina (SEC)",Jr.,DL,8,3,0.38
13,"Curtis Ryans, Georgia Tech (ACC)",So.,DL,8,3,0.38
15,"Bubba Bolden, Miami (FL) (ACC)",Jr.,DB,11,4,0.36
16,"Christian Braswell, Temple (AAC)",Jr.,CB,6,2,0.33
16,"Ahmir Crowder, Washington St. (Pac-12)",So.,DL,3,1,0.33
16,"Ben DeLuca, Charlotte (C-USA)",Sr.,DB,6,2,0.33
16,"Micah Dew-Treadway, Minnesota (Big Ten)",Sr.,DL,6,2,0.33
16,"Jordan Domineck, Georgia Tech (ACC)",Sr.,LB,9,3,0.33
16,"Eriq Gilyard, UCF (AAC)",Jr.,LB,9,3,0.33
16,"Gregory Grate, Middle Tenn. (C-USA)",Jr.,DB,9,3,0.33
16,"Talanoa Hufanga, Southern California (Pac-12)",Jr.,S,6,2,0.33
16,"Boye Mafe, Minnesota (Big Ten)",Jr.,DL,6,2,0.33
16,"Michael Matus, Arizona St. (Pac-12)",So.,DL,3,1,0.33
16,"Toby McBride, Colorado St. (Mountain West)",Sr.,DL,3,1,0.33
16,"Joseph Ossai, Texas (Big 12)",Jr.,LB,9,3,0.33
16,"Quinn Roff, Washington St. (Pac-12)",Fr.,DE,3,1,0.33
16,"Da'Shon Ross, Massachusetts (FBS Independent)",Jr.,LB,3,1,0.33
16,"Emmanuel Rugumba, Miami (OH) (MAC)",Sr.,DB,3,1,0.33
16,"Brandon Shook, New Mexico (Mountain West)",Sr.,LB,6,2,0.33
16,"Jaylen Watson, Washington St. (Pac-12)",Jr.,DB,3,1,0.33
16,"Rashad Weaver, Pittsburgh (ACC)",Sr.,DL,9,3,0.33
16,"Jireh Wilson, East Carolina (AAC)",So.,DB,9,3,0.33
16,"Avery Young, Rutgers (Big Ten)",Jr.,DB,9,3,0.33
36,"Abraham Beauplan, Marshall (C-USA)",Jr.,LB,10,3,0.30
36,"Trevor Denbow, SMU (AAC)",Sr.,LB,10,3,0.30
36,"Tylan Knight, Ole Miss (SEC)",Jr.,RB,10,3,0.30
36,"Dominic Quewon, Southern Miss. (C-USA)",Jr.,DL,10,3,0.30
36,"Jordan Strachan, Georgia St. (Sun Belt)",Jr.,LB,10,3,0.30
36,"Garret Wallow, TCU (Big 12)",Sr.,LB,10,3,0.30
42,"Baron Browning, Ohio St. (Big Ten)",Sr.,LB,7,2,0.29
42,"Dy’vonne  Inyang, UTEP (C-USA)",Sr.,DB,7,2,0.29
42,"Chase Kline, Michigan St. (Big Ten)",So.,LB,7,2,0.29
42,"Devin Sanders, New Mexico (Mountain West)",Sr.,LB,7,2,0.29
42,"Khalan Tolson, Illinois (Big Ten)",Jr.,LB,7,2,0.29
42,"George Wolo, Buffalo (MAC)",Fr.,DL,7,2,0.29
48,"Yasir Abdullah, Louisville (ACC)",Jr.,LB,11,3,0.27
48,"Mikel Jones, Syracuse (ACC)",So.,LB,11,3,0.27
48,"Amen Ogbongbemiga, Oklahoma St. (Big 12)",Sr.,LB,11,3,0.27
48,"Javon Scruggs, Liberty (FBS Independent)",Jr.,S,11,3,0.27
48,"Derrick Tangelo, Duke (ACC)",Sr.,DL,11,3,0.27
48,"Hal Vinson, Texas St. (Sun Belt)",Sr.,LB,11,3,0.27
48,"Jordan Wright, Kentucky (SEC)",Jr.,LB,11,3,0.27
55,"Christian Barmore, Alabama (SEC)",So.,DL,12,3,0.25
55,"Noah Boykin, Massachusetts (FBS Independent)",So.,DB,4,1,0.25
55,"Jake Byczko, Massachusetts (FBS Independent)",Sr.,DL,4,1,0.25
55,"Marshaun Cameron, Colorado St. (Mountain West)",Sr.,DB,4,1,0.25
55,"Richie Carpenter, Kent St. (MAC)",Sr.,DB,4,1,0.25
55,"Dean Clark, Kent St. (MAC)",So.,DB,4,1,0.25
55,"Brandon Coleman, Kent St. (MAC)",Fr.,LB,4,1,0.25
55,"Zaven Collins, Tulsa (AAC)",Jr.,LB,8,2,0.25
55,"Nick Cross, Maryland (Big Ten)",So.,DB,4,1,0.25
55,"Cortez Davis, Hawaii (Mountain West)",Sr.,DB,8,2,0.25
55,"Jimmy Daw, Ball St. (MAC)",Jr.,LB,8,2,0.25
55,"JoJo Domann, Nebraska (Big Ten)",Sr.,LB,8,2,0.25
55,"Anthony Ekpe, Ball St. (MAC)",Sr.,LB,8,2,0.25
55,"Uchenna Ezewike, Massachusetts (FBS Independent)",Jr.,DL,4,1,0.25
55,"Kyler Gordon, Washington (Pac-12)",So.,DB,4,1,0.25
55,"Antonio Grier, South Fla. (AAC)",Jr.,LB,8,2,0.25
55,"Jake Hansen, Illinois (Big Ten)",Sr.,LB,8,2,0.25
55,"Jakorey Hawkins, Ole Miss (SEC)",So.,DB,8,2,0.25
55,"George Hicks III, Washington St. (Pac-12)",Sr.,DB,4,1,0.25
55,"Jontrey Hunter, Georgia St. (Sun Belt)",So.,LB,8,2,0.25
55,"Tarron Jackson, Coastal Carolina (Sun Belt)",Sr.,DE,12,3,0.25
55,"Brennan Jackson, Washington St. (Pac-12)",So.,DL,4,1,0.25
55,"Isaiah Jacobs, Maryland (Big Ten)",Fr.,RB,4,1,0.25
55,"Dashaun Jerkins, Vanderbilt (SEC)",Jr.,DB,8,2,0.25
55,"Isaiah Kaufusi, BYU (FBS Independent)",Sr.,LB,12,3,0.25
55,"Jermayne Lole, Arizona St. (Pac-12)",Jr.,DL,4,1,0.25
55,"Chase Lucas, Arizona St. (Pac-12)",Sr.,DB,4,1,0.25
55,"Trey McBride, Colorado St. (Mountain West)",Jr.,TE,4,1,0.25
55,"Trent McDuffie, Washington (Pac-12)",So.,DB,4,1,0.25
55,"Myles Murphy, Clemson (ACC)",Fr.,DE,12,3,0.25
55,"Jeremiah Owusu-Koramoah, Notre Dame (ACC)",Sr.,LB,12,3,0.25
55,"Justus Rogers, Washington St. (Pac-12)",Sr.,LB,4,1,0.25
55,"E.J. Scott, Colorado St. (Mountain West)",Jr.,WR,4,1,0.25
55,"Michael Shawcroft, San Diego St. (Mountain West)",So.,LB,8,2,0.25
55,"Connor Soelle, Arizona St. (Pac-12)",Fr.,LB,4,1,0.25
55,"Logan Stewart, Colorado St. (Mountain West)",Sr.,DB,4,1,0.25
55,"Ron Stone, Jr., Washington St. (Pac-12)",So.,DE,4,1,0.25
55,"Quinn Sullivan, Arizona (Pac-12)",So.,DB,4,1,0.25
55,"Edefuan Ulofoshio, Washington (Pac-12)",So.,LB,4,1,0.25
55,"Pete Werner, Ohio St. (Big Ten)",Sr.,LB,8,2,0.25
55,"Jahad Woods, Washington St. (Pac-12)",Sr.,LB,4,1,0.25
55,"Isheem Young, Iowa St. (Big 12)",Fr.,DB,12,3,0.25
