Rank,Player,Cl,Pos,G,FF,FFPG
1,"Da'Jon Lee, Saint Francis (PA) (NEC)",Jr.,LB,11,6,0.55
2,"Adrian Hope, Furman (SoCon)",Fr.,LB,10,5,0.50
3,"Juan Jackson, Central Ark. (Southland)",Jr.,DB,11,5,0.45
3,"Quentin Moon, Western Ill. (MVFC)",Sr.,LB,11,5,0.45
3,"Derick Roberson, Sam Houston (Southland)",Sr.,DL,11,5,0.45
6,"Tevaughn Grant, Wagner (NEC)",Sr.,LB,9,4,0.44
7,"Colby Duncan, Stetson (Pioneer)",Jr.,LB,10,4,0.40
7,"Maurice Jackson, Richmond (CAA)",Jr.,DL,10,4,0.40
9,"DJ Exilhomme, Central Conn. St. (NEC)",So.,DB,11,4,0.36
9,"Darius Royster, N.C. Central (MEAC)",Sr.,DL,11,4,0.36
11,"Kapri  Doucet , Hampton (FCS Independent)",Sr.,LB,9,3,0.33
11,"Jarquavius Wortham, Western Caro. (SoCon)",Jr.,LB,9,3,0.33
13,"Zach Hall, Southeast Mo. St. (OVC)",Jr.,LB,13,4,0.31
13,"Ahmani Martin, Nicholls (Southland)",Sr.,DB,13,4,0.31
13,"Justin Swift, Southeast Mo. St. (OVC)",Jr.,LB,13,4,0.31
16,"Maurice Davison, Northern Ariz. (Big Sky)",Sr.,DB,10,3,0.30
16,"Nick Miller, Penn (Ivy League)",Sr.,LB,10,3,0.30
16,"Kaelub Newman, Indiana St. (MVFC)",Jr.,DB,10,3,0.30
16,"Jayson Robinson, Howard (MEAC)",So.,DB,10,3,0.30
20,"Isaac Adeyemi-Berglund, Southeastern La. (Southland)",Jr.,LB,11,3,0.27
20,"Justin Alexandre, UIW (Southland)",Sr.,DL,11,3,0.27
20,"Yurik Bethune, Alabama A&M (SWAC)",Sr.,DL,11,3,0.27
20,"Josh Buss, Montana (Big Sky)",Sr.,LB,11,3,0.27
20,"Thomas Costigan, Bryant (NEC)",Sr.,LB,11,3,0.27
20,"Quinlen Dean, New Hampshire (CAA)",Jr.,LB,11,3,0.27
20,"Raphael Garner, Central Ark. (Southland)",Sr.,LB,11,3,0.27
20,"Mark Geers, Butler (Pioneer)",Sr.,DL,11,3,0.27
20,"Cameron Gill, Wagner (NEC)",Jr.,LB,11,3,0.27
20,"Joshua Hill, Alabama St. (SWAC)",Jr.,DB,11,3,0.27
20,"Shadarius Hopkins, Charleston So. (Big South)",Sr.,DB,11,3,0.27
20,"Jae'Wuan Horton, New Hampshire (CAA)",Sr.,DL,11,3,0.27
20,"Rodney Jackson, Grambling (SWAC)",Sr.,DL,11,3,0.27
20,"Xavier Lewis, Southeastern La. (Southland)",So.,DB,11,3,0.27
20,"Duane Nichols, South Carolina St. (MEAC)",So.,,11,3,0.27
20,"Dante Olson, Montana (Big Sky)",Jr.,LB,11,3,0.27
20,"Nhyre Quinerly, Norfolk St. (MEAC)",Jr.,DB,11,3,0.27
20,"Matt Robinson, Bucknell (Patriot)",Sr.,LB,11,3,0.27
20,"Pete Swenson, Western Ill. (MVFC)",Sr.,LB,11,3,0.27
20,"Chris Terrell, Central Ark. (Southland)",Jr.,DL,11,3,0.27
20,"Tomas Wright, Bryant (NEC)",Jr.,DL,11,3,0.27
41,"Jacob  Bergstrom, San Diego (Pioneer)",So.,DL,12,3,0.25
41,"John Haggart, Stony Brook (CAA)",Sr.,LB,12,3,0.25
41,"Nasir Player, ETSU (SoCon)",Jr.,DL,12,3,0.25
41,"Chauntez Thomas, Northern Ariz. (Big Sky)",So.,DL,8,2,0.25
