Rank,Player,Cl,Pos,G,FF,FFPG
1,"Carl Nassib, Penn St. (Big Ten)",Sr.,DL,13,6,0.46
2,"Sean Davis, Maryland (Big Ten)",Sr.,DB,12,5,0.42
2,"Trey Hendrickson, Fla. Atlantic (C-USA)",Jr.,DL,12,5,0.42
4,"Myles Garrett, Texas A&M (SEC)",So.,DL,13,5,0.38
4,"Marcus Maye, Florida (SEC)",Jr.,DB,13,5,0.38
4,"Joe Schobert, Wisconsin (Big Ten)",Sr.,LB,13,5,0.38
4,"Ian Seau, Nevada (Mountain West)",Sr.,DL,13,5,0.38
4,"Gary Thompson, Marshall (C-USA)",Jr.,DL,13,5,0.38
9,"Zach Cunningham, Vanderbilt (SEC)",So.,LB,12,4,0.33
9,"Folorunso Fatukasi, UConn (AAC)",So.,DL,12,4,0.33
9,"Ron Thompson, Syracuse (ACC)",Jr.,DL,12,4,0.33
9,"Michael Wakefield, FIU (C-USA)",Sr.,DL,12,4,0.33
13,"Travon Blanchard, Baylor (Big 12)",So.,LB,13,4,0.31
13,"Jatavis Brown, Akron ()",Sr.,LB,13,4,0.31
13,"Kylie Fitts, Utah (Pac-12)",Jr.,DL,13,4,0.31
13,"Trent Martin, Tulsa (AAC)",Jr.,LB,13,4,0.31
13,"Marcus Oliver, Indiana (Big Ten)",So.,LB,13,4,0.31
13,"Jamal Palmer, Baylor (Big 12)",Sr.,DL,13,4,0.31
13,"Ja'Von Rolland-Jones, Arkansas St. (Sun Belt)",So.,DL,13,4,0.31
13,"Charles Tapper, Oklahoma (Big 12)",Sr.,DL,13,4,0.31
13,"Demarcus Walker, Florida St. (ACC)",Jr.,DL,13,4,0.31
13,"Antwione Williams, Ga. Southern (Sun Belt)",Sr.,LB,13,4,0.31
13,"Jordan Willis, Kansas St. (Big 12)",Jr.,DL,13,4,0.31
24,"Jarred Alwan, Temple (AAC)",Jr.,LB,14,4,0.29
24,"D'Nerius Antoine, Southern Miss. (C-USA)",Jr.,DB,14,4,0.29
26,"Blake Dees, South Alabama (Sun Belt)",Sr.,LB,11,3,0.27
26,"Great Ibe, Eastern Mich. (MAC)",Sr.,LB,11,3,0.27
26,"William Likely, Maryland (Big Ten)",Jr.,DB,11,3,0.27
26,"Rolan Milligan, Toledo (MAC)",Sr.,DB,11,3,0.27
26,"Andrew Motuapuaka, Virginia Tech (ACC)",So.,LB,11,3,0.27
26,"Dejuan Rogers, Toledo (MAC)",Jr.,DB,11,3,0.27
32,"Brandon Bell, Penn St. (Big Ten)",Jr.,LB,12,3,0.25
32,"Jeremy Cash, Duke (ACC)",Sr.,DB,12,3,0.25
32,"Josh Cox, Central Mich. (MAC)",So.,DB,12,3,0.25
32,"Zach Dancel, Wake Forest (ACC)",Sr.,DB,12,3,0.25
32,"Devon Earl, South Alabama (Sun Belt)",Jr.,DB,12,3,0.25
32,"Jake Fely, San Diego St. (Mountain West)",Sr.,LB,12,3,0.25
32,"Pat Green, East Carolina (AAC)",So.,LB,12,3,0.25
32,"Micah Kiser, Virginia (ACC)",So.,LB,12,3,0.25
32,"Harold Landry, Boston College (ACC)",So.,DL,12,3,0.25
32,"Mike Moore, Virginia (ACC)",Sr.,DL,12,3,0.25
32,"Skai Moore, South Carolina (SEC)",Jr.,LB,12,3,0.25
32,"Levi Peters, Iowa St. (Big 12)",Jr.,LB,12,3,0.25
32,"Jeremy Reaves, South Alabama (Sun Belt)",So.,DB,12,3,0.25
32,"Dawuane Smoot, Illinois (Big Ten)",Jr.,DL,12,3,0.25
