Rank,Player,Cl,Pos,G,FF,FFPG
1,"Richard Jarvis, Brown (Ivy League)",Sr.,LB,10,6,0.60
2,"Jonathan Petersen, San Diego (Pioneer)",Sr.,DL,13,7,0.54
3,"Eli Mencer, UAlbany (CAA)",Jr.,RB,11,5,0.45
4,"Chaston Brooks, Lamar University (Southland)",Jr.,LB,11,4,0.36
4,"Jeremy Chinn, Southern Ill. (MVFC)",So.,DB,11,4,0.36
4,"Thomas Costigan, Bryant (NEC)",Jr.,LB,11,4,0.36
4,"Malachi Hoskins, UAlbany (CAA)",Sr.,DL,11,4,0.36
4,"Raheim Huskey, Hampton (MEAC)",Sr.,LB,11,4,0.36
4,"Colby Isbell, Missouri St. (MVFC)",Sr.,DL,11,4,0.36
4,"Rico Kennedy, Morgan St. (MEAC)",Jr.,LB,11,4,0.36
4,"Ryan Reed, Northwestern St. (Southland)",So.,DB,11,4,0.36
12,"Darryl Johnson, N.C. A&T (MEAC)",So.,DL,12,4,0.33
12,"Jaison Williams, Austin Peay (OVC)",So.,DL,12,4,0.33
14,"Jay Cammon, Jr., Penn (Ivy League)",Jr.,DB,10,3,0.30
14,"Will Coneway, Mercer (SoCon)",So.,LB,10,3,0.30
14,"Nick Miller, Penn (Ivy League)",Jr.,LB,10,3,0.30
14,"Elijah Price, Florida A&M (MEAC)",Sr.,LB,10,3,0.30
18,"D. Adams, Delaware St. (MEAC)",Fr.,,11,3,0.27
18,"Kyle Archie, Norfolk St. (MEAC)",Sr.,LB,11,3,0.27
18,"Jeb Boudreaux, Stetson (Pioneer)",Sr.,LB,11,3,0.27
18,"Ethan Brunhofer, Butler (Pioneer)",Sr.,LB,11,3,0.27
18,"Nigel Chavis, Norfolk St. (MEAC)",So.,DL,11,3,0.27
18,"Kawuan Cox, N.C. Central (MEAC)",So.,DL,11,3,0.27
18,"Kendall Donnerson, Southeast Mo. St. (OVC)",Sr.,LB,11,3,0.27
18,"Anthony Ellis, Charleston So. (Big South)",Sr.,DL,11,3,0.27
18,"La'Travien Gee, Houston Christian (Southland)",Sr.,DB,11,3,0.27
18,"James Gilleylen, UT Martin (OVC)",Jr.,LB,11,3,0.27
18,"Kobie Grace, Eastern Ky. (OVC)",Sr.,DB,11,3,0.27
18,"Rondell Green, Indiana St. (MVFC)",Jr.,DB,11,3,0.27
18,"Brandon Jamison, UC Davis (Big Sky)",So.,LB,11,3,0.27
18,"Owen Kessler, Georgetown (Patriot)",Fr.,DL,11,3,0.27
18,"George Obinna, Sacramento St. (Big Sky)",Jr.,DL,11,3,0.27
18,"Shaheed Salmon, Samford (SoCon)",Sr.,LB,11,3,0.27
18,"Tucker Schye, Montana (Big Sky)",Sr.,DL,11,3,0.27
35,"Malik Boynton, Austin Peay (OVC)",Sr.,DB,12,3,0.25
35,"Juantarius Bryant, Austin Peay (OVC)",Jr.,DB,12,3,0.25
35,"Elijah Campbell, UNI (MVFC)",Jr.,DB,12,3,0.25
35,"Chris Chambers, Central Ark. (Southland)",Sr.,LB,12,3,0.25
35,"La'Allan Clark, Grambling (SWAC)",Jr.,DL,12,3,0.25
35,"Darius Jackson, Jacksonville St. (OVC)",Sr.,DL,12,3,0.25
35,"Khalen Saunders, Western Ill. (MVFC)",Jr.,DL,12,3,0.25
35,"Jeremy Taylor, N.C. A&T (MEAC)",Sr.,LB,12,3,0.25
35,"Chris Terrell, Central Ark. (Southland)",So.,DL,12,3,0.25
