Rank,Player,Cl,Pos,G,FF,FFPG
1,"D'Anthony Jones, Houston (AAC)",Sr.,DL,13,5,0.38
1,"Tavius Robinson, Ole Miss (SEC)",Sr.,DE,13,5,0.38
3,"Ayinde Eley, Georgia Tech (ACC)",Sr.,LB,12,4,0.33
3,"Nick Hampton, App State (Sun Belt)",Jr.,LB,9,3,0.33
3,"Antonio Johnson, Texas A&M (SEC)",Jr.,DB,9,3,0.33
6,"Yasir Abdullah, Louisville (ACC)",Sr.,LB,13,4,0.31
6,"Monty Montgomery, Louisville (ACC)",Sr.,LB,13,4,0.31
8,"Harold Perkins Jr., LSU (SEC)",Fr.,LB,14,4,0.29
9,"Kendell Brooks, Michigan St. (Big Ten)",Sr.,DB,11,3,0.27
9,"Alonzo Edwards, Jr., Texas St. (Sun Belt)",So.,CB,11,3,0.27
9,"Gunner Maldonado, Arizona (Pac-12)",So.,DB,11,3,0.27
9,"Adam Plant Jr., UNLV (Mountain West)",Sr.,DL,11,3,0.27
13,"Dwayne Boyles, South Fla. (AAC)",Sr.,LB,12,3,0.25
13,"Keyshawn Cobb, Buffalo (MAC)",Jr.,S,12,3,0.25
13,"DJ Coleman, Missouri (SEC)",Sr.,DL,12,3,0.25
13,"Donovan Ezeiruaku, Boston College (ACC)",So.,DE,12,3,0.25
13,"Braden Fiske, Western Mich. (MAC)",Jr.,DL,12,3,0.25
13,"Daiyan Henley, Washington St. (Pac-12)",Sr.,LB,12,3,0.25
13,"Demetrius Hill, FIU (C-USA)",Fr.,DB,12,3,0.25
13,"Layton Jordan, Temple (AAC)",Jr.,LB,12,3,0.25
13,"Jordan Mahoney, Massachusetts (FBS Independent)",So.,DB,12,3,0.25
13,"Francisco Mauigoa, Washington St. (Pac-12)",So.,LB,12,3,0.25
13,"Jahmin Muse, Buffalo (MAC)",Sr.,S,12,3,0.25
13,"Anfernee Orji, Vanderbilt (SEC)",Sr.,LB,12,3,0.25
13,"Noah Pierre, Indiana (Big Ten)",Sr.,DB,12,3,0.25
13,"Kendarin Ray, Tulsa (AAC)",Sr.,DB,12,3,0.25
13,"Drew Sanders, Arkansas (SEC)",Jr.,LB,12,3,0.25
13,"Bentlee Sanders, Nevada (Mountain West)",Sr.,DB,12,3,0.25
13,"Cecil Singleton, Louisiana Tech (C-USA)",Jr.,DB,12,3,0.25
13,"Mike Smith, Jr., Liberty (FBS Independent)",Jr.,LB,12,3,0.25
13,"Gerard Stringer, East Carolina (AAC)",Sr.,S,12,3,0.25
13,"Colby Wooden, Auburn (SEC)",Jr.,DL,12,3,0.25
