Rank,Player,Cl,Pos,G,FF,FFPG
1,"Chris Bermond, Nicholls (Southland)",Sr.,LB,12,5,0.42
1,"Lynden Trail, Norfolk St. (MEAC)",Jr.,LB,12,5,0.42
3,"Caleb Clayton-Molby, Charlotte (FCS Independent)",Jr.,LB,10,4,0.40
3,"Zach Hodges, Harvard (Ivy League)",Jr.,DL,10,4,0.40
5,"Brock Coyle, Montana (Big Sky)",Sr.,LB,13,5,0.38
6,"Brandon Coleman, Drake (Pioneer)",Sr.,DL,11,4,0.36
6,"Javon Hargrave, South Carolina St. (MEAC)",So.,DL,11,4,0.36
8,"Stephen Hodge, Fordham (Patriot)",Jr.,LB,14,5,0.36
9,"Tosin Aguebar, Mercer (Pioneer)",Fr.,LB,12,4,0.33
9,"Miles Grooms, Hampton (MEAC)",So.,DL,12,4,0.33
9,"Mike Reilly, William & Mary (CAA)",Jr.,DL,12,4,0.33
9,"Tyler Starr, South Dakota (MVFC)",Sr.,LB,12,4,0.33
9,"Davis Tull, Chattanooga (SoCon)",Jr.,DL,12,4,0.33
9,"Michael Turner, Cornell (Ivy League)",Jr.,DB,9,3,0.33
15,"Telvion Clark, Towson (CAA)",Sr.,LB,16,5,0.31
16,"John Bumpus, Brown (Ivy League)",Sr.,DL,10,3,0.30
16,"John Coleman, Morehead St. (Pioneer)",Sr.,DB,10,3,0.30
16,"Victor Egu, Yale (Ivy League)",Fr.,LB,10,3,0.30
16,"Norman Hayes, Harvard (Ivy League)",Jr.,DB,10,3,0.30
16,"Sebastian Jaskowski, Penn (Ivy League)",Sr.,DB,10,3,0.30
16,"Nick Kaszei, Marist (Pioneer)",Sr.,DB,10,3,0.30
22,"Kameron Lecoq, Houston Christian (FCS Independent)",Fr.,DL,7,2,0.29
22,"Jourdan Wickliffe, Eastern Ill. (OVC)",Jr.,DB,14,4,0.29
22,"Winston Wright, South Dakota St. (MVFC)",Sr.,DB,14,4,0.29
25,"David Perkins, Illinois St. (MVFC)",So.,LB,11,3,0.27
25,"Bernard Williams, Wofford (SoCon)",Jr.,DB,11,3,0.27
27,"T.J. Lee III, Eastern Wash. (Big Sky)",Sr.,DB,15,4,0.27
28,"Cody Acker, Morgan St. (MEAC)",Jr.,LB,12,3,0.25
28,"Tony Bell, UT Martin (OVC)",Jr.,LB,12,3,0.25
28,"Derrick Billups, Alabama St. (SWAC)",Sr.,DL,12,3,0.25
28,"Courtland Carson, Western Caro. (SoCon)",Sr.,LB,12,3,0.25
28,"Marcell Coke, Norfolk St. (MEAC)",Jr.,LB,12,3,0.25
28,"Nick Dzubnar, Cal Poly (Big Sky)",Jr.,LB,12,3,0.25
28,"Tazmon Foster, N.C. Central (MEAC)",Sr.,LB,12,3,0.25
28,"Tra'Darius Goff, Tennessee Tech (OVC)",Jr.,LB,12,3,0.25
28,"Matt Hermanson, Montana (Big Sky)",Jr.,DB,12,3,0.25
28,"Keenan Lambert, Norfolk St. (MEAC)",Jr.,DB,12,3,0.25
28,"Donnell Lewis, Towson (CAA)",So.,DB,16,4,0.25
28,"Nick Melka, Columbia (Ivy League)",Sr.,DL,8,2,0.25
28,"Patrick O'Hara, Monmouth (FCS Independent)",Sr.,DL,12,3,0.25
28,"Enriques Perry, Austin Peay (OVC)",Sr.,DB,12,3,0.25
28,"Antwione Reese, Central Conn. St. (NEC)",Sr.,DB,12,3,0.25
28,"Gage Steele, James Madison (CAA)",Fr.,LB,12,3,0.25
28,"Brandon Wicks, Murray St. (OVC)",Sr.,DB,12,3,0.25
28,"Tyler Williamson, Southern Ill. (MVFC)",Jr.,LB,12,3,0.25
28,"Tyler Zeoli, Holy Cross (Patriot)",Jr.,LB,12,3,0.25
