Rank,Player,Cl,Pos,G,FF,FFPG
1,"Elijah Anderson-Taylor, Northern Colo. (Big Sky)",So.,LB,11,5,0.45
2,"Aubrey Miller Jr., Jackson St. (SWAC)",Sr.,LB,13,5,0.38
2,"Winston Reid, Weber St. (Big Sky)",Jr.,LB,13,5,0.38
4,"Daylan Dotson, UT Martin (OVC)",Jr.,DL,11,4,0.36
4,"Aubrey Nellems, Southern Utah (WAC)",Jr.,LB,11,4,0.36
4,"Kamari Stephens, Florida A&M (SWAC)",Jr.,DL,11,4,0.36
7,"Marcus Hillman, Elon (CAA)",Sr.,LB,12,4,0.33
8,"Nate Lynn, William & Mary (CAA)",Sr.,DL,13,4,0.31
9,"Marcus Brown, Howard (MEAC)",Jr.,DL,10,3,0.30
9,"Patrick GODBOLT, South Carolina St. (MEAC)",Jr.,DL,10,3,0.30
9,"Trey Harris, Cornell (Ivy League)",So.,DB,10,3,0.30
9,"Reid Nickerson, Yale (Ivy League)",Sr.,DL,10,3,0.30
13,"Nathan Arthur, Dayton (Pioneer)",Sr.,LB,11,3,0.27
13,"Juan DelaCruz, Western Ill. (MVFC)",Jr.,LB,11,3,0.27
13,"Malik Hamm, Lafayette (Patriot)",Sr.,DL,11,3,0.27
13,"Jalyx Hunt, Houston Christian (Southland)",Jr.,DL,11,3,0.27
13,"Rudy Ngougni, LIU (NEC)",Sr.,DE,11,3,0.27
13,"Triumphant Olatunji, SFA (ASUN)",Sr.,DB,11,3,0.27
13,"BJ Thompson, SFA (ASUN)",Sr.,DE,11,3,0.27
20,"Travell Cook, Saint Francis (PA) (NEC)",Jr.,DB,12,3,0.25
20,"Sam Hafner, Valparaiso (Pioneer)",So.,DL,12,3,0.25
20,"Jamir Malone, Elon (CAA)",Sr.,LB,12,3,0.25
