Rank,Player,Cl,Pos,G,FF,FFPG
1,"Harold Landry, Boston College (ACC)",Jr.,DL,13,7,0.54
2,"Devin Chappell, Oregon St. (Pac-12)",Sr.,DB,12,6,0.50
3,"Jimmie Gilbert, Colorado (Pac-12)",Sr.,DL,14,6,0.43
3,"Javon Hagan, Ohio (MAC)",So.,DB,14,6,0.43
5,"Troy Hawthorne, UNLV (Mountain West)",Sr.,DB,12,5,0.42
5,"James Hearns, Louisville (ACC)",Jr.,DB,12,5,0.42
5,"Micah Kiser, Virginia (ACC)",Jr.,LB,12,5,0.42
5,"Marcus Oliver, Indiana (Big Ten)",Jr.,LB,12,5,0.42
9,"Da'Sean Downey, Massachusetts (FBS Independent)",Jr.,DL,10,4,0.40
10,"Pat O'Connor, Eastern Mich. (MAC)",Sr.,DL,13,5,0.38
11,"Rodney Allen, Marshall (C-USA)",Jr.,DB,11,4,0.36
12,"Jaden Wright, New Mexico St. (Sun Belt)",Jr.,DB,12,4,0.33
12,"Jordan Wyatt, SMU (AAC)",So.,DB,12,4,0.33
14,"Josh Allen, Kentucky (SEC)",So.,LB,13,4,0.31
14,"Kevin Davis, Colorado St. (Mountain West)",Sr.,LB,13,4,0.31
14,"Chris Odom, Arkansas St. (Sun Belt)",Sr.,DL,13,4,0.31
14,"Anthony Walker, Jr., Northwestern (Big Ten)",Jr.,LB,13,4,0.31
14,"Dravious Wright, NC State (ACC)",Sr.,DB,13,4,0.31
19,"Stanley Green, Illinois (Big Ten)",Fr.,DB,10,3,0.30
19,"Dayon Pratt, East Carolina (AAC)",Sr.,LB,10,3,0.30
21,"Jaylon Ferguson, Louisiana Tech (C-USA)",So.,DL,14,4,0.29
22,"Tai'Yon Devers, Minnesota (Big Ten)",Fr.,DL,11,3,0.27
22,"Ukeme Eligwe, Ga. Southern (Sun Belt)",Jr.,LB,11,3,0.27
22,"Arden Key, LSU (SEC)",So.,LB,11,3,0.27
22,"Takkarist McKinley, UCLA (Pac-12)",Sr.,DL,11,3,0.27
26,"Ryan Anderson, Alabama (SEC)",Sr.,LB,15,4,0.27
27,"Dorance Armstrong Jr., Kansas (Big 12)",So.,DL,12,3,0.25
27,"Parris Bennett, Syracuse (ACC)",Jr.,LB,12,3,0.25
27,"Rodney Butler, New Mexico St. (Sun Belt)",Sr.,LB,12,3,0.25
27,"Colbert Calhoun, Massachusetts (FBS Independent)",Jr.,LB,12,3,0.25
27,"Koron Crump, Arizona St. (Pac-12)",Jr.,LB,12,3,0.25
27,"Trent Greene, Bowling Green (MAC)",Sr.,LB,12,3,0.25
27,"Dylan Hanser, Washington St. (Pac-12)",Jr.,LB,12,3,0.25
27,"Ishmael Hargrove, Buffalo (MAC)",Jr.,LB,12,3,0.25
27,"Marquis Haynes, Ole Miss (SEC)",Jr.,DL,12,3,0.25
27,"Jah'Shawn Johnson, Texas Tech (Big 12)",So.,DB,12,3,0.25
27,"Nico Marley, Tulane (AAC)",Sr.,LB,12,3,0.25
27,"Randy Ramsey, Arkansas (SEC)",So.,DL,12,3,0.25
27,"Malik Reed, Nevada (Mountain West)",So.,DL,12,3,0.25
27,"Sherrod Ruff, Southern Miss. (C-USA)",Jr.,LB,12,3,0.25
27,"Asauni Rufus, Nevada (Mountain West)",So.,DB,12,3,0.25
27,"Austin Smaha, NIU (MAC)",Sr.,LB,12,3,0.25
27,"Tre Watson, Illinois (Big Ten)",So.,LB,12,3,0.25
