Rank,Player,Cl,Pos,G,FF,FFPG
1,"Jachai Polite, Florida (SEC)",Jr.,DL,13,6,0.46
2,"Trevis Gipson, Tulsa (AAC)",Jr.,DL,12,5,0.42
2,"Sean Williams, Navy (AAC)",Sr.,DB,12,5,0.42
4,"Josh Allen, Kentucky (SEC)",Sr.,LB,13,5,0.38
4,"Justin Hollins, Oregon (Pac-12)",Sr.,DL,13,5,0.38
4,"Jordan Kunaszyk, California (Pac-12)",Sr.,LB,13,5,0.38
4,"James Nachtigal, Army West Point (FBS Independent)",Sr.,LB,13,5,0.38
8,"Cole Holcomb, North Carolina (ACC)",Sr.,LB,11,4,0.36
9,"Paddy Fisher, Northwestern (Big Ten)",So.,LB,14,5,0.36
10,"Christian Albright, Ball St. (MAC)",So.,LB,12,4,0.33
10,"Maxx Crosby, Eastern Mich. (MAC)",Jr.,DL,12,4,0.33
10,"Brad Koenig, Miami (OH) (MAC)",Sr.,DB,12,4,0.33
10,"Reggie Walker, Kansas St. (Big 12)",Jr.,DL,12,4,0.33
10,"Javin White, UNLV (Mountain West)",Jr.,DB,12,4,0.33
10,"Oshane Ximines, Old Dominion (C-USA)",Sr.,DL,12,4,0.33
16,"Carter Coughlin, Minnesota (Big Ten)",Jr.,DL,13,4,0.31
16,"A.J. Epenesa, Iowa (Big Ten)",So.,DL,13,4,0.31
16,"Ali Fayad, Western Mich. (MAC)",So.,DL,13,4,0.31
16,"Dane Jackson, Pittsburgh (ACC)",Jr.,DB,13,4,0.31
16,"Patrick Johnson, Tulane (AAC)",So.,DL,13,4,0.31
16,"Malik Reed, Nevada (Mountain West)",Sr.,LB,13,4,0.31
16,"D'Andre Walker, Georgia (SEC)",Sr.,LB,13,4,0.31
16,"Ladarius Wiley, Vanderbilt (SEC)",Sr.,DB,13,4,0.31
16,"Jahad Woods, Washington St. (Pac-12)",So.,LB,13,4,0.31
25,"Ben Burr-Kirven, Washington (Pac-12)",Sr.,LB,14,4,0.29
25,"James Patterson, Buffalo (MAC)",Fr.,LB,14,4,0.29
25,"Sutton Smith, NIU (MAC)",Jr.,DL,14,4,0.29
28,"Marlin Brooks, Ohio (MAC)",So.,DB,11,3,0.27
28,"Mike Lee, Kansas (Big 12)",Jr.,DB,11,3,0.27
30,"Deionte Thompson, Alabama (SEC)",Jr.,DB,15,4,0.27
31,"Mctelvin Agim, Arkansas (SEC)",Jr.,DL,12,3,0.25
31,"Brian Burns, Florida St. (ACC)",Jr.,DL,12,3,0.25
31,"Najee Clayton, Western Mich. (MAC)",Jr.,LB,12,3,0.25
31,"Mike Danna, Central Mich. (MAC)",Jr.,DL,12,3,0.25
31,"Cooper Edmiston, Tulsa (AAC)",Jr.,LB,12,3,0.25
31,"Frankie Griffin, Texas St. (Sun Belt)",Sr.,LB,12,3,0.25
31,"Carlton Martial, Troy (Sun Belt)",Fr.,LB,12,3,0.25
31,"Seun Oluwatimi, Maryland (Big Ten)",Jr.,DL,12,3,0.25
31,"Jaylen Pickett, Eastern Mich. (MAC)",Sr.,LB,12,3,0.25
31,"Alton Robinson, Syracuse (ACC)",Jr.,DL,12,3,0.25
31,"Darrell Taylor, Tennessee (SEC)",Jr.,DL,12,3,0.25
31,"Armon Watts, Arkansas (SEC)",Sr.,DL,12,3,0.25
