Rank,Player,Cl,Pos,G,Rush,Rush TD,Rush Yds
1,"Pierre Strong, South Dakota St. (MVFC)",Sr.,RB,15,240,18,"1,673"
2,"Isaiah Ifanse, Montana St. (Big Sky)",Jr.,RB,14,280,10,"1,623"
3,"Quay Holmes, ETSU (SoCon)",Sr.,RB,13,265,17,"1,553"
4,"Malik Grant, Sacred Heart (NEC)",Jr.,RB,12,240,9,"1,347"
5,"Ramon Jefferson, Sam Houston (WAC)",Sr.,RB,12,173,13,"1,155"
6,"Kevin Daniels, Northern Ariz. (Big Sky)",Fr.,RB,10,185,7,"1,146"
7,"Jaleel McLaughlin, Youngstown St. (MVFC)",Sr.,RB,10,175,12,"1,139"
8,"Peyton Logan, UT Martin (OVC)",Sr.,RB,13,156,4,"1,121"
9,"Geno Hess, Southeast Mo. St. (OVC)",Jr.,RB,10,202,14,"1,115"
10,"Robert Washington, Valparaiso (Pioneer)",Sr.,RB,11,211,14,"1,105"
11,"Ty Son Lawton, Stony Brook (CAA)",Jr.,RB,11,216,10,"1,088"
12,"Ailym Ford, Chattanooga (SoCon)",So.,RB,11,203,11,"1,071"
13,"Jake Chisholm, Dayton (Pioneer)",Jr.,RB,10,235,14,"1,033"
14,"Darius Hale, Central Ark. (ASUN)",Fr.,RB,11,198,17,"1,021"
15,"Jacob Saylors, ETSU (SoCon)",Jr.,RB,13,143,10,"1,019"
16,"Caleb Johnson, Mississippi Val. (SWAC)",So.,RB,11,235,8,"1,018"
17,"Bishop Bonnett, Florida A&M (SWAC)",Sr.,RB,12,156,5,993
18,"Narii Gaither, Gardner-Webb (Big South)",Jr.,RB,11,178,7,991
19,"Lindsey Scott, Nicholls (Southland)",Sr.,QB,11,143,9,990
20,"Cole Mueller, Illinois St. (MVFC)",Jr.,RB,11,189,6,977
21,"Karl Mofor, UAlbany (CAA)",Sr.,RB,11,238,12,962
22,"Kevin Brown, UIW (Southland)",Sr.,RB,13,150,12,956
23,"Gary Quarles, Alabama A&M (SWAC)",Sr.,RB,10,205,10,955
24,"Jaylan Adams, The Citadel (SoCon)",Jr.,QB,11,222,12,948
25,"Latrele Palmer, James Madison (CAA)",So.,RB,14,188,3,947
26,"Dennis Merritt, Eastern Wash. (Big Sky)",Sr.,RB,13,201,15,933
27,"Collin Guggenheim, Nicholls (Southland)",Fr.,RB,9,145,10,930
28,"Damonta Witherspoon, Murray St. (OVC)",Fr.,RB,11,211,8,910
29,"Dylan Sparks, Davidson (Pioneer)",Jr.,RB,11,177,9,903
30,"Ulonzo Gilliam, UC Davis (Big Sky)",Jr.,RB,12,201,6,901
30,"David Gist, Tennessee Tech (OVC)",Jr.,RB,11,184,8,901
32,"Jerry Howard, Towson (CAA)",Sr.,RB,11,187,3,895
33,"J.J. Davis, Norfolk St. (MEAC)",Fr.,RB,11,123,10,887
34,"Malik Walker, Portland St. (Big Sky)",Sr.,RB,11,176,11,879
35,"Matthew Sluka, Holy Cross (Patriot)",So.,QB,13,166,14,868
36,"Xavier Shepherd, Kennesaw St. (Big South)",Jr.,QB,13,240,23,867
37,"Kendrell FLOWERS, South Carolina St. (MEAC)",Fr.,RB,12,168,10,857
38,"Irvin Mulligan, Wofford (SoCon)",So.,RB,10,124,8,854
39,"Tyrell Price, Chattanooga (SoCon)",Sr.,RB,11,133,9,853
40,"Sy'Veon Wilkerson, Delaware St. (MEAC)",Fr.,RB,11,220,8,848
41,"Fred Davis, Mercer (SoCon)",So.,RB,10,163,14,847
42,"Aaron Shampklin, Harvard (Ivy League)",Jr.,RB,9,150,11,842
43,"Peterson Kerlegrand, Indiana St. (MVFC)",Sr.,RB,11,185,5,830
44,"Niko Duffey, Alcorn (SWAC)",Jr.,RB,11,156,4,825
45,"Otis Weah, North Dakota (MVFC)",Jr.,RB,9,159,9,818
46,"Dejoun Lee, Delaware (CAA)",Sr.,RB,11,178,5,814
46,"Dante Miller, Columbia (Ivy League)",Sr.,RB,10,145,4,814
48,"Zak Wallace, UT Martin (OVC)",Fr.,RB,13,148,15,807
49,"Ahmaad Tanner, Austin Peay (OVC)",Sr.,RB,11,180,11,801
50,"Devon Starling, Tennessee St. (OVC)",Fr.,RB,11,180,3,800
51,"Peter Oliver, Holy Cross (Patriot)",Sr.,RB,12,150,4,797
52,"Nick Howard, Dartmouth (Ivy League)",Jr.,QB,10,125,15,787
53,"Coy Williams, Davidson (Pioneer)",Sr.,RB,11,140,15,785
54,"Delvecchio Powell II, Presbyterian (Pioneer)",Jr.,RB,11,118,6,775
55,"TaMerik Williams, North Dakota St. (MVFC)",Jr.,RB,14,123,12,772
56,"Marques DeShields, Saint Francis (PA) (NEC)",Jr.,RB,11,167,4,767
57,"Justin Covington, Villanova (CAA)",Sr.,RB,11,128,6,739
58,"Dom Williams, UNI (MVFC)",Sr.,RB,12,121,4,723
59,"Freddie Brock, Maine (CAA)",So.,RB,11,132,7,720
60,"Nate Thomas, South Dakota (MVFC)",Fr.,RB,10,114,5,717
61,"Tommy Mellott, Montana St. (Big Sky)",Fr.,QB,14,113,10,716
62,"Josh Samuel, Jacksonville St. (ASUN)",Jr.,RB,11,128,6,714
63,"Isaiah Malcome, Penn (Ivy League)",Sr.,RB,10,123,6,710
64,"Dominic Roberto, Furman (SoCon)",So.,RB,11,96,6,709
65,"Juwon Farri, Monmouth (Big South)",Jr.,RB,8,152,8,702
66,"Isaiah Davis, South Dakota St. (MVFC)",So.,RB,7,95,7,701
67,"Billy Lucas, Duquesne (NEC)",Fr.,RB,10,137,6,699
68,"Miles Reed, SFA (WAC)",Jr.,RB,10,165,3,678
69,"Kobe Johnson, North Dakota St. (MVFC)",Jr.,RB,15,105,3,671
70,"Travis Theis, South Dakota (MVFC)",So.,RB,11,152,8,670
71,"Asher O'Hara, Sacramento St. (Big Sky)",Jr.,QB,12,162,9,667
72,"Xavier Harris, Montana (Big Sky)",Fr.,RB,10,151,2,666
73,"Kobe Dillion, Southern U. (SWAC)",Fr.,RB,9,87,4,662
74,"Alijah Jackson, Robert Morris (Big South)",Sr.,RB,9,181,2,660
74,"Quincy Patterson, North Dakota St. (MVFC)",Jr.,QB,14,113,7,660
76,"Kyle Glover, Kennesaw St. (Big South)",Sr.,RB,13,134,1,655
77,"Jaden Stewart, Prairie View (SWAC)",Fr.,RB,11,132,7,654
78,"Fabrice Mukendi, Bryant (NEC)",Fr.,RB,11,110,9,651
79,"Korey Bridy, VMI (SoCon)",Sr.,RB,8,138,8,649
80,"Andrew Body, Texas Southern (SWAC)",Fr.,QB,10,98,5,642
81,"Elijah Burris, Hampton (Big South)",Fr.,RB,11,139,6,640
82,"Garrett Owens, Duquesne (NEC)",Sr.,RB,10,130,5,631
83,"Jarett Hunter, Howard (MEAC)",So.,RB,11,137,3,625
83,"Kevon Latulas, Missouri St. (MVFC)",Jr.,RB,11,90,3,625
85,"LaDarius Owens, Texas Southern (SWAC)",So.,RB,10,83,5,624
86,"Bronson Yoder, William & Mary (CAA)",Jr.,RB,9,114,4,623
87,"Jalen Leary, Stetson (Pioneer)",So.,RB,9,110,8,621
88,"Da'Joun Hewitt, Eastern Ky. (ASUN)",Fr.,RB,11,165,7,607
89,"Aris Hilliard, Davidson (Pioneer)",Jr.,WR,11,71,8,605
90,"Aidan Borguet, Harvard (Ivy League)",So.,RB,10,115,8,602
91,"Jaylan Thomas, Elon (CAA)",Jr.,RB,11,146,4,600
92,"Demeatric Crenshaw, Youngstown St. (MVFC)",So.,QB,9,132,7,599
92,"Tobias Little, Missouri St. (MVFC)",Sr.,RB,12,137,10,599
94,"Parker McKinney, Eastern Ky. (ASUN)",So.,QB,11,96,6,596
95,"Justice Antrum, Rhode Island (CAA)",Sr.,RB,9,127,6,590
95,"Jonathan DeBique, LIU (NEC)",Sr.,RB,10,118,4,590
97,"Que’Shaun Byrd, Bethune-Cookman (SWAC)",Sr.,RB,11,114,4,589
97,"Jalen Jackson, Villanova (CAA)",Sr.,RB,11,96,7,589
97,"TJ Jones, Western Caro. (SoCon)",Jr.,RB,11,125,9,589
100,"Stadford Anderson, Alcorn (SWAC)",Sr.,RB,8,126,4,583
101,"Marcus Cooper, UIW (Southland)",Sr.,RB,13,99,8,580
102,"Terrence Smith, San Diego (Pioneer)",Sr.,RB,11,131,5,579
103,"Jay Stanton, Samford (SoCon)",Jr.,RB,11,115,6,572
104,"Michael Brescia, Colgate (Patriot)",Fr.,QB,9,114,9,567
104,"Noah Smith, Sam Houston (WAC)",Jr.,RB,12,89,6,567
106,"Trey Wilson III, Fordham (Patriot)",Jr.,RB,11,103,3,566
107,"Javon Williams Jr., Southern Ill. (MVFC)",Jr.,RB,13,100,9,564
108,"Deonta McMahon, McNeese (Southland)",Jr.,RB,11,109,8,558
109,"Issiah Aguero, Morehead St. (Pioneer)",Sr.,RB,11,139,8,554
110,"Rogan Wells, Western Caro. (SoCon)",Sr.,QB,9,90,4,552
111,"Carlos Washington Jr., New Hampshire (CAA)",Jr.,RB,10,117,1,547
112,"Hunter Luepke, North Dakota St. (MVFC)",Jr.,FB,13,87,8,543
113,"Julius Chestnut, Sacred Heart (NEC)",Sr.,RB,6,91,3,542
114,"Tyrese White, Abilene Christian (WAC)",Sr.,RB,11,80,3,539
115,"Donavyn Lester, William & Mary (CAA)",Jr.,RB,8,96,5,535
116,"Devon Benn, Southern U. (SWAC)",Sr.,RB,11,109,5,533
117,"DJ Williams, Murray St. (OVC)",Fr.,QB,11,82,6,532
118,"Allen Smith, Brown (Ivy League)",Sr.,RB,10,140,3,525
119,"Jah-Maine Martin, N.C. A&T (Big South)",Sr.,RB,10,134,4,522
120,"Cameron Skattebo, Sacramento St. (Big Sky)",Fr.,RB,9,57,6,520
121,"Tyevin Ford, Idaho St. (Big Sky)",Fr.,LB,10,117,4,519
122,"Terrell Jennings, Florida A&M (SWAC)",So.,RB,12,105,5,517
123,"Elijah Barnwell, Maine (CAA)",Jr.,RB,9,117,4,514
124,"Logan Billings, The Citadel (SoCon)",So.,RB,8,133,6,511
125,"Liam Welch, Samford (SoCon)",Sr.,QB,11,111,8,510
126,"Dan Adeboboye, Bryant (NEC)",Sr.,RB,11,117,6,507
126,"Nasir Smith, Central Conn. St. (NEC)",Sr.,RB,11,125,2,507
128,"Alfonzo Graham, Morgan St. (MEAC)",Jr.,RB,9,54,5,506
129,"Aaron Dykes, Richmond (CAA)",Jr.,RB,11,124,6,505
130,"Zach Borisch, Idaho (Big Sky)",Jr.,DB,11,119,5,502
131,"Dylan Laube, New Hampshire (CAA)",So.,RB,9,80,4,501
132,"Rickey Spruill, Wagner (NEC)",Fr.,RB,10,96,3,500
133,"Emilio Martinez, San Diego (Pioneer)",Sr.,RB,10,119,3,499
134,"Junior Bergen, Montana (Big Sky)",Fr.,RB,12,118,4,498
134,"Ryan Young, Columbia (Ivy League)",Sr.,RB,10,128,3,498
136,"Jaden Shirden, Monmouth (Big South)",Fr.,RB,11,78,3,497
137,"AJ Deinhart, Butler (Pioneer)",Jr.,RB,11,101,3,496
138,"Brian Snead, Austin Peay (OVC)",Jr.,RB,10,92,5,493
139,"Rashad Raymond, VMI (SoCon)",Fr.,RB,11,90,3,492
139,"Devin Wynn, Furman (SoCon)",Sr.,RB,8,104,6,492
141,"Savon Smith, Richmond (CAA)",Jr.,RB,11,102,3,491
142,"Myles Wanza, Western Ill. (MVFC)",Sr.,RB,10,103,3,487
143,"Cole Kelley, Southeastern La. (Southland)",Sr.,QB,13,161,16,485
144,"Justin Strong, Southern Ill. (MVFC)",Jr.,RB,13,84,2,484
145,"Hunter Cobb, Marist (Pioneer)",Jr.,RB,10,98,4,482
145,"Gene Sledge Jr, Northern Colo. (Big Sky)",Fr.,RB,9,134,4,482
147,"Kierre Crossley, Ark.-Pine Bluff (SWAC)",Sr.,RB,11,113,7,481
148,"Harrison Bey-Buie, Eastern Ill. (OVC)",So.,RB,11,132,4,479
148,"Iaan Cousin, Kennesaw St. (Big South)",Jr.,RB,13,47,4,479
150,"Jack Chambers, Charleston So. (Big South)",Sr.,QB,10,135,7,477
150,"Collin Eaddy, Princeton (Ivy League)",Sr.,RB,9,111,10,477
152,"Zack Bair, Dartmouth (Ivy League)",Sr.,RB,9,88,2,476
153,"Dontae McMillan, Weber St. (Big Sky)",Fr.,RB,11,85,4,475
154,"Keon Howard, UT Martin (OVC)",Sr.,QB,10,95,10,474
155,"Jaylen Smith, Rhode Island (CAA)",Fr.,RB,11,89,1,469
156,"Lyndemian Brooks, Prairie View (SWAC)",Sr.,RB,10,92,5,468
157,"Jabriel Johnson, Morgan St. (MEAC)",So.,RB,11,125,2,464
158,"Bradrick Shaw, UNI (MVFC)",---,RB,10,111,3,462
159,"Donnavan Spencer, Southern Ill. (MVFC)",Sr.,RB,11,88,6,457
160,"Peytton Pickett, Jackson St. (SWAC)",Sr.,RB,12,107,5,450
160,"Selwyn Simpson, Lafayette (Patriot)",Sr.,RB,10,92,5,450
162,"Santee Marshall, Jackson St. (SWAC)",Jr.,RB,13,106,3,449
163,"Trent Tompkins, UC Davis (Big Sky)",Fr.,QB,12,80,6,448
164,"Spencer Alston, Yale (Ivy League)",Sr.,RB,10,96,8,446
165,"Roshaun Johnson, Idaho (Big Sky)",Sr.,RB,11,91,10,444
165,"Curtis Williams, Northwestern St. (Southland)",So.,RB,11,76,0,444
167,"Ian Wheeler, Howard (MEAC)",Jr.,RB,8,65,8,443
168,"Jett Duffey, Hampton (Big South)",Sr.,QB,11,116,10,439
169,"Jason Shelley, Missouri St. (MVFC)",Sr.,QB,12,155,10,438
170,"Louis Colosimo, Davidson (Pioneer)",Sr.,QB,11,65,2,432
171,"Amar Johnson, South Dakota St. (MVFC)",Fr.,RB,14,86,3,429
171,"CJ Russell, Grambling (SWAC)",So.,RB,11,113,1,429
173,"Peyton Mansell, Abilene Christian (WAC)",Jr.,QB,11,82,6,428
174,"Nolan Grooms, Yale (Ivy League)",Jr.,QB,10,108,3,425
175,"Jacory Merritt, Alabama St. (SWAC)",So.,RB,11,120,5,422
176,"Stephon Huderson, McNeese (Southland)",Sr.,RB,7,102,3,419
177,"Cross Robinson, Drake (Pioneer)",Sr.,RB,9,112,2,415
178,"DeeWil Barlee, Villanova (CAA)",Jr.,RB,12,100,0,414
179,"Ezra Gray, Alabama St. (SWAC)",Sr.,RB,9,102,2,404
180,"EJ Perry, Brown (Ivy League)",Sr.,QB,10,111,7,402
181,"Aaron Dawson, Central Conn. St. (NEC)",Jr.,RB,11,98,2,400
182,"Latrell Collier, N.C. Central (MEAC)",Jr.,RB,11,80,6,399
183,"Skyler Perry, Ark.-Pine Bluff (SWAC)",Sr.,QB,11,95,3,398
183,"Jaden Sutton, Lafayette (Patriot)",Jr.,RB,9,90,3,398
185,"Kashon Baker, N.C. A&T (Big South)",Sr.,RB,9,75,4,396
185,"Tyler Purdy, Holy Cross (Patriot)",Jr.,RB,11,79,2,396
187,"Zaythan Hill, Lehigh (Patriot)",Jr.,RB,11,99,5,393
188,"Juwan Carter, Norfolk St. (MEAC)",Sr.,QB,11,90,6,389
189,"Cameryn Brent, Norfolk St. (MEAC)",Sr.,RB,11,101,5,388
190,"Darius Wilson, William & Mary (CAA)",Fr.,QB,9,78,4,386
191,"Malachi Imoh, William & Mary (CAA)",Fr.,RB,7,67,2,384
192,"Dominic Gonnella, North Dakota St. (MVFC)",So.,RB,9,65,2,380
193,"Trey Flowers, Penn (Ivy League)",Sr.,RB,10,99,6,379
194,"Adeolu Adeleke, Kennesaw St. (Big South)",Sr.,RB,12,53,2,377
195,"Elisha Cummings, Idaho (Big Sky)",Fr.,RB,11,71,1,373
195,"Uriah West, Jacksonville St. (ASUN)",Jr.,RB,6,57,2,373
197,"Taron Jones, Southeastern La. (Southland)",Jr.,RB,13,85,6,370
197,"Owen Wright, Monmouth (Big South)",Sr.,RB,11,91,2,370
199,"Willie Miller, Tennessee Tech (OVC)",So.,QB,10,79,2,367
200,"CJ Ogbonna, Southeast Mo. St. (OVC)",Jr.,QB,11,93,3,364
