Rank,Player,Cl,Pos,G,Rush,Rush Yds,Rush TD
1,"Terrance West, Towson (CAA)",Jr.,RB,16,413,"2,519",41
2,"Zach Zenner, South Dakota St. (MVFC)",Jr.,RB,14,351,"2,015",23
3,"Lorenzo Taliaferro, Coastal Carolina (Big South)",Sr.,RB,15,276,"1,729",27
4,"Keshaudas Spence, Sacred Heart (NEC)",Jr.,RB,13,281,"1,669",13
5,"Kyle Harbridge, Saint Francis (PA) (NEC)",Sr.,RB,11,270,"1,619",16
6,"DJ Adams, Portland St. (Big Sky)",Sr.,RB,12,256,"1,600",19
7,"Shepard Little, Eastern Ill. (OVC)",So.,RB,14,217,"1,551",15
8,"Damarcus James, Jacksonville St. (OVC)",Jr.,RB,15,292,"1,477",29
9,"Carlton Koonce, Fordham (Patriot)",Sr.,RB,14,307,"1,462",9
10,"Zach Bauman, Northern Ariz. (Big Sky)",Sr.,RB,12,270,"1,456",9
11,"Rob Hollomon, Central Conn. St. (NEC)",Jr.,RB,12,284,"1,452",18
12,"Tim Flanders, Sam Houston (Southland)",Sr.,RB,14,241,"1,430",14
13,"John Robertson, Villanova (CAA)",So.,QB,11,217,"1,405",20
14,"Sam Ojuri, North Dakota St. (MVFC)",Sr.,RB,15,214,"1,398",10
15,"Trae Heeter, Butler (Pioneer)",Sr.,RB,13,257,"1,370",13
16,"Marcus Wiltz, McNeese (Southland)",Sr.,RB,13,213,"1,287",11
17,"David Johnson, UNI (MVFC)",Jr.,RB,11,222,"1,286",10
18,"Gabe Manzanares, UC Davis (Big Sky)",Jr.,RB,11,259,"1,285",10
19,"John Crockett, North Dakota St. (MVFC)",Jr.,RB,15,190,"1,277",11
20,"Christian Reyes, Charleston So. (Big South)",Jr.,RB,13,245,"1,254",9
21,"Quincy Forte, Eastern Wash. (Big Sky)",Jr.,RB,14,179,"1,208",11
22,"Omar Osbourne, UAlbany (CAA)",Jr.,RB,12,277,"1,206",12
23,"Arnold Walker, Alcorn (SWAC)",Sr.,RB,12,224,"1,191",16
24,"John Spooney, Brown (Ivy League)",Sr.,RB,9,150,"1,170",10
25,"J.C. Baker, Western Ill. (MVFC)",Jr.,RB,12,216,"1,149",6
26,"Tarik Cohen, N.C. A&T (MEAC)",Fr.,RB,11,195,"1,148",8
27,"Tim Broughton, Tennessee St. (OVC)",Sr.,RB,14,237,"1,146",6
28,"Dominique Williams, Wagner (NEC)",Sr.,RB,11,258,"1,127",6
29,"Isaiah Crowell, Alabama St. (SWAC)",Jr.,RB,12,170,"1,121",15
30,"Rolandan Finch, Norfolk St. (MEAC)",Sr.,RB,12,235,"1,113",4
30,"Kristaan Ivory, Cal Poly (Big Sky)",Jr.,RB,12,172,"1,113",6
30,"Ross Scheuerman, Lafayette (Patriot)",Jr.,RB,12,218,"1,113",14
33,"Julian Hayes, Monmouth (FCS Independent)",Jr.,RB,12,243,"1,107",7
34,"Tuskani Figaro, Nicholls (Southland)",So.,QB,11,177,"1,103",7
35,"Martin Ruiz, Youngstown St. (MVFC)",Fr.,RB,12,192,"1,094",15
36,"Hank McCloud, Furman (SoCon)",Jr.,RB,14,215,"1,092",5
36,"DJ McNeil, UT Martin (OVC)",Sr.,RB,12,239,"1,092",7
38,"Cody Kirk, Montana St. (Big Sky)",Sr.,RB,12,217,"1,088",18
39,"Kwabena Asante, Monmouth (FCS Independent)",Sr.,RB,12,180,"1,080",8
40,"Dominick Pierre, Dartmouth (Ivy League)",Sr.,RB,10,214,"1,064",13
40,"Keith Sherman, Lehigh (Patriot)",Sr.,RB,11,176,"1,064",8
42,"Barrington Scott, Alabama A&M (SWAC)",Sr.,RB,12,245,"1,063",7
43,"Jordan Canada, Montana (Big Sky)",Jr.,RB,13,211,"1,062",16
44,"Gus Johnson, SFA (Southland)",Jr.,RB,11,176,"1,061",11
45,"Bryan Bennett, Southeastern La. (Southland)",Jr.,QB,14,183,"1,046",16
46,"Juanne Blount, Gardner-Webb (Big South)",Jr.,RB,12,257,"1,040",9
46,"Dae'Quan Scott, James Madison (CAA)",Sr.,RB,12,239,"1,040",8
48,"Courtney Brown, Prairie View (SWAC)",Jr.,RB,12,179,"1,034",10
49,"Nico Steriti, New Hampshire (CAA)",Jr.,RB,15,197,"1,028",8
50,"Ben Dupree, The Citadel (SoCon)",Sr.,QB,12,193,"1,008",18
51,"Taylor Duncan, Eastern Ill. (OVC)",Jr.,RB,12,217,988,10
52,"Demichael Jackson, Southeast Mo. St. (OVC)",So.,RB,12,170,977,4
53,"Desmond Rice, Liberty (Big South)",Jr.,RB,12,186,967,16
54,"Darien Robinson, The Citadel (SoCon)",Sr.,RB,12,185,966,7
55,"Connor Kacsor, Dayton (Pioneer)",Jr.,RB,10,177,956,10
56,"Eli Jenkins, Jacksonville St. (OVC)",Fr.,QB,14,137,953,8
57,"Paul Stanton, Jr., Harvard (Ivy League)",So.,RB,10,162,936,15
58,"Johnta' Hebert, Prairie View (SWAC)",So.,RB,12,159,916,5
59,"Joe Ferguson, San Diego (Pioneer)",Sr.,RB,11,124,905,6
60,"John Russ, Mercer (Pioneer)",Fr.,QB,12,160,903,12
61,"CJ Williams, Bucknell (Patriot)",Fr.,RB,10,212,899,8
62,"Greg McGhee, Howard (MEAC)",Jr.,QB,12,157,896,3
63,"Jacob Huesman, Chattanooga (SoCon)",So.,QB,12,176,894,9
64,"Malcolm Agnew, Southern Ill. (MVFC)",Jr.,RB,11,180,888,6
65,"Marshaun Coprich, Illinois St. (MVFC)",So.,RB,11,220,884,9
65,"Brian Hudson, Campbell (Pioneer)",Sr.,QB,12,183,884,8
67,"Kade Harrington, Lamar University (Southland)",---,,12,180,880,8
68,"Fabian Truss, Samford (SoCon)",Sr.,RB,12,167,877,8
69,"Tommy Gooden, Jackson St. (SWAC)",Sr.,RB,11,166,875,6
70,"Jetarii Donald, Mercer (Pioneer)",Fr.,RB,12,149,874,7
71,"Xavier Finney, Idaho St. (Big Sky)",So.,RB,12,199,868,5
72,"Donovan Johnson, Wofford (SoCon)",Sr.,RB,10,192,854,4
73,"Tromaine Dennis, Northern Colo. (Big Sky)",Sr.,RB,11,199,842,6
74,"James Kenner, Stony Brook (CAA)",Jr.,RB,11,191,829,5
75,"Isidore Jackson, Bethune-Cookman (MEAC)",Sr.,RB,12,148,828,8
76,"Mikal Abdual-Saboor, William & Mary (CAA)",So.,RB,9,175,824,6
77,"Andrew Pierce, Delaware (CAA)",Sr.,RB,12,183,822,10
78,"Benjamin Anderson, Ark.-Pine Bluff (SWAC)",Jr.,QB,11,183,809,9
79,"Atiq Lucas, Marist (Pioneer)",Sr.,RB,11,166,798,11
80,"Trevor Bouma, South Dakota (MVFC)",Fr.,RB,12,164,781,3
81,"Payton Usher, Mercer (Pioneer)",Fr.,RB,9,114,776,2
82,"Kelvin Bennett, McNeese (Southland)",So.,RB,12,108,774,4
83,"Derrick Ziglar, VMI (Big South)",So.,RB,11,148,768,5
84,"Lenard Tillery, Southern U. (SWAC)",So.,RB,11,185,760,9
85,"Matt Lancaster, Butler (Pioneer)",Sr.,QB,12,131,757,12
85,"Rickey Stevens, Maine (CAA)",Sr.,RB,11,128,757,6
87,"Malcolm Cyrus, Alabama St. (SWAC)",Jr.,RB,11,130,754,6
88,"Anthony Philyaw, Howard (MEAC)",Fr.,RB,11,179,721,15
89,"Kalif Phillips, Charlotte (FCS Independent)",Fr.,RB,11,129,716,12
90,"Ulysses Bryant, Jacksonville (Pioneer)",Fr.,RB,10,111,710,7
91,"Lamont Brown III, Morgan St. (MEAC)",Fr.,RB,12,145,708,5
92,"Justin Taylor, South Carolina St. (MEAC)",Fr.,RB,12,206,706,6
93,"Jorrian Washington, Hampton (MEAC)",Jr.,WR,12,115,699,5
94,"Kenn James, San Diego (Pioneer)",Sr.,RB,11,108,697,4
95,"RJ Noel, Sacred Heart (NEC)",So.,QB,13,127,689,8
96,"Telvin Hooks, Tennessee St. (OVC)",So.,RB,13,146,688,5
97,"Keon Williams, Chattanooga (SoCon)",Jr.,RB,8,116,687,9
98,"Gary Scott, Jr., Drake (Pioneer)",Jr.,RB,11,159,686,3
99,"Chris Brown, Cal Poly (Big Sky)",So.,QB,8,126,685,8
100,"Homer Causey, Texas Southern (SWAC)",So.,QB,11,149,679,6
101,"Jaamal Berry, Murray St. (OVC)",Sr.,RB,12,128,668,5
102,"Demetrius Russell, Colgate (Patriot)",So.,RB,10,173,667,9
103,"Kevin Monangai, Villanova (CAA)",Jr.,RB,11,130,653,5
104,"Darius Lee, Central Conn. St. (NEC)",Jr.,RB,12,134,642,2
105,"Omar Williams, Austin Peay (OVC)",Fr.,RB,12,157,641,0
106,"Rasheed Harrell, Southeastern La. (Southland)",So.,RB,14,134,640,8
107,"JJ Jude, Eastern Ky. (OVC)",Fr.,RB,11,160,637,6
108,"Alan Barnwell, Charlotte (FCS Independent)",Fr.,RB,11,133,636,5
109,"Justin Kelly, Grambling (SWAC)",Fr.,RB,11,139,635,3
109,"Clayton Moore, Jackson St. (SWAC)",Sr.,QB,10,152,635,5
111,"Darius Victor, Towson (CAA)",Fr.,RB,14,98,629,7
112,"Gavin McCarney, Colgate (Patriot)",Sr.,QB,10,101,627,3
112,"Troymaine Pope, Jacksonville St. (OVC)",So.,RB,14,145,627,8
112,"Tyler Varga, Yale (Ivy League)",Jr.,OL,6,125,627,1
115,"Brian Bell, Sam Houston (Southland)",Sr.,QB,14,108,614,9
116,"Shawn Johnson, Montana St. (Big Sky)",Jr.,RB,12,104,609,6
116,"Buck Logan, Indiana St. (MVFC)",Jr.,RB,12,131,609,1
118,"Vernon Adams, Eastern Wash. (Big Sky)",So.,QB,15,132,605,4
119,"Mikael Cooper-Falls, Missouri St. (MVFC)",Sr.,RB,12,142,604,3
120,"De'Angelo Henderson, Coastal Carolina (Big South)",Fr.,RB,15,82,599,6
121,"Nigel Jones, Maine (CAA)",So.,RB,12,131,596,8
122,"Michael Perry, Bryant (NEC)",Jr.,RB,12,130,594,2
123,"Deontae Howard, Robert Morris (NEC)",Jr.,RB,11,147,592,4
124,"Daveonn Porter, Texas Southern (SWAC)",Jr.,RB,9,130,578,4
125,"Quinn Epperly, Princeton (Ivy League)",Jr.,QB,10,115,570,18
126,"Jacobi Green, Richmond (CAA)",So.,RB,9,109,566,2
127,"Nick Campanella, Georgetown (Patriot)",Sr.,RB,11,131,565,6
127,"Darius Ramsey, Western Caro. (SoCon)",So.,RB,10,139,565,4
129,"Willie Matthews, Central Ark. (Southland)",Jr.,RB,10,128,564,5
130,"Dalyn Williams, Dartmouth (Ivy League)",So.,QB,10,153,563,5
131,"Troy Mitchell, Western Caro. (SoCon)",So.,QB,11,133,560,2
132,"BJ Kelly, Houston Christian (FCS Independent)",Fr.,RB,6,97,551,5
133,"Brandon Eldmire, Alabama A&M (SWAC)",So.,RB,10,72,550,3
134,"Bo Bolen, Weber St. (Big Sky)",Jr.,RB,12,123,549,5
135,"Jordan Roberts, South Dakota (MVFC)",Fr.,RB,12,126,544,3
136,"Alex Ross, Coastal Carolina (Big South)",So.,QB,14,119,540,6
137,"Xavier Roberson, Southeastern La. (Southland)",So.,RB,14,117,538,6
138,"Kurt Odom, Campbell (Pioneer)",Sr.,RB,12,101,537,3
139,"Keshawn Hill, Sam Houston (Southland)",Jr.,RB,14,81,536,8
139,"Darian Stone, Tennessee Tech (OVC)",Jr.,QB,10,143,536,7
141,"Rees Macshara, Morehead St. (Pioneer)",Jr.,RB,12,131,534,4
142,"Scott Lathrop, Southeast Mo. St. (OVC)",So.,QB,11,139,532,2
142,"Marcus Wasilewski, Maine (CAA)",Sr.,QB,13,156,532,3
144,"Garrett Atzenweiler, Northwestern St. (Southland)",Jr.,RB,11,118,531,5
145,"Travon Van, Montana (Big Sky)",Jr.,RB,11,106,523,6
146,"Will Bardo, Dayton (Pioneer)",Jr.,QB,10,96,519,9
147,"Deshawn Jones, Campbell (Pioneer)",Fr.,RB,10,62,517,2
148,"Demarcus Rouse, Presbyterian (Big South)",Jr.,RB,11,103,514,7
149,"Michael Nebrich, Fordham (Patriot)",Jr.,QB,13,154,513,9
150,"Abou Toure, UT Martin (OVC)",Jr.,RB,11,87,509,2
151,"Nikko Watson, Western Ill. (MVFC)",Jr.,RB,10,139,503,5
152,"Tim Phillips, Austin Peay (OVC)",Sr.,RB,8,100,497,2
153,"Gabe Guild, Holy Cross (Patriot)",Fr.,RB,9,101,496,5
154,"Kyle Wilcox, Penn (Ivy League)",Jr.,RB,10,102,493,2
155,"Garrett Safron, Sacramento St. (Big Sky)",Jr.,QB,12,142,492,7
156,"Matt DelMauro, Bucknell (Patriot)",So.,RB,9,92,487,3
157,"Will Gay, Wofford (SoCon)",So.,RB,11,70,486,2
158,"Cary White, Bethune-Cookman (MEAC)",Jr.,RB,13,96,485,8
159,"Robbie Delgado, Rhode Island (CAA)",Jr.,RB,12,158,483,3
160,"Mario Brown, Eastern Wash. (Big Sky)",Jr.,RB,14,77,482,4
161,"Sean Bell, Sacred Heart (NEC)",Jr.,RB,13,80,479,2
161,"Brock Jensen, North Dakota St. (MVFC)",Sr.,QB,15,99,479,10
163,"Seth Higgins, Morgan St. (MEAC)",Jr.,QB,10,102,478,5
164,"Rakeem Sims, Jackson St. (SWAC)",Jr.,RB,10,100,474,5
165,"Duane Brady, Murray St. (OVC)",Sr.,RB,10,87,471,6
166,"Pete Pujals, Holy Cross (Patriot)",Fr.,QB,10,136,469,8
167,"B.J. Bennett, Elon (SoCon)",Fr.,RB,10,123,464,4
168,"Marcorus Garrett, Columbia (Ivy League)",Sr.,RB,6,93,463,4
168,"Keith Goss, Campbell (Pioneer)",Fr.,RB,12,94,463,5
170,"Chris Setian, New Hampshire (CAA)",Sr.,RB,14,90,458,8
171,"Diandre Atwater, Princeton (Ivy League)",So.,RB,9,97,457,2
171,"William Parker, Howard (MEAC)",So.,RB,10,108,457,2
173,"Marcus Hampton, Hampton (MEAC)",Fr.,RB,11,72,456,4
174,"John Gibbs Jr., Alcorn (SWAC)",So.,QB,12,100,455,4
174,"Brandon Reeves, Morehead St. (Pioneer)",Fr.,RB,12,72,455,1
176,"Akaninyene Umoh, Cal Poly (Big Sky)",Sr.,RB,12,77,454,7
177,"Raysean Martin, Southern Utah (Big Sky)",Fr.,RB,13,112,444,6
177,"Candler Rich, Yale (Ivy League)",Fr.,WR,10,91,444,3
179,"Frantz Caudio, Jacksonville (Pioneer)",So.,RB,11,64,441,7
180,"Mike Sharp, Southern Utah (Big Sky)",Fr.,WR,9,84,439,2
181,"Josh Booker, Weber St. (Big Sky)",Sr.,RB,12,115,438,4
182,"Spencer Kulcsar, Penn (Ivy League)",Jr.,RB,9,110,433,3
183,"Tracey Coppedge, Elon (SoCon)",So.,RB,12,90,431,2
184,"Paul Canevari, Bryant (NEC)",So.,RB,5,83,430,6
184,"Ryan Ho, Duquesne (NEC)",Sr.,RB,11,125,430,4
186,"Maikhail Miller, Murray St. (OVC)",So.,QB,10,119,429,5
187,"Miles Jones, Jacksonville St. (OVC)",So.,RB,13,97,428,2
188,"Seth Fisher, Richmond (CAA)",So.,RB,12,90,426,3
188,"Robert Washington, Dayton (Pioneer)",Sr.,RB,11,95,426,5
190,"Jarrell Cooper, William & Mary (CAA)",Jr.,RB,11,109,425,2
191,"Jake Miller, North Dakota (Big Sky)",Sr.,RB,9,98,424,5
191,"Quentin Williams, Bethune-Cookman (MEAC)",Jr.,QB,12,136,424,9
193,"Karl Bostick, Elon (SoCon)",Jr.,RB,11,110,421,4
193,"Mike Holloway, Charleston So. (Big South)",Fr.,RB,10,40,421,1
195,"Shakir Bell, Indiana St. (MVFC)",Sr.,RB,5,78,420,1
196,"Robert Klein, Davidson (Pioneer)",Jr.,DB,9,112,419,1
197,"Matt Johnson, Charlotte (FCS Independent)",Fr.,QB,11,96,418,3
198,"Sean Goldrich, New Hampshire (CAA)",So.,QB,14,134,417,6
199,"Keith Lawson, SFA (Southland)",Sr.,RB,11,82,416,5
200,"D'Morrise Bledsoe, Samford (SoCon)",So.,RB,13,89,415,3
201,"Jared McClain, Eastern Ky. (OVC)",Jr.,QB,12,116,414,7
202,"Marcus Washington, Nicholls (Southland)",Sr.,RB,7,96,413,7
203,"D.J. Abnar, Liberty (Big South)",So.,RB,11,72,411,6
204,"Anthony Jordan, Bethune-Cookman (MEAC)",Jr.,RB,8,82,410,5
205,"Dondre Lewis-Freeman, South Carolina St. (MEAC)",Jr.,RB,11,110,409,4
206,"Richard Sincere, Sam Houston (Southland)",Sr.,DB,14,65,406,2
207,"Joshawa West, SFA (Southland)",Fr.,WR,12,68,405,3
208,"Jonny Martin, Wofford (SoCon)",So.,RB,8,82,399,7
208,"Clifton Richardson, Liberty (Big South)",Jr.,RB,11,94,399,6
210,"Ryan Black, Bryant (NEC)",So.,RB,8,102,396,5
211,"Chuckie Looney, Marist (Pioneer)",Sr.,QB,11,103,395,6
211,"Daniel Taylor, Northwestern St. (Southland)",So.,RB,12,72,395,3
213,"Kody Sutton, Southeastern La. (Southland)",So.,RB,14,99,391,6
214,"Robert Bentsen, Rhode Island (CAA)",Sr.,QB,11,112,390,2
214,"Dominique Drake, N.C. A&T (MEAC)",Sr.,RB,11,112,390,5
214,"Herb Walker Jr., Morgan St. (MEAC)",Fr.,RB,12,99,390,1
214,"Jeremiah Young, Ark.-Pine Bluff (SWAC)",---,TB,7,81,390,5
218,"Dalton Crossan, New Hampshire (CAA)",Fr.,RB,14,32,385,4
219,"Robert Council, Morgan St. (MEAC)",Jr.,QB,9,101,381,5
219,"Orlando Thomas, Jacksonville (Pioneer)",So.,RB,11,46,381,5
221,"Jamie Smith, Ark.-Pine Bluff (SWAC)",Fr.,RB,10,86,380,1
222,"James Owens, Florida A&M (MEAC)",Sr.,RB,12,96,379,2
223,"David Rogers, Davidson (Pioneer)",So.,RB,5,66,378,3
224,"Ricardo McCray, Bryant (NEC)",Jr.,RB,4,71,377,2
225,"Ryan Tentler, Stetson (Pioneer)",Fr.,QB,11,105,375,3
225,"Lewis Washington, Southeast Mo. St. (OVC)",So.,RB,12,44,375,1
227,"Ezekiel Graham, Sacramento St. (Big Sky)",Sr.,RB,9,94,373,2
228,"Dalton Hilliard, Nicholls (Southland)",Sr.,RB,10,66,371,5
229,"Jimmy Lera, Eastern Ill. (OVC)",Jr.,RB,12,64,369,4
229,"Keiran McDonagh, Portland St. (Big Sky)",So.,QB,10,67,369,4
231,"Jimmy DeCicco, Colgate (Patriot)",Jr.,WR,10,63,368,4
231,"Thomas Owens, Eastern Ky. (OVC)",Fr.,RB,11,61,368,3
231,"Jared Sanders, Eastern Ky. (OVC)",Fr.,RB,12,110,368,2
234,"Dano Graves, Cal Poly (Big Sky)",So.,QB,7,68,367,0
234,"Ryan Heaston, Missouri St. (MVFC)",So.,RB,7,66,367,2
236,"Ladarius Vanlier, Tennessee Tech (OVC)",So.,RB,12,54,365,1
237,"Julian Laing, Delaware (CAA)",Sr.,RB,10,63,363,3
238,"Dae-Hon Cheung, Delaware St. (MEAC)",So.,RB,11,83,361,2
239,"Luke Hagy, Cornell (Ivy League)",So.,RB,10,108,360,0
240,"Vinny Miller, The Citadel (SoCon)",So.,RB,12,56,357,2
241,"Wale Onakoya, Marist (Pioneer)",Jr.,RB,10,73,356,3
242,"Andre Clarke, N.C. Central (MEAC)",Jr.,RB,8,80,355,1
243,"Jason Douglas, Duquesne (NEC)",Sr.,RB,11,93,353,1
244,"Kahlil Keys, Yale (Ivy League)",Jr.,DB,9,56,352,1
245,"Travis Small, Coastal Carolina (Big South)",Sr.,RB,14,68,350,4
246,"Khalid Abdullah, James Madison (CAA)",Fr.,RB,9,68,347,3
247,"Jody Webb, Youngstown St. (MVFC)",Fr.,RB,10,48,345,6
248,"Payton Ploch, Lamar University (Southland)",Sr.,RB,12,69,344,3
248,"Shaquille Richard, Portland St. (Big Sky)",Jr.,RB,11,56,344,2
250,"Jake Meek, UAlbany (CAA)",Jr.,QB,11,56,342,3
251,"Brandon Hall, Valparaiso (Pioneer)",So.,RB,11,89,341,2
252,"Darrius Coleman, Southern U. (SWAC)",Sr.,RB,9,101,339,2
253,"Kyle Bramble, Dartmouth (Ivy League)",So.,RB,10,55,337,2
253,"Malcom Dixon, Charleston So. (Big South)",Sr.,QB,9,58,337,2
255,"Dylan Long, McNeese (Southland)",So.,RB,13,79,335,10
256,"Caleb Brown, Mercer (Pioneer)",Fr.,RB,12,68,334,8
257,"Brandon Kellerman, Sacramento St. (Big Sky)",Jr.,RB,11,80,330,2
257,"Brian Mills, Princeton (Ivy League)",Sr.,RB,9,58,330,2
259,"Kierra Harris, Missouri St. (MVFC)",Jr.,QB,11,87,329,9
260,"Levi Teo, Southern Utah (Big Sky)",Fr.,RB,13,107,326,2
261,"Al-Terek McBURSE, Florida A&M (MEAC)",---,,12,75,325,2
262,"Idreis Augustus, N.C. Central (MEAC)",So.,RB,8,75,323,3
262,"Jake Hutson, Valparaiso (Pioneer)",So.,RB,4,76,323,4
264,"Blake Roberts, Presbyterian (Big South)",So.,RB,10,52,322,1
265,"Tay Willis, Southern Ill. (MVFC)",Jr.,WR,12,60,321,0
266,"Laqua Mayes, Presbyterian (Big South)",Jr.,RB,11,71,320,3
266,"Ben Robinson, Charleston So. (Big South)",Fr.,RB,8,60,320,1
268,"Jalen Randolph, Delaware (CAA)",Fr.,RB,12,63,319,5
269,"Cedric Skinner, Grambling (SWAC)",So.,RB,8,69,317,0
270,"Jackie Wilson, Bethune-Cookman (MEAC)",Sr.,QB,8,60,316,2
271,"Marcus Anderson, Furman (SoCon)",Fr.,RB,11,72,314,2
272,"Josh Vander Maten, South Dakota (MVFC)",Jr.,QB,12,86,313,3
273,"Michael Birdsong, James Madison (CAA)",So.,QB,12,129,310,3
273,"Austin Medley, Villanova (CAA)",Jr.,RB,11,54,310,1
275,"Stephen Bush, Tennessee Tech (OVC)",Jr.,RB,12,62,306,7
276,"Rico Watson, Butler (Pioneer)",So.,RB,11,50,304,5
277,"Craig Bell, Houston Christian (FCS Independent)",Fr.,RB,7,66,303,5
278,"Cody Forbes, Tennessee Tech (OVC)",Jr.,RB,12,85,302,1
278,"Richard Hayes, Furman (SoCon)",Fr.,DB,14,57,302,2
280,"Reginald Gandy, South Dakota St. (MVFC)",So.,RB,13,59,297,2
281,"Jordan Reisner, Brown (Ivy League)",Sr.,RB,9,56,296,4
281,"Vernon Scott, Missouri St. (MVFC)",Sr.,RB,9,58,296,3
283,"Caleb Watkins, Eastern Ky. (OVC)",Jr.,RB,11,70,294,4
284,"Andrew Coke, Brown (Ivy League)",So.,RB,9,73,292,2
285,"Kylum Favorite, Southern U. (SWAC)",Fr.,RB,12,43,291,3
286,"Elad Covaliu, Holy Cross (Patriot)",So.,RB,9,61,290,1
287,"Johnnie Hicks, Jacksonville (Pioneer)",So.,RB,11,46,288,3
288,"Dré Nelson, Princeton (Ivy League)",So.,RB,9,44,287,3
289,"Justin Semmes, Rhode Island (CAA)",Sr.,RB,5,59,286,3
289,"Reggie Woods, Holy Cross (Patriot)",Sr.,RB,11,58,286,0
291,"Dondre Brown, South Carolina St. (MEAC)",---,RB,9,65,284,2
291,"Zach Smith, Weber St. (Big Sky)",Fr.,RB,12,71,284,1
293,"Marquis Green, Chattanooga (SoCon)",Jr.,RB,12,69,282,1
294,"Damarrell Alexander, Charlotte (FCS Independent)",So.,RB,10,41,280,1
295,"De'Mard Llorens, Northwestern St. (Southland)",Fr.,RB,12,50,279,3
295,"Ryan Thermil, Robert Morris (NEC)",Jr.,RB,10,61,279,2
297,"Ken Malcome, Southern Ill. (MVFC)",Jr.,RB,12,99,277,5
298,"Rod Talley, Gardner-Webb (Big South)",Fr.,RB,8,40,276,3
299,"Jerry Lovelocke, Prairie View (SWAC)",Jr.,QB,12,74,275,9
300,"Kendell Anderson, William & Mary (CAA)",Fr.,RB,12,66,273,4
