Rank,Player,Cl,Pos,G,Rush,Rush Yds,Rush TD
1,"Andre Williams, Boston College (ACC)",Sr.,RB,13,355,"2,177",18
2,"Jordan Lynch, NIU (MAC)",Sr.,QB,14,292,"1,920",23
3,"Ka'Deem Carey, Arizona (Pac-12)",Jr.,RB,12,349,"1,885",19
4,"Bishop Sankey, Washington (Pac-12)",Jr.,RB,13,327,"1,870",20
5,"Tre Mason, Auburn (SEC)",Jr.,RB,14,317,"1,816",23
6,"Kapri Bibbs, Colorado St. (Mountain West)",So.,RB,14,281,"1,741",31
7,"Antonio Andrews, Western Ky. (Sun Belt)",Sr.,RB,12,267,"1,730",16
8,"Tyler Gaffney, Stanford (Pac-12)",Sr.,RB,14,330,"1,709",21
9,"Ameer Abdullah, Nebraska (Big Ten)",Jr.,RB,13,281,"1,690",9
10,"Melvin Gordon, Wisconsin (Big Ten)",So.,RB,13,206,"1,609",12
11,"Travis Greene, Bowling Green (MAC)",So.,RB,14,279,"1,594",11
12,"Branden Oliver, Buffalo (MAC)",Sr.,RB,12,310,"1,535",15
13,"Carlos Hyde, Ohio St. (Big Ten)",Sr.,RB,11,208,"1,521",15
14,"James White, Wisconsin (Big Ten)",Sr.,RB,13,221,"1,444",13
15,"Jay Ajayi, Boise St. (Mountain West)",So.,RB,13,249,"1,425",18
16,"Jeremy Langford, Michigan St. (Big Ten)",Jr.,RB,14,292,"1,422",18
17,"Jeremy Hill, LSU (SEC)",So.,RB,12,203,"1,401",16
18,"Keenan Reynolds, Navy (FBS Independent)",So.,QB,13,300,"1,346",31
19,"Taysom Hill, BYU (FBS Independent)",So.,QB,13,246,"1,344",10
20,"Trey Watts, Tulsa (C-USA)",Sr.,RB,12,268,"1,329",11
21,"Tim Cornett, UNLV (Mountain West)",Sr.,RB,13,264,"1,284",15
22,"Charles Ross, Rice (C-USA)",Sr.,RB,12,211,"1,280",15
23,"Adam Muema, San Diego St. (Mountain West)",Jr.,RB,13,256,"1,244",15
24,"T.J. Yeldon, Alabama (SEC)",So.,RB,12,207,"1,235",14
25,"Jamaal Williams, BYU (FBS Independent)",So.,RB,12,217,"1,233",7
26,"Joey DeMartino, Utah St. (Mountain West)",Sr.,RB,14,221,"1,221",13
27,"David Cobb, Minnesota (Big Ten)",Jr.,RB,13,237,"1,202",7
28,"Vintavious Cooper, East Carolina (C-USA)",Sr.,RB,13,230,"1,193",13
29,"Mike Davis, South Carolina (SEC)",So.,RB,12,203,"1,183",11
30,"Lache Seastrunk, Baylor (Big 12)",Jr.,RB,11,158,"1,177",11
31,"Henry Josey, Missouri (SEC)",Jr.,RB,14,174,"1,166",16
32,"Essray Taliaferro, Marshall (C-USA)",Sr.,RB,14,221,"1,140",10
33,"Storm Johnson, UCF (AAC)",Jr.,RB,13,213,"1,139",14
34,"Rajion Neal, Tennessee (SEC)",Sr.,RB,12,215,"1,124",12
35,"Kasey Carrier, New Mexico (Mountain West)",Sr.,RB,10,189,"1,122",9
36,"David Fluellen, Toledo (MAC)",Sr.,RB,9,167,"1,121",10
37,"Cameron Stingily, NIU (MAC)",Jr.,RB,13,203,"1,119",9
38,"Terry Baggett, Army West Point (FBS Independent)",Jr.,RB,12,141,"1,113",8
39,"Jahwan Edwards, Ball St. (MAC)",Jr.,RB,11,212,"1,110",14
39,"James Sims, Kansas (Big 12)",Sr.,RB,12,230,"1,110",7
41,"Bronson Hill, Eastern Mich. (MAC)",Jr.,RB,11,196,"1,101",5
42,"Charles Sims, West Virginia (Big 12)",---,RB,12,208,"1,095",11
43,"Brandin Byrd, North Texas (C-USA)",Sr.,RB,13,202,"1,075",11
44,"Nick Marshall, Auburn (SEC)",Jr.,QB,13,172,"1,068",12
44,"Braxton Miller, Ohio St. (Big Ten)",Jr.,QB,12,171,"1,068",12
46,"John Hubert, Kansas St. (Big 12)",Sr.,RB,13,198,"1,048",10
47,"Byron Marshall, Oregon (Pac-12)",So.,RB,12,168,"1,038",14
48,"Kevin Parks, Virginia (ACC)",Jr.,RB,12,227,"1,031",11
49,"Alex Collins, Arkansas (SEC)",Fr.,RB,12,190,"1,026",4
50,"Roderick McDowell, Clemson (ACC)",Sr.,RB,13,189,"1,025",5
51,"Devonta Freeman, Florida St. (ACC)",Jr.,RB,14,173,"1,016",14
52,"Marion Grice, Arizona St. (Pac-12)",Sr.,RB,11,191,996,14
53,"Todd Gurley, Georgia (SEC)",So.,RB,10,165,989,10
53,"Zach Zwinak, Penn St. (Big Ten)",Jr.,RB,12,210,989,12
55,"Shaun Wick, Wyoming (Mountain West)",So.,RB,12,166,979,9
56,"Mark Weisman, Iowa (Big Ten)",Jr.,RB,13,227,975,8
57,"Tevin Coleman, Indiana (Big Ten)",So.,RB,9,131,958,12
58,"Brennan Clay, Oklahoma (Big 12)",Sr.,RB,13,175,957,6
59,"B.J. Denker, Arizona (Pac-12)",Sr.,QB,13,181,949,13
60,"Robert Lowe, Texas St. (Sun Belt)",So.,RB,12,164,945,9
61,"Alonzo Harris, Louisiana (Sun Belt)",Jr.,RB,13,199,942,14
62,"Darrin Reaves, UAB (C-USA)",Jr.,RB,12,201,928,12
63,"Duke Johnson, Miami (FL) (ACC)",So.,RB,8,145,920,6
64,"Kenneth Dixon, Louisiana Tech (C-USA)",So.,RB,10,151,917,4
65,"Jerome Smith, Syracuse (ACC)",Jr.,RB,13,200,914,12
66,"Beau Blankenship, Ohio (MAC)",Sr.,RB,13,204,910,5
67,"Malcolm Brown, Texas (Big 12)",Jr.,RB,13,214,904,9
68,"Jonathan Williams, Arkansas (SEC)",So.,RB,12,150,900,4
69,"Anthony Lacoste, Air Force (Mountain West)",Sr.,DB,12,135,890,6
70,"David Sims, Georgia Tech (ACC)",Sr.,RB,13,161,884,11
71,"Jordan Howard, UAB (C-USA)",Fr.,RB,11,145,881,2
71,"Paul James, Rutgers (AAC)",So.,RB,9,156,881,9
71,"Shock Linwood, Baylor (Big 12)",Fr.,RB,12,128,881,8
74,"Jawon Chisholm, Akron (MAC)",Jr.,RB,12,189,869,8
75,"Kareem Hunt, Toledo (MAC)",Fr.,RB,12,137,866,6
76,"Orleans Darkwa, Tulane (C-USA)",Sr.,RB,13,188,863,12
76,"Elijah McGuire, Louisiana (Sun Belt)",Fr.,RB,13,103,863,8
78,"Brandon Hayes, Memphis (AAC)",Sr.,RB,12,201,860,5
79,"Dak Prescott, Mississippi St. (SEC)",So.,QB,11,134,829,13
79,"Josh Quezada, Fresno St. (Mountain West)",Jr.,RB,13,155,829,6
81,"Dominique Brown, Louisville (AAC)",Sr.,RB,13,163,825,8
82,"Kendall Brock, Nevada (Mountain West)",Jr.,RB,11,185,812,10
83,"Aaron Jones, UTEP (C-USA)",Fr.,RB,9,155,811,4
83,"Desmond Roland, Oklahoma St. (Big 12)",Jr.,RB,13,176,811,13
85,"Saylor Lavallii, Central Mich. (MAC)",So.,RB,12,182,807,5
85,"Daniel Sams, Kansas St. (Big 12)",So.,QB,13,152,807,11
87,"Bill Belton, Penn St. (Big Ten)",Jr.,RB,11,157,803,5
88,"James Conner, Pittsburgh (ACC)",Fr.,RB,12,146,799,8
89,"Isaac Bennett, Pittsburgh (ACC)",Jr.,RB,13,171,797,7
90,"Jarrod Lawson, San Jose St. (Mountain West)",Fr.,RB,11,164,788,4
91,"Javorius Allen, Southern California (Pac-12)",So.,RB,14,135,785,14
92,"Johnathan Gray, Texas (Big 12)",So.,RB,9,159,780,4
93,"Josh Ferguson, Illinois (Big Ten)",So.,RB,12,141,779,7
94,"Cole Gautsche, New Mexico (Mountain West)",So.,QB,9,118,777,8
95,"Brandon Ross, Maryland (ACC)",So.,RB,12,166,776,4
96,"Shadrach Thornton, NC State (ACC)",So.,RB,11,165,768,4
97,"Trayion Durham, Kent St. (MAC)",Jr.,RB,12,182,766,6
98,"Steward Butler, Marshall (C-USA)",So.,RB,12,87,765,8
98,"Marcus Shaw, South Fla. (AAC)",Sr.,RB,10,156,765,3
100,"Jaquez Johnson, Fla. Atlantic (C-USA)",So.,QB,11,172,762,10
101,"Johnny Manziel, Texas A&M (SEC)",So.,QB,13,144,759,9
102,"Michael Gordon, Arkansas St. (Sun Belt)",So.,RB,12,112,754,10
103,"Stephen Houston, Indiana (Big Ten)",Sr.,RB,12,112,753,5
104,"Donnel Pumphrey, San Diego St. (Mountain West)",Fr.,RB,13,125,752,8
105,"Brett Hundley, UCLA (Pac-12)",So.,QB,13,160,748,11
106,"Jordan Parker, Middle Tenn. (C-USA)",So.,RB,11,146,745,6
107,"Robert Godhigh, Georgia Tech (ACC)",Sr.,RB,13,79,744,7
108,"Jay Jones, South Alabama (Sun Belt)",Jr.,RB,12,143,737,5
109,"Treyvon Green, Northwestern (Big Ten)",Jr.,RB,11,137,736,8
110,"Karlos Williams, Florida St. (ACC)",Jr.,DB,14,91,730,11
111,"Jerron Seymour, Vanderbilt (SEC)",So.,RB,12,164,716,14
112,"Marcus Mariota, Oregon (Pac-12)",So.,QB,13,96,715,9
113,"Thomas Tyner, Oregon (Pac-12)",Fr.,RB,12,115,711,9
114,"Cam McDaniel, Notre Dame (FBS Independent)",Jr.,RB,13,152,709,3
115,"Larry Dixon, Army West Point (FBS Independent)",Jr.,RB,10,111,705,6
116,"Tre Madden, Southern California (Pac-12)",So.,RB,11,138,703,3
117,"Kenyan Drake, Alabama (SEC)",So.,RB,12,92,694,8
118,"Dareyon Chance, Western Mich. (MAC)",Sr.,RB,12,151,692,3
119,"Russell Hansbrough, Missouri (SEC)",So.,RB,14,114,685,4
120,"Senorise Perry, Louisville (AAC)",Sr.,RB,13,141,677,6
121,"Brandon Burks, Troy (Sun Belt)",So.,WR,12,134,675,2
121,"Trey Edmunds, Virginia Tech (ACC)",Fr.,RB,12,166,675,10
123,"Lyle McCombs, UConn (AAC)",Jr.,RB,12,159,670,5
124,"Ryan Jackson, Houston (AAC)",So.,RB,13,139,661,6
125,"Reggie Whatley, Middle Tenn. (C-USA)",Jr.,RB,12,101,657,3
126,"Hosey Williams, Cincinnati (AAC)",Jr.,RB,12,115,655,4
127,"Josh Snead, Duke (ACC)",Jr.,RB,14,107,651,2
128,"Fitzgerald Toussaint, Michigan (Big Ten)",Sr.,RB,12,185,648,13
129,"Corey Grant, Auburn (SEC)",Jr.,RB,14,66,647,6
130,"Marteze Waller, Fresno St. (Mountain West)",So.,RB,13,124,646,7
131,"Terrence Magee, LSU (SEC)",Jr.,RB,13,86,626,8
132,"Cody Fajardo, Nevada (Mountain West)",Jr.,QB,10,141,621,8
133,"Kenny Harper, Temple (AAC)",Jr.,RB,12,136,613,9
134,"Cameron Artis-Payne, Auburn (SEC)",Jr.,RB,14,91,610,6
135,"Taylor Kelly, Arizona St. (Pac-12)",Jr.,QB,14,173,608,9
136,"Bubba Poole, Utah (Pac-12)",So.,RB,12,149,607,2
137,"Ross Metheny, South Alabama (Sun Belt)",Sr.,QB,12,132,604,10
138,"Marcus Murphy, Missouri (SEC)",Jr.,RB,14,92,601,9
139,"Horactio Banks, Ball St. (MAC)",Jr.,RB,9,95,595,7
140,"De'Anthony Thomas, Oregon (Pac-12)",Jr.,RB,10,96,594,8
141,"James Baker, Idaho (FBS Independent)",Sr.,RB,11,143,593,6
141,"Angel Santiago, Army West Point (FBS Independent)",Jr.,QB,12,171,593,10
143,"Crusoe Gongbay, New Mexico (Mountain West)",Jr.,RB,12,97,592,6
144,"Joey Iosefa, Hawaii (Mountain West)",Jr.,RB,5,126,590,5
145,"C.J. Brown, Maryland (ACC)",Sr.,QB,11,140,576,12
146,"Brian Fields, Western Mich. (MAC)",Sr.,RB,11,150,574,6
147,"Paul Perkins, UCLA (Pac-12)",So.,RB,13,134,573,6
147,"Brett Smith, Wyoming (Mountain West)",Jr.,QB,12,125,573,4
149,"B.J. Catalon, TCU (Big 12)",So.,RB,11,107,569,6
150,"Aaron Wimberly, Iowa St. (Big 12)",Jr.,RB,10,141,567,2
151,"I'Tavius Mathers, Ole Miss (SEC)",So.,RB,12,95,563,3
151,"James Wilder Jr., Florida St. (ACC)",Jr.,RB,13,81,563,8
153,"Jela Duncan, Duke (ACC)",So.,RB,13,113,562,3
153,"Christian Powell, Colorado (Pac-12)",So.,RB,12,147,562,3
155,"Dallas Crawford, Miami (FL) (ACC)",So.,RB,13,137,558,12
155,"Connor Shaw, South Carolina (SEC)",Sr.,QB,13,154,558,6
157,"George Atkinson III, Notre Dame (FBS Independent)",Jr.,RB,12,93,555,3
158,"Jonathan Wallace, Fla. Atlantic (C-USA)",Sr.,RB,9,119,553,3
158,"Damien Williams, Oklahoma (Big 12)",Sr.,RB,9,114,553,7
160,"Ben Malena, Texas A&M (SEC)",Sr.,RB,13,115,551,10
161,"Corey Clement, Wisconsin (Big Ten)",Fr.,RB,11,67,547,7
162,"Mack Brown, Florida (SEC)",Jr.,RB,12,148,543,4
163,"Ladarius Perkins, Mississippi St. (SEC)",Sr.,RB,12,137,542,2
164,"Tevin King, Louisiana Tech (C-USA)",So.,RB,9,93,539,1
165,"Jordan Hall, Ohio St. (Big Ten)",Sr.,RB,13,81,536,8
165,"Marquise Williams, North Carolina (ACC)",So.,QB,12,111,536,6
167,"Michael Adkins, Colorado (Pac-12)",Fr.,DB,9,103,535,6
168,"Jordon James, UCLA (Pac-12)",Jr.,RB,9,101,534,5
168,"Marlin Lane, Tennessee (SEC)",Jr.,RB,11,101,534,4
170,"T.J. Logan, North Carolina (ACC)",Fr.,RB,9,93,533,4
170,"Zaire Williams, Temple (AAC)",Fr.,RB,11,101,533,3
172,"Nathan Jeffery, UTEP (C-USA)",Jr.,RB,10,133,532,5
173,"Dri Archer, Kent St. (MAC)",Sr.,RB,10,68,527,6
174,"Adam Kennedy, Arkansas St. (Sun Belt)",Sr.,QB,13,153,524,4
175,"Jaylen Walton, Ole Miss (SEC)",So.,RB,13,113,523,6
176,"Justin Goodwin, Rutgers (AAC)",Fr.,RB,11,111,521,5
176,"Terron Ward, Oregon St. (Pac-12)",Jr.,RB,13,113,521,5
178,"Ralph David Abernathy IV, Cincinnati (AAC)",Jr.,RB,13,132,518,5
179,"Jordan Chunn, Troy (Sun Belt)",Fr.,RB,12,128,514,14
179,"Kenneth Farrow, Houston (AAC)",So.,RB,11,103,514,6
181,"Vad Lee, Georgia Tech (ACC)",So.,QB,13,182,513,8
182,"David Oku, Arkansas St. (Sun Belt)",Sr.,RB,12,142,511,6
183,"James Franklin, Missouri (SEC)",Sr.,QB,11,122,510,4
184,"Ryan Brumfield, Eastern Mich. (MAC)",Jr.,RB,12,98,509,5
184,"Glasco Martin, Baylor (Big 12)",Sr.,RB,10,120,509,7
186,"Kelvin Taylor, Florida (SEC)",Fr.,RB,10,111,508,4
187,"Lamarq Caldwell, FIU (C-USA)",So.,RB,12,144,504,1
188,"Kevin Grooms, Marshall (C-USA)",So.,RB,10,91,503,6
189,"D.J. Foster, Arizona St. (Pac-12)",So.,RB,14,93,501,6
190,"Terrel Hunt, Syracuse (ACC)",So.,QB,12,106,500,7
191,"Kenny Williams, Texas Tech (Big 12)",Jr.,RB,13,125,497,8
192,"Dreamius Smith, West Virginia (Big 12)",---,RB,12,103,494,5
193,"Jeff Scott, Ole Miss (SEC)",Sr.,RB,8,67,493,2
194,"Kain Colter, Northwestern (Big Ten)",Sr.,QB,11,115,489,5
195,"Zach Laskey, Georgia Tech (ACC)",Jr.,RB,13,84,485,7
195,"Jeremy Smith, Oklahoma St. (Big 12)",Sr.,RB,13,122,485,9
197,"Devin Gardner, Michigan (Big Ten)",Sr.,QB,12,165,483,11
198,"Jojo Kemp, Kentucky (SEC)",Fr.,RB,12,100,482,3
199,"Jordan Canzeri, Iowa (Big Ten)",So.,RB,12,74,481,2
200,"Austin Gearing, Miami (OH) (MAC)",So.,QB,12,145,478,1
201,"Chris Nutall, Texas St. (Sun Belt)",So.,RB,11,83,477,6
201,"Storm Woods, Oregon St. (Pac-12)",So.,RB,11,127,477,6
203,"Jawon Davis, Rice (C-USA)",Fr.,RB,10,95,476,3
204,"Germi Morrison, New Mexico St. (FBS Independent)",Sr.,RB,9,109,471,4
205,"Tarean Folston, Notre Dame (FBS Independent)",Fr.,RB,12,88,470,3
205,"Josh Harris, Wake Forest (ACC)",Sr.,RB,12,125,470,4
207,"Broam Hart, Air Force (Mountain West)",Jr.,RB,12,113,469,6
208,"Steven Lakalaka, Hawaii (Mountain West)",Fr.,RB,12,113,468,4
209,"Damon Bullock, Iowa (Big Ten)",Jr.,RB,13,118,467,1
210,"Akeem Hunt, Purdue (Big Ten)",Jr.,RB,12,123,464,1
210,"Taylor McHargue, Rice (C-USA)",Sr.,QB,14,157,464,5
210,"Raymond Sanders, Kentucky (SEC)",Sr.,RB,11,107,464,3
213,"Kelvin York, Utah (Pac-12)",Sr.,RB,9,118,463,6
214,"Josh Robinson, Mississippi St. (SEC)",So.,RB,13,78,459,3
215,"Jalen Whitlow, Kentucky (SEC)",So.,QB,12,107,457,6
216,"Prince-Tyson Gulley, Syracuse (ACC)",Sr.,RB,11,83,456,4
217,"Deandre Washington, Texas Tech (Big 12)",So.,RB,12,107,450,4
218,"Imani Cross, Nebraska (Big Ten)",So.,RB,13,85,447,10
218,"Jyruss Edwards, ULM (Sun Belt)",Sr.,RB,12,99,447,2
220,"Antoinne Jimmerson, North Texas (C-USA)",So.,RB,13,107,446,7
221,"Trevor Knight, Oklahoma (Big 12)",Fr.,QB,8,67,445,2
221,"Khalfani Muhammad, California (Pac-12)",Fr.,RB,11,74,445,4
223,"William Stanback, UCF (AAC)",Fr.,RB,13,105,443,6
224,"Terrence Broadway, Louisiana (Sun Belt)",Jr.,QB,12,131,442,8
225,"Centarius Donald, ULM (Sun Belt)",Jr.,RB,9,87,433,4
226,"Deon Anthony, Troy (Sun Belt)",Sr.,QB,10,73,432,3
227,"Jonathan Lee, Air Force (Mountain West)",Jr.,RB,10,66,429,3
227,"Marcus Mason, Washington St. (Pac-12)",Jr.,RB,13,87,429,2
229,"Donnell Alexander, Colorado St. (Mountain West)",So.,RB,11,71,428,2
230,"Conor Hundley, Akron (MAC)",So.,RB,12,100,425,0
230,"Rob Kelley, Tulane (C-USA)",Jr.,RB,13,98,425,3
232,"Tre Roberson, Indiana (Big Ten)",Jr.,QB,12,85,423,5
233,"Brendan Bigelow, California (Pac-12)",Jr.,RB,12,105,421,2
234,"Chris Swain, Navy (FBS Independent)",So.,RB,11,107,420,4
235,"Kendrick Hardy, Southern Miss. (C-USA)",Sr.,RB,10,93,419,2
236,"Shaquille Murray-Lawrence, UNLV (Mountain West)",Jr.,RB,12,47,418,2
237,"Brandon Betancourt, New Mexico St. (FBS Independent)",Jr.,RB,8,93,415,2
237,"Robert Marshall, Utah St. (Mountain West)",Sr.,RB,14,94,415,1
239,"Tion Green, Cincinnati (AAC)",So.,RB,11,91,412,7
239,"Darius Staten, Navy (FBS Independent)",Sr.,RB,12,42,412,3
241,"Daniel Jenkins, Arizona (Pac-12)",Sr.,RB,13,65,411,1
242,"Mitch Leidner, Minnesota (Big Ten)",Fr.,QB,10,102,407,7
242,"Trey Williams, Texas A&M (SEC)",So.,RB,11,58,407,6
244,"Tajh Boyd, Clemson (ACC)",Sr.,QB,13,154,400,10
245,"Ryan Boykin, Ohio (MAC)",Sr.,RB,11,103,399,7
245,"Anthone Taylor, Buffalo (MAC)",Jr.,RB,9,82,399,3
247,"Jeremiah Bryson, Middle Tenn. (C-USA)",So.,WR,9,82,398,3
247,"Chris Nwoke, Colorado St. (Mountain West)",Sr.,RB,14,101,398,2
247,"Zurlon Tipton, Central Mich. (MAC)",Sr.,RB,6,74,398,8
250,"Darik Dillard, Rice (C-USA)",Fr.,RB,14,82,396,3
251,"Travis Wilson, Utah (Pac-12)",So.,QB,9,81,386,5
252,"Brandon Miller, Wyoming (Mountain West)",Sr.,RB,11,83,385,3
253,"J.J. Green, Georgia (SEC)",Fr.,RB,13,68,384,3
254,"Derrick Henry, Alabama (SEC)",Fr.,RB,12,36,382,3
255,"Ja'Terian Douglas, Tulsa (C-USA)",Sr.,RB,12,113,379,2
256,"Silas Redd, Southern California (Pac-12)",Sr.,RB,6,81,376,1
256,"Trenton Turrentine, Army West Point (FBS Independent)",Jr.,RB,11,56,376,1
256,"Donovonn Young, Illinois (Big Ten)",Jr.,RB,11,93,376,3
259,"Mike Trumpy, Northwestern (Big Ten)",Sr.,RB,11,98,370,2
260,"Clint Chelf, Oklahoma St. (Big 12)",Sr.,QB,12,63,369,7
261,"Silas Spearman, FIU (C-USA)",Fr.,RB,10,132,368,4
261,"Jamal Wilson, Massachusetts (MAC)",So.,RB,10,100,368,1
263,"Phillip Nelson, Minnesota (Big Ten)",So.,QB,12,93,364,6
264,"Geoffrey Whiteside, Navy (FBS Independent)",Jr.,RB,10,49,363,3
265,"Joe Bergeron, Texas (Big 12)",Jr.,RB,13,73,362,4
266,"Justin Davis, Southern California (Pac-12)",Fr.,RB,7,53,361,6
266,"Quinton Singleton, Navy (FBS Independent)",Jr.,RB,13,65,361,2
268,"Shontrelle Johnson, Iowa St. (Big 12)",Sr.,RB,12,90,358,3
268,"Akeel Lynch, Penn St. (Big Ten)",Fr.,RB,9,60,358,1
270,"Leon Allen, Western Ky. (Sun Belt)",So.,RB,11,72,357,5
271,"Tommylee Lewis, NIU (MAC)",Jr.,WR,12,30,356,1
271,"Sam B. Richardson, Iowa St. (Big 12)",So.,QB,11,101,356,2
273,"Kevin Hogan, Stanford (Pac-12)",Jr.,QB,14,84,355,2
273,"Wesley Tate, Vanderbilt (SEC)",Sr.,WR,13,90,355,4
273,"Bo Wallace, Ole Miss (SEC)",Jr.,QB,13,131,355,6
276,"Sirgregory Thornton, Arkansas St. (Sun Belt)",Sr.,RB,13,63,354,4
277,"Anthony Wilkerson, Stanford (Pac-12)",Sr.,RB,14,84,353,2
278,"Paul Lasike, BYU (FBS Independent)",Jr.,RB,13,59,350,1
279,"Max DeLorenzo, UConn (AAC)",So.,RB,12,99,349,5
280,"Juwan Thompson, Duke (ACC)",Sr.,RB,14,64,348,1
281,"Roy Finch, Oklahoma (Big 12)",Sr.,RB,13,59,347,0
282,"Caleb Herring, UNLV (Mountain West)",Sr.,QB,13,127,346,5
282,"Myles Willis, Boston College (ACC)",Fr.,RB,11,60,346,2
284,"Brendan Douglas, Georgia (SEC)",Fr.,RB,12,84,345,3
285,"Nick Hill, Michigan St. (Big Ten)",Jr.,RB,12,67,344,1
285,"Fredi Knighten, Arkansas St. (Sun Belt)",So.,QB,11,55,344,5
285,"Shaquille Powell, Duke (ACC)",So.,RB,14,62,344,2
285,"Logan Thomas, Virginia Tech (ACC)",Sr.,QB,13,162,344,4
289,"Alfred Blue, LSU (SEC)",Sr.,RB,13,71,343,1
290,"Brian Kimbrow, Vanderbilt (SEC)",So.,RB,12,81,341,3
291,"Debrandon Sanders, Navy (FBS Independent)",So.,RB,12,42,340,1
291,"Jay Warren, Fla. Atlantic (C-USA)",---,,10,71,340,2
293,"Noah Copeland, Navy (FBS Independent)",Jr.,RB,9,69,339,2
293,"Matt Jones, Florida (SEC)",So.,RB,5,79,339,2
295,"Gus Edwards, Miami (FL) (ACC)",Fr.,RB,12,66,338,5
295,"Reggie Pegram, North Texas (C-USA)",Jr.,RB,8,94,338,6
295,"Thomas Tucker, San Jose St. (Mountain West)",Fr.,WR,8,66,338,3
298,"Brandon Connette, Duke (ACC)",Jr.,QB,13,101,337,14
299,"Colin Reardon, Kent St. (MAC)",So.,QB,11,88,336,2
300,"George Morris III, Syracuse (ACC)",Fr.,RB,10,79,334,1
