Rank,Player,Cl,Pos,G,Rush,Rush Yds,Rush TD
1,"Khalid Abdullah, James Madison (CAA)",Sr.,RB,15,298,"1,809",22
2,"Chase Edmonds, Fordham (Patriot)",Jr.,RB,11,257,"1,799",19
3,"Lenard Tillery, Southern U. (SWAC)",Sr.,RB,11,247,"1,665",13
4,"Tarik Cohen, N.C. A&T (MEAC)",Sr.,RB,12,212,"1,588",18
5,"Jonah Hodges, San Diego (Pioneer)",Sr.,RB,12,236,"1,454",18
6,"Lorenzo Long, Wofford (SoCon)",Sr.,RB,14,294,"1,424",18
7,"Elijah Ibitokun-Hanks, UAlbany (CAA)",So.,RB,11,247,"1,388",16
8,"Jody Webb, Youngstown St. (MVFC)",Sr.,RB,14,229,"1,342",6
9,"Joe Protheroe, Cal Poly (Big Sky)",Jr.,RB,11,252,"1,334",13
10,"A.J. Hines, Duquesne (NEC)",Fr.,RB,11,242,"1,291",13
11,"Dalton Crossan, New Hampshire (CAA)",Sr.,RB,13,233,"1,281",10
12,"Anthony Philyaw, Howard (MEAC)",Jr.,RB,10,222,"1,230",9
13,"Khalid Thomas, Alabama St. (SWAC)",Sr.,RB,11,178,"1,182",9
14,"Dominick Bragalone, Lehigh (Patriot)",So.,RB,12,206,"1,171",14
15,"Martin Ruiz, Youngstown St. (MVFC)",Sr.,RB,14,209,"1,153",12
16,"Tyler Renew, The Citadel (SoCon)",Sr.,RB,12,251,"1,096",4
17,"Derrick Craine, Chattanooga (SoCon)",Sr.,RB,11,176,"1,083",12
18,"Conley Wilkins, Drake (Pioneer)",Sr.,RB,11,236,"1,081",9
19,"Kendell Anderson, William & Mary (CAA)",Sr.,RB,10,217,"1,077",9
19,"Manusamoa Luuga, UC Davis (Big Sky)",Sr.,RB,11,213,"1,077",11
21,"Joey DeFloria, Bucknell (Patriot)",Jr.,RB,10,230,"1,070",10
22,"Devin Church, Eastern Ill. (OVC)",Sr.,RB,11,197,"1,066",7
23,"Detrez Newsome, Western Caro. (SoCon)",Jr.,RB,11,156,"1,031",10
24,"Malik Brown, Southern Utah (Big Sky)",---,RB,11,182,"1,027",7
25,"Deontez Thompson, Richmond (CAA)",So.,RB,13,188,"1,001",9
26,"Lance Dunn, North Dakota St. (MVFC)",So.,RB,14,166,996,6
26,"Jordan Robinson, Sacramento St. (Big Sky)",Sr.,RB,11,164,996,13
28,"Eli Jenkins, Jacksonville St. (OVC)",Sr.,QB,12,175,984,13
29,"John Santiago, North Dakota (Big Sky)",So.,RB,12,183,983,7
30,"Tyrell Maxwell, Gardner-Webb (Big South)",Jr.,QB,11,168,965,8
31,"Khalil Lewis, Gardner-Webb (Big South)",So.,RB,10,182,955,14
32,"Steve McShane, Western Ill. (MVFC)",So.,RB,11,182,917,8
33,"Tre Solomon, Penn (Ivy League)",Jr.,RB,10,176,907,9
34,"Martez Carter, Grambling (SWAC)",Sr.,RB,11,118,906,11
35,"Remus Bulmer, Sam Houston (Southland)",So.,RB,13,144,901,8
36,"Brady Oliveira, North Dakota (Big Sky)",So.,RB,12,168,897,10
37,"Marcus Bagley, Saint Francis (PA) (NEC)",Jr.,RB,11,207,891,1
38,"Mike Holloway, Charleston So. (Big South)",Sr.,RB,10,105,881,9
39,"King Frazier, North Dakota St. (MVFC)",Sr.,RB,13,183,879,11
40,"Justin Kelly, Grambling (SWAC)",Sr.,RB,12,156,871,7
41,"Chris Murray, Montana St. (Big Sky)",Fr.,QB,11,138,860,12
42,"Alex Kuresa, Portland St. (Big Sky)",Sr.,QB,11,147,858,10
43,"De'Mard Llorens, Northwestern St. (Southland)",Sr.,RB,10,134,853,8
44,"Jordan Bentley, Alabama A&M (SWAC)",Fr.,RB,11,159,851,9
45,"Kori Garcia, Cal Poly (Big Sky)",Sr.,RB,12,130,849,6
46,"Josh Clemons, Jacksonville St. (OVC)",---,,12,166,842,10
47,"Will Young, Southeast Mo. St. (OVC)",Sr.,RB,11,163,838,6
48,"Chris Streveler, South Dakota (MVFC)",Jr.,QB,10,161,822,9
49,"Mike Waters, Delaware St. (MEAC)",Fr.,RB,11,169,820,5
50,"Jake Melville, Colgate (Patriot)",Sr.,QB,10,131,812,7
51,"Lavon Chaney, Monmouth (Big South)",Sr.,RB,11,151,810,9
52,"Chandler Burks, Kennesaw St. (Big South)",So.,QB,11,161,799,9
52,"Aaron Forbes, Villanova (CAA)",So.,RB,13,132,799,8
54,"Tony Dawson, Houston Christian (Southland)",Sr.,QB,11,133,784,6
54,"Shane Simpson, Towson (CAA)",Fr.,RB,11,141,784,3
56,"Keyon Washington, Colgate (Patriot)",Jr.,RB,9,156,783,7
57,"Roc Thomas, Jacksonville St. (OVC)",Jr.,RB,9,127,782,7
58,"Nate Tago, Portland St. (Big Sky)",Sr.,RB,10,137,774,10
59,"Roland Genesy, Indiana St. (MVFC)",Sr.,RB,11,147,764,7
60,"Yahkee Johnson, Hampton (MEAC)",Jr.,RB,11,135,763,4
61,"De'Lance Turner, Alcorn (SWAC)",Jr.,RB,11,133,760,5
62,"Corey Avery, Sam Houston (Southland)",Jr.,RB,12,126,755,10
63,"Brady Mengarelli, South Dakota St. (MVFC)",Jr.,RB,13,134,754,4
64,"Jaimiee Bowe, UT Martin (OVC)",So.,RB,12,181,747,7
64,"Julius Maracalin, Southeastern La. (Southland)",So.,RB,11,147,747,8
66,"Jared Joyner, Campbell (Pioneer)",Sr.,RB,10,143,741,8
67,"Nate Chavious, Sacred Heart (NEC)",Sr.,RB,11,137,737,6
68,"Wes Hills, Delaware (CAA)",Jr.,RB,7,88,728,7
69,"Joe Logan, Northern Ariz. (Big Sky)",Fr.,RB,9,115,726,5
70,"Darrell Bridges, Presbyterian (Big South)",Jr.,RB,11,204,721,2
71,"Joshua Mack, Maine (CAA)",Fr.,RB,10,140,712,6
72,"Yeedee Thaenrat, Tennessee Tech (OVC)",Fr.,RB,11,159,707,6
72,"Chris Walker, Cornell (Ivy League)",So.,RB,9,121,707,3
74,"Duvante Lane, Butler (Pioneer)",Jr.,RB,11,145,706,9
75,"Cardon Johnson, James Madison (CAA)",Jr.,RB,9,114,704,8
76,"Denzel Knight, Wagner (NEC)",Jr.,RB,11,108,703,7
76,"Chad Newell, Montana St. (Big Sky)",Sr.,RB,9,148,703,8
78,"Thomas Jefferson, Delaware (CAA)",So.,RB,11,140,700,6
79,"Cole Mazza, Stetson (Pioneer)",Sr.,RB,11,164,699,8
80,"Stacey Bedell, Stony Brook (CAA)",Jr.,RB,11,152,698,10
80,"Ose Imeokparia, Sacred Heart (NEC)",Sr.,RB,11,135,698,2
82,"Reggie Williams, The Citadel (SoCon)",Jr.,RB,11,102,694,4
83,"Cam Jackson, The Citadel (SoCon)",Jr.,RB,10,95,692,5
83,"Trae Riek, Northern Colo. (Big Sky)",So.,RB,9,128,692,3
85,"Trevor Bouma, South Dakota (MVFC)",Sr.,RB,11,190,690,4
86,"Dano Graves, Cal Poly (Big Sky)",Sr.,QB,12,157,686,9
87,"Easton Stick, North Dakota St. (MVFC)",So.,QB,14,113,685,7
88,"John Nguyen, Montana (Big Sky)",Sr.,RB,11,149,679,1
89,"Chaston Bennett, Kennesaw St. (Big South)",Sr.,RB,11,57,677,9
90,"Alex Jeske, Dayton (Pioneer)",Jr.,QB,11,120,676,14
91,"Matthias McKinnon, Wagner (NEC)",Sr.,RB,11,157,667,7
92,"John Russ, Mercer (SoCon)",Sr.,QB,11,147,664,6
93,"Deangelo Ballard, Alabama A&M (SWAC)",Sr.,QB,11,176,663,7
93,"Carrington Mosley, Liberty (Big South)",Jr.,RB,11,144,663,5
95,"Dominique Allen, The Citadel (SoCon)",Jr.,QB,11,141,659,7
96,"Paris Penn, Portland St. (Big Sky)",Sr.,QB,11,126,653,10
97,"Deshawn Jones, Campbell (Pioneer)",Sr.,RB,7,95,641,9
98,"Tevin McCaster, Youngstown St. (MVFC)",So.,RB,16,129,638,11
99,"Kade Harrington, Lamar University (Southland)",Sr.,RB,7,124,636,4
100,"Cameron Nash, Central Conn. St. (NEC)",Jr.,RB,10,149,632,4
100,"Ramone Simpson, N.C. Central (MEAC)",So.,RB,12,129,632,5
102,"Jamal Towns, Illinois St. (MVFC)",Sr.,RB,12,112,627,2
102,"Alan Watson, Columbia (Ivy League)",Sr.,RB,10,133,627,1
104,"Todd Macon, Liberty (Big South)",Jr.,RB,10,130,620,7
105,"Trai Sharp, James Madison (CAA)",So.,RB,15,111,617,5
106,"Carlos Blackman, Central Ark. (Southland)",Fr.,RB,13,137,616,5
107,"Rylan Wells, Jacksonville (Pioneer)",Jr.,QB,10,133,614,11
108,"Jalen Randolph, Delaware (CAA)",Sr.,RB,11,117,611,7
109,"Joshua Kelley, UC Davis (Big Sky)",So.,RB,11,87,609,4
110,"Gage Gubrud, Eastern Wash. (Big Sky)",So.,QB,14,134,606,5
111,"Marcellus Calhoun, Marist (Pioneer)",Sr.,RB,11,167,604,6
111,"Chad Freshnock, Bucknell (Patriot)",Fr.,RB,11,151,604,10
113,"Ryan Ross, McNeese (Southland)",Jr.,RB,11,135,601,5
114,"Tucker Yinger, Dayton (Pioneer)",Jr.,RB,6,85,598,2
115,"Erick Evans, Tennessee St. (OVC)",Jr.,RB,10,127,597,4
115,"Tyvis Smith, UNI (MVFC)",Sr.,RB,11,140,597,3
117,"Richardre Bagley, Chattanooga (SoCon)",Jr.,RB,13,107,593,5
117,"Jajuan Stinson, ETSU (SoCon)",So.,RB,11,128,593,5
119,"Kyle Lewis, Cal Poly (Big Sky)",Jr.,RB,11,61,591,6
120,"Ladevin Fair, UT Martin (OVC)",Sr.,RB,10,121,585,5
121,"Ulysses Bryant, Jacksonville (Pioneer)",Sr.,RB,10,118,583,4
122,"Antwon Wells, Central Ark. (Southland)",Sr.,RB,13,141,580,10
123,"Kendyl Taylor, Northern Ariz. (Big Sky)",Sr.,WR,10,132,579,2
124,"Darius Hammond, Charleston So. (Big South)",Jr.,DB,10,100,576,4
124,"Jarrett Morgan, Valparaiso (Pioneer)",Jr.,RB,10,156,576,2
126,"Brycen Alleyne, Delaware St. (MEAC)",So.,RB,10,138,575,3
126,"Malcolm Bell, N.C. Central (MEAC)",Sr.,QB,12,128,575,9
128,"Ronald Green, Northwestern St. (Southland)",So.,RB,11,86,574,5
128,"Terrance Peters, Houston Christian (Southland)",Jr.,RB,10,129,574,4
128,"Charles Volker, Princeton (Ivy League)",So.,RB,10,128,574,4
131,"Mareio McGraw, Murray St. (OVC)",Fr.,WR,11,101,571,6
132,"C.J. Okpalobi, Nicholls (Southland)",Sr.,RB,11,161,569,5
132,"Bryan Schor, James Madison (CAA)",Jr.,QB,14,126,569,10
134,"Bishop Ford, South Carolina St. (MEAC)",---,RB,10,137,567,5
135,"Alan Lamar, Yale (Ivy League)",Fr.,RB,9,131,557,5
136,"Jeremy Calhoun, Montana (Big Sky)",So.,RB,10,77,555,9
137,"Kentel Williams, Austin Peay (OVC)",---,,11,101,541,6
138,"Greg Hankerson, Norfolk St. (MEAC)",Sr.,QB,11,166,540,6
139,"Zach Bednarczyk, Villanova (CAA)",So.,QB,13,126,539,2
139,"Stockton McGuire, Davidson (Pioneer)",Fr.,QB,9,108,539,4
141,"Treshawn Garrett, Weber St. (Big Sky)",So.,RB,11,128,531,5
142,"De'Sean McNair, Elon (CAA)",Fr.,RB,11,136,522,3
143,"Isaac Wallace, South Dakota St. (MVFC)",So.,RB,12,83,519,4
144,"Miles Smith, Dartmouth (Ivy League)",So.,RB,8,99,516,3
145,"Javon White, Villanova (CAA)",Sr.,RB,12,115,515,7
145,"Brad Woodard, Texas Southern (SWAC)",So.,RB,11,116,515,3
147,"Will Gay, Wofford (SoCon)",Sr.,RB,14,85,514,2
148,"Matt Gudzak, Villanova (CAA)",Jr.,RB,9,88,513,3
148,"Malcolm Summers, Elon (CAA)",So.,RB,11,108,513,2
150,"Jordan Gowins, Stony Brook (CAA)",So.,RB,11,131,508,2
151,"Trevor Jones, Morehead St. (Pioneer)",So.,WR,10,88,507,7
152,"Demetrius Warren, Sacramento St. (Big Sky)",Sr.,RB,11,108,506,2
153,"Eric Carter, Hampton (MEAC)",So.,RB,11,102,505,5
154,"Joey Rhattigan, Princeton (Ivy League)",Sr.,RB,10,101,503,4
155,"Johnny Pena, Brown (Ivy League)",Sr.,RB,10,132,500,4
156,"Jared Ruffing, Dayton (Pioneer)",Jr.,WR,11,83,499,6
157,"Loren Easly, SFA (Southland)",So.,RB,10,87,497,7
158,"Trevon Bryant, New Hampshire (CAA)",Jr.,RB,11,82,496,5
159,"Daz Palmer, VMI (SoCon)",Fr.,RB,11,125,491,3
160,"Semar Smith, Harvard (Ivy League)",Jr.,RB,9,113,487,7
161,"Javaughn Craig, Austin Peay (OVC)",---,,5,72,482,3
161,"K'Rondis Larry, Samford (SoCon)",Jr.,RB,12,83,482,2
163,"Jordan Johnson, Jackson St. (SWAC)",---,,11,75,477,2
164,"Ronald Butler, Tennessee St. (OVC)",Sr.,QB,11,92,476,6
165,"Earl Harrison, Tennessee St. (OVC)",Fr.,RB,8,73,475,2
166,"Gunnar Brekke, Montana St. (Big Sky)",Sr.,RB,11,88,474,1
167,"Demarco Corbin, Illinois St. (MVFC)",Fr.,RB,12,96,473,4
168,"Harold Cooper, Rhode Island (CAA)",Jr.,RB,11,113,463,3
169,"Alex Valles, Georgetown (Patriot)",Jr.,RB,11,104,462,3
170,"Jakori Ford, Idaho St. (Big Sky)",Sr.,RB,8,93,461,6
171,"Jason Randall, Missouri St. (MVFC)",So.,RB,10,121,459,2
172,"Justin Pratt, McNeese (Southland)",Fr.,RB,11,76,457,5
173,"Lamont Brown III, Morgan St. (MEAC)",Sr.,RB,11,108,455,2
174,"Noah Johnson, Alcorn (SWAC)",So.,QB,9,75,454,10
175,"Dorrel McClain, N.C. Central (MEAC)",So.,RB,10,95,453,7
176,"Joshawa West, SFA (Southland)",Sr.,WR,11,103,452,0
177,"Dimitri Taylor, Indiana St. (MVFC)",Jr.,RB,11,107,451,1
178,"Frankie Hickson, Liberty (Big South)",Fr.,RB,11,94,450,4
179,"Alex Lakes, Mercer (SoCon)",Jr.,RB,9,105,449,4
180,"Jereke Armstrong, San Diego (Pioneer)",Sr.,RB,12,116,444,5
181,"Keylan Brown, Davidson (Pioneer)",Fr.,RB,11,128,439,4
182,"Deshaun Wethington, Towson (CAA)",Fr.,RB,10,75,438,1
183,"Jake McKenzie, Kennesaw St. (Big South)",So.,QB,10,95,434,1
184,"Brandon Cartagena, Northern Colo. (Big Sky)",Sr.,DB,10,78,430,5
185,"Sta'Fon McCray, Prairie View (SWAC)",---,,10,76,427,5
186,"Aaron Bailey, UNI (MVFC)",Sr.,QB,7,124,426,6
187,"Zach Conque, SFA (Southland)",Sr.,QB,11,112,422,10
188,"Gerard Johnson, Norfolk St. (MEAC)",Sr.,RB,11,89,419,2
189,"Raysean Pringle, Southern Utah (Big Sky)",Sr.,WR,11,63,417,6
189,"Dontrell Taylor, Nicholls (Southland)",Fr.,RB,6,75,417,4
191,"Antoine Custer Jr., Eastern Wash. (Big Sky)",Fr.,RB,13,98,416,5
192,"Darnell Holland, Kennesaw St. (Big South)",So.,RB,11,46,412,5
193,"John Lovett, Princeton (Ivy League)",Jr.,QB,10,98,411,20
193,"Diquan Walker, Holy Cross (Patriot)",Jr.,RB,11,78,411,3
195,"BJ Kelly, Houston Christian (Southland)",Jr.,RB,11,121,404,3
196,"T.J. Anderson, Rhode Island (CAA)",Jr.,RB,10,114,403,3
197,"RJ Noel, Sacred Heart (NEC)",Sr.,QB,11,95,402,5
198,"Devin Bowers, Florida A&M (MEAC)",So.,RB,7,106,400,4
199,"Antonio Wilcox, Furman (SoCon)",Jr.,RB,11,88,398,6
200,"Trevor Knight, New Hampshire (CAA)",So.,QB,12,138,396,4
200,"Jamaruz Thompkins, Bethune-Cookman (MEAC)",Sr.,RB,10,72,396,6
200,"Alek Torgersen, Penn (Ivy League)",Sr.,QB,10,116,396,8
