Rank,Player,Cl,Pos,G,Rush,Rush Yds,Rush TD
1,"Marshaun Coprich, Illinois St. (MVFC)",Jr.,RB,15,370,"2,274",27
2,"Zach Zenner, South Dakota St. (MVFC)",Sr.,RB,14,337,"2,019",22
3,"John Crockett, North Dakota St. (MVFC)",Sr.,RB,16,368,"1,994",21
4,"Chase Edmonds, Fordham (Patriot)",Fr.,RB,14,294,"1,838",23
5,"Khairi Dickson, Saint Francis (PA) (NEC)",Jr.,RB,11,309,"1,708",12
6,"Gus Johnson, SFA ()",Sr.,RB,13,256,"1,683",23
7,"David Johnson, UNI (MVFC)",Sr.,RB,14,287,"1,553",17
8,"Connor Kacsor, Dayton (Pioneer)",Sr.,RB,11,255,"1,547",17
9,"De'Angelo Henderson, Coastal Carolina (Big South)",So.,RB,14,234,"1,534",20
10,"Malcolm Cyrus, Alabama St. (SWAC)",Sr.,RB,11,237,"1,500",9
11,"Xavier Finney, Idaho St. (Big Sky)",Jr.,RB,12,259,"1,495",14
12,"Dy'Shawn Mobley, Eastern Ky. (OVC)",Jr.,RB,13,258,"1,491",20
13,"Tyler Varga, Yale (Ivy League)",Sr.,RB,10,233,"1,423",22
14,"Herb Walker Jr., Morgan St. (MEAC)",So.,RB,12,233,"1,408",13
15,"Tarik Cohen, N.C. A&T (MEAC)",So.,RB,11,197,"1,340",15
16,"Martin Ruiz, Youngstown St. (MVFC)",So.,RB,12,265,"1,320",10
17,"Darius Victor, Towson (CAA)",So.,RB,12,250,"1,305",12
18,"D.J. Abnar, Liberty (Big South)",Jr.,RB,14,292,"1,289",15
19,"Mikal Abdual-Saboor, William & Mary (CAA)",Jr.,RB,11,249,"1,266",12
20,"J.C. Baker, Western Ill. (MVFC)",Sr.,RB,12,246,"1,265",5
20,"Chris Brown, Cal Poly (Big Sky)",Jr.,QB,12,249,"1,265",17
22,"Jonah Hodges, San Diego (Pioneer)",So.,RB,12,221,"1,214",6
23,"Omar Osbourne, UAlbany (CAA)",Sr.,RB,12,254,"1,211",7
24,"Jordan Canada, Montana (Big Sky)",Sr.,RB,14,216,"1,207",11
25,"Ross Scheuerman, Lafayette (Patriot)",Sr.,RB,11,236,"1,191",12
26,"Lenard Tillery, Southern U. (SWAC)",Jr.,RB,13,208,"1,188",9
27,"Damarcus James, Jacksonville St. (OVC)",Sr.,RB,11,206,"1,151",14
28,"Keshawn Hill, Sam Houston (Southland)",Sr.,RB,15,195,"1,150",18
29,"Kevin Monangai, Villanova (CAA)",Sr.,RB,14,222,"1,138",12
29,"Abou Toure, UT Martin (OVC)",Sr.,RB,12,199,"1,138",8
31,"Rob Hollomon, Central Conn. St. (NEC)",Sr.,RB,11,228,"1,116",7
32,"Alex Lakes, Mercer (SoCon)",Fr.,RB,12,200,"1,107",17
33,"Jalen Simmons, South Carolina St. (MEAC)",Sr.,RB,12,209,"1,085",9
34,"Aaron Miller, The Citadel (SoCon)",Sr.,QB,12,226,"1,080",13
35,"John Robertson, Villanova (CAA)",Jr.,QB,13,227,"1,078",11
36,"Stacey Bedell, Stony Brook (CAA)",So.,RB,11,201,"1,070",9
37,"Johnta' Hebert, Prairie View (SWAC)",Jr.,RB,10,170,"1,063",12
38,"Kori Garcia, Cal Poly (Big Sky)",So.,RB,12,157,"1,039",7
39,"Keon Williams, Chattanooga (SoCon)",Sr.,RB,13,227,"1,037",14
40,"Tre Roberson, Illinois St. (MVFC)",Jr.,QB,15,171,"1,029",11
41,"Jacob Huesman, Chattanooga (SoCon)",Jr.,QB,14,197,"1,009",14
42,"Ulysses Bryant, Jacksonville (Pioneer)",So.,RB,11,164,"1,005",7
42,"Michael Henry, Nicholls (Southland)",Jr.,RB,11,192,"1,005",6
44,"Jared Johnson, Sam Houston (Southland)",So.,QB,16,214,999,6
45,"John Gibbs Jr., Alcorn (SWAC)",Jr.,QB,13,135,996,11
46,"Paul Stanton, Jr., Harvard (Ivy League)",Jr.,RB,9,147,990,11
47,"Dakota Prukop, Montana St. (Big Sky)",So.,QB,11,170,966,13
48,"Wes Hills, Delaware (CAA)",So.,RB,12,172,952,6
49,"Christian Reyes, Charleston So. (Big South)",Sr.,RB,11,179,946,8
50,"Lorenzo Long, Wofford (SoCon)",So.,RB,11,163,930,15
51,"Paul Canevari, Bryant (NEC)",Jr.,RB,11,163,927,3
52,"Cole Mazza, Stetson (Pioneer)",So.,RB,12,188,923,10
53,"Denzel Williams, Samford (SoCon)",So.,RB,11,191,918,16
54,"Brandon Howe, Cal Poly (Big Sky)",Sr.,RB,12,183,867,10
55,"Jordan Robinson, Sacramento St. (Big Sky)",So.,RB,12,158,862,5
56,"Jer Garman, North Dakota (Big Sky)",Sr.,RB,12,171,857,7
57,"Brandon Hall, Valparaiso (Pioneer)",Jr.,RB,12,173,855,10
58,"Greg McGhee, Howard (MEAC)",Sr.,QB,12,165,847,13
59,"Jo'El Kimpela, Georgetown (Patriot)",Jr.,RB,11,159,838,3
60,"Lavon Chaney, Monmouth (Big South)",So.,RB,11,173,835,8
61,"Jorrian Washington, Hampton (MEAC)",Sr.,WR,11,164,834,5
62,"Gabe Manzanares, UC Davis (Big Sky)",Sr.,RB,9,149,831,5
63,"Daveonn Porter, Texas Southern (SWAC)",Sr.,RB,10,131,827,6
64,"Vad Lee, James Madison (CAA)",Jr.,QB,13,183,826,9
65,"Casey Jahn, Northern Ariz. (Big Sky)",Jr.,RB,12,185,824,4
66,"Brian Handley, Ark.-Pine Bluff (SWAC)",---,,11,137,820,2
67,"Ricardo McCray, Bryant (NEC)",Jr.,RB,10,147,814,10
68,"Shepard Little, Eastern Ill. (OVC)",Jr.,RB,10,124,797,3
68,"Buck Logan, Indiana St. (MVFC)",Sr.,RB,13,171,797,7
70,"Jalen Whitlow, Eastern Ill. (OVC)",Jr.,QB,11,140,792,12
71,"Daniel McSurdy, Idaho St. (Big Sky)",Sr.,RB,12,113,781,8
72,"Keshaudas Spence, Sacred Heart (NEC)",Sr.,RB,12,197,780,4
73,"Seth Fisher, Richmond (CAA)",Jr.,RB,13,170,777,12
74,"Calan Crowder, Missouri St. (MVFC)",Fr.,RB,12,153,766,4
74,"Rich Sodeke, Lehigh (Patriot)",Sr.,RB,11,159,766,6
76,"Darius Ramsey, Western Caro. (SoCon)",Jr.,RB,12,148,763,6
77,"Tyler Renew, The Citadel (SoCon)",So.,RB,12,169,761,5
78,"Garrett Safron, Sacramento St. (Big Sky)",Sr.,QB,12,120,751,4
79,"Zach Smith, Weber St. (Big Sky)",So.,RB,11,129,742,3
80,"Kade Harrington, Lamar University (Southland)",So.,RB,9,154,740,11
80,"Atiq Lucas, Marist (Pioneer)",Sr.,RB,11,205,740,7
80,"Willie Matthews, Central Ark. (Southland)",Sr.,RB,12,182,740,12
83,"Garrett Atzenweiler, Northwestern St. (Southland)",Sr.,RB,12,165,739,10
84,"BJ Kelly, Houston Christian (Southland)",Fr.,RB,11,150,735,3
85,"Luke Hagy, Cornell (Ivy League)",Jr.,RB,9,151,734,4
85,"Demichael Jackson, Southeast Mo. St. (OVC)",Jr.,RB,9,137,734,5
87,"Michael D. Jones, Bethune-Cookman (MEAC)",So.,RB,12,128,730,5
88,"Jalen Overstreet, Sam Houston (Southland)",So.,RB,16,106,729,7
89,"A. Baker, Alcorn (SWAC)",---,,13,113,725,13
89,"Jeffrey Keil, Davidson (Pioneer)",Fr.,RB,12,153,725,8
91,"Andre Clarke, N.C. Central (MEAC)",Sr.,RB,12,158,723,15
91,"Anthony Williams III, Alcorn (SWAC)",Sr.,RB,13,125,723,12
93,"Troymaine Pope, Jacksonville St. (OVC)",Jr.,RB,12,123,715,6
93,"Jody Webb, Youngstown St. (MVFC)",So.,RB,12,103,715,9
95,"Daniel Sams, McNeese (Southland)",---,QB,10,104,711,2
96,"Peter Pujals, Holy Cross (Patriot)",So.,QB,12,170,705,6
97,"Demetrius Russell, Colgate (Patriot)",Jr.,RB,12,152,703,2
98,"Eli Jenkins, Jacksonville St. (OVC)",So.,QB,12,132,698,6
99,"Jasper Sanders, South Dakota (MVFC)",Sr.,RB,10,128,697,5
100,"Jauan Latney, James Madison (CAA)",Sr.,RB,11,122,692,7
101,"Alex Ross, Coastal Carolina (Big South)",Jr.,QB,14,154,691,9
102,"Shaquille Richard, Portland St. (Big Sky)",Sr.,RB,12,122,688,3
103,"William Parker, Howard (MEAC)",Jr.,RB,10,128,673,7
104,"Bryan Bennett, Southeastern La. (Southland)",Sr.,QB,13,137,669,15
104,"Conley Wilkins, Drake (Pioneer)",So.,RB,11,163,669,13
106,"Carl Harris, Lamar University (Southland)",Jr.,RB,12,113,668,6
107,"Tracey Coppedge, Elon (CAA)",Jr.,RB,12,182,663,1
108,"Kyle Snyder, Southeast Mo. St. (OVC)",Sr.,QB,12,180,661,9
109,"Donavan Williams, Sam Houston (Southland)",Fr.,RB,16,123,658,9
110,"Kyle Bramble, Dartmouth (Ivy League)",Jr.,RB,9,126,655,5
111,"Harvey Harris, Alabama A&M (SWAC)",---,,12,156,651,6
111,"Rees Macshara, Morehead St. (Pioneer)",Sr.,RB,10,138,651,2
113,"Carson Wentz, North Dakota St. (MVFC)",Jr.,QB,16,138,642,6
114,"Jimmy Owens, New Hampshire (CAA)",Sr.,RB,12,102,638,8
115,"Jacobi Green, Richmond (CAA)",Jr.,RB,14,123,634,4
116,"Benjamin Anderson, Ark.-Pine Bluff (SWAC)",Sr.,QB,11,187,633,7
116,"RJ Noel, Sacred Heart (NEC)",Jr.,QB,12,150,633,4
118,"Miles Jones, Jacksonville St. (OVC)",Jr.,RB,12,123,630,7
118,"Kody Sutton, Southeastern La. (Southland)",Jr.,RB,13,142,630,6
120,"Jalen Randolph, Delaware (CAA)",So.,RB,11,121,629,9
121,"Pokey Harris, Murray St. (OVC)",Jr.,RB,12,106,627,3
122,"Zach Conque, SFA ()",So.,QB,13,154,626,13
123,"King Frazier, North Dakota St. (MVFC)",So.,RB,16,111,616,4
124,"Kwashaun Quick, N.C. A&T (MEAC)",Jr.,QB,11,121,610,6
125,"Lennies McFerren, Southeast Mo. St. (OVC)",Sr.,RB,11,126,607,3
126,"Robert Holland, Northern Colo. (Big Sky)",Sr.,RB,11,140,606,2
127,"Steven Long, Portland St. (Big Sky)",Fr.,RB,11,88,605,2
128,"Sam Schrader, Butler (Pioneer)",Fr.,RB,10,74,604,9
129,"Ray Smith, Wofford (SoCon)",Jr.,RB,10,67,601,3
130,"Ryan Ross, McNeese (Southland)",---,,9,106,599,7
131,"Jake Stenson, The Citadel (SoCon)",Sr.,RB,9,68,597,4
132,"Otis Gerron, Austin Peay (OVC)",Fr.,RB,11,112,596,2
133,"Kendall Pearcey, Fordham (Patriot)",So.,RB,14,87,592,6
134,"Isiaha Smith, The Citadel (SoCon)",Fr.,RB,11,130,591,5
135,"Mike Holloway, Charleston So. (Big South)",So.,RB,12,77,590,4
136,"Matt DelMauro, Bucknell (Patriot)",Jr.,RB,11,151,588,6
136,"Gabe Guild, Holy Cross (Patriot)",So.,RB,10,131,588,5
138,"Mario Brown, Eastern Wash. (Big Sky)",Sr.,RB,13,114,585,4
139,"Anthony Jordan, Bethune-Cookman (MEAC)",Sr.,RB,11,126,579,12
140,"Phoenix Johnson, Missouri St. (MVFC)",So.,RB,12,143,575,2
141,"Otis Wright, Wagner (NEC)",---,RB,10,158,562,6
142,"Jared McClain, Eastern Ky. (OVC)",Sr.,QB,12,126,561,8
143,"Demarcus Rouse, Presbyterian (Big South)",Sr.,RB,10,117,559,3
144,"Troy Mitchell, Western Caro. (SoCon)",Jr.,QB,12,127,555,6
145,"Nico Steriti, New Hampshire (CAA)",Sr.,RB,12,136,554,14
146,"Sean Bell, Sacred Heart (NEC)",Sr.,RB,12,130,550,3
147,"Dakota Wolf, Campbell (Pioneer)",Sr.,QB,12,122,549,9
148,"Khalid Abdullah, James Madison (CAA)",So.,RB,11,113,547,3
149,"Khalid Thomas, Alabama St. (SWAC)",So.,RB,11,89,545,5
150,"Eric Carter Jr., Hampton (MEAC)",Fr.,RB,12,94,541,3
150,"Taylor Duncan, Eastern Ill. (OVC)",Sr.,RB,12,116,541,5
150,"Hank McCloud, Furman (SoCon)",Sr.,RB,11,123,541,5
153,"Brandon Eldmire, Alabama A&M (SWAC)",Jr.,RB,12,142,530,6
154,"Nick Shafnisky, Lehigh (Patriot)",So.,QB,11,177,526,6
155,"Andrew Coke, Brown (Ivy League)",Jr.,RB,10,119,516,5
156,"Bo Bolen, Weber St. (Big Sky)",Sr.,RB,11,113,515,4
157,"Marcus Coker, Stony Brook (CAA)",Sr.,RB,11,127,514,4
158,"Cam Jackson, The Citadel (SoCon)",Fr.,RB,9,57,505,3
158,"Ben Robinson, Charleston So. (Big South)",So.,RB,12,87,505,4
160,"Candler Rich, Yale (Ivy League)",So.,OL,10,67,502,2
160,"Deon Watts, VMI (SoCon)",Sr.,RB,12,113,502,5
162,"Gerald Hearns, Florida A&M (MEAC)",Fr.,RB,12,131,500,0
163,"Anthony Knight, Montana St. (Big Sky)",Jr.,RB,10,116,496,12
164,"Darian Stone, Tennessee Tech (OVC)",Sr.,QB,12,142,495,1
165,"Ladarius Vanlier, Tennessee Tech (OVC)",Jr.,RB,12,89,494,5
166,"Jamaal Jackson, Delaware St. (MEAC)",Jr.,RB,11,120,493,1
167,"Detrez Newsome, Western Caro. (SoCon)",Fr.,RB,12,96,488,9
168,"Chad Newell, Montana St. (Big Sky)",So.,RB,13,97,487,8
169,"Trent Garland, UT Martin (OVC)",Jr.,RB,12,82,486,3
170,"Justin Roberson, Austin Peay (OVC)",So.,RB,12,144,484,1
170,"Johnathan Williams, Grambling (SWAC)",Jr.,QB,9,118,484,8
172,"Marquice Paige, Northern Ariz. (Big Sky)",Fr.,RB,10,78,482,4
173,"Kierra Harris, Missouri St. (MVFC)",Sr.,QB,12,143,478,7
173,"Travon Van, Montana (Big Sky)",Sr.,RB,14,83,478,7
175,"Connor Frazier, Towson (CAA)",Jr.,QB,12,156,475,2
176,"Nigel Beckford, Maine (CAA)",Fr.,RB,11,118,471,5
177,"Derrick Craine, Chattanooga (SoCon)",Fr.,RB,12,92,466,4
177,"Vinny Miller, The Citadel (SoCon)",Jr.,RB,12,75,466,2
179,"T.J. James, Drake (Pioneer)",Sr.,RB,10,108,464,1
180,"Cameron Molina, Columbia (Ivy League)",Jr.,RB,10,145,460,3
181,"Andrew Casten, Harvard (Ivy League)",Sr.,RB,8,76,457,8
182,"Marcus Holliday, Murray St. (OVC)",Jr.,RB,11,80,450,3
183,"Dalyn Williams, Dartmouth (Ivy League)",Jr.,QB,9,114,444,6
184,"De'Jon Coleman, Sacramento St. (Big Sky)",Jr.,RB,12,94,440,7
185,"Brenden Lytton, Central Conn. St. (NEC)",So.,RB,12,83,438,4
186,"Bryan Brower, Alabama A&M (SWAC)",So.,LB,9,111,437,2
187,"Tyre Bracken, Southern U. (SWAC)",So.,RB,10,70,435,3
188,"Tobias Lofton, Nicholls (Southland)",Jr.,RB,12,80,434,4
189,"De'Mard Llorens, Northwestern St. (Southland)",So.,RB,11,87,429,3
190,"Marcus Bagley, Saint Francis (PA) (NEC)",Fr.,RB,11,76,427,7
191,"Ryan Ho, Duquesne (NEC)",Sr.,RB,12,103,426,5
192,"Gunnar Brekke, Montana St. (Big Sky)",So.,RB,13,75,424,4
192,"Jabari Turner, VMI (SoCon)",Sr.,RB,12,108,424,7
194,"Aquanius Freeman, Howard (MEAC)",Sr.,RB,11,86,421,5
194,"John Wilkins, Colgate (Patriot)",Jr.,RB,12,102,421,9
196,"Harold Cooper, Rhode Island (CAA)",Fr.,RB,10,90,417,0
197,"Malcolm Bell, N.C. Central (MEAC)",So.,QB,11,117,416,5
198,"Lawrence Jones, Morehead St. (Pioneer)",So.,RB,11,84,415,3
199,"Marquell Cartwright, N.C. A&T (MEAC)",Fr.,RB,10,109,414,7
200,"Rasheed Harrell, Southeastern La. (Southland)",Jr.,RB,12,106,413,4
