Rank,Player,Cl,Pos,G,Rush,Rush Yds,Rush TD
1,"Derrick Henry, Alabama (SEC)",Jr.,RB,15,395,"2,219",28
2,"Christian McCaffrey, Stanford (Pac-12)",So.,RB,14,337,"2,019",8
3,"Leonard Fournette, LSU (SEC)",So.,RB,12,300,"1,953",22
4,"Royce Freeman, Oregon (Pac-12)",So.,RB,13,283,"1,836",17
5,"Ezekiel Elliott, Ohio St. (Big Ten)",Jr.,RB,13,289,"1,821",23
6,"Dalvin Cook, Florida St. (ACC)",So.,RB,12,229,"1,691",19
7,"Donnel Pumphrey, San Diego St. (Mountain West)",Jr.,RB,14,309,"1,653",17
8,"Larry Rose III, New Mexico St. (Sun Belt)",So.,RB,12,240,"1,651",14
9,"Brian Hill, Wyoming (Mountain West)",So.,RB,12,281,"1,631",6
10,"Matt Breida, Ga. Southern (Sun Belt)",Jr.,RB,13,203,"1,608",17
11,"Tyler Ervin, San Jose St. (Mountain West)",Sr.,RB,13,294,"1,601",13
12,"Alex Collins, Arkansas (SEC)",Jr.,RB,13,271,"1,577",20
13,"Wayne Gallman, Clemson (ACC)",So.,RB,14,283,"1,527",13
14,"Wendell Smallwood, West Virginia (Big 12)",Jr.,RB,13,238,"1,519",9
15,"Deandre Washington, Texas Tech (Big 12)",Sr.,RB,13,233,"1,492",14
16,"Elijah Hood, North Carolina (ACC)",So.,RB,14,219,"1,463",17
17,"Marcus Cox, App State (Sun Belt)",Jr.,RB,12,243,"1,423",9
18,"Justin Jackson, Northwestern (Big Ten)",So.,RB,13,312,"1,418",5
19,"Marlon Mack, South Fla. (AAC)",So.,RB,12,210,"1,381",8
20,"Keenan Reynolds, Navy (AAC)",Sr.,QB,13,265,"1,373",24
21,"Samaje Perine, Oklahoma (Big 12)",So.,RB,13,226,"1,349",16
22,"Paul Perkins, UCLA (Pac-12)",Sr.,RB,13,237,"1,343",14
23,"James Butler, Nevada (Mountain West)",So.,RB,13,207,"1,342",10
24,"Mike Warren, Iowa St. (Big 12)",Fr.,RB,12,227,"1,339",5
25,"Jeremy McNichols, Boise St. (Mountain West)",So.,RB,12,240,"1,337",20
26,"Shock Linwood, Baylor (Big 12)",Jr.,RB,12,196,"1,329",10
27,"Myles Gaskin, Washington (Pac-12)",Fr.,RB,13,227,"1,302",14
28,"Travis Greene, Bowling Green (MAC)",Sr.,RB,14,223,"1,299",15
29,"Jalen Hurd, Tennessee (SEC)",So.,RB,13,277,"1,288",12
30,"Joel Bouagnon, NIU (MAC)",Jr.,RB,14,283,"1,285",18
31,"Aaron Green, TCU (Big 12)",Sr.,RB,13,244,"1,272",11
32,"Jahad Thomas, Temple (AAC)",Jr.,RB,14,276,"1,262",17
33,"Devontae Booker, Utah (Pac-12)",Sr.,RB,10,268,"1,261",11
34,"Jordan Howard, Indiana (Big Ten)",Jr.,RB,9,196,"1,213",9
35,"Tra Carson, Texas A&M (SEC)",Sr.,RB,13,242,"1,165",7
36,"Elijhaa Penny, Idaho (Sun Belt)",Sr.,RB,12,247,"1,163",10
37,"Sony Michel, Georgia (SEC)",So.,RB,13,219,"1,161",8
38,"Ralph Webb, Vanderbilt (SEC)",So.,RB,12,277,"1,152",5
39,"Ray Lawry, Old Dominion (C-USA)",So.,RB,11,194,"1,136",11
40,"Paul Harris, Hawaii (Mountain West)",Jr.,RB,12,197,"1,132",6
41,"Ito Smith, Southern Miss. (C-USA)",So.,RB,14,171,"1,128",10
42,"Qadree Ollison, Pittsburgh (ACC)",Fr.,RB,13,212,"1,121",11
43,"Greg Ward, Jr., Houston (AAC)",Jr.,QB,14,198,"1,108",21
44,"Deshaun Watson, Clemson (ACC)",So.,QB,15,207,"1,105",12
45,"Demario Richard, Arizona St. (Pac-12)",So.,RB,12,209,"1,098",7
45,"Jalen Richard, Southern Miss. (C-USA)",Sr.,RB,13,185,"1,098",14
47,"Jocobi Owens, Air Force (Mountain West)",Jr.,RB,14,205,"1,092",7
48,"Anthony Wales, Western Ky. (C-USA)",Jr.,RB,11,155,"1,091",9
49,"Don Jackson, Nevada (Mountain West)",Sr.,RB,13,230,"1,081",8
50,"Darius Jackson, Eastern Mich. (MAC)",Sr.,RB,12,208,"1,078",14
51,"Saquon Barkley, Penn St. (Big Ten)",Fr.,RB,11,182,"1,076",7
52,"Kenneth Dixon, Louisiana Tech (C-USA)",Sr.,RB,11,197,"1,070",19
53,"Elijah McGuire, Louisiana (Sun Belt)",Jr.,RB,12,210,"1,058",13
54,"Michael Gordon, Arkansas St. (Sun Belt)",Sr.,RB,13,165,"1,057",9
55,"Jamauri Bogan, Western Mich. (MAC)",So.,RB,13,162,"1,051",16
56,"Travon McMillian, Virginia Tech (ACC)",Fr.,RB,13,200,"1,042",7
56,"Jarveon Williams, UTSA (C-USA)",Jr.,RB,11,173,"1,042",8
58,"Kelvin Taylor, Florida (SEC)",Jr.,RB,14,259,"1,035",13
59,"C.J. Prosise, Notre Dame (FBS Independent)",Sr.,WR,11,156,"1,032",11
60,"Chris Swain, Navy (AAC)",Sr.,RB,13,211,"1,023",10
61,"Peyton Barber, Auburn (SEC)",So.,RB,13,238,"1,017",13
62,"Devine Redding, Indiana (Big Ten)",So.,RB,13,226,"1,012",9
63,"Chase Price, San Diego St. (Mountain West)",Sr.,RB,14,190,"1,008",6
64,"Brandon Burks, Troy (Sun Belt)",Sr.,RB,12,201,"1,005",7
65,"Joe Yearby, Miami (FL) (ACC)",So.,RB,13,205,"1,002",6
66,"Johnny Jefferson, Baylor (Big 12)",So.,RB,11,136,"1,000",8
67,"Quinton Flowers, South Fla. (AAC)",So.,QB,13,191,991,12
68,"Ronald Jones II, Southern California (Pac-12)",Fr.,RB,14,153,987,8
69,"Jordan Canzeri, Iowa (Big Ten)",Sr.,RB,12,183,984,12
70,"Kareem Hunt, Toledo (MAC)",Jr.,RB,9,178,973,12
71,"Devante Mays, Utah St. (Mountain West)",Jr.,RB,13,165,966,9
72,"Lamar Jackson, Louisville (ACC)",Fr.,QB,12,163,960,11
72,"Marquis Young, Massachusetts (MAC)",Fr.,RB,12,152,960,7
74,"Kenneth Farrow, Houston (AAC)",Sr.,RB,12,185,958,12
74,"Brandon Ross, Maryland (Big Ten)",Sr.,RB,12,150,958,10
76,"Xavier Johnson, South Alabama (Sun Belt)",So.,RB,12,145,956,7
77,"Marquise Williams, North Carolina (ACC)",Sr.,QB,14,158,948,13
78,"Terry Swanson, Toledo (MAC)",So.,RB,11,143,923,7
79,"Marteze Waller, Fresno St. (Mountain West)",Sr.,RB,12,228,920,5
80,"Robert Lowe, Texas St. (Sun Belt)",Sr.,RB,11,175,915,7
81,"Conor Hundley, Akron ()",Sr.,RB,13,202,911,10
82,"Jhurell Pressley, New Mexico (Mountain West)",Sr.,RB,13,147,907,11
83,"Justin Davis, Southern California (Pac-12)",Jr.,RB,13,169,902,7
84,"Markell Jones, Purdue (Big Ten)",Fr.,RB,12,168,875,10
85,"Dalyn Dawkins, Colorado St. (Mountain West)",So.,RB,12,170,867,2
86,"Matt Dayes, NC State (ACC)",Jr.,RB,8,134,865,12
87,"Stanley Williams, Kentucky (SEC)",So.,RB,10,121,855,6
88,"Teriyon Gipson, New Mexico (Mountain West)",Jr.,RB,12,147,850,6
89,"D'Angelo Brewer, Tulsa (AAC)",So.,RB,11,162,837,6
90,"Josh Adams, Notre Dame (FBS Independent)",Fr.,RB,13,117,835,6
91,"Jeffrey Wilson, North Texas (C-USA)",So.,RB,10,155,830,1
92,"Anthone Taylor, Buffalo (MAC)",Sr.,RB,11,186,829,3
93,"Fred Coppet, Bowling Green (MAC)",Jr.,RB,14,145,825,5
94,"Dare Ogunbowale, Wisconsin (Big Ten)",Jr.,RB,13,194,819,7
95,"L.A. Ramsby, Ga. Southern (Sun Belt)",So.,RB,13,165,816,13
96,"Jordan Johnson, Buffalo (MAC)",Sr.,RB,12,172,811,12
97,"Lamar Jordan, New Mexico (Mountain West)",So.,QB,12,147,807,9
98,"Thomas Sirk, Duke (ACC)",Jr.,QB,12,163,803,8
99,"Jared Baker, Arizona (Pac-12)",Sr.,RB,12,131,798,9
100,"Arkeel Newsome, UConn (AAC)",So.,RB,13,183,792,6
101,"Zack Langer, Tulsa (AAC)",Sr.,RB,11,201,777,18
101,"Hosey Williams, Cincinnati (AAC)",Sr.,RB,13,138,777,4
103,"Terrell Newby, Nebraska (Big Ten)",Jr.,RB,13,147,765,6
104,"Robert Martin, Rutgers (Big Ten)",So.,RB,12,141,763,6
105,"Matt Davis, SMU (AAC)",Jr.,QB,12,187,761,10
106,"Alex Gardner, FIU (C-USA)",So.,RB,12,186,760,9
107,"Chris Hairston, East Carolina (AAC)",Sr.,RB,12,165,754,8
108,"Joe Mixon, Oklahoma (Big 12)",Fr.,RB,13,113,753,7
108,"De'Veon Smith, Michigan (Big Ten)",Jr.,RB,12,180,753,6
110,"Mike Boone, Cincinnati (AAC)",So.,RB,11,104,749,9
111,"Nick Chubb, Georgia (SEC)",So.,RB,6,92,747,7
112,"Jasen Oden Jr., Colorado St. (Mountain West)",Sr.,RB,12,154,746,6
113,"Karson Roberts, Air Force (Mountain West)",Sr.,QB,14,168,743,10
114,"Jarvion Franklin, Western Mich. (MAC)",So.,RB,13,153,735,5
115,"Jalin Moore, App State (Sun Belt)",Fr.,RB,12,99,731,5
116,"Darian Green, Ball St. (MAC)",So.,RB,12,145,730,5
116,"Jaylen Walton, Ole Miss (SEC)",Sr.,RB,12,142,730,5
118,"Tion Green, Cincinnati (AAC)",Sr.,RB,13,151,729,8
118,"Nick Wilson, Arizona (Pac-12)",So.,RB,9,134,729,8
120,"Ke'Shawn Vaughn, Illinois (Big Ten)",Fr.,RB,11,157,723,6
121,"Kevin Ellison, Ga. Southern (Sun Belt)",Sr.,QB,11,114,712,8
122,"Keith Whitely, UNLV (Mountain West)",Jr.,RB,12,152,711,3
123,"Shannon Brooks, Minnesota (Big Ten)",Fr.,RB,12,119,709,7
123,"Algernon Brown, BYU (FBS Independent)",Jr.,RB,11,127,709,11
123,"Warren Wand, Arkansas St. (Sun Belt)",Fr.,RB,13,118,709,5
126,"Josh Ferguson, Illinois (Big Ten)",Sr.,RB,9,129,708,3
126,"Rushel Shell, West Virginia (Big 12)",Jr.,RB,13,161,708,8
128,"Jerrard Randall, Arizona (Pac-12)",Sr.,QB,11,78,702,5
129,"LJ Scott, Michigan St. (Big Ten)",Fr.,RB,14,146,699,11
130,"Darik Dillard, Rice (C-USA)",Jr.,RB,12,135,698,5
130,"Alvin Kamara, Tennessee (SEC)",So.,RB,13,107,698,7
132,"Charles Jones, Kansas St. (Big 12)",Jr.,RB,13,142,696,5
133,"A.J. Ouellette, Ohio (MAC)",So.,RB,13,151,687,6
134,"J.T. Barrett, Ohio St. (Big Ten)",So.,QB,11,115,682,11
134,"Wesley Fields, Ga. Southern (Sun Belt)",Fr.,RB,13,101,682,7
136,"D'Onta Foreman, Texas (Big 12)",So.,RB,10,95,681,5
137,"Josh Hicks, Rutgers (Big Ten)",So.,RB,12,130,674,4
138,"Joshua Dobbs, Tennessee (SEC)",Jr.,QB,13,146,671,11
138,"Taquan Mizzell, Virginia (ACC)",Jr.,RB,12,163,671,4
140,"Rodney Smith, Minnesota (Big Ten)",Fr.,RB,12,157,670,2
141,"Doroland Dorceus, Memphis (AAC)",So.,RB,13,155,661,8
142,"Marcus Marshall, Georgia Tech (ACC)",Fr.,RB,11,86,654,4
143,"Kalen Ballage, Arizona St. (Pac-12)",So.,RB,10,125,653,4
143,"Jordan Huff, NIU (MAC)",So.,RB,14,86,653,8
143,"Phillip Lindsay, Colorado (Pac-12)",So.,RB,13,140,653,6
146,"D'Andre Ferby, Western Ky. (C-USA)",Fr.,RB,13,164,650,11
147,"Leshun, Jr. Daniels, Iowa (Big Ten)",Jr.,RB,12,145,646,8
147,"Dontrell Hilliard, Tulane (AAC)",So.,RB,12,115,646,6
149,"Jovon Robinson, Auburn (SEC)",Jr.,RB,8,117,639,3
150,"Xavier Jones, SMU (AAC)",Fr.,RB,12,152,634,10
150,"Brandon Radcliff, Louisville (ACC)",Sr.,RB,12,139,634,7
152,"Johnston White, Arkansas St. (Sun Belt)",So.,RB,13,99,614,14
153,"Joe Hubener, Kansas St. (Big 12)",Jr.,QB,13,180,613,13
154,"Trevone Boykin, TCU (Big 12)",Sr.,QB,11,123,612,9
155,"Gerard Wicks, Washington St. (Pac-12)",So.,RB,13,107,610,3
156,"James Gilbert, Ball St. (MAC)",Fr.,RB,12,152,608,8
157,"Jordan Fredericks, Syracuse (ACC)",Fr.,RB,12,107,607,4
158,"Greg Howell, Fla. Atlantic (C-USA)",So.,RB,12,133,598,3
159,"Devon Johnson, Marshall (C-USA)",Sr.,RB,8,94,593,5
160,"Thomas Woodson, Akron ()",So.,QB,13,135,591,3
161,"Izzy Matthews, Colorado St. (Mountain West)",Fr.,RB,11,97,590,5
162,"Dak Prescott, Mississippi St. (SEC)",Sr.,QB,13,160,588,10
163,"Khalfani Muhammad, California (Pac-12)",Jr.,RB,12,87,586,1
163,"Shaq Vann, Eastern Mich. (MAC)",Fr.,RB,12,100,586,5
165,"Tyler Jones, Texas St. (Sun Belt)",Jr.,QB,12,139,583,10
165,"Favian Upshaw, Ga. Southern (Sun Belt)",Jr.,QB,13,80,583,6
167,"Devin Chafin, Baylor (Big 12)",Jr.,RB,10,121,578,9
168,"Seth Collins, Oregon St. (Pac-12)",Fr.,QB,8,108,575,8
169,"Taj Griffin, Oregon (Pac-12)",Fr.,RB,12,77,570,3
170,"Brandon Wilds, South Carolina (SEC)",Sr.,RB,9,123,567,3
171,"Ke'Aun Kinner, Kansas (Big 12)",Jr.,RB,12,134,566,5
172,"Jerrod Heard, Texas (Big 12)",Fr.,QB,12,139,556,3
172,"Terence Williams, Baylor (Big 12)",So.,RB,9,88,556,3
174,"Jojo Kemp, Kentucky (SEC)",Jr.,RB,12,98,555,6
175,"Tyreis Thomas, South Alabama (Sun Belt)",Jr.,RB,11,113,552,2
176,"Paul James, Rutgers (Big Ten)",Sr.,RB,11,99,544,5
176,"Aaron Kemper, Army West Point (FBS Independent)",Jr.,RB,11,101,544,3
178,"Shaquille Powell, Duke (ACC)",Sr.,RB,13,125,542,3
179,"Gerald Holmes, Michigan St. (Big Ten)",So.,RB,13,110,540,8
180,"Perry Hills, Maryland (Big Ten)",Jr.,QB,9,109,535,3
181,"Deshone Kizer, Notre Dame (FBS Independent)",So.,QB,13,134,520,10
182,"Ish Witter, Missouri (SEC)",So.,RB,12,126,518,1
183,"Chris Carson, Oklahoma St. (Big 12)",Jr.,RB,12,131,517,4
184,"Kelsey Young, Boise St. (Mountain West)",Sr.,RB,13,101,511,8
185,"L Bellamy, Western Mich. (MAC)",---,,13,76,509,2
185,"Ben Luckett, ULM (Sun Belt)",Fr.,RB,13,94,509,2
187,"Lexington Thomas, UNLV (Mountain West)",Fr.,RB,12,81,506,3
188,"Vic Enwere, California (Pac-12)",So.,RB,13,106,505,8
189,"Tre Watson, California (Pac-12)",So.,RB,11,89,504,3
190,"Taiwan Deal, Wisconsin (Big Ten)",So.,RB,10,117,503,6
190,"Bryant Shierreffs, UConn (AAC)",So.,QB,12,154,503,3
192,"Skyler Howard, West Virginia (Big 12)",Jr.,QB,13,157,502,6
193,"Chad Kelly, Ole Miss (SEC)",Jr.,QB,13,107,500,10
193,"Madre London, Michigan St. (Big Ten)",Fr.,RB,11,119,500,3
195,"Donnell Alexander, Akron ()",Sr.,RB,11,107,499,3
196,"Alonzo Smith, Miami (OH) (MAC)",Fr.,RB,12,124,498,5
197,"Daz'Mond Patterson, Ohio (MAC)",Sr.,RB,12,106,497,9
198,"Akrum Wadley, Iowa (Big Ten)",So.,RB,9,83,496,7
199,"Storm Woods, Oregon St. (Pac-12)",Sr.,RB,11,99,491,1
200,"Travis Wilson, Utah (Pac-12)",Sr.,QB,12,140,490,7
