Rank,Player,Cl,Pos,G,Rush,Rush TD,Rush Yds
1,"Brad Roberts, Air Force (Mountain West)",Sr.,RB,13,345,17,"1,728"
2,"DeWayne McBride, UAB (C-USA)",Jr.,RB,11,233,19,"1,713"
3,"Mohamed Ibrahim, Minnesota (Big Ten)",Sr.,RB,12,320,20,"1,665"
4,"Chase Brown, Illinois (Big Ten)",Jr.,RB,12,328,10,"1,643"
5,"Tyjae Spears, Tulane (AAC)",Jr.,RB,14,229,19,"1,581"
6,"Bijan Robinson, Texas (Big 12)",Jr.,RB,12,258,18,"1,580"
7,"Quinshon Judkins, Ole Miss (SEC)",Fr.,RB,13,274,16,"1,567"
8,"Deuce Vaughn, Kansas St. (Big 12)",Jr.,RB,14,293,9,"1,558"
9,"Carson Steele, Ball St. (MAC)",So.,RB,12,289,14,"1,556"
10,"Khalan Laborn, Marshall (Sun Belt)",Sr.,RB,13,302,16,"1,513"
11,"Blake Corum, Michigan (Big Ten)",Jr.,RB,12,247,18,"1,463"
12,"Keaton Mitchell, East Carolina (AAC)",So.,RB,12,201,14,"1,452"
13,"Raheim Sanders, Arkansas (SEC)",So.,RB,13,222,10,"1,443"
14,"Israel Abanikanda, Pittsburgh (ACC)",Jr.,RB,11,239,20,"1,431"
15,"Kendre Miller, TCU (Big 12)",Jr.,RB,14,224,17,"1,399"
16,"Frank Gore, Southern Miss. (Sun Belt)",So.,RB,13,228,9,"1,382"
17,"Jordan Mims, Fresno St. (Mountain West)",Sr.,RB,14,261,18,"1,372"
18,"Eric Gray, Oklahoma (Big 12)",Sr.,RB,12,213,11,"1,366"
19,"Zach Charbonnet, UCLA (Pac-12)",Sr.,RB,10,195,14,"1,359"
20,"Marquez Cooper, Kent St. (MAC)",Jr.,RB,12,285,13,"1,326"
21,"Braelon Allen, Wisconsin (Big Ten)",So.,RB,12,230,11,"1,242"
22,"Xazavian Valladay, Arizona St. (Pac-12)",Sr.,RB,12,215,16,"1,192"
23,"Brian Battie, South Fla. (AAC)",So.,RB,12,176,8,"1,186"
24,"Will Shipley, Clemson (ACC)",So.,RB,14,210,15,"1,182"
25,"Samson Evans, Eastern Mich. (MAC)",Sr.,RB,12,249,15,"1,166"
26,"George Holani, Boise St. (Mountain West)",Jr.,RB,13,221,10,"1,157"
27,"Kimani Vidal, Troy (Sun Belt)",So.,RB,14,231,10,"1,132"
28,"Calvin Tyler Jr., Utah St. (Mountain West)",Sr.,RB,13,253,7,"1,122"
29,"Devon Achane, Texas A&M (SEC)",Jr.,RB,10,196,8,"1,102"
30,"Devin Neal, Kansas (Big 12)",So.,RB,13,180,9,"1,090"
31,"Sieh Bangura, Ohio (MAC)",Fr.,RB,12,222,13,"1,078"
32,"La'Damian Webb, South Alabama (Sun Belt)",So.,RB,12,210,13,"1,067"
33,"Nicholas Singleton, Penn St. (Big Ten)",Fr.,RB,13,156,12,"1,061"
34,"Sean Tucker, Syracuse (ACC)",So.,RB,12,206,11,"1,060"
35,"Bucky Irving, Oregon (Pac-12)",So.,RB,13,156,5,"1,058"
36,"Ray Davis, Vanderbilt (SEC)",Sr.,RB,12,232,5,"1,042"
37,"Titus Swen, Wyoming (Mountain West)",Jr.,RB,12,207,8,"1,039"
38,"Sean Tyler, Western Mich. (MAC)",Jr.,RB,12,209,7,"1,027"
39,"Aidan Robbins, UNLV (Mountain West)",Jr.,RB,11,209,9,"1,009"
40,"Larry McCammon, Fla. Atlantic (C-USA)",Jr.,RB,12,193,7,"1,001"
41,"Donovan Edwards, Michigan (Big Ten)",So.,RB,11,140,7,991
42,"Trey Benson, Florida St. (ACC)",So.,RB,13,154,9,990
43,"Roman Hemby, Maryland (Big Ten)",So.,RB,13,188,10,989
44,"Damien Martinez, Oregon St. (Pac-12)",Fr.,RB,13,161,7,982
45,"Richard Reese, Baylor (Big 12)",Fr.,RB,13,198,14,972
46,"Tank Bigsby, Auburn (SEC)",Jr.,RB,12,179,10,970
47,"Devin Mockobee, Purdue (Big Ten)",Fr.,RB,13,195,9,968
48,"Jermaine Brown Jr., UAB (C-USA)",Jr.,RB,13,166,8,948
49,"Zach Evans, Ole Miss (SEC)",Jr.,RB,12,144,9,936
50,"Jahmyr Gibbs, Alabama (SEC)",Jr.,RB,12,151,7,926
51,"Audric Estime, Notre Dame (FBS Independent)",So.,RB,13,156,11,920
52,"Marquis Crosby, Louisiana Tech (C-USA)",Fr.,RB,12,183,9,918
52,"Blake Watson, Old Dominion (Sun Belt)",Jr.,RB,11,158,5,918
54,"Anthony Grant, Nebraska (Big Ten)",Jr.,RB,12,218,6,915
55,"Jalen White, Ga. Southern (Sun Belt)",Jr.,RB,11,162,10,914
56,"Evan Hull, Northwestern (Big Ten)",Jr.,RB,12,221,5,913
57,"Toa Taua, Nevada (Mountain West)",Sr.,RB,12,217,11,911
58,"Christopher Rodriguez Jr., Kentucky (SEC)",Sr.,RB,8,175,6,904
59,"Harrison Waylee, NIU (MAC)",So.,RB,11,165,5,899
60,"Jaydn Ott, California (Pac-12)",Fr.,RB,12,170,8,897
61,"Wayne Taulapapa, Washington (Pac-12)",Sr.,RB,13,140,11,887
62,"Jayden Daniels, LSU (SEC)",Sr.,QB,14,186,11,885
63,"Travis Dye, Southern California (Pac-12)",Sr.,RB,10,145,9,884
64,"Jaylen Wright, Tennessee (SEC)",So.,RB,13,146,10,875
65,"Kaytron Allen, Penn St. (Big Ten)",Fr.,RB,13,167,10,867
66,"John Rhys Plumlee, UCF (AAC)",Sr.,QB,13,159,11,862
67,"Dae Dae Hunter, Liberty (FBS Independent)",Jr.,RB,9,130,8,854
68,"Charles McClelland, Cincinnati (AAC)",Sr.,RB,13,146,7,849
69,"Kevorian Barnes, UTSA (C-USA)",Fr.,RB,13,135,6,845
70,"Montrell Johnson Jr., Florida (SEC)",So.,RB,13,155,10,841
71,"Avery Morrow, Colorado St. (Mountain West)",Jr.,RB,12,173,4,834
72,"Dedrick Parson, Hawaii (Mountain West)",Sr.,RB,13,187,11,830
73,"Kenny McIntosh, Georgia (SEC)",Sr.,RB,15,150,10,829
74,"Miyan Williams, Ohio St. (Big Ten)",Jr.,RB,11,128,14,825
75,"Logan Diggs, Notre Dame (FBS Independent)",So.,RB,12,165,4,822
76,"Ashton Jeanty, Boise St. (Mountain West)",Fr.,RB,14,156,7,821
77,"Christopher Brooks, BYU (FBS Independent)",Sr.,RB,11,130,6,817
78,"Jawhar Jordan, Louisville (ACC)",Jr.,RB,13,142,4,815
79,"Ayo Adeyi, North Texas (C-USA)",So.,RB,12,112,4,807
80,"Isaiah Bowser, UCF (AAC)",Sr.,RB,14,205,16,799
81,"RJ Harvey, UCF (AAC)",Jr.,RB,13,118,5,796
82,"Kaleb Johnson, Iowa (Big Ten)",Fr.,RB,13,151,6,779
82,"Noah Whittington, Oregon (Pac-12)",So.,RB,13,139,5,779
84,"Frank Peasant, Middle Tenn. (C-USA)",So.,RB,13,182,9,777
85,"Lincoln Pare, Texas St. (Sun Belt)",So.,RB,12,172,5,772
86,"Michael Wiley, Arizona (Pac-12)",Jr.,RB,11,113,8,771
87,"Jacquez Stuart, Toledo (MAC)",So.,RB,14,134,4,770
88,"Daijun Edwards, Georgia (SEC)",Jr.,RB,15,140,7,769
88,"Daba Fofana, Navy (AAC)",So.,FB,12,186,6,769
88,"Nakia Watson, Washington St. (Pac-12)",Jr.,RB,11,144,9,769
91,"John Lee Eldridge III, Air Force (Mountain West)",Jr.,RB,13,99,4,766
92,"Ikaika Ragsdale, North Texas (C-USA)",So.,RB,13,142,7,755
93,"Kairee Robinson, San Jose St. (Mountain West)",Sr.,RB,12,157,10,752
94,"Cody  Schrader, Missouri (SEC)",Sr.,RB,13,170,9,746
95,"Ronald Awatt, UTEP (C-USA)",Sr.,RB,12,163,2,734
95,"Darren Grainger, Georgia St. (Sun Belt)",Sr.,QB,12,164,6,734
95,"Jabari Small, Tennessee (SEC)",Jr.,RB,13,157,13,734
98,"Deneric Prince, Tulsa (AAC)",Sr.,RB,8,126,5,729
99,"CJ Beasley, Coastal Carolina (Sun Belt)",So.,RB,13,140,5,719
99,"Trevor Etienne, Florida (SEC)",Fr.,RB,13,118,6,719
101,"Robby Ashford, Auburn (SEC)",So.,QB,12,153,7,710
102,"Tucker Gregg, Georgia St. (Sun Belt)",Sr.,RB,12,172,12,705
102,"Austin Jones, Southern California (Pac-12)",Sr.,RB,14,135,5,705
104,"Deion Hankins, UTEP (C-USA)",So.,RB,12,140,3,701
105,"Brenden Brady, UTSA (C-USA)",Sr.,RB,12,156,9,699
105,"Justice Ellison, Wake Forest (ACC)",So.,RB,13,170,6,699
105,"Riley Leonard, Duke (ACC)",So.,QB,13,124,13,699
108,"Drake Maye, North Carolina (ACC)",Fr.,QB,14,184,7,698
109,"Haaziq Daniels, Air Force (Mountain West)",Sr.,QB,13,138,8,695
110,"Tahj Brooks, Texas Tech (Big 12)",Jr.,RB,13,147,7,691
111,"Antario Brown, NIU (MAC)",So.,RB,10,110,7,689
112,"Tavion Thomas, Utah (Pac-12)",Jr.,RB,10,142,7,687
113,"SaRodorick Thompson, Texas Tech (Big 12)",Sr.,RB,13,139,7,684
114,"Jalen Berger, Michigan St. (Big Ten)",So.,RB,12,148,6,683
115,"Emari Demercado, TCU (Big 12)",Sr.,RB,15,121,6,681
116,"DK Billingsley, Troy (Sun Belt)",Sr.,RB,14,142,8,670
117,"Jarquez Hunter, Auburn (SEC)",So.,RB,12,104,7,668
118,"Tyhier Tyler, Army West Point (FBS Independent)",Sr.,QB,11,143,12,663
119,"Jase McClellan, Alabama (SEC)",Jr.,RB,13,112,7,655
120,"Anthony Richardson, Florida (SEC)",So.,QB,12,103,9,654
121,"Dorian Thompson-Robinson, UCLA (Pac-12)",Sr.,QB,13,118,12,645
122,"Tyler Lavine, SMU (AAC)",Sr.,RB,13,142,10,642
123,"KJ Jefferson, Arkansas (SEC)",Jr.,QB,11,158,9,640
124,"Edward Saydee, Temple (AAC)",So.,RB,12,149,6,639
125,"Victor Rosa, UConn (FBS Independent)",Fr.,RB,12,140,11,636
126,"Tylan Hines, Hawaii (Mountain West)",Fr.,RB,13,83,2,634
127,"Dequan Finn, Toledo (MAC)",So.,QB,12,130,9,632
128,"Treshaun Ward, Florida St. (ACC)",So.,RB,10,95,7,628
129,"Adrian Martinez, Kansas St. (Big 12)",Sr.,QB,10,111,10,627
130,"Mike Washington, Buffalo (MAC)",So.,RB,13,150,7,625
131,"Chris Smith, Louisiana (Sun Belt)",Jr.,RB,11,126,3,624
132,"Marcus Carroll, Georgia St. (Sun Belt)",Jr.,RB,12,127,6,622
133,"Shadrick Byrd, Charlotte (C-USA)",So.,RB,12,149,4,620
134,"Henry Parrish Jr., Miami (FL) (ACC)",Jr.,RB,10,130,4,616
135,"Jaxson Dart, Ole Miss (SEC)",So.,QB,13,128,1,614
136,"Nate Noel, App State (Sun Belt)",So.,RB,9,87,6,604
137,"Frank Harris, UTSA (C-USA)",Sr.,QB,14,129,9,602
138,"Lew Nichols, Central Mich. (MAC)",So.,RB,9,177,6,601
139,"Ron Cook, Buffalo (MAC)",Sr.,RB,10,139,4,600
140,"Camerun Peoples, App State (Sun Belt)",Jr.,RB,9,101,5,593
141,"Kendall Milton, Georgia (SEC)",Jr.,RB,13,85,8,592
141,"Shaun Shivers, Indiana (Big Ten)",Sr.,RB,12,143,6,592
143,"Taylen Green, Boise St. (Mountain West)",Fr.,QB,13,81,10,586
144,"Brady Cook, Missouri (SEC)",Jr.,QB,13,139,6,585
145,"Oscar Adaway III, North Texas (C-USA)",So.,RB,9,118,5,583
145,"Jaison Patterson, Bowling Green (MAC)",So.,RB,13,135,1,583
147,"Jo'quavious Marks, Mississippi St. (SEC)",Jr.,RB,12,113,9,582
148,"Devontae Houston, UConn (FBS Independent)",So.,RB,10,84,3,578
149,"Ellis Merriweather, Massachusetts (FBS Independent)",Sr.,RB,10,150,3,575
150,"MarShawn Lloyd, South Carolina (SEC)",So.,RB,9,111,9,573
151,"TreVeyon Henderson, Ohio St. (Big Ten)",So.,RB,8,107,6,571
152,"Jordan Waters, Duke (ACC)",Jr.,RB,13,123,8,566
153,"Tony Mathis, West Virginia (Big 12)",So.,RB,10,135,5,562
154,"Cameron Montgomery, Rice (C-USA)",Sr.,RB,13,93,0,561
155,"Malik Cunningham, Louisville (ACC)",Sr.,QB,10,113,12,560
156,"Elijah Green, North Carolina (ACC)",So.,RB,14,131,8,558
157,"Craig Williams, Baylor (Big 12)",Jr.,RB,11,101,4,557
158,"Roschon Johnson, Texas (Big 12)",Sr.,RB,12,93,5,554
159,"Deshaun Fenwick, Oregon St. (Pac-12)",Jr.,RB,10,114,7,553
159,"Dallan Hayden, Ohio St. (Big Ten)",Fr.,RB,10,111,5,553
159,"Aveon Smith, Miami (OH) (MAC)",Jr.,QB,10,123,6,553
162,"DJ Uiagalelei, Clemson (ACC)",Jr.,QB,13,142,7,545
163,"Jevyon Ducker, Memphis (AAC)",So.,RB,13,110,7,544
163,"Jordan Houston, NC State (ACC)",Jr.,RB,12,136,0,544
163,"Nate Jones, New Mexico (Mountain West)",So.,RB,11,118,2,544
163,"Clayton Tune, Houston (AAC)",Sr.,QB,13,128,5,544
163,"Reese White, Coastal Carolina (Sun Belt)",Sr.,RB,10,99,5,544
168,"Dominic Richardson, Oklahoma St. (Big 12)",Jr.,RB,9,149,8,543
169,"Lexington Joseph, FIU (C-USA)",Jr.,RB,12,108,5,536
170,"Zuberi Mobley, Fla. Atlantic (C-USA)",So.,RB,12,101,3,534
171,"Micah Bernard, Utah (Pac-12)",So.,RB,14,106,4,533
172,"Josh Williams, LSU (SEC)",Jr.,RB,11,97,6,532
173,"Ja'Quinden Jackson, Utah (Pac-12)",Fr.,RB,12,78,9,531
174,"Shedro Louis, Liberty (FBS Independent)",Jr.,RB,12,122,8,529
175,"CJ Donaldson, West Virginia (Big 12)",Fr.,TE,7,87,8,526
176,"Davion Ervin-Poindexter, Western Ky. (C-USA)",Jr.,RB,14,116,3,525
176,"Tiyon Evans, Louisville (ACC)",Jr.,RB,8,83,6,525
178,"Cameron Davis, Washington (Pac-12)",So.,RB,11,107,13,522
179,"Hassan Hall, Georgia Tech (ACC)",Jr.,RB,12,116,1,521
180,"Jovantae Barnes, Oklahoma (Big 12)",Fr.,RB,11,116,5,519
181,"DJ Giddens, Kansas St. (Big 12)",Fr.,RB,14,89,6,518
181,"Star Thomas, New Mexico St. (FBS Independent)",So.,RB,13,107,5,518
183,"Mike Wright, Vanderbilt (SEC)",Jr.,QB,10,71,5,517
184,"Christian Turner, Wake Forest (ACC)",Jr.,RB,12,128,7,516
185,"Phil Mafah, Clemson (ACC)",So.,RB,14,98,4,515
186,"Bo Nix, Oregon (Pac-12)",Sr.,QB,13,89,14,510
187,"Jaquez Moore, Duke (ACC)",So.,RB,11,79,5,508
187,"Diego Pavia, New Mexico St. (FBS Independent)",Jr.,QB,12,93,6,508
189,"Malik Jackson, ULM (Sun Belt)",Jr.,WR,12,141,6,507
190,"Stacy Sneed, Houston (AAC)",Fr.,RB,12,76,5,501
191,"Bert Emanuel Jr., Central Mich. (MAC)",Fr.,QB,4,67,7,496
191,"Kye Robichaux, Western Ky. (C-USA)",So.,RB,8,73,3,496
193,"Collin Schlee, Kent St. (MAC)",Jr.,QB,11,98,4,489
194,"Jam Griffin, Oregon St. (Pac-12)",So.,RB,12,86,4,488
194,"Dillon Johnson, Mississippi St. (SEC)",Jr.,RB,11,89,3,488
196,"Cam Wiley, Akron (MAC)",So.,RB,10,106,5,486
197,"Gerald Green, Ga. Southern (Sun Belt)",Jr.,RB,11,89,6,483
198,"Jaylen Coleman, Duke (ACC)",Jr.,RB,9,102,4,480
199,"Casey Filkins, Stanford (Pac-12)",Jr.,RB,7,122,4,478
199,"Michael Pratt, Tulane (AAC)",Jr.,QB,13,129,10,478
