Rank,Player,Cl,Pos,G,Rush,Rush Yds,Rush TD
1,"Donnel Pumphrey, San Diego St. (Mountain West)",Sr.,RB,14,349,"2,133",17
2,"D'Onta Foreman, Texas (Big 12)",Jr.,RB,11,323,"2,028",15
3,"Brian Hill, Wyoming (Mountain West)",Jr.,RB,14,349,"1,860",22
4,"Aaron Jones, UTEP (C-USA)",Jr.,RB,12,229,"1,773",17
5,"Dalvin Cook, Florida St. (ACC)",Jr.,RB,13,288,"1,765",19
6,"Jeremy McNichols, Boise St. (Mountain West)",Jr.,RB,13,314,"1,709",23
7,"James Flanders, Tulsa (AAC)",Sr.,RB,13,258,"1,629",18
8,"Anthony Wales, Western Ky. (C-USA)",Sr.,RB,13,237,"1,621",27
9,"Christian McCaffrey, Stanford (Pac-12)",Jr.,RB,11,253,"1,603",13
10,"Lamar Jackson, Louisville (ACC)",So.,QB,13,260,"1,571",21
11,"I'Tavius Mathers, Middle Tenn. (C-USA)",Sr.,RB,13,232,"1,561",17
12,"Quinton Flowers, South Fla. (AAC)",Jr.,QB,13,198,"1,530",18
13,"Justin Jackson, Northwestern (Big Ten)",Jr.,RB,13,298,"1,524",15
14,"Saquon Barkley, Penn St. (Big Ten)",So.,RB,14,272,"1,496",18
15,"Kareem Hunt, Toledo (MAC)",Sr.,RB,13,262,"1,475",10
16,"Ito Smith, Southern Miss. (C-USA)",Jr.,RB,13,265,"1,459",17
17,"D'Angelo Brewer, Tulsa (AAC)",Jr.,RB,12,264,"1,435",7
18,"Joe Williams, Utah (Pac-12)",Sr.,RB,9,210,"1,407",10
19,"Jalin Moore, App State (Sun Belt)",So.,RB,13,237,"1,402",10
20,"Derrius Guice, LSU (SEC)",So.,RB,12,183,"1,387",15
21,"Corey Clement, Wisconsin (Big Ten)",Sr.,RB,13,314,"1,375",15
21,"Nick Fitzgerald, Mississippi St. (SEC)",So.,QB,13,195,"1,375",16
21,"Jamaal Williams, BYU (FBS Independent)",Sr.,RB,10,234,"1,375",12
24,"Myles Gaskin, Washington (Pac-12)",So.,RB,14,237,"1,373",10
25,"Rawleigh Williams, Arkansas (SEC)",So.,RB,13,245,"1,360",12
26,"Jarvion Franklin, Western Mich. (MAC)",Jr.,RB,14,248,"1,353",12
27,"James Butler, Nevada (Mountain West)",Jr.,RB,12,260,"1,336",12
28,"James Gilbert, Ball St. (MAC)",So.,RB,12,251,"1,332",12
29,"Jordan Chunn, Troy (Sun Belt)",Jr.,RB,13,279,"1,288",16
30,"Ralph Webb, Vanderbilt (SEC)",Jr.,RB,13,250,"1,283",13
31,"Joe Mixon, Oklahoma (Big 12)",So.,RB,12,187,"1,274",10
32,"Teriyon Gipson, New Mexico (Mountain West)",Sr.,RB,11,145,"1,269",13
33,"Ray Lawry, Old Dominion (C-USA)",Jr.,RB,12,200,"1,255",11
34,"Phillip Lindsay, Colorado (Pac-12)",Jr.,RB,14,244,"1,252",16
35,"Kamryn Pettway, Auburn (SEC)",So.,RB,10,209,"1,224",7
36,"Will Worth, Navy (AAC)",Sr.,QB,12,264,"1,198",25
37,"Marlon Mack, South Fla. (AAC)",Jr.,RB,12,174,"1,187",15
38,"Justin Crawford, West Virginia (Big 12)",Jr.,RB,13,163,"1,184",4
39,"Stanley Williams, Kentucky (SEC)",Jr.,RB,13,171,"1,170",7
40,"Matt Dayes, NC State (ACC)",Sr.,RB,13,249,"1,166",10
41,"Rodney Smith, Minnesota (Big Ten)",So.,RB,13,240,"1,158",16
42,"Justice Hill, Oklahoma St. (Big 12)",Fr.,RB,13,206,"1,142",6
43,"Wayne Gallman, Clemson (ACC)",Jr.,RB,15,232,"1,133",17
44,"Nick Chubb, Georgia (SEC)",Jr.,RB,13,224,"1,130",8
45,"Elijah McGuire, Louisiana (Sun Belt)",Sr.,RB,13,232,"1,127",7
46,"Devine Redding, Indiana (Big Ten)",Jr.,RB,13,253,"1,122",7
47,"Mark Walton, Miami (FL) (ACC)",So.,RB,13,209,"1,117",14
48,"Tyrone Owens, New Mexico (Mountain West)",Fr.,RB,12,137,"1,097",7
49,"Mike Weber, Ohio St. (Big Ten)",So.,RB,13,182,"1,096",9
50,"James Conner, Pittsburgh (ACC)",Jr.,RB,13,216,"1,092",16
51,"Benny Snell Jr., Kentucky (SEC)",Fr.,RB,13,186,"1,091",13
52,"Ronald Jones, Southern California (Pac-12)",So.,RB,13,177,"1,082",12
53,"Akrum Wadley, Iowa (Big Ten)",Jr.,RB,13,168,"1,081",10
54,"Jarred Craft, Louisiana Tech (C-USA)",Jr.,RB,14,191,"1,074",9
55,"Damarea Crockett, Missouri (SEC)",Fr.,RB,11,153,"1,062",10
56,"Samaje Perine, Oklahoma (Big 12)",Jr.,RB,10,196,"1,060",12
57,"Leshun, Jr. Daniels, Iowa (Big Ten)",Sr.,RB,13,213,"1,058",10
58,"Trayveon Williams, Texas A&M (SEC)",Fr.,RB,13,156,"1,057",8
59,"Terence Williams, Baylor (Big 12)",So.,RB,12,185,"1,048",11
60,"Kyle Hicks, TCU (Big 12)",Jr.,RB,13,203,"1,042",12
61,"Jordan Johnson, Buffalo (MAC)",Sr.,RB,12,200,"1,040",6
62,"Damien Harris, Alabama (SEC)",So.,RB,15,146,"1,037",2
63,"Braeden West, SMU (AAC)",So.,RB,12,202,"1,036",6
64,"Fred Coppet, Bowling Green (MAC)",Sr.,RB,12,204,"1,030",8
65,"Devin Singletary, Fla. Atlantic (C-USA)",Fr.,RB,12,152,"1,021",12
66,"Rashaad Penny, San Diego St. (Mountain West)",Jr.,RB,14,136,"1,018",11
67,"Marcus Cox, App State (Sun Belt)",Sr.,RB,9,158,"1,015",9
68,"Jesse Ertz, Kansas St. (Big 12)",Jr.,QB,13,183,"1,012",12
69,"Diocemy Saint Juste, Hawaii (Mountain West)",Jr.,RB,12,165,"1,006",3
70,"Ty Johnson, Maryland (Big Ten)",So.,RB,13,110,"1,004",6
71,"LJ Scott, Michigan St. (Big Ten)",So.,RB,12,184,994,6
72,"Andy Davidson, Army West Point (FBS Independent)",So.,LB,13,190,961,12
73,"Jalen Hurts, Alabama (SEC)",Fr.,QB,15,191,954,13
74,"Jahad Thomas, Temple (AAC)",Sr.,RB,12,207,953,13
75,"Ryan Nall, Oregon St. (Pac-12)",So.,RB,10,147,951,13
76,"Royce Freeman, Oregon (Pac-12)",Jr.,RB,11,168,945,9
77,"Brandon Dawkins, Arizona (Pac-12)",So.,QB,10,131,944,10
78,"Taquan Mizzell, Virginia (ACC)",Sr.,RB,12,187,940,5
79,"Jeffery Wilson, North Texas (C-USA)",Jr.,RB,11,169,936,14
80,"Josh Adams, Notre Dame (FBS Independent)",So.,RB,12,158,933,5
81,"Alex Gardner, FIU (C-USA)",Jr.,RB,12,181,930,6
82,"Jamauri Bogan, Western Mich. (MAC)",Jr.,RB,11,179,923,8
83,"Nick Holley, Kent St. (MAC)",Jr.,RB,11,195,920,10
84,"Ryquell Armstead, Temple (AAC)",So.,RB,13,156,919,14
84,"Dalyn Dawkins, Colorado St. (Mountain West)",Jr.,RB,12,161,919,4
86,"Kalif Phillips, Charlotte (C-USA)",Sr.,RB,11,189,907,4
87,"Brandon Radcliff, Louisville (ACC)",Sr.,RB,13,138,903,6
88,"Jarveon Williams, UTSA (C-USA)",Sr.,RB,13,207,900,8
89,"Marquis Young, Massachusetts (FBS Independent)",So.,RB,12,198,898,4
90,"Kerryon Johnson, Auburn (SEC)",So.,RB,12,182,895,11
91,"Jordan Scarlett, Florida (SEC)",So.,RB,13,179,889,6
92,"Joel Bouagnon, NIU (MAC)",Sr.,RB,12,182,885,8
93,"Terrell Newby, Nebraska (Big Ten)",Sr.,RB,13,190,879,7
93,"Warren Wand, Arkansas St. (Sun Belt)",So.,RB,13,200,879,7
95,"James Summers, East Carolina (AAC)",Sr.,QB,12,162,869,7
96,"Larry Rose III, New Mexico St. (Sun Belt)",Jr.,RB,9,159,865,4
97,"Jocobi Owens, Air Force (Mountain West)",Sr.,RB,13,142,859,5
98,"Elijah Hood, North Carolina (ACC)",Jr.,RB,11,145,858,8
99,"Lavon Coleman, Washington (Pac-12)",Jr.,RB,14,114,852,7
100,"Jerod Evans, Virginia Tech (ACC)",Jr.,QB,14,204,846,12
100,"De'Veon Smith, Michigan (Big Ten)",Sr.,RB,13,181,846,10
102,"J.T. Barrett, Ohio St. (Big Ten)",Jr.,QB,13,205,845,9
103,"Leonard Fournette, LSU (SEC)",Jr.,RB,7,129,843,8
104,"Sony Michel, Georgia (SEC)",Jr.,RB,12,152,840,4
105,"Joshua Dobbs, Tennessee (SEC)",Sr.,QB,13,150,831,12
105,"Xavier Johnson, South Alabama (Sun Belt)",Jr.,RB,12,151,831,10
107,"Greg Howell, Fla. Atlantic (C-USA)",Jr.,RB,12,167,828,13
108,"Khalfani Muhammad, California (Pac-12)",Sr.,RB,11,152,827,2
108,"Jalen Rhodes, UTSA (C-USA)",So.,RB,12,155,827,9
110,"Ahmad Bradshaw, Army West Point (FBS Independent)",Jr.,QB,12,185,826,8
110,"Akeem Judd, Ole Miss (SEC)",Sr.,RB,12,164,826,6
112,"Dorian Brown, Ohio (MAC)",Jr.,RB,13,158,825,4
113,"Bo Scarbrough, Alabama (SEC)",So.,RB,13,125,812,11
114,"Doroland Dorceus, Memphis (AAC)",Jr.,RB,13,132,810,9
115,"Bryce Love, Stanford (Pac-12)",So.,RB,12,111,783,3
116,"Tony Brooks-James, Oregon (Pac-12)",So.,RB,12,101,771,9
116,"Ian Eriksen, Eastern Mich. (MAC)",So.,RB,11,184,771,9
116,"Dedrick Mills, Georgia Tech (ACC)",Fr.,DB,9,152,771,12
116,"Curtis Samuel, Ohio St. (Big Ten)",Jr.,RB,13,97,771,8
120,"Rico Dowdle, South Carolina (SEC)",Fr.,RB,9,133,764,6
121,"Tonny Lindsey, Utah St. (Mountain West)",Jr.,RB,12,148,763,6
121,"Charles Williams, UNLV (Mountain West)",Fr.,RB,12,141,763,3
123,"Dontrell Hilliard, Tulane (AAC)",Jr.,RB,12,135,759,9
124,"Josh Rounds, Tulane (AAC)",Sr.,RB,12,125,758,7
124,"Devon Spalding, Central Mich. (MAC)",Jr.,RB,11,138,758,6
126,"Shock Linwood, Baylor (Big 12)",Sr.,RB,11,138,751,2
127,"Ish Witter, Missouri (SEC)",Jr.,RB,12,162,750,6
128,"Tion Green, Cincinnati (AAC)",Sr.,RB,12,159,743,2
129,"Lamar Jordan, New Mexico (Mountain West)",Jr.,QB,12,114,739,3
130,"Ke'Aun Kinner, Kansas (Big 12)",Sr.,RB,12,140,738,3
131,"Izzy Matthews, Colorado St. (Mountain West)",So.,RB,13,153,734,13
132,"Jeremy Cox, Old Dominion (C-USA)",So.,RB,12,129,732,13
133,"Isaiah Saunders, Idaho (Sun Belt)",So.,RB,13,159,731,9
134,"Kendrick Foster, Illinois (Big Ten)",Jr.,RB,12,126,720,7
134,"Aeris Williams, Mississippi St. (SEC)",So.,RB,13,137,720,4
136,"Arkeel Newsome, UConn (AAC)",Jr.,RB,12,147,715,5
137,"Alonzo Smith, Miami (OH) (MAC)",So.,RB,13,163,709,3
137,"Tre Watson, California (Pac-12)",Jr.,RB,12,143,709,4
139,"Tim McVey, Air Force (Mountain West)",Jr.,RB,13,83,708,10
140,"Jordan Huff, NIU (MAC)",Jr.,RB,12,111,703,5
141,"Dontel James, Fresno St. (Mountain West)",Jr.,RB,11,208,697,5
142,"Kevin Ellison, Ga. Southern (Sun Belt)",Sr.,QB,11,139,678,7
143,"Arion Worthman, Air Force (Mountain West)",So.,QB,8,130,674,6
144,"Aaron Duckworth, Idaho (Sun Belt)",Jr.,RB,13,144,672,5
145,"Travon McMillian, Virginia Tech (ACC)",So.,RB,14,145,671,7
146,"Keith Ford, Texas A&M (SEC)",Jr.,RB,13,126,669,6
147,"Richard McQuarley, New Mexico (Mountain West)",Jr.,RB,13,143,656,18
148,"Ke'Mon Freeman, SMU (AAC)",Fr.,RB,12,154,651,4
149,"Shannon Brooks, Minnesota (Big Ten)",So.,RB,10,138,650,5
149,"T.J. Logan, North Carolina (ACC)",Sr.,RB,13,120,650,7
151,"Josh Cleveland, Bowling Green (MAC)",Jr.,RB,11,101,649,2
152,"Matt Breida, Ga. Southern (Sun Belt)",Sr.,RB,12,168,646,3
153,"Lexington Thomas, UNLV (Mountain West)",So.,RB,10,124,642,8
154,"Lorenzo Harrison, Maryland (Big Ten)",Fr.,RB,9,88,633,5
155,"Quadree Henderson, Pittsburgh (ACC)",So.,WR,13,60,631,5
156,"John Kelly, Tennessee (SEC)",So.,RB,12,98,630,5
157,"Deshaun Watson, Clemson (ACC)",Jr.,QB,15,165,629,9
158,"Matt Colburn II, Wake Forest (ACC)",So.,RB,13,151,626,2
159,"Robert Martin, Rutgers (Big Ten)",Jr.,RB,10,121,625,2
160,"Marcus Marshall, Georgia Tech (ACC)",So.,RB,11,96,624,4
161,"Jamycal Hasty, Baylor (Big 12)",So.,RB,12,119,623,3
161,"Shaun Wilson, Duke (ACC)",Jr.,RB,12,151,623,4
163,"D.J. Johnson, Air Force (Mountain West)",Sr.,RB,12,150,622,2
164,"Markell Jones, Purdue (Big Ten)",So.,RB,11,153,616,4
165,"Chris Evans, Michigan (Big Ten)",Fr.,RB,13,88,614,4
165,"Trevor Knight, Texas A&M (SEC)",Sr.,QB,11,102,614,10
167,"Kenny Hill, TCU (Big 12)",Jr.,QB,13,125,609,10
168,"Joe Yearby, Miami (FL) (ACC)",Jr.,RB,13,102,608,7
169,"Justin Davis, Southern California (Pac-12)",Sr.,RB,10,110,607,2
170,"Justin Thomas, Georgia Tech (ACC)",Sr.,QB,12,137,604,6
171,"Taysom Hill, BYU (FBS Independent)",Sr.,QB,12,137,603,8
172,"Devwah Whaley, Arkansas (SEC)",Fr.,RB,13,110,602,3
173,"Darnell Woolfolk, Army West Point (FBS Independent)",So.,RB,11,109,600,9
174,"Charles Jones, Kansas St. (Big 12)",Sr.,RB,13,115,596,2
174,"Alvin Kamara, Tennessee (SEC)",Jr.,RB,11,103,596,9
176,"Stedman Mayberry, Texas St. (Sun Belt)",So.,RB,12,157,593,5
176,"Demario Richard, Arizona St. (Pac-12)",Jr.,RB,11,155,593,3
178,"Cade Carney, Wake Forest (ACC)",Fr.,RB,10,156,589,6
179,"James Williams, Washington St. (Pac-12)",Fr.,RB,13,102,584,6
180,"Terry Swanson, Toledo (MAC)",Jr.,RB,13,116,583,4
181,"Jamal Morrow, Washington St. (Pac-12)",Jr.,RB,13,90,575,5
182,"Paul Harris, Hawaii (Mountain West)",Sr.,RB,14,81,568,2
183,"Josh Jacobs, Alabama (SEC)",Fr.,RB,15,85,567,4
184,"Dontae Strickland, Syracuse (ACC)",So.,RB,12,162,566,4
185,"David Montgomery, Iowa St. (Big 12)",Fr.,RB,12,109,563,2
186,"Anthony Jones, FIU (C-USA)",So.,RB,12,116,562,4
187,"Chris Carson, Oklahoma St. (Big 12)",Sr.,RB,9,82,559,9
187,"Mike Warren, Iowa St. (Big 12)",So.,RB,11,134,559,3
189,"Anthony Maddie, NIU (MAC)",Sr.,WR,7,82,558,7
190,"Kenny Young, Miami (OH) (MAC)",So.,RB,13,88,557,2
191,"Chris High, Navy (AAC)",Jr.,RB,11,85,546,7
191,"Marvin Kinsey, Jr., Colorado St. (Mountain West)",Fr.,RB,12,93,546,7
191,"Patrick Taylor, Memphis (AAC)",Fr.,RB,13,93,546,2
194,"D'Ernest Johnson, South Fla. (AAC)",Jr.,RB,13,111,543,8
195,"Quinton Baker, Western Ky. (C-USA)",Fr.,RB,14,99,542,4
195,"Jonathan Hilliman, Boston College (ACC)",So.,RB,12,184,542,6
197,"Riley Neal, Ball St. (MAC)",So.,QB,11,127,540,8
198,"Kalen Ballage, Arizona St. (Pac-12)",Jr.,RB,12,126,536,14
199,"Duke Catalon, Houston (AAC)",So.,RB,9,145,528,4
200,"Josh Allen, Wyoming (Mountain West)",So.,QB,14,142,523,7
200,"Reggie Corbin, Illinois (Big Ten)",Fr.,RB,12,86,523,2
200,"Artavis Pierce, Oregon St. (Pac-12)",Fr.,RB,11,98,523,4
