Rank,Player,Cl,Pos,G,Rush,Rush TD,Rush Yds
1,"Breece Hall, Iowa St. (Big 12)",So.,RB,12,279,21,"1,572"
2,"Sincere McCormick, UTSA (C-USA)",So.,RB,11,249,11,"1,467"
3,"Najee Harris, Alabama (SEC)",Sr.,RB,13,251,26,"1,466"
4,"Michael Carter, North Carolina (ACC)",Sr.,RB,11,156,9,"1,245"
5,"Khalil Herbert, Virginia Tech (ACC)",Sr.,RB,11,154,8,"1,182"
6,"Javonte Williams, North Carolina (ACC)",Jr.,RB,11,157,19,"1,140"
7,"Kevin Harris, South Carolina (SEC)",So.,RB,10,185,15,"1,138"
8,"Tyler Allgeier, BYU (FBS Independent)",So.,RB,11,150,13,"1,130"
9,"Kyren Williams, Notre Dame (ACC)",So.,RB,12,211,13,"1,125"
10,"Camerun Peoples, App State (Sun Belt)",So.,RB,11,168,12,"1,124"
11,"Mohamed Ibrahim, Minnesota (Big Ten)",Jr.,RB,7,201,15,"1,076"
12,"Jaret Patterson, Buffalo (MAC)",Jr.,RB,6,141,19,"1,072"
13,"Isaiah Spiller, Texas A&M (SEC)",So.,RB,10,188,9,"1,036"
14,"Leddie Brown, West Virginia (Big 12)",Jr.,RB,10,199,9,"1,010"
15,"Larry Rountree, Missouri (SEC)",Sr.,RB,10,209,14,972
16,"Malik Willis, Liberty (FBS Independent)",Jr.,QB,10,141,14,944
17,"Travis Etienne, Clemson (ACC)",Sr.,RB,12,168,14,914
18,"Ulysses  Bentley IV, SMU (AAC)",Fr.,RB,10,170,11,913
19,"Jarek Broussard, Colorado (Pac-12)",So.,RB,6,156,5,895
20,"Spencer Brown, UAB (C-USA)",Sr.,RB,8,186,10,889
21,"Brenden Knox, Marshall (C-USA)",Jr.,RB,10,185,9,887
21,"CJ Marable, Coastal Carolina (Sun Belt)",Sr.,RB,12,169,12,887
23,"Elijah Mitchell, Louisiana (Sun Belt)",Sr.,RB,10,141,8,878
24,"Trey Sermon, Ohio St. (Big Ten)",Sr.,RB,8,116,4,870
25,"Jermar Jefferson, Oregon St. (Pac-12)",Jr.,RB,6,133,7,858
26,"Tank Bigsby, Auburn (SEC)",Fr.,RB,10,138,5,834
27,"Javian Hawkins, Louisville (ACC)",Jr.,RB,8,133,7,822
28,"Mataeo Durant, Duke (ACC)",Jr.,RB,11,120,8,817
29,"Joshua Mack, Liberty (FBS Independent)",Sr.,RB,10,139,4,797
30,"Zonovan Knight, NC State (ACC)",So.,RB,12,143,10,788
31,"Christopher Rodriguez Jr., Kentucky (SEC)",So.,RB,9,119,11,785
32,"Zamir White, Georgia (SEC)",So.,RB,10,144,11,779
33,"Stephon Huderson, Tulane (AAC)",Sr.,RB,12,128,4,773
34,"Eric Gray, Tennessee (SEC)",So.,RB,9,157,4,772
35,"Destin Coates, Georgia St. (Sun Belt)",Jr.,RB,9,166,7,769
36,"Tyler  Goodson, Iowa (Big Ten)",So.,RB,8,143,7,762
37,"Greg McCrae, UCF (AAC)",Sr.,RB,10,149,10,758
37,"Trey Ragas, Louisiana (Sun Belt)",Sr.,RB,11,131,10,758
39,"Jerrion Ealy, Ole Miss (SEC)",So.,RB,9,147,9,745
40,"Cameron Carroll, Tulane (AAC)",So.,RB,12,122,12,741
40,"Kevin Marks, Buffalo (MAC)",Jr.,RB,7,112,7,741
42,"Christian Beal-Smith, Wake Forest (ACC)",Jr.,RB,9,142,5,732
43,"Shai Werts, Ga. Southern (Sun Belt)",Sr.,QB,11,146,11,720
44,"Trelon Smith, Arkansas (SEC)",Jr.,RB,10,134,5,710
45,"Frank Gore, Southern Miss. (C-USA)",Fr.,RB,10,121,2,708
46,"Bijan Robinson, Texas (Big 12)",Fr.,RB,9,86,4,703
47,"Otis Anderson, UCF (AAC)",Sr.,RB,9,125,4,687
48,"Deon Jackson, Duke (ACC)",Sr.,RB,11,161,5,682
49,"Toa Taua, Nevada (Mountain West)",Jr.,RB,8,114,4,675
50,"Carlos Davis, South Alabama (Sun Belt)",So.,RB,11,164,3,674
51,"Gerrid Doaks, Cincinnati (AAC)",Sr.,RB,9,144,7,673
52,"Demetric Felton, UCLA (Pac-12)",Sr.,RB,6,132,5,668
53,"Teon Dollard, Akron (MAC)",Jr.,RB,6,112,6,666
53,"Asim Rose, Kentucky (SEC)",Sr.,RB,11,106,2,666
55,"Rhamondre Stevenson, Oklahoma (Big 12)",Sr.,RB,6,101,7,665
56,"DeAndre Torrey, North Texas (C-USA)",Sr.,RB,9,113,6,656
57,"Israel Tucker, Louisiana Tech (C-USA)",Sr.,RB,10,149,4,648
58,"Nelson Smith, Navy (AAC)",Sr.,RB,10,128,8,645
58,"Gaej Walker, Western Ky. (C-USA)",Sr.,RB,12,143,3,645
60,"Cam'Ron Harris, Miami (FL) (ACC)",Jr.,RB,11,126,10,643
60,"Ricky Person, NC State (ACC)",Jr.,RB,12,147,4,643
62,"Deuce Vaughn, Kansas St. (Big 12)",Fr.,RB,10,123,7,642
63,"Greg Bell, San Diego St. (Mountain West)",Sr.,RB,7,113,6,637
64,"Vincent Davis, Pittsburgh (ACC)",So.,RB,11,143,6,632
65,"Sean Tucker, Syracuse (ACC)",Fr.,RB,9,137,4,626
66,"Chuba Hubbard, Oklahoma St. (Big 12)",Jr.,RB,7,133,5,625
66,"J.D. King, Ga. Southern (Sun Belt)",Sr.,RB,7,116,5,625
68,"Rahjai Harris, East Carolina (AAC)",Fr.,RB,8,128,4,624
68,"La'Darius Jefferson, Western Mich. (MAC)",Jr.,RB,6,112,5,624
70,"Hendon Hooker, Virginia Tech (ACC)",Jr.,QB,8,120,9,620
71,"SaRodorick Thompson, Texas Tech (Big 12)",So.,RB,10,109,8,610
72,"Malik Cunningham, Louisville (ACC)",Jr.,QB,11,131,7,609
73,"Logan Wright, Ga. Southern (Sun Belt)",Jr.,RB,13,99,4,602
74,"Asher O'Hara, Middle Tenn. (C-USA)",Jr.,QB,9,175,7,601
75,"Ty Jordan, Utah (Pac-12)",Fr.,RB,5,83,6,597
76,"Daetrich Harrington, App State (Sun Belt)",Jr.,RB,6,106,7,595
77,"Deion  Hankins, UTEP (C-USA)",Fr.,RB,7,121,9,592
77,"Desmond Ridder, Cincinnati (AAC)",Jr.,QB,10,98,12,592
79,"D'vonte Price, FIU (C-USA)",Sr.,RB,5,85,4,581
80,"Kenneth Walker III, Wake Forest (ACC)",So.,RB,8,119,13,579
81,"Jamal Jones, Arkansas St. (Sun Belt)",Sr.,RB,11,132,3,578
81,"Tyhier Tyler, Army West Point (FBS Independent)",Jr.,QB,7,139,5,578
83,"Oscar Adaway III, North Texas (C-USA)",Fr.,RB,7,99,3,572
84,"Grayson McCall, Coastal Carolina (Sun Belt)",Fr.,QB,11,111,7,569
85,"Rodrigues Clark, Memphis (AAC)",So.,RB,10,136,2,561
85,"Stevie Scott III, Indiana (Big Ten)",Jr.,RB,8,156,10,561
87,"Jordan Travis, Florida St. (ACC)",So.,QB,8,97,7,559
88,"Brennan Armstrong, Virginia (ACC)",So.,QB,9,126,5,552
89,"Austin Jones, Stanford (Pac-12)",So.,RB,6,126,9,550
89,"Xazavian Valladay, Wyoming (Mountain West)",Jr.,RB,5,99,4,550
91,"Bobby Cole, New Mexico (Mountain West)",Jr.,RB,7,97,6,548
92,"Dezmon Jackson, Oklahoma St. (Big 12)",Jr.,RB,11,100,4,547
93,"Brittain Brown, UCLA (Pac-12)",Sr.,RB,7,82,4,543
94,"Chase Brown, Illinois (Big Ten)",So.,RB,8,104,3,540
95,"D'Eriq King, Miami (FL) (ACC)",Sr.,QB,11,130,4,538
96,"Brock Sturges, Texas St. (Sun Belt)",So.,RB,12,111,5,532
97,"Frank Harris, UTSA (C-USA)",Jr.,QB,12,95,9,528
97,"Calvin Hill, Texas St. (Sun Belt)",So.,RB,12,101,5,528
99,"Max Duggan, TCU (Big 12)",So.,QB,10,116,10,526
100,"Bryant Koback, Toledo (MAC)",Jr.,RB,6,123,4,522
101,"Adrian Martinez, Nebraska (Big Ten)",Jr.,QB,7,91,7,521
102,"Peytton  Pickett, Liberty (FBS Independent)",Sr.,RB,11,91,6,520
103,"Jake Funk, Maryland (Big Ten)",Sr.,RB,4,60,3,516
103,"Corey Taylor II, Tulsa (AAC)",Sr.,RB,8,105,4,516
103,"Kimani Vidal, Troy (Sun Belt)",Fr.,RB,9,101,4,516
106,"Tyler Nevens, San Jose St. (Mountain West)",Sr.,RB,8,66,5,515
106,"Isaih Pacheco, Rutgers (Big Ten)",Jr.,RB,9,116,3,515
108,"Master Teague, Ohio St. (Big Ten)",Jr.,RB,7,104,8,514
109,"Nate Noel, App State (Sun Belt)",Fr.,RB,10,82,3,510
110,"Lew Nichols, Central Mich. (MAC)",Fr.,RB,6,78,4,507
110,"Ronnie Rivers, Fresno St. (Mountain West)",Sr.,RB,6,100,7,507
112,"Matt Corral, Ole Miss (SEC)",So.,QB,10,112,4,506
113,"David Bailey, Boston College (ACC)",Jr.,RB,10,127,7,503
113,"Dameon Pierce, Florida (SEC)",Jr.,RB,12,106,4,503
113,"Marcus Williams Jr., App State (Sun Belt)",Sr.,RB,8,68,3,503
116,"Chris Tyree, Notre Dame (ACC)",Fr.,RB,12,73,4,496
117,"Charles Williams, UNLV (Mountain West)",Sr.,RB,6,116,4,495
118,"Keyon Brooks, Vanderbilt (SEC)",So.,RB,6,120,2,494
119,"Jeff Sims, Georgia Tech (ACC)",Fr.,QB,10,120,6,492
120,"Trey Smith, Wyoming (Mountain West)",Sr.,RB,6,88,5,488
121,"Ian Book, Notre Dame (ACC)",Sr.,QB,12,116,9,485
122,"Chevan Cordeiro, Hawaii (Mountain West)",So.,QB,9,116,7,483
122,"Jerome Ford, Cincinnati (AAC)",So.,RB,10,73,8,483
122,"Brian Robinson Jr., Alabama (SEC)",Sr.,RB,13,91,6,483
125,"Reese White, Coastal Carolina (Sun Belt)",So.,RB,12,88,6,478
126,"Jakobi Buchanan, Army West Point (FBS Independent)",So.,RB,11,111,6,474
127,"Deneric Prince, Tulsa (AAC)",Fr.,RB,8,88,4,470
128,"Tucker Gregg, Georgia St. (Sun Belt)",Jr.,RB,10,90,6,468
128,"Kobe Lewis, Central Mich. (MAC)",Jr.,RB,6,105,6,468
130,"Brad Roberts, Air Force (Mountain West)",So.,FB,4,64,5,461
131,"Jahmyr Gibbs, Georgia Tech (ACC)",Fr.,RB,7,89,4,460
132,"Tre Siggers, North Texas (C-USA)",Jr.,RB,8,85,1,458
133,"Ty Chandler, Tennessee (SEC)",Sr.,RB,10,100,4,456
133,"Harrison Waylee, NIU (MAC)",Fr.,RB,6,107,1,456
135,"T.J. Pledger, Oklahoma (Big 12)",Jr.,RB,9,95,5,451
136,"Lincoln Pare, Arkansas St. (Sun Belt)",Fr.,RB,9,72,1,450
137,"Wesley Kennedy III, Ga. Southern (Sun Belt)",Sr.,RB,8,66,6,447
138,"Tyrion Davis-Price, LSU (SEC)",So.,RB,9,104,3,446
139,"Gerald Green, Ga. Southern (Sun Belt)",Fr.,RB,8,71,2,444
139,"Lopini Katoa, BYU (FBS Independent)",Jr.,RB,11,84,5,444
141,"Travis Dye, Oregon (Pac-12)",Jr.,RB,7,64,1,443
141,"Keaton Mitchell, East Carolina (AAC)",Fr.,RB,9,88,2,443
143,"Zander Horvath, Purdue (Big Ten)",Jr.,RB,6,89,2,442
144,"DeWayne McBride, UAB (C-USA)",Fr.,RB,6,47,4,439
145,"Keyvone Lee, Penn St. (Big Ten)",Fr.,RB,9,89,4,438
146,"LD Brown, Oklahoma St. (Big 12)",Sr.,RB,9,82,2,437
146,"Caleb Huntley, Ball St. (MAC)",Sr.,RB,3,80,6,437
148,"Xavier White, Texas Tech (Big 12)",So.,RB,8,62,2,436
149,"Kylan Watkins, Memphis (AAC)",Jr.,RB,11,81,1,433
150,"Mekhi Sargent, Iowa (Big Ten)",Sr.,RB,8,76,7,432
151,"James Charles, Fla. Atlantic (C-USA)",Sr.,RB,9,92,4,429
151,"Shedro Louis, Liberty (FBS Independent)",So.,RB,10,61,3,429
153,"Darwin Barlow, TCU (Big 12)",Fr.,RB,10,73,4,428
154,"Devonte Lee, Nevada (Mountain West)",Jr.,RB,9,82,2,427
155,"Kyle Porter, Houston (AAC)",Sr.,RB,7,105,4,424
155,"Tyrell Robinson, Army West Point (FBS Independent)",Fr.,RB,12,60,0,424
155,"Terry Wilson Jr., Kentucky (SEC)",Sr.,QB,10,104,5,424
158,"Snoop Conner, Ole Miss (SEC)",So.,RB,10,93,8,421
159,"Rachaad White, Arizona St. (Pac-12)",Jr.,RB,4,42,5,420
160,"Christian Anderson, Army West Point (FBS Independent)",Sr.,QB,7,94,4,419
161,"Roschon Johnson, Texas (Big 12)",So.,RB,10,80,6,418
162,"Zach Evans, TCU (Big 12)",Fr.,RB,9,54,4,415
163,"Javion Posey, Fla. Atlantic (C-USA)",Fr.,WR,6,58,3,403
163,"De'Montre Tuggle, Ohio (MAC)",Sr.,RB,3,53,6,403
165,"Jashaun Corbin, Florida St. (ACC)",So.,RB,9,81,5,401
166,"Shermari Jones, Coastal Carolina (Sun Belt)",Jr.,RB,12,84,3,398
167,"Dedrick Mills, Nebraska (Big Ten)",Sr.,RB,6,84,3,396
168,"Wayne Taulapapa, Virginia (ACC)",Jr.,RB,10,88,5,395
169,"Gary Brightwell, Arizona (Pac-12)",Sr.,RB,5,88,1,390
170,"Amare Jones, Tulane (AAC)",Jr.,RB,10,67,2,389
170,"Isaiah Williams, Illinois (Big Ten)",Fr.,QB,6,63,1,389
172,"Kendre Miller, TCU (Big 12)",Fr.,RB,9,54,2,388
172,"Bo Nix, Auburn (SEC)",So.,QB,11,108,7,388
174,"Justin Fields, Ohio St. (Big Ten)",Jr.,QB,8,81,5,383
175,"Brock Purdy, Iowa St. (Big 12)",Jr.,QB,12,87,5,382
175,"Bentavious Thompson, UCF (AAC)",Jr.,RB,9,73,5,382
175,"Andrew Van Buren, Boise St. (Mountain West)",Jr.,RB,7,111,8,382
178,"John  Emery Jr., LSU (SEC)",So.,RB,9,75,3,378
179,"Sam Ehlinger, Texas (Big 12)",Sr.,QB,10,113,8,377
180,"Hassan Haskins, Michigan (Big Ten)",Jr.,RB,6,61,6,375
181,"Seth McGowan, Oklahoma (Big 12)",Fr.,RB,8,58,3,370
182,"La'Damian Webb, Florida St. (ACC)",So.,RB,7,69,3,369
183,"Kelly Joiner Jr., South Fla. (AAC)",So.,RB,9,78,1,368
184,"Mike Epstein, Illinois (Big Ten)",Sr.,RB,7,69,4,367
185,"Chaton Mobley, Middle Tenn. (C-USA)",Jr.,RB,9,80,4,366
186,"Devon Achane, Texas A&M (SEC)",Fr.,RB,8,43,4,364
186,"Will Howard, Kansas St. (Big 12)",Fr.,QB,9,78,3,364
186,"Luke McCaffrey, Nebraska (Big Ten)",Fr.,QB,7,65,3,364
189,"Tye Evans, Ball St. (MAC)",So.,RB,8,80,2,360
190,"Jamale CAROTHERS, Navy (AAC)",Jr.,FB,10,97,2,358
191,"Lawrance Toafili, Florida St. (ACC)",Fr.,RB,8,37,2,356
192,"Jordan Mason, Georgia Tech (ACC)",Jr.,RB,6,82,2,352
193,"Chris Smith, Louisiana (Sun Belt)",Jr.,RB,11,62,1,350
194,"Jalen Mitchell, Louisville (ACC)",Fr.,RB,7,52,2,347
195,"Jason Bean, North Texas (C-USA)",So.,QB,8,56,5,346
195,"Miles Reed, Hawaii (Mountain West)",Jr.,RB,8,82,1,346
197,"Kene Nwangwu, Iowa St. (Big 12)",Sr.,RB,12,61,4,339
198,"Tre Harbison, Charlotte (C-USA)",Sr.,RB,6,80,4,337
198,"Tyrrell Pigrome, Western Ky. (C-USA)",Sr.,QB,11,105,4,337
200,"Sean Clifford, Penn St. (Big Ten)",Jr.,QB,9,99,3,335
200,"Levi Lewis, Louisiana (Sun Belt)",Sr.,QB,11,55,5,335
