Rank,Player,Cl,Pos,G,Rush,Rush Yds,Rush TD
1,"Jonathan Taylor, Wisconsin (Big Ten)",So.,RB,13,307,"2,194",16
2,"Darrell Henderson, Memphis (AAC)",Jr.,RB,13,214,"1,909",22
3,"Trayveon Williams, Texas A&M (SEC)",Jr.,RB,13,271,"1,760",18
4,"Travis Etienne, Clemson (ACC)",So.,RB,15,204,"1,658",24
5,"Eno Benjamin, Arizona St. (Pac-12)",So.,RB,13,300,"1,642",16
6,"Benny Snell Jr., Kentucky (SEC)",Jr.,RB,13,289,"1,449",16
7,"J.J. Taylor, Arizona (Pac-12)",So.,RB,12,255,"1,434",6
8,"Alexander Mattison, Boise St. (Mountain West)",Jr.,RB,13,302,"1,415",17
9,"Jermar Jefferson, Oregon St. (Pac-12)",Fr.,RB,12,239,"1,380",12
10,"Alex Barnes, Kansas St. (Big 12)",Jr.,RB,12,256,"1,355",12
11,"Devin Singletary, Fla. Atlantic (C-USA)",Jr.,RB,12,261,"1,348",22
12,"Michael Warren II, Cincinnati (AAC)",So.,RB,12,244,"1,329",19
13,"Nico Evans, Wyoming (Mountain West)",Sr.,RB,10,203,"1,325",8
14,"A.J. Ouellette, Ohio (MAC)",Sr.,RB,13,213,"1,306",12
15,"Miles Sanders, Penn St. (Big Ten)",Jr.,RB,13,220,"1,274",9
16,"Myles Gaskin, Washington (Pac-12)",Sr.,RB,12,259,"1,268",12
17,"Ke'Shawn Vaughn, Vanderbilt (SEC)",Jr.,RB,12,157,"1,244",12
18,"Joshua Kelley, UCLA (Pac-12)",Jr.,RB,11,225,"1,243",12
18,"Benny Lemay, Charlotte (C-USA)",Jr.,RB,12,232,"1,243",11
20,"Levante Bellamy, Western Mich. (MAC)",Jr.,RB,13,205,"1,228",6
21,"Spencer Brown, UAB (C-USA)",So.,RB,14,272,"1,227",16
22,"David Montgomery, Iowa St. (Big 12)",Jr.,RB,12,257,"1,216",13
22,"Larry Rountree, Missouri (SEC)",So.,RB,13,225,"1,216",11
24,"Qadree Ollison, Pittsburgh (ACC)",Sr.,RB,14,194,"1,213",11
25,"Darrynton Evans, App State (Sun Belt)",So.,RB,13,179,"1,187",7
26,"B.J. Smith, Troy (Sun Belt)",Jr.,RB,13,219,"1,186",13
27,"Greg McCrae, UCF (AAC)",So.,RB,13,133,"1,182",10
28,"Trey Ragas, Louisiana (Sun Belt)",So.,RB,14,207,"1,181",8
29,"Karan Higdon, Michigan (Big Ten)",Sr.,RB,11,224,"1,178",10
30,"Mohamed Ibrahim, Minnesota (Big Ten)",Fr.,RB,10,202,"1,160",9
31,"Darrin Hall, Pittsburgh (ACC)",Sr.,RB,14,153,"1,144",10
32,"David Pindell, UConn (AAC)",Sr.,QB,12,212,"1,139",10
33,"Stevie Scott, Indiana (Big Ten)",Fr.,RB,12,228,"1,137",10
34,"Darius Bradwell, Tulane (AAC)",Jr.,RB,13,201,"1,134",11
35,"Pooka Williams, Kansas (Big 12)",Fr.,RB,11,161,"1,125",7
36,"Patrick Taylor, Memphis (AAC)",Jr.,RB,14,208,"1,122",16
37,"Jordan Cronkrite, South Fla. (AAC)",Jr.,RB,12,184,"1,121",9
37,"Nick Fitzgerald, Mississippi St. (SEC)",Sr.,QB,12,221,"1,121",13
39,"AJ Dillon, Boston College (ACC)",So.,RB,10,227,"1,108",10
40,"Ryquell Armstead, Temple (AAC)",Sr.,RB,10,210,"1,098",13
41,"Zack Moss, Utah (Pac-12)",Jr.,RB,9,179,"1,096",11
42,"Reggie Gallaspy, NC State (ACC)",Sr.,RB,13,228,"1,091",18
43,"Malcolm Perry, Navy (AAC)",Jr.,QB,13,172,"1,087",7
44,"Reggie Corbin, Illinois (Big Ten)",Jr.,RB,12,128,"1,085",9
45,"Devine Ozigbo, Nebraska (Big Ten)",Sr.,RB,12,155,"1,082",12
46,"Lexington Thomas, UNLV (Mountain West)",Sr.,RB,12,215,"1,067",12
47,"Kennedy Brooks, Oklahoma (Big 12)",Fr.,RB,12,119,"1,056",12
48,"J.K. Dobbins, Ohio St. (Big Ten)",So.,RB,14,230,"1,053",10
49,"Wesley Fields, Ga. Southern (Sun Belt)",Sr.,RB,12,200,"1,050",9
50,"D'Andre Swift, Georgia (SEC)",So.,RB,14,163,"1,049",10
51,"Kevin Mensah, UConn (AAC)",So.,RB,12,225,"1,045",6
52,"Darwin Thompson, Utah St. (Mountain West)",Jr.,RB,13,153,"1,044",14
53,"Nick Brossette, LSU (SEC)",Sr.,RB,13,240,"1,039",14
54,"Tre Harbison, NIU (MAC)",So.,RB,14,206,"1,034",5
54,"Anthony McFarland, Maryland (Big Ten)",Fr.,RB,12,131,"1,034",4
56,"Jordan Ellis, Virginia (ACC)",Sr.,RB,13,215,"1,026",10
57,"Elijah Holyfield, Georgia (SEC)",Jr.,RB,14,159,"1,018",7
57,"CJ Verdell, Oregon (Pac-12)",Fr.,RB,13,202,"1,018",10
59,"Kelvin Hopkins Jr., Army West Point (FBS Independent)",Jr.,QB,12,208,"1,017",17
60,"Jaret Patterson, Buffalo (MAC)",Fr.,RB,14,183,"1,013",14
61,"Travon McMillian, Colorado (Pac-12)",Sr.,RB,12,201,"1,009",7
62,"Cade Carney, Wake Forest (ACC)",Jr.,RB,13,188,"1,005",8
63,"Kyler Murray, Oklahoma (Big 12)",Jr.,QB,14,140,"1,001",12
64,"Juwan Washington, San Diego St. (Mountain West)",Jr.,RB,9,199,999,10
65,"Cole Fagan, Air Force (Mountain West)",Jr.,RB,12,185,997,7
66,"Dexter Williams, Notre Dame (FBS Independent)",Sr.,RB,9,158,995,12
67,"Travis Homer, Miami (FL) (ACC)",Jr.,RB,13,164,985,4
68,"Elijah Mitchell, Louisiana (Sun Belt)",So.,RB,14,145,977,13
68,"DeAndre Torrey, North Texas (C-USA)",So.,RB,13,175,977,15
70,"Taquon Marshall, Georgia Tech (ACC)",Sr.,QB,12,216,971,11
71,"Shamari Brooks, Tulsa (AAC)",So.,RB,11,229,967,7
72,"Patrick Laird, California (Pac-12)",Sr.,RB,13,223,961,5
73,"Darnell Woolfolk, Army West Point (FBS Independent)",Sr.,RB,13,221,956,14
74,"Mike Weber, Ohio St. (Big Ten)",Sr.,RB,13,172,954,5
75,"Trey Sermon, Oklahoma (Big 12)",So.,RB,14,164,947,13
76,"Justice Hill, Oklahoma St. (Big 12)",Jr.,RB,10,158,930,9
77,"Scottie Phillips, Ole Miss (SEC)",Jr.,RB,11,153,928,12
78,"Bryce Perkins, Virginia (ACC)",Jr.,QB,13,212,923,9
79,"Bryant Koback, Toledo (MAC)",Fr.,RB,13,153,917,14
80,"Shai Werts, Ga. Southern (Sun Belt)",So.,QB,13,182,908,15
81,"Gerold Bright, Utah St. (Mountain West)",Jr.,RB,13,141,888,10
82,"D.J. Knox, Purdue (Big Ten)",Sr.,RB,13,157,883,8
83,"Damien Harris, Alabama (SEC)",Sr.,RB,15,150,876,9
83,"Tobias Oliver, Georgia Tech (ACC)",So.,QB,12,152,876,12
85,"Toa Taua, Nevada (Mountain West)",Fr.,RB,13,178,872,6
86,"Moe Neal, Syracuse (ACC)",Jr.,RB,13,155,869,5
87,"Patrick Carr, Houston (AAC)",Jr.,RB,13,152,868,5
88,"Isaiah Bowser, Northwestern (Big Ten)",Fr.,RB,11,197,866,6
88,"Kerrith Whyte, Fla. Atlantic (C-USA)",Jr.,RB,12,134,866,8
90,"Marcel Murray, Arkansas St. (Sun Belt)",Fr.,RB,13,154,860,8
90,"Nathan Rourke, Ohio (MAC)",Jr.,QB,13,134,860,15
92,"Deon Jackson, Duke (ACC)",So.,RB,13,161,847,7
93,"Corey Taylor II, Tulsa (AAC)",So.,RB,11,178,846,11
94,"Kevin Marks, Buffalo (MAC)",Fr.,RB,14,180,845,13
95,"Maleek Irons, Ohio (MAC)",Sr.,RB,11,126,831,8
96,"Lamical Perine, Florida (SEC)",Jr.,RB,13,134,826,7
97,"Aca'Cedric Ware, Southern California (Pac-12)",Sr.,RB,12,125,825,6
98,"Kennedy McKoy, West Virginia (Big 12)",Jr.,RB,12,145,802,8
99,"Tra Minter, South Alabama (Sun Belt)",Jr.,RB,12,183,801,6
100,"Trace McSorley, Penn St. (Big Ten)",Sr.,QB,13,170,798,12
101,"Warren Wand, Arkansas St. (Sun Belt)",Sr.,RB,13,139,792,4
102,"Johnny Ford, South Fla. (AAC)",Fr.,RB,11,115,787,8
102,"Jatarvious Whitlow, Auburn (SEC)",Fr.,RB,13,150,787,6
104,"Steven Peoples, Virginia Tech (ACC)",Sr.,RB,13,158,786,6
104,"Tre Watson, Texas (Big 12)",Sr.,RB,14,185,786,3
106,"Corey Dauphine, Tulane (AAC)",Jr.,RB,13,124,785,7
107,"Najee Harris, Alabama (SEC)",So.,RB,15,117,783,4
108,"Marquis Young, Massachusetts (FBS Independent)",Sr.,RB,11,154,778,9
109,"Jordan Scarlett, Florida (SEC)",Jr.,RB,13,131,776,5
110,"Jamauri Bogan, Western Mich. (MAC)",Sr.,RB,13,169,764,16
111,"Matt Colburn II, Wake Forest (ACC)",Sr.,RB,11,159,759,5
112,"Raymond Calais, Louisiana (Sun Belt)",Jr.,RB,14,81,754,7
112,"Eric Dungey, Syracuse (ACC)",Sr.,QB,13,184,754,15
114,"Alonzo Smith, Miami (OH) (MAC)",Sr.,RB,11,141,746,9
115,"Mekhi Sargent, Iowa (Big Ten)",So.,RB,13,159,745,9
116,"Ronnie Rivers, Fresno St. (Mountain West)",So.,RB,11,132,743,10
117,"Chuba Hubbard, Oklahoma St. (Big 12)",Fr.,RB,13,124,740,7
118,"Travis Dye, Oregon (Pac-12)",Fr.,RB,13,140,739,4
118,"Bryce Love, Stanford (Pac-12)",Sr.,RB,10,166,739,6
120,"Rakeem Boyd, Arkansas (SEC)",So.,RB,12,123,734,2
120,"Kylin Hill, Mississippi St. (SEC)",So.,RB,11,117,734,4
122,"AJ Bush, Illinois (Big Ten)",Sr.,QB,10,138,733,8
123,"CJ Marable, Coastal Carolina (Sun Belt)",So.,RB,12,118,719,6
124,"Izzy Matthews, Colorado St. (Mountain West)",Sr.,RB,12,166,717,4
125,"Adrian Killins, UCF (AAC)",Jr.,RB,13,147,715,4
126,"Damarea Crockett, Missouri (SEC)",Jr.,RB,12,147,709,7
127,"Keaontay Ingram, Texas (Big 12)",Fr.,RB,13,142,708,3
128,"Cam Akers, Florida St. (ACC)",So.,RB,12,161,706,6
129,"Andrew Clair, Bowling Green (MAC)",So.,RB,11,135,702,5
130,"Jaqwis Dancy, Louisiana Tech (C-USA)",Jr.,RB,11,124,689,9
131,"Tyrone Owens, New Mexico (Mountain West)",Sr.,RB,12,186,687,6
132,"Napoleon Maxwell, FIU (C-USA)",Sr.,RB,13,128,684,7
133,"D'Eriq King, Houston (AAC)",Jr.,QB,11,111,674,14
134,"Derrick Gore, ULM (Sun Belt)",Sr.,RB,12,131,662,6
135,"Marcus Outlow, Coastal Carolina (Sun Belt)",Sr.,RB,10,133,661,8
136,"Chaton Mobley, Middle Tenn. (C-USA)",Fr.,RB,13,123,660,4
137,"James Gilbert, Ball St. (MAC)",Jr.,RB,11,152,659,7
137,"Jordan Mason, Georgia Tech (ACC)",So.,RB,13,108,659,7
139,"Clyde Edwards-Helaire, LSU (SEC)",So.,RB,13,146,658,7
140,"Jo-El Shaw, Kent St. (MAC)",Jr.,RB,10,138,657,7
141,"Tyler King, Marshall (C-USA)",So.,RB,8,108,655,4
142,"Rico Dowdle, South Carolina (SEC)",Jr.,RB,12,123,654,4
143,"Joshua Samuel, Western Ky. (C-USA)",Fr.,RB,12,120,641,1
144,"Josh Jacobs, Alabama (SEC)",Jr.,RB,15,120,640,11
145,"Toren Young, Iowa (Big Ten)",So.,RB,13,136,637,5
146,"Sewo Olonilua, TCU (Big 12)",Jr.,RB,13,135,635,2
147,"Caleb Evans, ULM (Sun Belt)",Jr.,QB,12,140,632,10
148,"Ty Chandler, Tennessee (SEC)",So.,RB,11,115,630,4
149,"Adrian Martinez, Nebraska (Big Ten)",Fr.,QB,11,140,629,8
150,"Quardraiz Wadley, UTEP (C-USA)",Jr.,RB,12,123,627,7
151,"Dan Ellington, Georgia St. (Sun Belt)",Jr.,QB,11,159,625,5
152,"Martell Pettaway, West Virginia (Big 12)",Jr.,RB,12,98,623,6
153,"Deejay Dallas, Miami (FL) (ACC)",So.,RB,13,109,617,6
154,"Salvon Ahmed, Washington (Pac-12)",So.,RB,14,104,608,7
155,"Dontae Strickland, Syracuse (ACC)",Sr.,RB,13,121,599,6
156,"Darius Anderson, TCU (Big 12)",Jr.,RB,11,124,598,3
157,"Michael Carter, North Carolina (ACC)",So.,RB,9,84,597,2
158,"Holton Ahlers, East Carolina (AAC)",Fr.,QB,10,119,592,6
158,"Chase Jasmin, San Diego St. (Mountain West)",So.,RB,13,138,592,5
160,"Christian Gibson, New Mexico St. (FBS Independent)",Jr.,RB,12,96,590,6
160,"Shaq Vann, Eastern Mich. (MAC)",Sr.,RB,11,135,590,5
162,"Braeden West, SMU (AAC)",Sr.,RB,12,138,589,6
163,"Raheem Blackshear, Rutgers (Big Ten)",So.,RB,12,143,586,3
164,"Kadin  Remsberg, Air Force (Mountain West)",So.,RB,12,100,583,3
165,"Brenden Knox, Marshall (C-USA)",Fr.,RB,13,95,578,4
166,"Justin Rankin, Kent St. (MAC)",Jr.,RB,11,117,574,4
167,"John Lovett, Baylor (Big 12)",So.,RB,12,109,573,6
168,"Desmond Ridder, Cincinnati (AAC)",Fr.,QB,13,150,572,5
169,"Armani Rogers, UNLV (Mountain West)",So.,QB,6,93,565,8
169,"Shakif Seymour, Toledo (MAC)",So.,RB,13,121,565,5
171,"Jerry Howard, Georgia Tech (ACC)",So.,RB,13,107,564,5
171,"Austin Walter, Rice (C-USA)",Sr.,RB,13,133,564,4
173,"Art Thompkins, Toledo (MAC)",Jr.,RB,12,98,563,6
174,"Marcus Williams, App State (Sun Belt)",So.,RB,12,122,561,4
175,"D'Vonte Price, FIU (C-USA)",So.,RB,13,90,560,5
175,"James Williams, Washington St. (Pac-12)",Jr.,RB,13,122,560,12
177,"Van Edwards, Akron (MAC)",Sr.,RB,11,147,558,3
178,"Tyler Nevens, San Jose St. (Mountain West)",So.,RB,9,136,554,4
179,"Tony Pollard, Memphis (AAC)",Jr.,WR,14,78,552,6
180,"Tra Barnett, Georgia St. (Sun Belt)",Jr.,RB,11,109,551,7
180,"Isaih Pacheco, Rutgers (Big Ten)",Fr.,RB,12,111,551,3
182,"Adam Choice, Clemson (ACC)",Sr.,RB,15,77,548,7
183,"Lyn-J Dixon, Clemson (ACC)",Fr.,RB,13,62,547,5
183,"Terry Wilson Jr., Kentucky (SEC)",So.,QB,13,135,547,4
185,"Taiwan Deal, Wisconsin (Big Ten)",Sr.,RB,12,82,545,6
186,"Markell Jones, Purdue (Big Ten)",Sr.,RB,13,108,537,5
187,"Marcus Childers, NIU (MAC)",So.,QB,14,194,531,6
188,"Connor Heyward, Michigan St. (Big Ten)",So.,RB,13,118,529,5
189,"Marcus Jones, NIU (MAC)",Sr.,RB,14,95,527,4
190,"Gary Brightwell, Arizona (Pac-12)",So.,RB,11,91,525,3
191,"Aeris Williams, Mississippi St. (SEC)",Sr.,RB,12,85,524,3
192,"Tim Jordan, Tennessee (SEC)",So.,RB,12,132,522,3
193,"Monteo Garrett, Ga. Southern (Sun Belt)",Sr.,RB,12,93,515,5
194,"Armand Shyne, Utah (Pac-12)",Jr.,RB,14,120,512,5
195,"Ty Johnson, Maryland (Big Ten)",Sr.,RB,9,66,506,3
196,"Jason Huntley, New Mexico St. (FBS Independent)",Jr.,RB,12,109,505,7
197,"Zac Thomas, App State (Sun Belt)",So.,QB,12,92,504,10
197,"Antonio Williams, North Carolina (ACC)",Jr.,RB,10,91,504,5
199,"Woody Barrett, Kent St. (MAC)",So.,QB,12,163,503,7
200,"Bryce Williams, Minnesota (Big Ten)",Fr.,RB,13,117,502,4
