Rank,Player,Cl,Pos,G,Rush,Rush TD,Rush Yds
1,"Jaden Shirden, Monmouth (CAA)",So.,RB,11,206,13,"1,722"
2,"Geno Hess, Southeast Mo. St. (OVC)",Sr.,RB,12,236,21,"1,691"
3,"Jaleel McLaughlin, Youngstown St. (MVFC)",Sr.,RB,11,227,13,"1,588"
4,"ShunDerrick Powell, North Ala. (ASUN)",So.,RB,11,221,18,"1,508"
5,"Isaiah Davis, South Dakota St. (MVFC)",Jr.,RB,14,249,15,"1,451"
6,"Marcus  Cooper, UIW (Southland)",Sr.,RB,13,212,12,"1,436"
7,"Deonta McMahon, McNeese (Southland)",Sr.,RB,11,191,12,"1,408"
8,"Cameron Skattebo, Sacramento St. (Big Sky)",So.,RB,13,196,7,"1,373"
9,"Bhayshul Tuten, N.C. A&T (Big South)",So.,RB,11,208,13,"1,363"
10,"Jacob Saylors, ETSU (SoCon)",Sr.,RB,11,225,15,"1,317"
11,"Jarveon Howard, Alcorn (SWAC)",Sr.,RB,11,253,12,"1,273"
12,"Bronson Yoder, William & Mary (CAA)",Sr.,RB,12,203,13,"1,255"
13,"Matthew Sluka, Holy Cross (Patriot)",Jr.,QB,13,203,11,"1,234"
14,"Nasir Smith, Central Conn. St. (NEC)",Sr.,RB,11,231,13,"1,219"
15,"Dylan Laube, New Hampshire (CAA)",Jr.,RB,12,245,15,"1,209"
16,"Aaron Dawson, Valparaiso (Pioneer)",Sr.,RB,12,222,10,"1,204"
17,"Ailym Ford, Chattanooga (SoCon)",Jr.,RB,10,232,12,"1,195"
18,"Marques DeShields, Rhode Island (CAA)",Sr.,RB,11,183,12,"1,187"
19,"Aidan Borguet, Harvard (Ivy League)",Sr.,RB,10,206,10,"1,183"
20,"Ulonzo Gilliam, UC Davis (Big Sky)",Sr.,RB,11,196,13,"1,182"
21,"Sy'veon  Wilkerson, Jackson St. (SWAC)",So.,RB,13,227,9,"1,152"
22,"Alfonzo Graham, Morgan St. (MEAC)",Sr.,RB,11,196,8,"1,150"
23,"Trey Sneed, Fordham (Patriot)",Sr.,RB,12,197,5,"1,141"
24,"Dominic Roberto, Furman (SoCon)",Jr.,RB,13,197,11,"1,120"
25,"Malik Grant, Sacred Heart (NEC)",Sr.,RB,11,222,12,"1,080"
26,"Tommy Mellott, Montana St. (Big Sky)",So.,QB,12,169,13,"1,068"
27,"Jake Chisholm, Dayton (Pioneer)",Sr.,RB,11,234,13,"1,064"
28,"Jalen Hampton, Elon (CAA)",Fr.,RB,11,231,10,"1,053"
29,"Kayvon Britten, Ark.-Pine Bluff (SWAC)",So.,RB,11,200,16,"1,046"
30,"Tyler Hoosman, North Dakota (MVFC)",Sr.,RB,12,176,12,"1,023"
31,"Narii Gaither, Gardner-Webb (Big South)",Sr.,RB,10,154,7,"1,019"
32,"Peter Oliver, Holy Cross (Patriot)",Sr.,RB,12,173,8,"1,017"
33,"Zak Wallace, UT Martin (OVC)",So.,RB,11,169,16,"1,011"
34,"Todd Sibley, UAlbany (CAA)",Sr.,RB,10,153,10,987
35,"Latrell Collier, N.C. Central (MEAC)",Jr.,RB,12,176,9,979
36,"Kobe Johnson, North Dakota St. (MVFC)",Sr.,RB,13,129,9,961
37,"Darius Hale, Central Ark. (ASUN)",So.,RB,10,141,10,951
38,"Asher O'Hara, Sacramento St. (Big Sky)",Sr.,QB,13,211,19,937
39,"Elijah Dotson, Northern Colo. (Big Sky)",Sr.,RB,11,208,6,933
40,"Julius Loughridge, Fordham (Patriot)",So.,RB,12,131,8,932
41,"Justin Dinka, Indiana St. (MVFC)",So.,RB,11,155,6,895
42,"Anthony Woods, Idaho (Big Sky)",Fr.,RB,12,154,3,880
43,"Julien Gums, Nicholls (Southland)",Sr.,RB,11,194,4,873
44,"Donovan Eaglin, Alabama A&M (SWAC)",So.,RB,11,170,6,871
45,"Sean Chambers, Montana St. (Big Sky)",Jr.,QB,12,131,19,862
46,"Desmond Reid, Western Caro. (SoCon)",Fr.,RB,10,119,4,826
47,"Dylan Sparks, Davidson (Pioneer)",Sr.,RB,12,155,5,823
48,"Anwar Lewis, Jacksonville St. (ASUN)",So.,RB,11,115,8,818
49,"Que’Shaun Byrd, Bethune-Cookman (SWAC)",Sr.,RB,11,146,9,803
50,"Dontae McMillan, Weber St. (Big Sky)",So.,RB,13,134,6,801
51,"Billy Lucas, Duquesne (NEC)",So.,RB,11,184,5,792
52,"Coy Williams, Davidson (Pioneer)",Sr.,RB,12,136,11,791
53,"Davius Richard, N.C. Central (MEAC)",Jr.,QB,12,130,15,788
54,"James Louis, Morehead St. (Pioneer)",Jr.,RB,11,131,6,780
55,"Jay Stanton, Samford (SoCon)",Sr.,RB,13,176,5,775
56,"Travis Theis, South Dakota (MVFC)",Jr.,RB,11,166,5,774
57,"Aaron Dykes, Richmond (CAA)",Sr.,RB,13,179,4,772
58,"Michael Brescia, Colgate (Patriot)",So.,QB,11,176,13,751
59,"Amar Johnson, South Dakota St. (MVFC)",So.,RB,15,130,7,744
60,"Nick Ostmo, Montana (Big Sky)",So.,RB,12,132,7,743
61,"Jermiah Dobbins, Abilene Christian (WAC)",So.,RB,11,145,7,726
61,"Elijah Elliott, Montana St. (Big Sky)",So.,RB,14,118,1,726
61,"Nolan Grooms, Yale (Ivy League)",Sr.,QB,10,130,6,726
64,"Tre Peterson, Yale (Ivy League)",Jr.,RB,10,112,6,724
65,"Dom Williams, UNI (MVFC)",Sr.,RB,11,130,9,723
66,"Malachi Imoh, William & Mary (CAA)",So.,RB,11,85,9,722
67,"Carlos Washington Jr., Southeastern La. (Southland)",Sr.,RB,12,147,15,715
68,"Vance McShane, UNI (MVFC)",Sr.,RB,11,128,3,711
68,"Jacardia Wright, Missouri St. (MVFC)",So.,RB,10,156,9,711
70,"Damon Bankston, Weber St. (Big Sky)",So.,RB,12,126,8,709
71,"TaMerik Williams, North Dakota St. (MVFC)",Sr.,RB,14,99,8,702
72,"Lindsey Scott, UIW (Southland)",Sr.,QB,14,132,11,696
73,"Tyler Huff, Furman (SoCon)",Sr.,QB,12,105,8,694
74,"Jaden Stewart, Prairie View (SWAC)",So.,RB,10,123,7,688
75,"Dorian Boyland, Drake (Pioneer)",So.,RB,11,180,5,683
76,"TD Ayo-Durojaiye, Villanova (CAA)",Sr.,RB,10,127,2,676
76,"Sam Franklin, UT Martin (OVC)",Fr.,RB,11,85,8,676
78,"Miles Reed, SFA (WAC)",Sr.,RB,11,163,2,675
79,"Joshua Pitsenberger, Yale (Ivy League)",Fr.,RB,10,120,7,667
80,"Trazon Connley, Prairie View (SWAC)",Jr.,QB,10,125,13,661
81,"Besean McCray, Southern U. (SWAC)",So.,QB,12,116,7,652
82,"Kylin James, Central Ark. (ASUN)",So.,RB,11,95,3,649
83,"Zion Webb, Jacksonville St. (ASUN)",Sr.,QB,11,115,13,647
84,"Rushawn Baker, Bucknell (Patriot)",So.,RB,11,154,7,646
85,"CJ Evans, Austin Peay (ASUN)",Jr.,RB,11,133,6,641
86,"Josh Davis, Weber St. (Big Sky)",Sr.,RB,10,120,4,636
87,"Elijah Barnwell, Maine (CAA)",Sr.,RB,11,133,7,630
88,"Braedon Sloan, Eastern Ky. (ASUN)",So.,RB,12,147,7,629
89,"Bret Bushka, Butler (Pioneer)",Sr.,QB,11,126,5,627
89,"Matt LaRoche, Jacksonville St. (ASUN)",Sr.,RB,11,123,5,627
91,"Kyron Cumby, Delaware (CAA)",Sr.,RB,13,101,4,625
91,"Wenkers Wright, Illinois St. (MVFC)",So.,RB,10,161,2,625
93,"Joey Giorgi, Columbia (Ivy League)",Jr.,RB,10,113,5,624
94,"David Gist, Tennessee Tech (OVC)",Sr.,RB,11,120,5,621
94,"Jarett Hunter, Howard (MEAC)",Jr.,RB,11,120,5,621
94,"Hunter Luepke, North Dakota St. (MVFC)",Sr.,FB,10,98,9,621
97,"Khalan Griffin, Lamar University (Southland)",So.,RB,11,109,6,619
98,"Gaige Garcia, Lehigh (Patriot)",So.,RB,11,129,4,618
99,"Jalen Rouse, Tennessee St. (OVC)",So.,RB,11,129,2,613
100,"Jaylan Thomas, Samford (SoCon)",Jr.,RB,13,108,7,612
101,"Cephus Johnson III, Southeastern La. (Southland)",Sr.,QB,12,104,8,611
102,"Dante Chachere, Portland St. (Big Sky)",So.,QB,11,110,7,609
103,"Jerrell Wimbley, SFA (WAC)",Fr.,RB,10,106,5,604
104,"Ross Tallarico, Stony Brook (CAA)",So.,DB,11,158,4,602
105,"Pat Bowen, LIU (NEC)",So.,RB,10,139,5,597
105,"Shomari Lawrence, South Dakota (MVFC)",So.,RB,11,107,3,597
107,"Ahmad Antoine, Prairie View (SWAC)",Jr.,RB,9,103,6,591
108,"Xavier Shepherd, Kennesaw St. (ASUN)",Jr.,QB,9,205,11,589
108,"Maurice Washington, Grambling (SWAC)",Jr.,RB,11,61,7,589
110,"Andrew Body, Texas Southern (SWAC)",So.,QB,11,128,4,581
111,"Damonta Witherspoon, Murray St. (OVC)",So.,RB,9,146,1,580
112,"Jevon Jackson, Austin Peay (ASUN)",Fr.,RB,11,95,4,572
113,"Jalon Jones, Bethune-Cookman (SWAC)",Jr.,QB,11,131,5,568
113,"Karl Ligon, Southern U. (SWAC)",Fr.,RB,12,126,5,568
113,"Ismail Mahdi, Houston Christian (Southland)",Fr.,RB,8,112,2,568
116,"Jessie Britt, Southeastern La. (Southland)",Sr.,RB,11,92,6,563
117,"Savon Smith, Richmond (CAA)",Sr.,RB,12,109,2,562
118,"Cam Miller, North Dakota St. (MVFC)",Jr.,QB,15,122,15,561
119,"Jameson Wang, Cornell (Ivy League)",So.,QB,10,133,8,557
120,"Tyrrell Pigrome, Towson (CAA)",Sr.,QB,11,134,2,555
121,"Marquis Gillis, Delaware St. (MEAC)",Fr.,RB,11,111,5,548
122,"LaDarius Owens, Texas Southern (SWAC)",Jr.,RB,11,123,5,547
123,"Draycen Hall, Northern Ariz. (Big Sky)",So.,RB,11,133,2,546
124,"Collin Guggenheim, Nicholls (Southland)",So.,RB,11,105,4,544
125,"Ishod Byarm, Bryant (Big South)",Sr.,RB,11,119,5,542
126,"Devon Starling, Tennessee St. (OVC)",So.,RB,10,116,1,540
127,"Jordan Fuller, Holy Cross (Patriot)",So.,RB,12,111,13,536
128,"Darius Wilson, William & Mary (CAA)",So.,QB,13,92,4,534
129,"Donavyn Lester, William & Mary (CAA)",Sr.,RB,10,76,8,533
130,"JD Moore, Charleston So. (Big South)",So.,RB,10,86,6,527
131,"Caleb Johnson, Mississippi Val. (SWAC)",Jr.,RB,9,144,2,524
132,"Darran Butts, Hampton (CAA)",Jr.,RB,11,104,3,522
133,"Trey Flowers, Penn (Ivy League)",Sr.,RB,7,115,7,509
134,"Lovell Armstead, Saint Francis (PA) (NEC)",Jr.,RB,12,115,3,507
135,"Bryant Barr, Campbell (Big South)",Sr.,RB,9,106,3,503
136,"Ryan Butler, Princeton (Ivy League)",Fr.,RB,10,128,11,501
137,"Nick Howard, Dartmouth (Ivy League)",Sr.,QB,8,100,9,498
138,"Zach Hrbacek, Sam Houston (WAC)",Fr.,RB,9,86,3,495
138,"Al Wooten II, Mercer (SoCon)",Jr.,RB,11,130,4,495
140,"Jayden Waddell, Davidson (Pioneer)",Sr.,QB,11,118,3,494
141,"Korey Bridy, VMI (SoCon)",Sr.,RB,11,138,4,488
142,"Lan Larison, UC Davis (Big Sky)",So.,RB,11,65,4,486
143,"Kyle Parsons, Wofford (SoCon)",Fr.,RB,11,105,3,485
144,"Joshua Stakely, Georgetown (Patriot)",Sr.,RB,10,121,5,482
145,"Marcus Yarns, Delaware (CAA)",Jr.,RB,13,73,2,481
146,"QuaSean Holmes, Saint Francis (PA) (NEC)",Jr.,RB,10,60,5,479
147,"Devin Matthews, Towson (CAA)",Jr.,RB,10,90,5,478
148,"Ro Elliott, Southern Ill. (MVFC)",Jr.,RB,8,91,3,476
149,"Mark McCurdy, Davidson (Pioneer)",Jr.,WR,12,59,6,474
150,"Rovaughn Banks Jr. , Abilene Christian (WAC)",Fr.,RB,10,112,5,473
151,"Jeremiah Oatsvall, Tennessee Tech (OVC)",Sr.,QB,11,107,5,471
152,"Jacory Merritt, Alabama St. (SWAC)",Jr.,RB,11,120,4,470
153,"Connor Watkins, Villanova (CAA)",Jr.,QB,11,83,9,467
154,"Jamar Curtis, Lafayette (Patriot)",Fr.,RB,11,115,1,465
154,"Marcus Fulcher, Sacramento St. (Big Sky)",Jr.,RB,12,74,8,465
156,"Ron Wiggins, Jacksonville St. (ASUN)",So.,RB,10,60,4,461
157,"Jayden Brown, Gardner-Webb (Big South)",Fr.,RB,10,76,6,459
157,"Matthew McKay, Elon (CAA)",Sr.,QB,12,119,3,459
159,"Raiden Hunter, Idaho St. (Big Sky)",So.,RB,8,93,1,451
160,"Allen Smith, Brown (Ivy League)",Sr.,RB,10,142,11,447
160,"Isaiah Smith, North Dakota (MVFC)",So.,RB,12,61,4,447
162,"Mike DiLiello, Austin Peay (ASUN)",Sr.,QB,11,120,8,446
162,"Jacorey Howard, Texas Southern (SWAC)",Jr.,RB,10,100,6,446
164,"Santo Dunn, Alabama St. (SWAC)",Sr.,RB,11,74,1,443
165,"Jaedon Henry, Colgate (Patriot)",Jr.,RB,11,83,2,442
166,"Joey Suchy, Butler (Pioneer)",Jr.,RB,11,109,4,441
167,"Alijah Jackson, Robert Morris (Big South)",Sr.,RB,11,136,0,439
168,"Kenneith Lacy, Northwestern St. (Southland)",So.,RB,11,95,4,435
169,"Re-al Mitchell, San Diego (Pioneer)",Jr.,QB,10,73,4,433
169,"Lane Sumner, Montana St. (Big Sky)",Jr.,RB,5,72,0,433
171,"Elisha Cummings, Idaho (Big Sky)",So.,RB,10,85,4,429
172,"Amin Woods, Marist (Pioneer)",So.,RB,11,123,6,427
173,"Gino Appleberry, Chattanooga (SoCon)",Jr.,RB,11,95,3,426
173,"Ryan Young, Columbia (Ivy League)",Sr.,RB,8,103,3,426
175,"Jordin Lennon, Norfolk St. (MEAC)",Fr.,RB,10,85,3,425
176,"Preston Daniels, Kennesaw St. (ASUN)",Jr.,RB,9,84,4,423
176,"Shane Hamm, Dayton (Pioneer)",Fr.,QB,7,92,3,423
176,"TJ Jones, Western Caro. (SoCon)",Sr.,RB,10,86,4,423
176,"Delvecchio Powell II, Presbyterian (Pioneer)",Jr.,RB,11,121,1,423
180,"Braedon Wissler, Southern Utah (WAC)",Fr.,,11,74,1,422
181,"J'Mari Taylor, N.C. Central (MEAC)",So.,RB,12,87,7,421
182,"Tuna Altahir, Eastern Wash. (Big Sky)",So.,RB,11,104,3,420
182,"Isaac Foster, Kennesaw St. (ASUN)",Sr.,RB,11,72,4,420
182,"Jarrell Wiley, UIW (Southland)",So.,RB,12,69,3,420
185,"Marqui Johnson, Montana St. (Big Sky)",Fr.,WR,13,32,7,418
185,"Dom Shoffner, Eastern Ill. (OVC)",Sr.,QB,8,104,5,418
187,"Javon Williams Jr., Southern Ill. (MVFC)",Jr.,RB,11,121,9,415
188,"Roshaun Johnson, Idaho (Big Sky)",Sr.,RB,12,106,12,413
189,"Devin Abrams, Furman (SoCon)",Sr.,RB,12,100,3,412
190,"Q Jones, Dartmouth (Ivy League)",So.,RB,10,73,1,410
191,"Cooper Wallace, The Citadel (SoCon)",Jr.,RB,11,75,3,409
192,"DeeWil Barlee, Villanova (CAA)",Sr.,RB,9,90,4,408
192,"Mark Gronowski, South Dakota St. (MVFC)",So.,QB,15,111,12,408
192,"Jalen Leary, Stetson (Pioneer)",Jr.,RB,10,100,7,408
192,"Jerodd Sims, Southern U. (SWAC)",Jr.,RB,10,72,3,408
196,"Eden James, Howard (MEAC)",Fr.,RB,11,75,2,406
197,"Glenmour Leonard-Osbourne, Marist (Pioneer)",Sr.,RB,10,69,3,405
198,"Chance Harris, Morehead St. (Pioneer)",So.,RB,7,101,2,404
199,"Austin Douglas, Mercer (SoCon)",So.,RB,8,58,5,403
199,"Justice Jackson, Eastern Wash. (Big Sky)",Jr.,RB,11,83,2,403
