Rank,Player,Cl,Pos,G,Rush,Rush TD,Rush Yds
1,"Julius Chestnut, Sacred Heart (NEC)",Jr.,RB,5,124,9,855
2,"Isaiah Davis, South Dakota St. (MVFC)",Fr.,RB,10,96,10,818
3,"Kevin Brown, UIW (Southland)",Sr.,RB,6,74,5,775
4,"Josh Samuel, Jacksonville St. (OVC)",Jr.,RB,13,139,8,773
5,"Jaylan Adams, The Citadel (SoCon)",So.,QB,11,179,9,757
6,"Ramon Jefferson, Sam Houston (Southland)",Jr.,RB,10,126,7,752
7,"Otis Weah, North Dakota (MVFC)",So.,RB,7,102,9,730
8,"Donnavan Spencer, Western Caro. (SoCon)",Sr.,RB,9,131,6,718
9,"Percy Agyei-Obese, James Madison (CAA)",Sr.,RB,7,145,8,717
10,"Alonzo Booth, Eastern Ky. (OVC)",Jr.,RB,9,152,7,708
11,"Pierre  Strong, South Dakota St. (MVFC)",Jr.,RB,9,131,3,707
12,"Jaleel McLaughlin, Youngstown St. (MVFC)",Jr.,RB,7,134,5,702
13,"Uriah West, Jacksonville St. (OVC)",Jr.,RB,13,137,8,687
14,"Scooter  Adams, Northwestern St. (Southland)",Jr.,RB,6,85,7,681
15,"Geno Hess, Southeast Mo. St. (OVC)",So.,RB,8,137,12,666
16,"Robert Washington, Valparaiso (Pioneer)",Jr.,RB,6,140,5,653
17,"Devon Starling, Tennessee St. (OVC)",Fr.,RB,7,124,3,648
18,"Quay Holmes, ETSU (SoCon)",Jr.,RB,6,122,8,640
19,"Kierre Crossley, Central Ark. (Southland)",Sr.,RB,9,115,4,596
20,"Mark Gronowski, South Dakota St. (MVFC)",Fr.,QB,10,83,7,577
21,"Dylan Sparks, Davidson (Pioneer)",So.,RB,7,126,4,574
22,"Dejoun Lee, Delaware (CAA)",Sr.,RB,8,120,6,564
23,"Lindsey Scott, Nicholls (Southland)",Sr.,QB,7,92,6,557
24,"Jawon Hamilton, James Madison (CAA)",Sr.,RB,8,89,5,542
25,"Jaquarion Turner, SFA (Southland)",Fr.,RB,10,131,3,537
26,"Nathan Storch, The Citadel (SoCon)",Fr.,RB,8,143,1,536
27,"Javon Williams Jr. , Southern Ill. (MVFC)",So.,RB,9,122,7,532
28,"Brian Snead, Austin Peay (OVC)",So.,RB,7,95,4,522
29,"Juwon Farri, Monmouth (Big South)",So.,RB,4,104,10,520
30,"Coy Williams, Davidson (Pioneer)",Jr.,RB,7,102,7,515
31,"Devin Wynn, Furman (SoCon)",Sr.,RB,7,107,5,511
32,"Damonta Witherspoon, Murray St. (OVC)",Fr.,RB,7,107,5,501
33,"Dominic Gonnella, North Dakota St. (MVFC)",Fr.,RB,9,91,2,495
34,"Romeir Elliott, Southern Ill. (MVFC)",So.,RB,9,122,4,492
35,"Jay Stanton, Samford (SoCon)",So.,RB,7,89,6,479
36,"Julien Gums, Nicholls (Southland)",Jr.,RB,6,91,8,467
37,"Tamarick Pierce, Eastern Wash. (Big Sky)",Sr.,RB,7,86,5,462
38,"Emilio Martinez, San Diego (Pioneer)",Sr.,RB,6,101,2,461
38,"Karl Mofor, UAlbany (CAA)",Sr.,RB,4,114,2,461
40,"Hunter Luepke, North Dakota St. (MVFC)",So.,FB,6,84,6,458
41,"Dan Adeboboye, Bryant (NEC)",Jr.,RB,4,77,2,439
42,"Ezra Gray, Alabama St. (SWAC)",Sr.,RB,5,84,3,436
42,"Eric Schmid, Sam Houston (Southland)",Jr.,QB,10,98,8,436
44,"Cooper Wallace, The Citadel (SoCon)",Fr.,RB,12,84,2,423
45,"Justin Strong, Southern Ill. (MVFC)",So.,RB,10,80,2,408
46,"Zion Webb, Jacksonville St. (OVC)",Jr.,QB,12,74,5,399
47,"Jalen Bussey, North Dakota St. (MVFC)",Fr.,RB,7,45,3,396
48,"Kavon Samuels, Butler (Pioneer)",Jr.,RB,5,97,1,389
49,"Deondre Johnson, Mercer (SoCon)",So.,RB,8,62,4,387
49,"Garrett Owens, Duquesne (NEC)",Sr.,RB,5,88,5,387
51,"Josh Davis, Weber St. (Big Sky)",Jr.,RB,5,65,1,386
52,"Nakendrick Clark, Mercer (SoCon)",Jr.,RB,8,100,2,382
53,"Tyson Alexander, Jackson St. (SWAC)",So.,RB,5,62,1,377
54,"Dontae McMillan, Weber St. (Big Sky)",Fr.,RB,6,64,5,375
55,"Tyler Hoosman, UNI (MVFC)",Jr.,RB,6,89,6,374
56,"Pat Jackson, Jacksonville St. (OVC)",Jr.,RB,12,93,3,369
57,"CJ Evans, Austin Peay (OVC)",Fr.,RB,9,67,4,365
58,"Jordan Younge-Humphrey, Stetson (Pioneer)",So.,RB,4,54,0,359
59,"Malakai Rango, Idaho St. (Big Sky)",So.,RB,5,91,3,351
60,"Khory Spruill, Delaware (CAA)",Jr.,RB,8,85,1,350
61,"Narii Gaither, Gardner-Webb (Big South)",So.,RB,4,61,3,349
62,"Korey Bridy, VMI (SoCon)",Jr.,RB,6,91,4,344
63,"Irvin Mulligan, Wofford (SoCon)",Fr.,RB,5,51,2,342
64,"Peyton Logan, UT Martin (OVC)",Sr.,RB,7,84,2,340
65,"Jonathan DeBique, LIU (NEC)",Jr.,RB,3,60,2,337
66,"Luke Skokna, North Dakota (MVFC)",So.,RB,7,68,4,329
67,"Lan Larison, UC Davis (Big Sky)",Fr.,RB,5,56,4,327
68,"Gary Quarles, Alabama A&M (SWAC)",Jr.,RB,4,76,4,318
69,"Ladarius Skelton, Southern U. (SWAC)",Sr.,QB,5,52,4,317
70,"Tyler Phelps, Davidson (Pioneer)",Sr.,QB,7,76,1,315
71,"Delvecchio Powell II, Presbyterian (Pioneer)",Fr.,RB,7,77,1,311
72,"Ulonzo Gilliam, UC Davis (Big Sky)",Jr.,RB,3,61,1,309
73,"Justin Covington, Villanova (CAA)",Sr.,RB,4,42,6,308
74,"Jaylan Thomas, Elon (CAA)",Jr.,RB,6,76,2,307
75,"Liam Welch, Samford (SoCon)",Sr.,QB,6,71,4,303
75,"Daniel Wright, Weber St. (Big Sky)",Jr.,RB,6,44,3,303
77,"Dennis Merritt, Eastern Wash. (Big Sky)",Sr.,RB,7,71,4,302
78,"Billy Lucas, Duquesne (NEC)",Fr.,RB,5,66,2,298
79,"Mark Waid, Youngstown St. (MVFC)",Fr.,QB,7,89,2,289
80,"Issiah Aguero, Morehead St. (Pioneer)",Sr.,RB,7,77,2,288
81,"Zach Borisch, Idaho (Big Sky)",So.,DB,2,48,2,283
82,"Kyle Glover, Kennesaw St. (Big South)",Sr.,RB,4,53,2,278
82,"Jordan Smith, Eastern Ill. (OVC)",Fr.,RB,6,55,2,278
82,"Jeremiah Wilson, Missouri St. (MVFC)",Jr.,RB,6,57,4,278
85,"Fred Davis, Mercer (SoCon)",Fr.,RB,9,74,2,273
85,"Brandon Marshall, Mercer (SoCon)",Fr.,RB,11,61,3,273
85,"Ahmaad Tanner, Austin Peay (OVC)",Sr.,RB,5,55,3,273
88,"Pha'leak Brown, Illinois St. (MVFC)",So.,RB,4,57,1,271
88,"John Carrington, Nicholls (Southland)",So.,RB,7,44,3,271
88,"Kobe Johnson, North Dakota St. (MVFC)",So.,RB,6,61,2,271
88,"Chaz Ward, Lamar University (Southland)",So.,RB,6,98,2,271
92,"Clay Harris, The Citadel (SoCon)",Jr.,RB,6,61,2,269
92,"Celdon Manning, Missouri St. (MVFC)",Fr.,RB,7,70,4,269
92,"Da'Leon Ward, SFA (Southland)",Sr.,RB,6,56,3,269
95,"Ty Son Lawton, Stony Brook (CAA)",Jr.,RB,4,56,3,268
96,"Ryan Lovelace, Wofford (SoCon)",Sr.,RB,5,56,2,267
97,"Kurt Taylor Jr., Tennessee Tech (OVC)",Jr.,RB,7,68,1,264
98,"Morgan Ellison, Southeastern La. (Southland)",Jr.,RB,4,45,2,263
98,"Cameron Myers, Central Ark. (Southland)",So.,RB,9,66,1,263
100,"Sy'Veon Wilkerson, Delaware St. (MEAC)",Fr.,RB,4,49,1,261
101,"Tobias Little, Missouri St. (MVFC)",Sr.,RB,6,64,0,259
102,"Jaelin Benefield, Eastern Ill. (OVC)",So.,RB,6,59,1,258
103,"Cody Orgeron, McNeese (Southland)",Sr.,QB,7,90,3,257
103,"Jacob Saylors, ETSU (SoCon)",Jr.,RB,5,42,0,257
105,"Kevin Brown, Jr., Rhode Island (CAA)",Fr.,RB,3,49,4,256
106,"Jalon Jones, Jackson St. (SWAC)",So.,,5,63,5,248
107,"Willie Miller, Tennessee Tech (OVC)",So.,QB,7,61,4,243
108,"Draycen Hall, Northern Ariz. (Big Sky)",Fr.,RB,5,48,1,241
109,"Dayne Christiansen, Southern Utah (Big Sky)",Fr.,RB,6,35,2,240
109,"Dom Williams, UNI (MVFC)",Jr.,RB,6,69,2,240
111,"Avante Cox, Southern Ill. (MVFC)",Jr.,WR,10,25,1,238
112,"Jerodd Sims, Southern U. (SWAC)",So.,RB,5,43,4,237
113,"Matthew Sluka, Holy Cross (Patriot)",Fr.,QB,4,44,4,235
114,"Devin Abrams, Furman (SoCon)",So.,RB,7,60,0,230
114,"Nigel White, Illinois St. (MVFC)",So.,RB,4,40,0,230
116,"Aaron Dykes, Richmond (CAA)",So.,RB,4,44,3,229
116,"Isaac Foster, Kennesaw St. (Big South)",Jr.,RB,5,30,1,229
118,"Jared LEWIS, Delaware St. (MEAC)",So.,QB,5,84,3,228
119,"Jermiah Dobbins, Abilene Christian (Southland)",Fr.,RB,6,42,5,227
120,"Peter Oliver, Holy Cross (Patriot)",Jr.,RB,4,32,1,226
120,"Tyrell Price, Chattanooga (SoCon)",Sr.,RB,4,53,4,226
122,"Preston Rice, Murray St. (OVC)",Jr.,QB,7,59,6,225
123,"Jalen Jackson, Villanova (CAA)",Jr.,RB,4,37,3,222
124,"Seth Morgan, VMI (SoCon)",So.,QB,7,56,3,221
124,"Mikai Stanley, Western Caro. (SoCon)",Fr.,RB,9,45,2,221
126,"Jaylon Jackson, Lamar University (Southland)",Fr.,RB,6,49,0,220
127,"Nathan Walker, Wofford (SoCon)",Jr.,RB,5,45,3,219
128,"Skyler Perry, Ark.-Pine Bluff (SWAC)",Jr.,QB,5,52,3,216
129,"Rashad Raymond, VMI (SoCon)",Fr.,RB,8,58,0,215
129,"Aubrey Scott, Northwestern St. (Southland)",Fr.,RB,6,37,1,215
131,"Cross Robinson, Drake (Pioneer)",Sr.,RB,4,51,1,213
132,"Kai Henry, South Dakota (MVFC)",Sr.,RB,4,64,2,211
132,"Roshaun Johnson, Idaho (Big Sky)",Jr.,RB,6,57,3,211
134,"Hajj-Malik Williams, Campbell (Big South)",So.,QB,4,54,4,209
135,"Tyler Huff, Presbyterian (Pioneer)",So.,QB,6,78,3,206
136,"Tyray Devezin, Mercer (SoCon)",Sr.,RB,3,48,1,201
137,"Jalen Dummett, Lamar University (Southland)",Jr.,QB,6,76,2,200
138,"Thomas Bertrand-Hudon, Delaware St. (MEAC)",So.,RB,5,47,0,199
139,"Gino Appleberry, Chattanooga (SoCon)",So.,RB,5,47,2,194
139,"Kendrell Flowers, South Carolina St. (MEAC)",So.,RB,4,40,1,194
141,"Jack Chambers, Charleston So. (Big South)",Jr.,QB,4,63,2,192
141,"Kymani Clarke, Jackson St. (SWAC)",So.,,6,47,2,192
143,"Deveon Bryant, Tennessee St. (OVC)",So.,QB,5,29,3,190
143,"Joe Mancuso, Richmond (CAA)",Sr.,QB,4,45,1,190
145,"Deonta McMahon, McNeese (Southland)",Jr.,RB,5,37,1,189
146,"George Robinson, Northern Ariz. (Big Sky)",So.,RB,5,52,2,188
146,"Savon Smith, Richmond (CAA)",So.,RB,4,40,1,188
148,"Carlos Williams, McNeese (Southland)",So.,RB,4,38,4,187
149,"Carter Peevy, Mercer (SoCon)",Fr.,QB,9,71,4,186
150,"Zion Custis, Southeast Mo. St. (OVC)",Jr.,RB,6,50,4,184
151,"Romeo Holden, Monmouth (Big South)",Jr.,RB,4,29,1,180
152,"Latrele Palmer, James Madison (CAA)",So.,RB,7,46,2,178
152,"Josh Parker, McNeese (Southland)",Fr.,,6,47,0,178
154,"Devon Benn, Southern U. (SWAC)",Sr.,RB,5,56,2,177
155,"Cam Miller, North Dakota St. (MVFC)",Fr.,QB,8,55,4,176
156,"Trey Sneed, Fordham (Patriot)",Sr.,RB,3,52,3,175
157,"Jonathan Murphy, Kennesaw St. (Big South)",Jr.,QB,3,54,2,174
158,"Mattias Clark, Ark.-Pine Bluff (SWAC)",Fr.,RB,5,61,2,173
159,"Eli Turner, Davidson (Pioneer)",Jr.,RB,7,33,0,172
160,"Alex Piccirilli, Stetson (Pioneer)",Jr.,QB,4,56,3,171
160,"Tyrese White, Abilene Christian (Southland)",Jr.,RB,6,52,2,171
162,"Kaelon Black, James Madison (CAA)",Fr.,RB,2,25,1,170
162,"Alijah Jackson, Robert Morris (Big South)",Jr.,RB,3,59,1,170
162,"Trent Tompkins, UC Davis (Big Sky)",Fr.,QB,4,17,4,170
165,"Lyndemian Brooks, Grambling (SWAC)",Sr.,WR,4,30,0,167
165,"Chris Duncan, Valparaiso (Pioneer)",Sr.,QB,5,44,0,167
165,"Mark McCurdy, Davidson (Pioneer)",Fr.,WR,6,18,2,167
168,"Jay Green, Southern Utah (Big Sky)",Sr.,RB,5,45,1,166
169,"Freddie Brock, Maine (CAA)",Fr.,RB,4,29,1,165
169,"Jalani Eason, Mississippi Val. (SWAC)",Jr.,QB,3,51,2,165
171,"Bryant Barr, Campbell (Big South)",Jr.,RB,4,44,2,164
171,"Jacory Merritt, Alabama St. (SWAC)",So.,RB,5,43,2,164
173,"Tommy Bryant, Kennesaw St. (Big South)",Sr.,QB,3,48,5,163
174,"Alex James, South Carolina St. (MEAC)",So.,RB,4,37,2,162
175,"LaDarius Owens, Texas Southern (SWAC)",So.,RB,2,31,1,161
176,"Andrew Bunch, Southeast Mo. St. (OVC)",Sr.,QB,8,56,2,159
177,"Jamari Broussard, Wofford (SoCon)",So.,RB,5,26,1,158
177,"Emeka Nwanze, The Citadel (SoCon)",So.,RB,3,43,0,158
179,"A.J. Carter, McNeese (Southland)",So.,RB,4,31,2,156
180,"Nick Romano, Idaho (Big Sky)",So.,RB,6,47,1,155
181,"Adeolu Adeleke, Kennesaw St. (Big South)",Jr.,RB,4,17,1,153
182,"Jarius Jeter, Presbyterian (Pioneer)",Jr.,RB,5,43,3,152
183,"Nkem Njoku, The Citadel (SoCon)",Jr.,RB,7,35,1,151
183,"Travis Theis, South Dakota (MVFC)",Fr.,RB,4,37,2,151
183,"Keefe White, The Citadel (SoCon)",So.,RB,4,24,0,151
186,"Omar Allen, Ark.-Pine Bluff (SWAC)",So.,RB,5,42,0,150
186,"Jordan Brown, Tennessee Tech (OVC)",Fr.,RB,7,37,1,150
186,"Parker McKinney, Eastern Ky. (OVC)",So.,QB,6,59,0,150
189,"C.J. Freeman, Campbell (Big South)",Sr.,RB,3,29,1,148
189,"Xavier Harris, Montana (Big Sky)",Fr.,RB,2,23,3,148
189,"Malachi Imoh, William & Mary (CAA)",Fr.,RB,2,16,3,148
189,"CJ  Russell, Grambling (SWAC)",So.,RB,4,34,1,148
193,"Jonathan Abrams, Holy Cross (Patriot)",Jr.,RB,3,30,0,147
194,"Caleb Johnson, Mississippi Val. (SWAC)",Jr.,RB,3,31,2,146
194,"Seba Nekhet, Stony Brook (CAA)",Sr.,RB,4,28,0,146
196,"Eric Barriere, Eastern Wash. (Big Sky)",Sr.,QB,7,51,1,145
197,"Lepi Lataimua, Cal Poly (Big Sky)",Sr.,RB,3,39,0,144
198,"Rodney Castille, Murray St. (OVC)",Sr.,RB,7,57,1,143
198,"Taron Jones, Southeastern La. (Southland)",Jr.,RB,7,39,2,143
198,"Trey Lance, North Dakota St. (MVFC)",So.,QB,1,15,2,143
