Rank,Player,Cl,Pos,G,Rush,Rush Yds,Rush TD
1,"Melvin Gordon, Wisconsin (Big Ten)",Jr.,RB,14,343,"2,587",29
2,"Tevin Coleman, Indiana (Big Ten)",Jr.,RB,12,270,"2,036",15
3,"Ezekiel Elliott, Ohio St. (Big Ten)",So.,RB,15,273,"1,878",18
4,"Donnel Pumphrey, San Diego St. (Mountain West)",So.,RB,13,276,"1,867",20
5,"Jay Ajayi, Boise St. (Mountain West)",Jr.,RB,14,347,"1,823",28
6,"Devon Johnson, Marshall (C-USA)",Jr.,RB,13,206,"1,767",17
7,"James Conner, Pittsburgh ()",So.,RB,13,298,"1,765",26
8,"Samaje Perine, Oklahoma (Big 12)",Fr.,RB,13,263,"1,713",21
9,"Duke Johnson, Miami (FL) (ACC)",Jr.,RB,13,242,"1,652",10
10,"Kareem Hunt, Toledo (MAC)",So.,RB,10,205,"1,631",16
11,"David Cobb, Minnesota (Big Ten)",Sr.,RB,13,314,"1,626",13
12,"Ameer Abdullah, Nebraska (Big Ten)",Sr.,RB,13,264,"1,611",19
13,"Cameron Artis-Payne, Auburn (SEC)",Sr.,RB,13,303,"1,608",13
14,"Jordan Howard, UAB (C-USA)",So.,RB,12,306,"1,587",13
15,"Paul Perkins, UCLA (Pac-12)",Jr.,RB,13,251,"1,575",9
16,"Jarvion Franklin, Western Mich. (MAC)",Fr.,RB,13,306,"1,551",24
17,"Nick Chubb, Georgia (SEC)",Fr.,RB,13,219,"1,547",14
18,"Leon Allen, Western Ky. (C-USA)",Jr.,RB,13,272,"1,542",13
19,"Jeremy Langford, Michigan St. (Big Ten)",Sr.,RB,13,276,"1,522",22
20,"Devontae Booker, Utah (Pac-12)",Jr.,RB,13,292,"1,512",10
21,"Javorius Allen, Southern California (Pac-12)",Jr.,RB,13,276,"1,489",11
22,"Anthone Taylor, Buffalo (MAC)",Sr.,RB,11,282,"1,403",12
23,"Nick Wilson, Arizona (Pac-12)",Fr.,RB,13,236,"1,375",16
24,"Marteze Waller, Fresno St. (Mountain West)",Jr.,RB,14,225,"1,368",11
25,"Royce Freeman, Oregon (Pac-12)",Fr.,RB,15,252,"1,365",18
26,"Aaron Jones, UTEP (C-USA)",So.,RB,12,242,"1,321",11
27,"Kenneth Dixon, Louisiana Tech (C-USA)",Jr.,RB,14,253,"1,299",22
28,"Dee Hart, Colorado St. (Mountain West)",Jr.,RB,13,194,"1,275",16
29,"Elijah McGuire, Louisiana (Sun Belt)",So.,RB,13,166,"1,264",14
30,"Jahwan Edwards, Ball St. (MAC)",Sr.,RB,12,262,"1,252",12
30,"Shock Linwood, Baylor (Big 12)",So.,RB,13,251,"1,252",16
32,"Josh Robinson, Mississippi St. (SEC)",Jr.,RB,13,190,"1,203",11
33,"Keenan Reynolds, Navy (FBS Independent)",Jr.,QB,11,250,"1,191",23
34,"Jonathan Williams, Arkansas (SEC)",Jr.,RB,13,211,"1,190",12
35,"Justin Jackson, Northwestern (Big Ten)",Fr.,RB,12,245,"1,187",10
36,"Tyler Murphy, Boston College (ACC)",Sr.,QB,13,181,"1,184",11
37,"Daniel Lasco, California (Pac-12)",Jr.,RB,12,210,"1,115",12
38,"Deandre Washington, Texas Tech (Big 12)",Jr.,RB,12,188,"1,103",2
39,"Larry Dixon, Army West Point (FBS Independent)",Sr.,RB,12,190,"1,102",9
39,"Larry Rose, New Mexico St. (Sun Belt)",Fr.,RB,10,186,"1,102",9
41,"Alex Collins, Arkansas (SEC)",So.,RB,13,204,"1,100",12
41,"Michael Gordon, Arkansas St. (Sun Belt)",Jr.,RB,11,159,"1,100",13
43,"Robert Lowe, Texas St. (Sun Belt)",Jr.,RB,11,185,"1,091",12
44,"Justin Thomas, Georgia Tech (ACC)",So.,QB,14,190,"1,086",8
45,"Russell Hansbrough, Missouri (SEC)",Jr.,RB,14,205,"1,084",10
46,"Jhurell Pressley, New Mexico (Mountain West)",Jr.,RB,12,114,"1,083",12
47,"D.J. Foster, Arizona St. (Pac-12)",Jr.,RB,13,194,"1,081",9
48,"Jocobi Owens, Air Force (Mountain West)",So.,RB,10,204,"1,054",5
49,"Cody Fajardo, Nevada (Mountain West)",Sr.,QB,13,177,"1,046",13
50,"Marlon Mack, South Fla. (AAC)",Fr.,RB,12,202,"1,041",9
51,"Kenneth Farrow, Houston (AAC)",Jr.,RB,13,186,"1,037",14
52,"Leonard Fournette, LSU (SEC)",Fr.,RB,13,187,"1,034",10
53,"Dalvin Cook, Florida St. (ACC)",Fr.,RB,13,170,"1,008",8
54,"Derrick Henry, Alabama (SEC)",So.,RB,14,172,990,11
55,"Dak Prescott, Mississippi St. (SEC)",Jr.,QB,13,210,986,14
56,"Mike Davis, South Carolina (SEC)",Jr.,RB,13,199,982,9
57,"T.J. Yeldon, Alabama (SEC)",Jr.,RB,13,194,979,11
58,"Cameron Stingily, NIU (MAC)",Sr.,RB,13,193,971,14
59,"Don Jackson, Nevada (Mountain West)",Jr.,RB,13,216,957,7
60,"Jowan Davis, Rice (C-USA)",So.,RB,13,245,956,6
61,"Noah Copeland, Navy (FBS Independent)",Sr.,RB,13,129,952,5
62,"Corey Clement, Wisconsin (Big Ten)",So.,RB,14,147,949,9
62,"Travis Greene, Bowling Green (MAC)",Jr.,RB,12,180,949,12
62,"Brandon Hayes, Memphis (AAC)",Sr.,RB,12,196,949,5
62,"Akeem Hunt, Purdue (Big Ten)",Sr.,RB,12,173,949,6
66,"J.T. Barrett, Ohio St. (Big Ten)",Fr.,QB,12,171,938,11
67,"Synjyn Days, Georgia Tech (ACC)",Sr.,RB,14,157,924,9
67,"Marcus Murphy, Missouri (SEC)",Sr.,RB,14,177,924,4
69,"Aaron Green, TCU (Big 12)",Jr.,RB,13,129,922,9
70,"Shadrach Thornton, NC State (ACC)",Jr.,RB,13,164,907,9
70,"Ralph Webb, Vanderbilt (SEC)",Fr.,RB,12,212,907,4
72,"Drew Hare, NIU (MAC)",So.,QB,14,159,900,8
73,"Jalen Hurd, Tennessee (SEC)",Fr.,RB,13,190,899,5
74,"Tarean Folston, Notre Dame (FBS Independent)",So.,RB,13,175,889,6
75,"Tyler Ervin, San Jose St. (Mountain West)",Jr.,RB,12,158,888,4
76,"Breon Allen, East Carolina (AAC)",Sr.,RB,13,134,869,8
77,"Jon Hilliman, Boston College (ACC)",Fr.,RB,13,210,860,13
78,"Zach Laskey, Georgia Tech (ACC)",Sr.,RB,12,171,851,9
79,"Matt Jones, Florida (SEC)",Jr.,RB,11,166,817,6
80,"Angel Santiago, Army West Point (FBS Independent)",Sr.,QB,12,192,814,10
81,"Mark Weisman, Iowa (Big Ten)",Sr.,RB,13,213,812,16
82,"Teriyon Gipson, New Mexico (Mountain West)",So.,RB,11,150,809,8
83,"Alonzo Harris, Louisiana (Sun Belt)",Sr.,RB,12,172,807,12
84,"Zack Langer, Tulsa (AAC)",Jr.,RB,10,196,801,4
85,"Steward Butler, Marshall (C-USA)",Jr.,RB,12,107,798,7
85,"Nick Marshall, Auburn (SEC)",Sr.,QB,13,153,798,11
87,"Brian Hill, Wyoming (Mountain West)",Fr.,RB,12,145,796,7
88,"Rushel Shell, West Virginia (Big 12)",So.,RB,12,176,788,7
89,"Ouellette, Ohio (MAC)",---,,10,160,785,7
90,"Marquise Williams, North Carolina (ACC)",Jr.,QB,13,193,783,13
91,"Fredi Knighten, Arkansas St. (Sun Belt)",Jr.,QB,13,211,779,11
92,"Marcus Mariota, Oregon (Pac-12)",Jr.,QB,15,135,770,15
92,"Desmond Roland, Oklahoma St. (Big 12)",Sr.,RB,11,203,770,10
94,"Wayne Gallman, Clemson (ACC)",Fr.,RB,13,161,769,4
95,"Reggie Whatley, Middle Tenn. (C-USA)",Sr.,RB,12,113,767,7
96,"Storm Woods, Oregon St. (Pac-12)",Jr.,RB,10,121,766,5
97,"Fred Coppet, Bowling Green (MAC)",So.,RB,13,141,764,6
98,"Shaun Wick, Wyoming (Mountain West)",Jr.,RB,9,126,753,6
99,"Kevin Parks, Virginia (ACC)",Sr.,RB,12,189,745,4
100,"Brandon Radcliff, Louisville (ACC)",Jr.,RB,13,144,737,12
101,"Josh Ferguson, Illinois (Big Ten)",Jr.,RB,13,146,735,8
102,"Terry Swanson, Toledo (MAC)",Fr.,RB,12,113,732,6
103,"Wendell Smallwood, West Virginia (Big 12)",So.,RB,13,148,722,2
104,"Terrence Franks, Texas St. (Sun Belt)",Sr.,RB,12,107,712,8
105,"Malcolm Brown, Texas (Big 12)",Sr.,RB,13,183,708,6
106,"Trevone Boykin, TCU (Big 12)",Jr.,QB,13,152,707,8
107,"Tommy Armstrong Jr., Nebraska (Big Ten)",So.,QB,13,145,705,6
107,"Kendall Houston, South Alabama (Sun Belt)",Sr.,RB,13,139,705,2
109,"William Stanback, UCF (AAC)",So.,RB,10,189,697,10
109,"Dwayne Washington, Washington (Pac-12)",So.,RB,13,132,697,9
111,"Terron Ward, Oregon St. (Pac-12)",Sr.,RB,10,133,696,10
112,"Chris Swain, Navy (FBS Independent)",Jr.,RB,13,104,693,4
113,"Karlos Williams, Florida St. (ACC)",Sr.,DB,12,150,689,11
114,"Sherman Badie, Tulane (AAC)",Fr.,RB,12,121,688,3
115,"Kale Pearson, Air Force (Mountain West)",Sr.,QB,12,171,687,6
116,"Akeel Lynch, Penn St. (Big Ten)",So.,RB,13,147,678,4
117,"Chase Price, San Diego St. (Mountain West)",Jr.,RB,13,141,674,5
118,"D.J. Vinson, UAB (C-USA)",Sr.,WR,12,166,670,9
119,"Joel Bouagnon, NIU (MAC)",So.,RB,14,113,655,5
120,"Terrence Broadway, Louisiana (Sun Belt)",Sr.,QB,13,146,653,3
121,"Darik Dillard, Rice (C-USA)",So.,RB,13,134,652,11
122,"Steven Lakalaka, Hawaii (Mountain West)",So.,RB,10,159,646,2
123,"Brett Hundley, UCLA (Pac-12)",Jr.,QB,13,159,644,10
124,"Aaron Wimberly, Iowa St. (Big 12)",Sr.,RB,11,147,642,7
125,"Johnathan Gray, Texas (Big 12)",Jr.,RB,13,147,637,7
126,"James Butler, Nevada (Mountain West)",Fr.,RB,13,140,635,5
127,"Corey Avery, Kansas (Big 12)",Fr.,RB,12,151,631,5
128,"Nick Hill, Michigan St. (Big Ten)",Sr.,RB,13,107,622,9
129,"Jawon Chisholm, Akron (MAC)",Sr.,RB,11,114,620,8
130,"Rod Moore, Cincinnati (AAC)",Sr.,RB,13,143,618,5
130,"Shaquille Powell, Duke (ACC)",Jr.,RB,12,134,618,2
132,"Prince-Tyson Gulley, Syracuse (ACC)",Sr.,RB,12,128,614,1
133,"Matt Davis, SMU (AAC)",So.,QB,10,108,613,4
134,"Lamar Jordan, New Mexico (Mountain West)",Fr.,QB,11,120,612,3
135,"Ryan Jackson, Houston (AAC)",Jr.,RB,13,112,610,5
136,"Centarius Donald, ULM (Sun Belt)",Sr.,RB,11,153,606,6
137,"Remound Wright, Stanford (Pac-12)",Sr.,RB,12,135,601,11
138,"Shaun Wilson, Duke (ACC)",Fr.,RB,13,78,598,5
139,"Justin Davis, Southern California (Pac-12)",So.,RB,13,129,595,4
139,"Alex Ross, Oklahoma (Big 12)",So.,RB,13,88,595,4
141,"Grant Hedrick, Boise St. (Mountain West)",Sr.,QB,14,155,592,8
142,"Elijhaa Penny, Idaho (Sun Belt)",Jr.,RB,11,138,590,12
143,"Antoinne Jimmerson, North Texas (C-USA)",Jr.,RB,11,120,589,5
144,"Jaylen Walton, Ole Miss ()",Jr.,RB,13,106,586,5
145,"Brandon Burks, Troy (Sun Belt)",Jr.,RB,11,96,584,3
146,"T.J. Logan, North Carolina (ACC)",So.,RB,13,119,582,3
146,"Anthon Samuel, FIU (C-USA)",Jr.,RB,11,132,582,5
148,"Tra Carson, Texas A&M (SEC)",Jr.,RB,12,124,581,5
149,"Tanner McEvoy, Wisconsin (Big Ten)",Jr.,QB,14,65,574,6
150,"Matt Dayes, NC State (ACC)",So.,RB,13,104,573,8
150,"Greg Ward, Jr., Houston (AAC)",So.,WR,13,118,573,6
152,"Terrence Magee, LSU (SEC)",Sr.,RB,13,112,571,3
152,"Jay Warren, Fla. Atlantic (C-USA)",So.,RB,10,121,571,2
154,"David Glasco II, UTSA (C-USA)",Sr.,RB,12,150,570,5
154,"Brandon Wilds, South Carolina (SEC)",Jr.,RB,12,106,570,4
156,"Jerrel Brown, Idaho (Sun Belt)",Sr.,RB,11,117,569,4
157,"Terris Jones-Grigsby, Arizona (Pac-12)",Sr.,RB,12,121,567,3
158,"Lavon Coleman, Washington (Pac-12)",Fr.,RB,11,138,565,1
158,"Kelvin Taylor, Florida (SEC)",So.,RB,12,116,565,6
160,"Reginald Bell, Eastern Mich. (MAC)",Fr.,QB,10,133,562,4
161,"Trey Williams, Texas A&M (SEC)",Jr.,RB,12,81,560,7
162,"Jordan Parker, Middle Tenn. (C-USA)",Jr.,RB,12,128,546,2
162,"Remi Watson, Marshall (C-USA)",Jr.,RB,14,100,546,6
164,"Conor Hundley, Akron (MAC)",Jr.,RB,11,104,540,4
164,"Lajuan Hunt, Utah St. (Mountain West)",Fr.,RB,14,111,540,1
164,"Charles Jones, Kansas St. (Big 12)",So.,RB,13,133,540,13
167,"C.J. Brown, Maryland (Big Ten)",Sr.,QB,13,161,539,8
167,"Tyler Jones, Texas St. (Sun Belt)",So.,QB,12,166,539,6
169,"Ito Smith, Southern Miss. (C-USA)",Fr.,RB,12,136,536,2
170,"Tyreek Hill, Oklahoma St. (Big 12)",Jr.,RB,12,102,534,1
171,"J.C. Coleman, Virginia Tech (ACC)",Jr.,RB,13,107,533,3
171,"Lazedrick Thompson, Tulane (AAC)",So.,RB,11,109,533,4
173,"Nathan Jeffery, UTEP (C-USA)",Sr.,RB,13,114,531,5
174,"Jacoby Brissett, NC State (ACC)",Jr.,QB,13,124,529,3
174,"Raheem Mostert, Purdue (Big Ten)",Sr.,RB,12,93,529,3
174,"Reggie Pegram, North Texas (C-USA)",Sr.,RB,12,145,529,5
177,"Chris Hairston, East Carolina (AAC)",Jr.,RB,13,79,528,2
178,"Bill Belton, Penn St. (Big Ten)",Sr.,RB,13,125,526,6
179,"Josh Quezada, Fresno St. (Mountain West)",Sr.,RB,13,134,525,5
180,"Johnny Jefferson, Baylor (Big 12)",Fr.,RB,11,100,524,6
181,"De'Veon Smith, Michigan (Big Ten)",So.,RB,12,108,519,6
182,"Anthony Wales, Western Ky. (C-USA)",So.,RB,11,82,518,5
183,"Nick Holley, Kent St. (MAC)",So.,WR,11,125,516,3
184,"Johnston White, Arkansas St. (Sun Belt)",Fr.,RB,13,95,514,6
185,"Shayne Davern, Air Force (Mountain West)",So.,RB,11,111,513,8
185,"Jaquez Johnson, Fla. Atlantic (C-USA)",Jr.,QB,11,120,513,7
187,"Joe Yearby, Miami (FL) (ACC)",Fr.,RB,12,86,509,1
188,"Joe Hill, Utah St. (Mountain West)",Sr.,RB,13,118,507,4
189,"Jordan Chunn, Troy (Sun Belt)",So.,RB,12,111,505,6
190,"Keith Whitely, UNLV (Mountain West)",So.,RB,13,118,504,2
191,"Jojo Natson, Utah St. (Mountain West)",Jr.,WR,13,50,498,3
192,"Jordan Canzeri, Iowa (Big Ten)",Jr.,RB,11,102,494,0
193,"D'Angelo Roberts, Indiana (Big Ten)",Sr.,RB,12,107,493,6
194,"Shane Tucker, Middle Tenn. (C-USA)",So.,RB,12,97,486,8
194,"Stanley Williams, Kentucky (SEC)",Fr.,RB,10,74,486,5
196,"Jake Waters, Kansas St. (Big 12)",Sr.,QB,13,154,484,9
197,"Rakeem Cato, Marshall (C-USA)",Sr.,QB,14,94,482,8
198,"Andre Givens, Bowling Green (MAC)",Jr.,RB,13,101,479,8
199,"Demario Richard, Arizona St. (Pac-12)",---,,12,84,478,4
200,"Chad Voytik, Pittsburgh ()",So.,QB,13,108,466,3
