Rank,Player,Cl,Pos,G,Rush,Rush Yds,Rush TD
1,"Joe Protheroe, Cal Poly (Big Sky)",Sr.,RB,11,363,"1,810",13
2,"Ryan Fulse, Wagner (NEC)",Sr.,RB,11,316,"1,710",12
3,"A.J. Hines, Duquesne (NEC)",Jr.,RB,12,266,"1,520",15
4,"Sam McPherson, Eastern Wash. (Big Sky)",Sr.,RB,15,204,"1,510",13
5,"Calvin Turner Jr, Jacksonville (Pioneer)",So.,QB,10,206,"1,431",17
6,"Troy Andersen, Montana St. (Big Sky)",So.,QB,13,206,"1,412",21
7,"Jordan Meachum, Sacred Heart (NEC)",Sr.,RB,11,225,"1,396",11
8,"Josh Davis, Weber St. (Big Sky)",Fr.,RB,12,250,"1,362",9
9,"Tucker Yinger, Dayton (Pioneer)",Sr.,RB,11,177,"1,340",9
10,"James Robinson, Illinois St. (MVFC)",Jr.,RB,11,205,"1,290",12
11,"Tevin McCaster, Youngstown St. (MVFC)",Sr.,RB,11,269,"1,235",12
12,"Marquis Terry, Southeast Mo. St. (OVC)",Sr.,RB,13,207,"1,229",14
13,"Wesley Dugger, Davidson (Pioneer)",So.,RB,10,187,"1,225",16
14,"James Holland Jr., Colgate (Patriot)",Sr.,RB,12,207,"1,219",12
15,"De'Shawn Waller, Alcorn (SWAC)",Jr.,RB,10,187,"1,215",12
16,"Elijah Dotson, Sacramento St. (Big Sky)",So.,RB,10,185,"1,154",9
17,"Donald Liotine, Stony Brook (CAA)",Sr.,RB,12,221,"1,148",6
18,"Taeyler Porter, Ark.-Pine Bluff (SWAC)",Jr.,RB,10,226,"1,138",9
19,"D.J. Davis, Southern Ill. (MVFC)",Jr.,RB,11,178,"1,118",6
20,"Ra'Quanne Dickens, UIW (Southland)",Sr.,RB,11,177,"1,117",14
21,"Pierre  Strong, South Dakota St. (MVFC)",Fr.,RB,13,117,"1,116",11
22,"Dawonya Tucker, Prairie View (SWAC)",Jr.,RB,11,164,"1,096",6
23,"Noah Johnson, Alcorn (SWAC)",Jr.,QB,13,144,"1,080",11
24,"Aaron Shampklin, Harvard (Ivy League)",So.,DB,10,173,"1,053",9
25,"Ramon Jefferson, Maine (CAA)",Fr.,RB,12,182,"1,037",8
26,"Isaiah Ifanse, Montana St. (Big Sky)",Fr.,RB,13,196,"1,025",7
27,"Juwon Farri, Monmouth (Big South)",Fr.,RB,11,139,"1,024",8
28,"Tyrie Adams, Western Caro. (SoCon)",Jr.,QB,11,194,"1,016",10
29,"Marquell Cartwright, N.C. A&T (MEAC)",Sr.,RB,12,197,"1,006",7
30,"Jordan Gowins, Stony Brook (CAA)",Sr.,RB,11,173,995,8
31,"Dontrell Taylor, Nicholls (Southland)",Jr.,RB,12,137,990,9
32,"Ulonzo Gilliam, UC Davis (Big Sky)",Fr.,RB,13,186,976,13
33,"James Madison, Idaho St. (Big Sky)",Sr.,RB,11,194,974,11
34,"Brad Sznajder, Butler (Pioneer)",Jr.,RB,11,176,972,5
35,"Marcus Weymiller, UNI (MVFC)",Sr.,WR,13,235,964,7
36,"Darnell Holland, Kennesaw St. (Big South)",Sr.,RB,13,80,949,9
37,"Ja'Quan Keys, Indiana St. (MVFC)",Sr.,RB,7,158,948,13
38,"Brady Oliveira, North Dakota (FCS Independent)",Sr.,RB,11,162,936,8
39,"Isaiah Saunders, Idaho (Big Sky)",Sr.,RB,11,203,931,6
40,"Tyray Devezin, Mercer (SoCon)",So.,RB,11,164,926,8
41,"Bruce Anderson, North Dakota St. (MVFC)",Sr.,RB,13,124,924,9
42,"Pete Guerriero, Monmouth (Big South)",So.,RB,9,134,918,8
43,"Andre Stoddard, Wofford (SoCon)",Sr.,RB,12,156,913,11
44,"Chandler Burks, Kennesaw St. (Big South)",Sr.,QB,13,189,905,29
45,"Tyrece Nick, South Carolina St. (MEAC)",Fr.,,11,211,903,12
46,"Karekin Brooks, Penn (Ivy League)",Jr.,RB,10,167,898,8
47,"Quay Holmes, ETSU (SoCon)",Fr.,RB,12,205,897,13
48,"Aaron Dawson, Central Conn. St. (NEC)",So.,RB,11,122,896,13
49,"John Lovett, Princeton (Ivy League)",Sr.,QB,9,141,894,13
50,"William Wicks, Davidson (Pioneer)",Jr.,WR,10,98,884,11
51,"Lance Dunn, North Dakota St. (MVFC)",Sr.,RB,13,160,880,12
52,"Jalen Morton, Prairie View (SWAC)",Jr.,QB,11,130,874,10
53,"Lennox McAfee, Wofford (SoCon)",Sr.,RB,13,120,854,8
54,"Ty Flanagan, Idaho St. (Big Sky)",Jr.,RB,11,132,844,8
55,"Kentel Williams, Austin Peay (OVC)",Jr.,RB,9,104,831,7
56,"Jay Green, Southern Utah (Big Sky)",Jr.,RB,11,162,829,7
57,"Aaron Forbes, Villanova (CAA)",Sr.,RB,11,153,828,9
58,"Kyran Jackson, Sam Houston (Southland)",So.,RB,11,169,809,8
59,"William  Robinson, Hampton (FCS Independent)",So.,RB,10,113,799,7
60,"Terence Stephens Jr., Robert Morris (NEC)",So.,RB,11,169,793,4
61,"Carlos Blackman, Central Ark. (Southland)",Jr.,RB,11,163,786,9
62,"Lawson Page, Morehead St. (Pioneer)",Sr.,QB,11,165,780,8
62,"L.J. Scott, Eastern Ky. (OVC)",Sr.,RB,11,150,780,8
64,"B. Femiano, Bryant (NEC)",Sr.,RB,11,151,778,6
65,"Jareem Westcott, Stetson (Pioneer)",Fr.,RB,10,148,774,13
66,"Isaiah Totten, N.C. Central (MEAC)",So.,RB,11,139,768,7
67,"Elijah Ibitokun-Hanks, UAlbany (CAA)",Sr.,RB,11,161,767,4
68,"Tracy James, Abilene Christian (Southland)",Jr.,RB,11,176,764,6
69,"Jaylan Thomas, Elon (CAA)",Fr.,RB,8,115,761,4
70,"Dominick Bragalone, Lehigh (Patriot)",Sr.,RB,10,217,757,7
70,"Milo Hall, Northern Colo. (Big Sky)",Jr.,RB,11,161,757,7
72,"Drew Jean-Guillaume, Central Conn. St. (NEC)",Jr.,RB,11,124,756,7
73,"Tom Flacco, Towson (CAA)",Jr.,QB,12,168,742,4
74,"Ty Brooks, North Dakota St. (MVFC)",Jr.,RB,13,104,737,5
75,"P.J. Simmons, Alcorn (SWAC)",Sr.,RB,13,145,735,4
75,"Jared West, Northwestern St. (Southland)",Jr.,RB,11,158,735,4
77,"Billy McCrary III, Abilene Christian (Southland)",Jr.,RB,10,88,724,8
78,"Jaelen Greene, Jacksonville St. (OVC)",So.,RB,13,134,723,4
79,"Lorenzo Ward, The Citadel (SoCon)",Jr.,RB,11,179,722,7
79,"Devin Wynn, Furman (SoCon)",So.,RB,10,113,722,6
81,"Garnett Nicholas, Jacksonville (Pioneer)",Fr.,RB,11,128,718,9
82,"Julius Chestnut, Sacred Heart (NEC)",Fr.,RB,11,116,713,7
83,"Shane Simpson, Towson (CAA)",Jr.,RB,12,151,711,6
84,"Harold Coles, Cornell (Ivy League)",Jr.,RB,10,131,710,7
84,"Emilio Martinez, San Diego (Pioneer)",So.,RB,11,132,710,9
86,"Isaiah Johnson, Eastern Ill. (OVC)",Sr.,RB,11,99,708,7
87,"Devon Benn, Southern U. (SWAC)",Jr.,RB,11,153,707,3
88,"Dedrick Parson, Howard (MEAC)",So.,RB,10,125,706,9
89,"Jared Gerbino, Dartmouth (Ivy League)",Jr.,WR,8,115,700,8
90,"Tyrell Price, Chattanooga (SoCon)",Jr.,RB,11,190,697,9
91,"Tehran Thomas, UC Davis (Big Sky)",So.,RB,12,102,686,6
92,"Alan Lamar, Yale (Ivy League)",Jr.,RB,8,124,685,9
92,"Tee Mitchell, Mercer (SoCon)",Sr.,RB,9,126,685,6
92,"Tyler Phelps, Davidson (Pioneer)",So.,QB,11,95,685,4
95,"Myles Wanza, Lamar University (Southland)",So.,RB,9,110,683,3
96,"Easton Stick, North Dakota St. (MVFC)",Sr.,QB,15,117,677,17
97,"Dalton Sneed, Montana (Big Sky)",Jr.,QB,11,131,675,6
97,"Charles Volker, Princeton (Ivy League)",Sr.,RB,9,97,675,14
99,"Trevon Walters, Alabama A&M (SWAC)",Jr.,RB,11,107,669,7
100,"Daniel Smith, Campbell (Big South)",So.,QB,10,101,668,13
101,"Khaleel Jenkins, Cal Poly (Big Sky)",Sr.,QB,10,191,664,9
102,"Collin Eaddy, Princeton (Ivy League)",So.,RB,10,93,663,4
103,"Chase Fourcade, Nicholls (Southland)",Jr.,QB,13,152,659,13
104,"Rashaad Cooper, Dartmouth (Ivy League)",Sr.,RB,10,100,657,6
104,"Cardon Johnson, James Madison (CAA)",Sr.,RB,13,143,657,5
106,"Jah-Maine Martin, N.C. A&T (MEAC)",So.,RB,12,98,656,7
107,"Daryl McCleskey, Eastern Ky. (OVC)",Jr.,RB,11,144,651,5
108,"Brycen Alleyne, Delaware St. (MEAC)",Sr.,RB,10,140,646,5
108,"James Johannesson, North Dakota (FCS Independent)",Jr.,RB,11,93,646,4
110,"Steve McShane, Western Ill. (MVFC)",Sr.,RB,11,117,644,7
111,"Domenic Cozier, Holy Cross (Patriot)",Jr.,RB,10,130,643,8
112,"Deshawn Smith, Florida A&M (MEAC)",Jr.,RB,11,96,640,4
113,"Mikey Daniel, South Dakota St. (MVFC)",Jr.,RB,12,139,630,10
114,"Antoine Custer Jr., Eastern Wash. (Big Sky)",Jr.,RB,11,97,625,8
115,"A.J. Walker, Lamar University (Southland)",Jr.,RB,12,146,623,2
116,"Jacob Saylors, ETSU (SoCon)",Fr.,RB,11,86,615,4
117,"Rocky Reid, Campbell (Big South)",Jr.,RB,11,153,614,5
118,"Eric Barriere, Eastern Wash. (Big Sky)",So.,QB,14,99,613,8
119,"Trevor Allen, UNI (MVFC)",Jr.,RB,11,134,611,5
120,"Ryan Boyle, Indiana St. (MVFC)",Jr.,QB,10,114,610,6
121,"Dejoun Lee, Delaware (CAA)",So.,RB,12,124,606,2
122,"Kierre Crossley, Central Ark. (Southland)",So.,RB,11,106,600,2
123,"Darrel Colbert, Jr., Lamar University (Southland)",Sr.,QB,12,158,597,10
124,"Karl Mofor, UAlbany (CAA)",So.,RB,11,105,596,5
125,"Kani Kane, Delaware (CAA)",Sr.,RB,12,147,595,10
126,"Malcolm Summers, Elon (CAA)",Sr.,RB,5,97,591,3
127,"Carlos Washington, Jr., New Hampshire (CAA)",Fr.,RB,11,99,582,6
128,"Shaquil Terry, Kennesaw St. (Big South)",So.,RB,13,78,576,5
129,"James Story, Davidson (Pioneer)",Jr.,RB,11,77,571,13
130,"Alijah Jackson, Robert Morris (NEC)",Fr.,RB,8,105,568,5
131,"Titus McCoy, Indiana St. (MVFC)",So.,RB,11,120,565,6
132,"Kendall Bussey, Nicholls (Southland)",Jr.,RB,13,127,563,4
132,"Adam Cofield, North Dakota St. (MVFC)",So.,RB,15,82,563,6
134,"Markel Smith, Illinois St. (MVFC)",Jr.,RB,10,93,562,4
135,"LaDarius Galloway, UT Martin (OVC)",Sr.,RB,11,136,561,5
136,"John Santiago, North Dakota (FCS Independent)",Sr.,RB,9,97,558,1
137,"Tamarick Pierce, Eastern Wash. (Big Sky)",Jr.,RB,14,70,550,7
137,"Trai Sharp, James Madison (CAA)",Sr.,RB,13,117,550,4
139,"Nathan Walker, Wofford (SoCon)",Fr.,RB,13,77,547,3
140,"Julien Gums, Nicholls (Southland)",Fr.,RB,9,80,544,6
141,"D.J. Penick, Murray St. (OVC)",So.,F,10,113,543,4
142,"Terrence Wilson, Charleston So. (Big South)",So.,RB,10,87,540,6
143,"Bishop Bonnett, Florida A&M (MEAC)",So.,,11,74,533,3
143,"Joe Newman, Wofford (SoCon)",Jr.,QB,13,130,533,5
145,"Jordan Johnson, Jackson St. (SWAC)",Jr.,RB,9,96,529,3
145,"Brandon Rainey, The Citadel (SoCon)",So.,RB,4,93,529,3
145,"Connell Young, Western Caro. (SoCon)",Jr.,RB,10,106,529,2
148,"Dreshawn Minnieweather, Houston Christian (Southland)",So.,RB,10,83,528,5
149,"Te'kendrick Roberson, Tennessee St. (OVC)",Jr.,RB,9,100,527,1
150,"Jared Cooper, Bucknell (Patriot)",Fr.,RB,10,161,525,2
151,"Ladarius Skelton, Southern U. (SWAC)",So.,QB,10,99,523,8
152,"Jovan Smith, Morehead St. (Pioneer)",Fr.,RB,10,88,521,7
153,"Darren Johnson, Southeastern La. (Southland)",Sr.,RB,11,107,519,3
154,"Jeremiah Oatsvall, Austin Peay (OVC)",So.,QB,11,85,517,6
155,"Jordan Hoy, Lamar University (Southland)",Jr.,QB,9,81,516,7
155,"Jymere Jordan-Toney, Saint Francis (PA) (NEC)",Sr.,RB,11,162,516,3
157,"Joshua Chase, Morgan St. (MEAC)",Jr.,RB,9,127,514,3
157,"Adam Eastwood, Montana (Big Sky)",Fr.,RB,11,125,514,9
159,"Drew Lauer, Drake (Pioneer)",Sr.,RB,11,148,511,3
160,"Jordan Bentley, Alabama A&M (SWAC)",Jr.,RB,10,74,509,7
160,"Kai Henry, South Dakota (MVFC)",So.,RB,10,131,509,7
160,"Eli Turner, Davidson (Pioneer)",Fr.,RB,11,72,509,2
163,"Darryn Jordan, Marist (Pioneer)",Jr.,RB,11,134,507,1
164,"Donnavan Spencer, Western Caro. (SoCon)",So.,RB,11,80,506,4
165,"Caylin Newton, Howard (MEAC)",So.,QB,10,156,504,4
166,"Geremy Hickbottom, Grambling (SWAC)",So.,QB,11,123,500,8
167,"Anthony Scaccia, Butler (Pioneer)",Sr.,RB,11,118,499,4
168,"LaDarius Dickens, Houston Christian (Southland)",So.,RB,11,100,497,1
169,"David Hamm, McNeese (Southland)",Sr.,RB,11,99,488,4
169,"Jake McKenzie, Kennesaw St. (Big South)",Sr.,RB,12,110,488,1
171,"Andrew Goldsmith, Tennessee Tech (OVC)",Jr.,RB,11,125,484,3
172,"Jayln Cagle, Gardner-Webb (Big South)",Jr.,RB,10,126,476,4
172,"Joe Fitzpatrick, Maine (CAA)",Sr.,RB,13,120,476,4
172,"Tyriek Hopkins, Fordham (Patriot)",Jr.,RB,11,106,476,4
175,"Kevin Duke, Sacred Heart (NEC)",Sr.,QB,10,91,473,7
176,"Matt Taft, Stetson (Pioneer)",Sr.,RB,10,91,471,3
177,"Darian Green, Portland St. (Big Sky)",Sr.,RB,11,109,470,2
177,"Cory Young, Northern Ariz. (Big Sky)",Sr.,RB,9,103,470,6
179,"Brad Woodard, Texas Southern (SWAC)",Sr.,RB,11,104,469,4
180,"Jordan Black, The Citadel (SoCon)",Jr.,QB,9,119,467,10
181,"Ameer King, UIW (Southland)",Fr.,RB,11,84,460,1
182,"Jimmie Robinson, Bethune-Cookman (MEAC)",Sr.,WR,12,46,459,4
183,"Zoe Bryant, Rhode Island (CAA)",Jr.,RB,9,114,456,3
184,"Rodney Castille, Murray St. (OVC)",So.,WR,11,80,455,2
184,"Kobe Young, Towson (CAA)",So.,RB,11,72,455,3
186,"Drew Hernandez, Cal Poly (Big Sky)",So.,RB,10,60,453,0
187,"Jarius Jeter, Presbyterian (Big South)",Fr.,DB,10,123,452,0
188,"Marcus Marshall, James Madison (CAA)",Sr.,RB,10,78,446,6
189,"Zola Davis, Presbyterian (Big South)",Jr.,RB,10,118,440,2
190,"Joe Logan, Northern Ariz. (Big Sky)",Jr.,RB,7,93,437,5
191,"Devin Darrington, Harvard (Ivy League)",So.,DB,9,70,435,5
191,"Naim Jones, Rhode Island (CAA)",Jr.,RB,8,98,435,4
193,"Ben DiNucci, James Madison (CAA)",Jr.,QB,13,107,433,9
194,"C.J. Amill, Lafayette (Patriot)",Sr.,RB,10,97,431,4
194,"D'Vonn Gibbons, Savannah St. (MEAC)",So.,QB,10,146,431,4
196,"DeMarcus Ware, Samford (SoCon)",Fr.,RB,10,87,429,7
197,"London Johnson, Charleston So. (Big South)",Jr.,QB,9,110,427,4
198,"Jason Randall, Missouri St. (MVFC)",Sr.,RB,10,96,426,5
199,"Davis Alexander, Portland St. (Big Sky)",So.,QB,11,112,424,12
199,"Tupac Isme, Bethune-Cookman (MEAC)",Jr.,RB,11,84,424,3
