Rank,Player,Cl,Pos,G,Rush,Rush Yds,Rush TD
1,"Rashaad Penny, San Diego St. (Mountain West)",Sr.,RB,13,289,"2,248",23
2,"Bryce Love, Stanford (Pac-12)",Jr.,RB,13,263,"2,118",19
3,"Jonathan Taylor, Wisconsin (Big Ten)",Fr.,RB,14,299,"1,977",13
4,"Devin Singletary, Fla. Atlantic (C-USA)",So.,RB,14,301,"1,920",32
5,"Ahmad Bradshaw, Army West Point (FBS Independent)",Sr.,QB,13,242,"1,746",14
6,"Lamar Jackson, Louisville (ACC)",Jr.,QB,13,232,"1,601",18
7,"AJ Dillon, Boston College (ACC)",Fr.,RB,13,300,"1,589",14
8,"Ronald Jones, Southern California (Pac-12)",Jr.,RB,13,261,"1,550",19
9,"D'Angelo Brewer, Tulsa (AAC)",Sr.,RB,11,288,"1,517",9
10,"Diocemy Saint Juste, Hawaii (Mountain West)",Sr.,RB,12,282,"1,510",7
11,"Royce Freeman, Oregon (Pac-12)",Sr.,RB,12,244,"1,475",16
12,"Phillip Lindsay, Colorado (Pac-12)",Sr.,RB,12,301,"1,474",14
13,"Justice Hill, Oklahoma St. (Big 12)",So.,RB,13,268,"1,467",15
14,"Josh Adams, Notre Dame (FBS Independent)",Jr.,RB,13,206,"1,430",9
15,"Zach Abey, Navy (AAC)",Jr.,QB,12,293,"1,413",19
15,"Ito Smith, Southern Miss. (C-USA)",Sr.,RB,13,248,"1,413",13
17,"Khalil Tate, Arizona (Pac-12)",So.,QB,11,153,"1,411",12
18,"J.K. Dobbins, Ohio St. (Big Ten)",Fr.,RB,14,194,"1,403",7
19,"Dalyn Dawkins, Colorado St. (Mountain West)",Sr.,RB,13,226,"1,399",8
20,"Kerryon Johnson, Auburn (SEC)",Jr.,RB,12,285,"1,391",18
21,"Myles Gaskin, Washington (Pac-12)",Jr.,RB,13,222,"1,380",21
22,"Terry Swanson, Toledo (MAC)",Sr.,RB,13,242,"1,363",14
23,"Nick Chubb, Georgia (SEC)",Sr.,RB,15,223,"1,345",15
24,"Lexington Thomas, UNLV (Mountain West)",Jr.,RB,12,211,"1,336",17
25,"Benny Snell, Kentucky (SEC)",So.,RB,13,262,"1,333",19
26,"Spencer Brown, UAB (C-USA)",Fr.,RB,13,250,"1,329",10
27,"Justin Jackson, Northwestern (Big Ten)",Sr.,RB,13,287,"1,311",11
28,"Saquon Barkley, Penn St. (Big Ten)",Jr.,RB,13,217,"1,271",18
29,"Derrius Guice, LSU (SEC)",Jr.,RB,12,237,"1,251",11
30,"Jarvion Franklin, Western Mich. (MAC)",Sr.,RB,12,235,"1,228",11
31,"Sony Michel, Georgia (SEC)",Sr.,RB,14,156,"1,227",16
32,"Jeffery Wilson, North Texas (C-USA)",Sr.,RB,11,188,"1,215",16
33,"Malcolm Perry, Navy (AAC)",So.,QB,12,138,"1,182",11
34,"Zack Moss, Utah (Pac-12)",So.,RB,13,214,"1,173",10
35,"Rodney Anderson, Oklahoma (Big 12)",So.,RB,14,188,"1,161",13
36,"Darrell Henderson, Memphis (AAC)",So.,RB,12,130,"1,154",9
37,"Taquon Marshall, Georgia Tech (ACC)",Jr.,QB,11,247,"1,146",17
37,"David Montgomery, Iowa St. (Big 12)",So.,RB,13,258,"1,146",11
39,"Patrick Laird, California (Pac-12)",Jr.,RB,11,191,"1,127",8
40,"Nyheim Hines, NC State (ACC)",Jr.,RB,13,197,"1,112",12
41,"Akrum Wadley, Iowa (Big Ten)",Sr.,RB,13,252,"1,109",10
42,"Aeris Williams, Mississippi St. (SEC)",Jr.,RB,13,236,"1,107",6
43,"Dontrell Hilliard, Tulane (AAC)",Sr.,RB,12,210,"1,091",12
44,"Alexander Mattison, Boise St. (Mountain West)",So.,RB,14,212,"1,086",12
45,"Quinton Flowers, South Fla. (AAC)",Sr.,QB,12,196,"1,078",11
46,"Xavier Jones, SMU (AAC)",So.,DB,13,182,"1,075",9
47,"Justin Crawford, West Virginia (Big 12)",Sr.,RB,12,190,"1,061",7
48,"Kirvonte Benson, Georgia Tech (ACC)",So.,RB,11,204,"1,053",6
49,"Ish Witter, Missouri (SEC)",Sr.,RB,13,188,"1,049",6
50,"Boston Scott, Louisiana Tech (C-USA)",Sr.,RB,13,182,"1,040",8
51,"Jalin Moore, App State (Sun Belt)",Jr.,RB,11,183,"1,037",12
52,"Demario Richard, Arizona St. (Pac-12)",Sr.,RB,12,198,"1,027",12
53,"Aaron Duckworth, Idaho (Sun Belt)",Sr.,RB,12,193,"1,025",4
54,"Cam Akers, Florida St. (ACC)",Fr.,RB,13,194,"1,024",7
55,"Jonathan Ward, Central Mich. (MAC)",So.,RB,13,179,"1,017",10
56,"Jordan Wilkins, Ole Miss (SEC)",Sr.,RB,12,155,"1,011",9
57,"A.J. Ouellette, Ohio (MAC)",Jr.,RB,13,192,"1,006",7
58,"Caleb Huntley, Ball St. (MAC)",Fr.,RB,12,210,"1,003",3
59,"Damien Harris, Alabama (SEC)",Jr.,RB,14,135,"1,000",11
60,"Karan Higdon, Michigan (Big Ten)",Jr.,RB,13,164,994,11
61,"Nick Fitzgerald, Mississippi St. (SEC)",Jr.,QB,12,162,984,14
62,"Marquis Young, Massachusetts (FBS Independent)",Jr.,RB,12,182,982,9
63,"Rodney Smith, Minnesota (Big Ten)",Jr.,RB,12,229,977,3
64,"Travis Homer, Miami (FL) (ACC)",So.,RB,13,163,966,8
65,"Darius Tice, South Fla. (AAC)",Sr.,RB,12,178,943,11
66,"Larry Rose III, New Mexico St. (Independent)",Sr.,RB,12,187,939,10
67,"Nathan Rourke, Ohio (MAC)",So.,QB,13,137,912,21
68,"Matt Colburn II, Wake Forest (ACC)",Jr.,RB,13,166,904,7
69,"LJ Scott, Michigan St. (Big Ten)",Jr.,RB,12,201,898,8
70,"Ty Johnson, Maryland (Big Ten)",Jr.,RB,12,137,875,5
71,"Patrick Taylor, Memphis (AAC)",So.,RB,12,157,866,13
72,"Jalen Hurts, Alabama (SEC)",So.,QB,14,154,855,8
72,"Kelton Moore, Nevada (Mountain West)",So.,RB,12,164,855,4
74,"J.J. Taylor, Arizona (Pac-12)",Fr.,RB,13,146,847,5
75,"Emmanuel Reed, Buffalo (MAC)",So.,RB,12,199,840,9
76,"Jordan Ellis, Virginia (ACC)",Jr.,RB,13,215,836,6
77,"Ralph Webb, Vanderbilt (SEC)",Sr.,RB,12,192,831,10
78,"Lajuan Hunt, Utah St. (Mountain West)",Sr.,RB,13,169,828,11
79,"Arion Worthman, Air Force (Mountain West)",Jr.,QB,10,217,821,13
80,"Tyler King, Marshall (C-USA)",Fr.,RB,11,158,820,7
80,"Darrel Williams, LSU (SEC)",Sr.,RB,13,145,820,9
82,"Alex Barnes, Kansas St. (Big 12)",So.,RB,13,146,819,7
83,"Shaun Wilson, Duke (ACC)",Sr.,RB,13,162,818,6
84,"Trey Ragas, Louisiana (Sun Belt)",Fr.,RB,11,142,813,9
85,"Keion Davis, Marshall (C-USA)",Jr.,RB,13,179,812,6
85,"Darnell Woolfolk, Army West Point (FBS Independent)",Jr.,RB,10,157,812,14
87,"Wesley Fields, Ga. Southern (Sun Belt)",Jr.,RB,12,173,811,5
88,"Ryan Nall, Oregon St. (Pac-12)",Jr.,RB,11,165,810,8
89,"Ian Eriksen, Eastern Mich. (MAC)",Jr.,RB,12,179,805,8
90,"Brandon Wimbush, Notre Dame (FBS Independent)",Jr.,QB,12,141,803,14
91,"J.T. Barrett, Ohio St. (Big Ten)",Sr.,QB,14,165,798,12
92,"Justin Stockton, Texas Tech (Big 12)",Sr.,RB,11,132,797,4
93,"D'Ernest Johnson, South Fla. (AAC)",Sr.,RB,12,193,796,7
94,"Josh Cleveland, Bowling Green (MAC)",Sr.,RB,12,147,793,4
95,"Alex Gardner, FIU (C-USA)",Sr.,RB,13,181,791,6
96,"Adrian Killins, UCF (AAC)",So.,RB,13,122,790,10
97,"Kenny Young, Miami (OH) (MAC)",Jr.,RB,11,145,781,6
98,"Armani Rogers, UNLV (Mountain West)",Fr.,QB,10,146,780,8
99,"John Kelly, Tennessee (SEC)",Jr.,RB,11,189,778,9
100,"Jordan Chunn, Troy (Sun Belt)",Sr.,RB,10,154,774,10
101,"Tyrone Owens, New Mexico (Mountain West)",Jr.,RB,12,139,770,4
102,"Darius Anderson, TCU (Big 12)",So.,RB,11,128,768,8
103,"Travis Etienne, Clemson (ACC)",Fr.,RB,13,107,766,13
104,"Juwan Washington, San Diego St. (Mountain West)",So.,RB,13,127,759,7
105,"Dorian Brown, Ohio (MAC)",Sr.,RB,12,111,757,11
106,"Jacques Patrick, Florida St. (ACC)",Jr.,RB,11,134,748,7
107,"Trey Sermon, Oklahoma (Big 12)",Fr.,RB,14,121,744,5
108,"Ray Lawry, Old Dominion (C-USA)",Sr.,RB,8,132,742,7
109,"Tim McVey, Air Force (Mountain West)",Sr.,RB,12,128,741,7
110,"Greg Howell, Fla. Atlantic (C-USA)",Sr.,RB,12,112,740,5
110,"Jordan Huff, NIU (MAC)",Sr.,RB,9,127,740,4
112,"Benny Lemay, Charlotte (C-USA)",So.,RB,11,137,732,2
113,"Andrew Clair, Bowling Green (MAC)",Fr.,RB,11,107,725,4
114,"Shai Werts, Ga. Southern (Sun Belt)",Fr.,QB,11,207,722,3
115,"Warren Wand, Arkansas St. (Sun Belt)",Jr.,RB,10,138,715,6
116,"Gus Edwards, Rutgers (Big Ten)",Sr.,RB,12,164,713,6
117,"Squally Canada, BYU (FBS Independent)",Jr.,RB,11,120,710,6
118,"Morgan Ellison, Indiana (Big Ten)",Fr.,RB,11,143,704,6
119,"Larry Rountree, Missouri (SEC)",Fr.,RB,13,126,703,6
120,"Shakif Seymour, Toledo (MAC)",Fr.,RB,14,116,702,12
121,"Brittain Brown, Duke (ACC)",Fr.,RB,13,130,701,7
122,"Shamari Brooks, Tulsa (AAC)",Fr.,RB,9,119,687,10
123,"Chris Evans, Michigan (Big Ten)",So.,RB,13,135,685,6
124,"Nic Smith, North Texas (C-USA)",Fr.,RB,14,138,684,6
125,"John Wolford, Wake Forest (ACC)",Sr.,QB,12,140,683,10
126,"Tyler Nevens, San Jose St. (Mountain West)",Fr.,RB,11,163,670,1
127,"Kalen Ballage, Arizona St. (Pac-12)",Sr.,RB,13,157,669,6
127,"Tavien Feaster, Clemson (ACC)",So.,RB,14,107,669,7
129,"Kelly Bryant, Clemson (ACC)",Jr.,QB,14,192,665,11
130,"Khalil Herbert, Kansas (Big 12)",So.,RB,11,120,663,4
131,"Alonzo Smith, Miami (OH) (MAC)",Jr.,RB,10,144,660,2
132,"Jalen Rhodes, UTSA (C-USA)",Jr.,RB,11,134,659,5
133,"David Williams, Arkansas (SEC)",Sr.,RB,12,117,656,8
134,"Jon Hilliman, Boston College (ACC)",Jr.,RB,13,167,638,5
134,"David Hood, Temple (AAC)",Jr.,RB,13,130,638,5
136,"Duke Catalon, Houston (AAC)",Jr.,RB,12,149,637,8
136,"Kyle Hicks, TCU (Big 12)",Sr.,RB,12,139,637,4
138,"Art Thompkins, Toledo (MAC)",So.,RB,14,104,629,2
138,"Kell Walker, Army West Point (FBS Independent)",So.,RB,12,86,629,6
140,"Darrin Hall, Pittsburgh (ACC)",Jr.,RB,12,128,628,9
141,"Andy Davidson, Army West Point (FBS Independent)",Jr.,LB,13,116,627,5
141,"Jordan Mims, Fresno St. (Mountain West)",Fr.,RB,14,151,627,6
143,"Mike Weber, Ohio St. (Big Ten)",Jr.,RB,12,101,626,10
144,"Tre King, Texas Tech (Big 12)",Jr.,RB,13,131,623,5
145,"Lorenzo Harrison, Maryland (Big Ten)",So.,RB,12,137,622,3
146,"Jeremy Cox, Old Dominion (C-USA)",Jr.,RB,9,147,621,4
146,"Chris High, Navy (AAC)",Sr.,RB,11,144,621,2
148,"D'Andre Swift, Georgia (SEC)",Fr.,RB,15,81,618,3
149,"Nick Wilson, Arizona (Pac-12)",Sr.,RB,11,128,614,6
150,"Jordon Brown, North Carolina (ACC)",So.,RB,12,138,613,4
150,"Izzy Matthews, Colorado St. (Mountain West)",Jr.,RB,11,132,613,8
150,"Mckenzie Milton, UCF (AAC)",So.,QB,13,106,613,8
153,"Ryquell Armstead, Temple (AAC)",Jr.,RB,13,156,604,5
154,"Kennedy McKoy, West Virginia (Big 12)",So.,RB,12,125,596,7
154,"Bo Scarbrough, Alabama (SEC)",Jr.,RB,14,124,596,8
156,"Eric Dungey, Syracuse (ACC)",Jr.,QB,9,143,595,9
156,"Trayveon Williams, Texas A&M (SEC)",So.,RB,12,151,595,6
158,"Glenn Smith, Georgia St. (Sun Belt)",Sr.,WR,12,170,594,3
159,"Jonathan Banks, Tulane (AAC)",Jr.,QB,11,148,592,7
160,"Jamauri Bogan, Western Mich. (MAC)",Jr.,RB,9,112,589,3
161,"Derrick Gore, ULM (Sun Belt)",Jr.,RB,12,164,585,6
162,"Kani Benoit, Oregon (Pac-12)",Sr.,RB,12,88,584,10
162,"Taylor Lamb, App State (Sun Belt)",Sr.,QB,13,78,584,5
164,"Josh Hokit, Fresno St. (Mountain West)",So.,RB,14,128,583,7
165,"Caleb Evans, ULM (Sun Belt)",So.,QB,12,137,579,13
166,"L.A. Ramsby, Ga. Southern (Sun Belt)",Sr.,RB,12,141,578,6
167,"Braeden West, SMU (AAC)",Jr.,RB,12,73,568,2
168,"Markell Jones, Purdue (Big Ten)",Jr.,RB,10,113,566,1
169,"Bolu Olorunfunmi, UCLA (Pac-12)",Jr.,RB,12,117,565,5
170,"Lamical Perine, Florida (SEC)",So.,RB,11,136,562,8
171,"D.J. Knox, Purdue (Big Ten)",Jr.,RB,13,90,561,2
171,"Kevin Mensah, UConn (AAC)",Fr.,RB,11,126,561,4
173,"Brian Lewerke, Michigan St. (Big Ten)",So.,QB,13,124,559,5
173,"Devwah Whaley, Arkansas (SEC)",So.,RB,12,127,559,7
175,"Michael Carter, North Carolina (ACC)",Fr.,RB,11,97,558,8
176,"Ty Isaac, Michigan (Big Ten)",Sr.,RB,9,88,548,2
177,"Dalton Sturm, UTSA (C-USA)",Sr.,QB,11,120,545,2
178,"Ke'Mon Freeman, SMU (AAC)",So.,RB,13,131,543,11
179,"Abdul Adams, Oklahoma (Big 12)",So.,RB,12,59,542,1
180,"Tyler Huntley, Utah (Pac-12)",So.,QB,10,168,537,6
181,"Jarred Craft, Louisiana Tech (C-USA)",Sr.,RB,11,119,532,3
181,"Hasaan Klugh, Charlotte (C-USA)",Jr.,QB,11,137,532,9
183,"A.J. Turner, South Carolina (SEC)",So.,RB,13,98,531,3
183,"Malik Williams, Louisville (ACC)",Sr.,RB,11,67,531,4
185,"Deshawn McClease, Virginia Tech (ACC)",So.,RB,12,108,530,3
186,"Malik Davis, Florida (SEC)",Fr.,RB,7,79,526,2
187,"Jamal Morrow, Washington St. (Pac-12)",Sr.,RB,13,86,522,4
188,"Shaq Vann, Eastern Mich. (MAC)",Jr.,RB,9,113,520,3
189,"Daniel Jones, Duke (ACC)",So.,QB,13,161,518,7
190,"Gerrid Doaks, Cincinnati (AAC)",Fr.,RB,9,87,513,2
191,"Tavares Thomas, Middle Tenn. (C-USA)",Fr.,LB,12,93,507,9
192,"Reggie Gallaspy, NC State (ACC)",Jr.,RB,13,116,506,7
192,"Isaiah Saunders, Idaho (Sun Belt)",Jr.,RB,12,126,506,2
194,"Jeremy Larkin, Northwestern (Big Ten)",So.,RB,13,84,503,5
195,"Alex Delton, Kansas St. (Big 12)",So.,QB,7,100,500,8
195,"M. Williams, App State (Sun Belt)",Fr.,,8,97,500,2
197,"Tony Brooks-James, Oregon (Pac-12)",Jr.,RB,12,93,498,2
198,"Kobe McCrary, Minnesota (Big Ten)",Sr.,RB,12,94,496,8
199,"Otis Anderson, UCF (AAC)",Fr.,WR,12,69,494,4
200,"Devine Ozigbo, Nebraska (Big Ten)",Jr.,RB,10,129,493,3
200,"Trey Woods, Wyoming (Mountain West)",Fr.,LB,12,142,493,2
