Rank,Player,Cl,Pos,G,Rush,Rush TD,Rush Yds
1,"Chuba Hubbard, Oklahoma St. (Big 12)",So.,RB,13,328,21,"2,094"
2,"Malcolm Perry, Navy (AAC)",Sr.,QB,13,295,21,"2,017"
3,"J.K. Dobbins, Ohio St. (Big Ten)",Jr.,RB,14,301,21,"2,003"
3,"Jonathan Taylor, Wisconsin (Big Ten)",Jr.,RB,14,320,21,"2,003"
5,"Jaret Patterson, Buffalo (MAC)",So.,RB,13,312,19,"1,799"
6,"AJ Dillon, Boston College (ACC)",Jr.,RB,13,318,14,"1,685"
7,"Travis Etienne, Clemson (ACC)",Jr.,RB,15,207,19,"1,614"
8,"Javian Hawkins, Louisville (ACC)",So.,RB,13,264,9,"1,525"
9,"Darrynton Evans, App State (Sun Belt)",Jr.,RB,14,255,18,"1,480"
10,"Levante Bellamy, Western Mich. (MAC)",Sr.,RB,13,266,23,"1,472"
11,"Lynn Bowden Jr., Kentucky (SEC)",Jr.,WR,13,185,13,"1,468"
12,"Kenny Gainwell, Memphis (AAC)",Fr.,RB,14,231,13,"1,459"
13,"Tra Barnett, Georgia St. (Sun Belt)",Sr.,RB,13,248,12,"1,453"
14,"Zack Moss, Utah (Pac-12)",Sr.,RB,13,235,15,"1,416"
15,"Clyde Edwards-Helaire, LSU (SEC)",Jr.,RB,15,215,16,"1,414"
16,"Brenden Knox, Marshall (C-USA)",So.,RB,13,270,11,"1,387"
17,"Kylin Hill, Mississippi St. (SEC)",Jr.,RB,13,242,10,"1,350"
18,"Jalen Hurts, Oklahoma (Big 12)",Sr.,QB,14,233,20,"1,298"
18,"Josh Johnson, ULM (Sun Belt)",Jr.,RB,12,201,11,"1,298"
20,"Xavier Jones, SMU (AAC)",Sr.,RB,13,244,23,"1,276"
21,"Caleb Huntley, Ball St. (MAC)",Jr.,RB,12,248,12,"1,275"
22,"Xazavian Valladay, Wyoming (Mountain West)",So.,RB,12,247,6,"1,265"
22,"Michael Warren II, Cincinnati (AAC)",Jr.,RB,14,261,14,"1,265"
24,"Charles Williams, UNLV (Mountain West)",Jr.,RB,12,212,11,"1,257"
25,"Najee Harris, Alabama (SEC)",Jr.,RB,13,209,13,"1,224"
26,"CJ Verdell, Oregon (Pac-12)",So.,RB,14,197,8,"1,220"
27,"D'Andre Swift, Georgia (SEC)",Jr.,RB,14,196,7,"1,218"
28,"Gaej Walker, Western Ky. (C-USA)",Jr.,RB,13,241,8,"1,208"
29,"Bryant Koback, Toledo (MAC)",So.,RB,12,195,12,"1,187"
30,"Rodney Smith, Minnesota (Big Ten)",Sr.,RB,13,228,8,"1,163"
31,"Elijah Mitchell, Louisiana (Sun Belt)",Jr.,RB,14,198,16,"1,147"
32,"Cam Akers, Florida St. (ACC)",Jr.,RB,11,231,14,"1,144"
33,"Rakeem Boyd, Arkansas (SEC)",Jr.,RB,12,184,8,"1,133"
34,"Jonathan Ward, Central Mich. (MAC)",Sr.,RB,12,183,15,"1,108"
35,"Jason Huntley, New Mexico St. (FBS Independent)",Sr.,RB,12,154,9,"1,090"
36,"CJ Marable, Coastal Carolina (Sun Belt)",Jr.,RB,12,204,11,"1,085"
37,"Eno Benjamin, Arizona St. (Pac-12)",Jr.,RB,12,253,10,"1,083"
38,"Benny Lemay, Charlotte (C-USA)",Sr.,RB,11,193,9,"1,082"
39,"Kobe Lewis, Central Mich. (MAC)",So.,RB,14,182,12,"1,074"
40,"Justin Henderson, Louisiana Tech (C-USA)",Jr.,RB,13,188,15,"1,062"
41,"Pooka Williams, Kansas (Big 12)",So.,RB,11,203,3,"1,061"
42,"Joshua Kelley, UCLA (Pac-12)",So.,RB,11,229,12,"1,060"
43,"Asher O'Hara, Middle Tenn. (C-USA)",So.,QB,12,199,9,"1,058"
44,"Tra Minter, South Alabama (Sun Belt)",Sr.,RB,12,193,5,"1,057"
45,"Kadin  Remsberg, Air Force (Mountain West)",Jr.,RB,13,181,8,"1,050"
46,"Shamari Brooks, Tulsa (AAC)",Jr.,RB,12,227,6,"1,046"
47,"Frankie Hickson, Liberty (FBS Independent)",Sr.,RB,13,187,12,"1,041"
48,"Kevin Marks, Buffalo (MAC)",So.,RB,13,227,8,"1,035"
49,"Ke'Shawn Vaughn, Vanderbilt (SEC)",Sr.,RB,12,198,9,"1,028"
50,"John Rhys Plumlee, Ole Miss (SEC)",Fr.,QB,9,154,12,"1,023"
51,"Tre Harbison, NIU (MAC)",Jr.,RB,11,230,8,"1,021"
52,"Salvon Ahmed, Washington (Pac-12)",Jr.,RB,12,188,11,"1,020"
53,"George Holani, Boise St. (Mountain West)",Fr.,RB,14,192,7,"1,014"
54,"Kevin Mensah, UConn (AAC)",Jr.,RB,12,226,9,"1,013"
55,"Kennedy Brooks, Oklahoma (Big 12)",So.,RB,13,155,6,"1,011"
56,"Michael Carter, North Carolina (ACC)",Jr.,RB,13,177,3,"1,003"
57,"Elijah Collins, Michigan St. (Big Ten)",Fr.,RB,13,222,5,988
58,"Sincere McCormick, UTSA (C-USA)",Fr.,RB,12,177,8,983
59,"Isaiah Spiller, Texas A&M (SEC)",Fr.,RB,13,174,10,946
60,"Re'Mahn Davis, Temple (AAC)",Fr.,RB,12,193,8,936
61,"Javonte Williams, North Carolina (ACC)",So.,RB,13,166,5,933
62,"Gerold Bright, Utah St. (Mountain West)",Sr.,RB,13,182,9,921
63,"Christopher Brown Jr., California (Pac-12)",So.,RB,13,208,8,914
64,"Miles Reed, Hawaii (Mountain West)",So.,RB,15,174,8,908
65,"DK Billingsley, Troy (Sun Belt)",So.,RB,12,155,10,901
66,"Jordan Mason, Georgia Tech (ACC)",So.,RB,12,172,7,899
66,"Ronnie Rivers, Fresno St. (Mountain West)",Jr.,RB,12,177,13,899
68,"Breece Hall, Iowa St. (Big 12)",Fr.,RB,12,186,9,897
69,"Journey Brown, Penn St. (Big Ten)",So.,RB,13,129,12,890
70,"Raymond Calais, Louisiana (Sun Belt)",Sr.,RB,14,117,6,886
71,"Alex Fontenot, Colorado (Pac-12)",So.,RB,11,185,5,874
72,"Artavis Pierce, Oregon St. (Pac-12)",Sr.,RB,12,146,6,873
73,"O'Shaan Allison, Ohio (MAC)",So.,RB,12,138,6,869
74,"Anthony Jones, FIU (C-USA)",Sr.,RB,12,187,9,867
74,"Nathan Rourke, Ohio (MAC)",Sr.,QB,13,154,13,867
76,"Tony Jones Jr., Notre Dame (FBS Independent)",Sr.,RB,12,144,6,857
77,"Bilal Ally, Massachusetts (FBS Independent)",Sr.,RB,12,166,7,853
77,"Keaontay Ingram, Texas (Big 12)",So.,RB,13,144,7,853
77,"Tre Siggers, North Texas (C-USA)",So.,RB,10,152,6,853
80,"Moe Neal, Syracuse (ACC)",Sr.,RB,12,170,7,846
81,"Stevie Scott III, Indiana (Big Ten)",So.,RB,11,178,10,845
82,"David Bailey, Boston College (ACC)",So.,RB,13,148,7,844
83,"Deshawn McClease, Virginia Tech (ACC)",Jr.,RB,13,177,7,843
84,"Cameron Scarlett, Stanford (Pac-12)",Sr.,RB,12,201,7,840
85,"Taven Birdow, Air Force (Mountain West)",Sr.,RB,13,180,7,839
86,"Ahmari Davis, New Mexico (Mountain West)",Sr.,RB,9,140,7,832
87,"Larry Rountree, Missouri (SEC)",Jr.,RB,12,186,9,829
88,"Asim Rose, Kentucky (SEC)",Jr.,RB,13,149,6,826
89,"Wesley Kennedy III, Ga. Southern (Sun Belt)",Jr.,RB,9,119,11,824
90,"Darius Anderson, TCU (Big 12)",Sr.,RB,12,151,6,823
91,"Marcel Murray, Arkansas St. (Sun Belt)",So.,RB,11,170,6,820
91,"Trey Ragas, Louisiana (Sun Belt)",Jr.,RB,13,116,11,820
93,"Max Borghi, Washington St. (Pac-12)",So.,RB,13,127,11,817
94,"Toa Taua, Nevada (Mountain West)",So.,RB,13,196,6,807
95,"J.D. King, Ga. Southern (Sun Belt)",Jr.,RB,12,185,8,804
96,"Caleb Evans, ULM (Sun Belt)",Sr.,QB,12,140,12,794
97,"Chris Reynolds, Charlotte (C-USA)",So.,QB,13,153,6,791
98,"Master Teague, Ohio St. (Big Ten)",So.,RB,13,135,4,789
99,"Joshua Mack, Liberty (FBS Independent)",Jr.,RB,13,133,7,774
100,"Aston Walter, Rice (C-USA)",Sr.,WR,11,145,8,771
101,"Bryce Perkins, Virginia (ACC)",Sr.,QB,14,227,11,769
102,"SaRodorick Thompson, Texas Tech (Big 12)",Fr.,RB,12,160,12,765
103,"JaTarvious Whitlow, Auburn (SEC)",So.,RB,11,156,10,763
104,"Timothy Jackson, Air Force (Mountain West)",So.,RB,10,122,6,745
104,"Zonovan Knight, NC State (ACC)",Fr.,RB,12,136,5,745
104,"J. McMILLAN, Tulane (AAC)",Sr.,QB,13,169,12,745
104,"Dedrick Mills, Nebraska (Big Ten)",Jr.,RB,12,143,10,745
108,"Jaylon Bester, Miami (OH) (MAC)",Jr.,RB,11,171,14,741
108,"Shakif Seymour, Toledo (MAC)",Jr.,RB,12,154,5,741
110,"Shai Werts, Ga. Southern (Sun Belt)",Jr.,QB,11,170,5,740
111,"James Gilbert, Kansas St. (Big 12)",Sr.,RB,11,141,6,737
112,"Javon Leake, Maryland (Big Ten)",Jr.,RB,12,102,8,736
113,"Jamale CAROTHERS, Navy (AAC)",So.,,10,111,14,734
114,"Isaih Pacheco, Rutgers (Big Ten)",So.,RB,11,169,7,729
115,"Otis Anderson, UCF (AAC)",Jr.,WR,13,113,5,726
115,"Zach Charbonnet, Michigan (Big Ten)",Fr.,RB,13,149,11,726
115,"Walter Fletcher, Ball St. (MAC)",Sr.,RB,12,132,5,726
118,"Jerrion Ealy, Ole Miss (SEC)",Fr.,RB,12,104,6,722
119,"J.J. Taylor, Arizona (Pac-12)",Jr.,RB,11,148,5,721
120,"Shaq Vann, Eastern Mich. (MAC)",Sr.,RB,10,149,8,715
121,"Malcolm Davidson, Fla. Atlantic (C-USA)",So.,RB,10,102,9,711
122,"Kelvin Hopkins Jr., Army West Point (FBS Independent)",Sr.,QB,11,138,7,710
123,"Dustin Crum, Kent St. (MAC)",Jr.,QB,13,168,6,707
124,"Marvin Kinsey, Jr., Colorado St. (Mountain West)",Sr.,RB,7,121,6,703
125,"Deejay Dallas, Miami (FL) (ACC)",Jr.,RB,10,115,8,693
126,"Jordan Cronkrite, South Fla. (AAC)",Sr.,RB,10,136,4,686
127,"Jermar Jefferson, Oregon St. (Pac-12)",So.,RB,9,142,8,685
128,"Treyvon Hughes, UTEP (C-USA)",Sr.,RB,12,167,12,682
129,"Lamical Perine, Florida (SEC)",Sr.,RB,13,132,6,676
130,"Reggie Corbin, Illinois (Big Ten)",Sr.,RB,12,143,7,675
130,"Napoleon Maxwell, FIU (C-USA)",Sr.,RB,13,128,9,675
132,"Tavien Feaster, South Carolina (SEC)",Sr.,RB,10,124,5,672
133,"Dan Ellington, Georgia St. (Sun Belt)",Sr.,QB,13,160,6,668
134,"Sam Ehlinger, Texas (Big 12)",Jr.,QB,13,163,7,663
135,"Travis Dye, Oregon (Pac-12)",So.,RB,14,106,0,658
135,"Connor Slomka, Army West Point (FBS Independent)",Sr.,RB,12,149,8,658
137,"Ty Chandler, Tennessee (SEC)",Jr.,RB,13,135,3,655
137,"John Lovett, Baylor (Big 12)",Jr.,RB,14,103,5,655
139,"Marcus Williams Jr., App State (Sun Belt)",Jr.,RB,14,113,5,652
140,"Desmond Ridder, Cincinnati (AAC)",So.,QB,13,144,5,650
141,"Roschon Johnson, Texas (Big 12)",Fr.,QB,13,123,7,649
142,"De'Montre Tuggle, Ohio (MAC)",Jr.,RB,12,101,11,644
143,"Deon Jackson, Duke (ACC)",Jr.,RB,12,172,6,641
144,"Tyler  Goodson, Iowa (Big Ten)",Fr.,RB,13,134,5,638
145,"Lyn-J Dixon, Clemson (ACC)",So.,RB,15,104,6,635
146,"Drake Anderson, Northwestern (Big Ten)",Fr.,RB,12,154,3,634
147,"Adrian Killins, UCF (AAC)",Sr.,RB,12,87,7,629
148,"Spencer Sanders, Oklahoma St. (Big 12)",Fr.,QB,11,139,2,628
149,"Jamycal Hasty, Baylor (Big 12)",Sr.,RB,14,109,7,627
150,"Adrian Martinez, Nebraska (Big Ten)",So.,QB,10,144,7,626
151,"Hassan Haskins, Michigan (Big Ten)",So.,RB,13,121,4,622
152,"Cade Carney, Wake Forest (ACC)",Sr.,RB,11,158,5,620
153,"Kyle Porter, Houston (AAC)",Jr.,RB,11,130,3,616
153,"Kavosiey Smoke, Kentucky (SEC)",Fr.,RB,13,101,6,616
155,"Anthony McFarland, Maryland (Big Ten)",So.,RB,11,114,8,614
156,"Mohamed Ibrahim, Minnesota (Big Ten)",So.,RB,11,114,7,604
156,"Bentavious Thompson, UCF (AAC)",So.,RB,13,87,8,604
158,"Tyre Shelton, Miami (OH) (MAC)",So.,RB,14,108,2,587
158,"Garrett Shrader, Mississippi St. (SEC)",Fr.,QB,10,113,6,587
160,"Jager Gardner, Temple (AAC)",Sr.,RB,11,141,5,585
161,"Dre Brown, Illinois (Big Ten)",Sr.,RB,13,113,5,584
162,"Kenneth Walker III, Wake Forest (ACC)",Fr.,RB,13,98,4,579
163,"Cam'Ron Harris, Miami (FL) (ACC)",So.,RB,13,114,5,576
163,"Sandon McCoy, Army West Point (FBS Independent)",Jr.,RB,13,134,10,576
165,"Corey Dauphine, Tulane (AAC)",Sr.,RB,12,72,7,575
166,"Jamie Newman, Wake Forest (ACC)",Jr.,QB,12,180,6,574
167,"Nelson Smith, Navy (AAC)",Jr.,RB,13,116,7,571
168,"Will Matthews, Kent St. (MAC)",Sr.,RB,8,123,3,570
169,"Jaylen Warren, Utah St. (Mountain West)",Jr.,RB,12,112,5,569
170,"Sean Chambers, Wyoming (Mountain West)",Fr.,QB,8,90,10,567
170,"Dejon Packer, San Jose St. (Mountain West)",Sr.,RB,12,125,11,567
172,"Spencer Brown, UAB (C-USA)",Jr.,RB,11,150,5,566
173,"Trevor Lawrence, Clemson (ACC)",So.,QB,15,103,9,563
173,"Mekhi Sargent, Iowa (Big Ten)",Jr.,RB,13,119,4,563
175,"Max Duggan, TCU (Big 12)",Fr.,QB,12,130,6,555
176,"Donald  Hammond III, Air Force (Mountain West)",Jr.,QB,13,121,13,553
177,"Kevin Perkins, Southern Miss. (C-USA)",Jr.,RB,13,103,3,547
178,"Ian Book, Notre Dame (FBS Independent)",Sr.,QB,13,112,4,546
178,"Destin Coates, Georgia St. (Sun Belt)",So.,RB,11,82,7,546
180,"Bryson Denley, Bowling Green (MAC)",Jr.,RB,12,111,4,544
181,"Scottie Phillips, Ole Miss (SEC)",Sr.,RB,10,125,5,542
182,"De'Michael Harris, Southern Miss. (C-USA)",Sr.,WR,12,113,5,541
183,"Eric Gray, Tennessee (SEC)",Fr.,RB,13,101,4,539
184,"Sewo Olonilua, TCU (Big 12)",Sr.,RB,12,134,8,537
185,"Bryson Carroll, New Mexico (Mountain West)",So.,RB,10,105,2,536
186,"Kai Locksley, UTEP (C-USA)",Sr.,QB,11,126,5,535
187,"Christopher Rodriguez Jr., Kentucky (SEC)",Fr.,RB,13,71,6,533
188,"A.J. Davis, Pittsburgh (ACC)",Jr.,RB,12,127,4,530
189,"Greg McCrae, UCF (AAC)",Jr.,RB,10,98,7,529
190,"Gerrid Doaks, Cincinnati (AAC)",Jr.,RB,12,100,5,526
190,"Jordan Houston, NC State (ACC)",Fr.,RB,12,101,2,526
192,"Davon Jones, Bowling Green (MAC)",Sr.,RB,9,118,3,518
193,"Ke'Mon Freeman, SMU (AAC)",Sr.,RB,13,122,5,517
194,"Rhamondre Stevenson, Oklahoma (Big 12)",Jr.,RB,13,64,6,515
195,"Snoop Conner, Ole Miss (SEC)",Fr.,RB,12,81,5,512
196,"Quentin Harris, Duke (ACC)",Sr.,QB,12,160,7,510
197,"Vavae Malepeai, Southern California (Pac-12)",Jr.,RB,8,105,6,503
198,"Hassan Hall, Louisville (ACC)",So.,RB,13,108,5,501
199,"Kellen Mond, Texas A&M (SEC)",Jr.,QB,13,126,8,500
199,"Juwan Washington, San Diego St. (Mountain West)",Sr.,RB,9,150,2,500
