Rank,Player,Cl,Pos,G,Rush,Rush Yds,Rush TD
1,"Kade Harrington, Lamar University (Southland)",Jr.,RB,11,266,"2,092",21
2,"Marshaun Coprich, Illinois St. (MVFC)",Sr.,RB,13,321,"1,967",23
3,"Troymaine Pope, Jacksonville St. (OVC)",Sr.,RB,15,218,"1,788",19
4,"Chase Edmonds, Fordham (Patriot)",So.,RB,12,251,"1,648",20
5,"Jacobi Green, Richmond (CAA)",Sr.,RB,14,265,"1,595",21
6,"Tarik Cohen, N.C. A&T (MEAC)",Jr.,RB,12,264,"1,543",15
7,"Cory Avery, Sam Houston (Southland)",So.,RB,15,194,"1,483",15
8,"John Santiago, North Dakota (Big Sky)",Fr.,RB,11,223,"1,459",16
9,"Kendell Anderson, William & Mary (CAA)",Jr.,RB,13,240,"1,418",16
10,"De'Angelo Henderson, Coastal Carolina (Big South)",Jr.,RB,12,222,"1,346",16
11,"Aaron Bailey, UNI (MVFC)",Jr.,QB,14,257,"1,334",19
12,"Ricardo McCray, Bryant (NEC)",Sr.,RB,11,200,"1,270",9
13,"Derrick Craine, Chattanooga (SoCon)",Jr.,RB,13,230,"1,251",13
14,"Jacob Huesman, Chattanooga (SoCon)",Sr.,QB,13,220,"1,244",13
15,"Nikko Watson, Western Ill. (MVFC)",Sr.,RB,11,262,"1,196",14
16,"Lenard Tillery, Southern U. (SWAC)",Sr.,RB,11,197,"1,192",14
17,"Darryan Ragsdale, Alcorn (SWAC)",Sr.,RB,13,155,"1,183",8
18,"Eli Jenkins, Jacksonville St. (OVC)",Jr.,QB,15,192,"1,161",15
19,"King Frazier, North Dakota St. (MVFC)",Jr.,RB,15,219,"1,158",11
20,"David Jones, Portland St. (Big Sky)",Sr.,RB,12,180,"1,127",9
21,"Detrez Newsome, Western Caro. (SoCon)",So.,RB,11,190,"1,109",9
22,"Chris Brown, Cal Poly (Big Sky)",Sr.,QB,10,203,"1,084",13
23,"Deshawn Jones, Campbell (Pioneer)",Jr.,RB,11,178,"1,079",8
23,"Tyvis Smith, UNI (MVFC)",Jr.,RB,14,182,"1,079",7
25,"Jake Melville, Colgate (Patriot)",Jr.,QB,14,186,"1,073",11
26,"Darrell Bridges, Presbyterian (Big South)",So.,RB,11,224,"1,065",8
27,"Cardon Johnson, James Madison (CAA)",So.,RB,12,161,"1,037",10
28,"Casey Jahn, Northern Ariz. (Big Sky)",Sr.,RB,10,187,"1,035",7
29,"Tremane McCullough, Southeast Mo. St. (OVC)",Jr.,RB,11,170,"1,028",5
30,"Lenorris Footman, Alcorn (SWAC)",Jr.,QB,11,138,"1,023",11
31,"Darius Victor, Towson (CAA)",Jr.,RB,11,207,"1,021",15
32,"Dominick Bragalone, Lehigh (Patriot)",Fr.,RB,11,179,"1,008",7
33,"Khairi Dickson, Saint Francis (PA) (NEC)",Sr.,RB,10,184,"1,003",8
34,"Dorrel McClain, N.C. Central (MEAC)",Fr.,RB,11,171,989,8
35,"Rafiq Douglas, Duquesne (NEC)",So.,RB,11,186,977,11
36,"Khalid Abdullah, James Madison (CAA)",Jr.,RB,12,194,975,13
37,"Lorenzo Long, Wofford (SoCon)",Jr.,RB,11,178,969,8
38,"Trey White, Kennesaw St. (Big South)",Jr.,QB,10,218,964,9
39,"Dominique Allen, The Citadel (SoCon)",So.,QB,13,219,953,13
40,"Tee Mitchell, Mercer (SoCon)",So.,RB,11,171,946,6
41,"Johnta' Hebert, Prairie View (SWAC)",Sr.,RB,10,154,937,7
42,"Roman Clay, Murray St. (OVC)",Jr.,RB,11,190,935,11
43,"Daniel Sams, McNeese (Southland)",Sr.,QB,11,192,934,11
44,"Blake Veasley, Central Ark. (Southland)",Sr.,RB,11,191,899,11
45,"Xavier Finney, Idaho St. (Big Sky)",Sr.,RB,11,200,891,4
45,"Ryan Ross, McNeese (Southland)",So.,RB,11,144,891,9
47,"Thomas Jefferson, Delaware (CAA)",Fr.,RB,11,178,890,7
48,"Dalton Crossan, New Hampshire (CAA)",Jr.,RB,11,172,885,13
49,"Martez Carter, Grambling (SWAC)",Jr.,DB,12,111,876,9
50,"Jody Webb, Youngstown St. (MVFC)",Jr.,RB,11,122,857,9
51,"Darius Hammond, Charleston So. (Big South)",So.,DB,13,145,856,7
52,"John Nguyen, Montana (Big Sky)",Jr.,RB,13,184,855,3
53,"Tyler Renew, The Citadel (SoCon)",Jr.,RB,13,162,839,5
54,"Conley Wilkins, Drake (Pioneer)",Jr.,RB,10,154,834,9
55,"Chad Newell, Montana St. (Big Sky)",Jr.,RB,11,154,831,12
56,"Malik Brown, Southern Utah (Big Sky)",Sr.,RB,12,165,829,8
57,"Jalen Overstreet, Sam Houston (Southland)",Jr.,RB,14,156,821,7
58,"De'Mard Llorens, Northwestern St. (Southland)",Jr.,RB,11,173,820,11
59,"Vad Lee, James Madison (CAA)",Sr.,QB,8,109,814,8
60,"Paul Stanton, Jr., Harvard (Ivy League)",Sr.,RB,9,147,809,9
61,"Jordan Robinson, Sacramento St. (Big Sky)",Jr.,RB,11,172,808,4
62,"Lavon Chaney, Monmouth (Big South)",Jr.,RB,10,182,806,7
63,"Cameron Molina, Columbia (Ivy League)",Sr.,RB,10,204,805,4
64,"Dakota Prukop, Montana St. (Big Sky)",Jr.,QB,11,158,797,11
64,"Trae Riek, Northern Colo. (Big Sky)",Fr.,RB,9,138,797,7
66,"Kareem Williams, Delaware (CAA)",So.,RB,10,150,795,3
67,"Tyrell Maxwell, Gardner-Webb (Big South)",So.,QB,10,189,794,4
68,"Kori Garcia, Cal Poly (Big Sky)",Jr.,RB,11,137,780,5
69,"Joe Protheroe, Cal Poly (Big Sky)",So.,RB,9,169,779,6
70,"Tre Roberson, Illinois St. (MVFC)",Sr.,QB,13,123,777,11
71,"Mikal Abdual-Saboor, William & Mary (CAA)",Sr.,RB,12,164,776,8
72,"Michael Henry, Nicholls (Southland)",Sr.,RB,11,200,768,7
73,"Ulysses Bryant, Jacksonville (Pioneer)",Jr.,RB,11,156,763,4
74,"Loren Easly, SFA (Southland)",Fr.,RB,10,126,759,4
75,"Alex Kuresa, Portland St. (Big Sky)",Jr.,QB,12,158,755,7
76,"Ladarius Vanlier, Tennessee Tech (OVC)",Sr.,RB,11,133,754,6
77,"Cam Jackson, The Citadel (SoCon)",So.,RB,13,91,751,6
78,"Devin Church, Eastern Ill. (OVC)",Jr.,RB,12,167,743,9
78,"Harold Cooper, Rhode Island (CAA)",So.,RB,10,173,743,3
80,"Brady Mengarelli, South Dakota St. (MVFC)",So.,RB,12,128,742,6
81,"Martin Ruiz, Youngstown St. (MVFC)",Jr.,RB,11,188,739,4
82,"James Holland, Colgate (Patriot)",So.,RB,12,158,732,16
83,"Mike Holloway, Charleston So. (Big South)",Jr.,RB,11,119,731,12
83,"Tucker Yinger, Dayton (Pioneer)",So.,RB,12,120,731,3
85,"Cole Blake, Robert Morris (NEC)",So.,RB,11,170,722,2
86,"Justin Kelly, Grambling (SWAC)",Jr.,RB,12,157,720,4
86,"Khalid Thomas, Alabama St. (SWAC)",Jr.,RB,11,151,720,5
88,"Jalen Simmons, South Carolina St. (MEAC)",---,RB,10,143,718,2
89,"Miles Jones, Jacksonville St. (OVC)",Sr.,RB,15,152,717,9
90,"Mark Iannotti, Southern Ill. (MVFC)",Sr.,QB,11,179,716,9
91,"Luke Hagy, Cornell (Ivy League)",Sr.,RB,9,146,713,5
92,"Donald Liotine, Stony Brook (CAA)",So.,RB,10,157,708,5
93,"Kendall Morris, Austin Peay (OVC)",Fr.,RB,11,143,695,5
94,"Alex Lakes, Mercer (SoCon)",So.,RB,10,128,692,7
95,"Christopher Dukes, Hampton (MEAC)",Sr.,RB,11,133,691,2
96,"Ose Imeokparia, Sacred Heart (NEC)",Jr.,RB,11,169,678,4
97,"Anthony Jordan, Bethune-Cookman (MEAC)",Sr.,RB,11,143,676,9
97,"Cameron Nash, Central Conn. St. (NEC)",So.,RB,11,118,676,3
99,"Evan Jacks, Wofford (SoCon)",Jr.,QB,11,116,675,7
100,"Trent Garland, UT Martin (OVC)",Sr.,RB,10,149,674,8
100,"Nick Shafnisky, Lehigh (Patriot)",Jr.,QB,11,151,674,12
102,"Jereke Armstrong, San Diego (Pioneer)",Jr.,RB,11,109,662,7
102,"Eric Wilkes, Weber St. (Big Sky)",So.,RB,11,153,662,5
104,"Jabari Wilson, Eastern Wash. (Big Sky)",Jr.,RB,9,137,661,9
105,"Matt DelMauro, Bucknell (Patriot)",Sr.,RB,11,136,655,2
106,"Brian Schoenauer, Penn (Ivy League)",Jr.,RB,10,124,652,6
107,"Chaston Bennett, Kennesaw St. (Big South)",Jr.,RB,11,70,649,3
107,"Otis Wright, Wagner (NEC)",Sr.,RB,11,121,649,3
109,"Jo'El Kimpela, Georgetown (Patriot)",Sr.,RB,10,132,643,2
110,"Matt Shiltz, Butler (Pioneer)",Sr.,QB,11,126,639,10
111,"Demetrius Russell, Colgate (Patriot)",Sr.,RB,13,144,634,6
112,"Desmond Rice, Liberty (Big South)",Sr.,RB,11,163,630,9
113,"Marcus Bagley, Saint Francis (PA) (NEC)",So.,RB,10,113,626,2
114,"Michael Fredrick, South Dakota (MVFC)",Fr.,RB,11,162,622,2
115,"Tobias Lofton, Nicholls (Southland)",Sr.,RB,11,106,620,3
116,"Joshawa West, SFA (Southland)",Jr.,WR,10,81,617,1
117,"Manusamoa Luuga, UC Davis (Big Sky)",Jr.,RB,11,166,613,6
118,"Joey Rhattigan, Princeton (Ivy League)",Jr.,RB,9,122,612,7
119,"Elijah Ibitokun-Hanks, UAlbany (CAA)",Fr.,RB,11,104,609,2
120,"Connor Kacsor, Dayton (Pioneer)",Sr.,RB,4,141,606,6
121,"Dominique Thomas, Central Ark. (Southland)",So.,RB,8,118,601,5
122,"Marcellus Calhoun, Marist (Pioneer)",Jr.,RB,11,109,597,10
123,"Julius Maracalin, Southeastern La. (Southland)",Fr.,RB,9,102,590,3
124,"Jajuan Stinson, ETSU (FCS Independent)",Fr.,RB,10,117,586,5
125,"Orlando Johnson, Morgan St. (MEAC)",So.,OL,10,143,583,6
126,"Roland Genesy, Indiana St. (MVFC)",Jr.,RB,11,117,582,3
127,"Desean Brown, Lafayette (Patriot)",So.,RB,9,154,580,5
128,"Terrance Peters, Houston Christian (Southland)",So.,RB,9,96,576,2
129,"Nate Chavious, Sacred Heart (NEC)",Jr.,RB,10,97,573,9
130,"Isiaha Smith, The Citadel (SoCon)",So.,RB,12,97,563,7
131,"Treshawn Garrett, Weber St. (Big Sky)",Fr.,RB,11,123,562,5
131,"Michael Jones, Bethune-Cookman (MEAC)",Jr.,RB,11,96,562,7
133,"Deshawn Salter, Yale (Ivy League)",So.,RB,9,129,561,7
134,"Arshon Spaulding, Savannah St. (MEAC)",Jr.,WR,10,97,555,4
135,"Ellis Richardson, Alabama St. (SWAC)",Fr.,QB,9,102,550,8
136,"Daquan Isom, Southern Ill. (MVFC)",Fr.,RB,9,78,548,4
137,"Zach Conque, SFA (Southland)",Jr.,QB,11,140,547,11
138,"Vinny Miller, The Citadel (SoCon)",Sr.,RB,12,71,536,1
139,"C.J. Williams, Bucknell (Patriot)",Jr.,RB,6,130,534,0
140,"Darrell Robinson, Texas Southern (SWAC)",Jr.,RB,10,88,533,6
141,"Joshua Kelley, UC Davis (Big Sky)",Fr.,RB,10,106,530,3
142,"Nigel Beckford, Maine (CAA)",So.,RB,9,123,526,4
143,"Elliot Croskey, UAlbany (CAA)",Fr.,RB,11,141,523,4
144,"Denzel Williams, Samford (SoCon)",Jr.,RB,11,118,518,8
145,"Zack Bednarczyk, Villanova (CAA)",Fr.,QB,11,106,515,5
146,"Jalen Whitlow, Eastern Ill. (OVC)",Sr.,QB,12,132,512,2
147,"Malcolm Bell, N.C. Central (MEAC)",Jr.,QB,11,138,504,5
148,"Bruce Anderson, North Dakota St. (MVFC)",Fr.,RB,15,90,503,2
148,"Daniel Taylor, Northwestern St. (Southland)",Sr.,RB,11,105,503,5
150,"Osharmar Abercrombie, Coastal Carolina (Big South)",So.,RB,12,75,502,7
151,"Easton Stick, North Dakota St. (MVFC)",Fr.,QB,11,85,498,5
151,"Ethan Thomas, Eastern Ky. (OVC)",Fr.,RB,9,82,498,4
153,"Matt Adam, Indiana St. (MVFC)",So.,QB,11,127,494,6
154,"Courtney Brown, Prairie View (SWAC)",---,,10,90,492,5
155,"Troy Mitchell, Western Caro. (SoCon)",Sr.,QB,11,96,490,3
156,"Klartel Claridy, Duquesne (NEC)",Sr.,RB,11,95,489,3
157,"Kody Sutton, Southeastern La. (Southland)",Sr.,RB,10,108,485,3
158,"Ryan Heaston, Missouri St. (MVFC)",Sr.,RB,11,125,483,2
158,"Quentin Williams, Bethune-Cookman (MEAC)",Sr.,QB,11,130,483,3
160,"Malcolm Crockett, Southern U. (SWAC)",Sr.,RB,11,104,479,5
161,"Dwayne Garrett, Hampton (MEAC)",Sr.,RB,11,87,478,2
162,"Levi Te'o, Southern Utah (Big Sky)",Jr.,RB,12,71,477,4
163,"Derrick Ziglar, VMI (SoCon)",Sr.,RB,11,109,476,10
164,"Jared Johnson, Sam Houston (Southland)",Jr.,QB,14,102,470,5
165,"Lance Dunn, North Dakota St. (MVFC)",Fr.,RB,13,95,468,3
166,"Jared Mohamed, Cal Poly (Big Sky)",So.,RB,10,102,463,3
167,"Tuskani Figaro, Nicholls (Southland)",Jr.,QB,9,94,456,5
167,"Rameses Owens, Robert Morris (NEC)",So.,RB,9,125,456,4
167,"John Wilkins, Colgate (Patriot)",Jr.,RB,13,120,456,3
170,"Tre Solomon, Penn (Ivy League)",So.,RB,10,100,453,7
171,"Jakori Ford, Idaho St. (Big Sky)",Jr.,RB,11,84,450,3
172,"Matthias McKinnon, Wagner (NEC)",Jr.,RB,11,99,449,3
173,"Thomas Stokes, Jr., Mississippi Val. (SWAC)",Fr.,RB,11,137,442,1
173,"Marquis Warford, Alcorn (SWAC)",Jr.,WR,13,38,442,6
175,"Harvey Harris, Alabama A&M (SWAC)",Fr.,,10,109,441,4
176,"Ridgeway Frank, Sam Houston (Southland)",Sr.,RB,15,82,439,5
177,"Lemonte Booker, Indiana St. (MVFC)",Jr.,RB,8,88,437,3
178,"Trevor Bouma, South Dakota (MVFC)",Jr.,RB,6,72,435,6
178,"Brian Handley, Ark.-Pine Bluff (SWAC)",Sr.,QB,11,114,435,1
178,"Shepard Little, Eastern Ill. (OVC)",Sr.,RB,11,93,435,6
181,"Dallas Kessman, San Diego (Pioneer)",Sr.,RB,10,92,434,4
181,"Derrick Milton, McNeese (Southland)",Sr.,RB,9,79,434,2
183,"Devin Bowers, Florida A&M (MEAC)",Fr.,RB,9,82,430,2
184,"P.J. Fulmore, Duquesne (NEC)",Fr.,RB,10,79,429,0
185,"K'Rondis Larry, Samford (SoCon)",So.,RB,11,82,428,4
185,"Kyle Paris, South Dakota St. (MVFC)",Jr.,RB,12,130,428,6
187,"Ryan Tentler, Stetson (Pioneer)",Jr.,QB,11,105,427,3
188,"Telvin Hooks, Tennessee St. (OVC)",Sr.,RB,10,109,424,4
188,"Chris Jones, Northwestern St. (Southland)",Jr.,RB,11,68,424,4
190,"Greg Hankerson, Norfolk St. (MEAC)",Jr.,QB,11,125,423,3
191,"Ben Robinson, Charleston So. (Big South)",Jr.,RB,11,67,422,4
191,"Joe Walker, Delaware (CAA)",Fr.,QB,11,119,422,3
193,"Nate Tago, Portland St. (Big Sky)",Jr.,RB,11,107,421,6
194,"Moses Skillon, Morgan St. (MEAC)",Sr.,QB,10,86,420,5
195,"Gerard Johnson, Norfolk St. (MEAC)",Jr.,RB,9,118,418,1
196,"Evan McField, The Citadel (SoCon)",Fr.,RB,13,72,416,3
197,"Erick Evans, Tennessee St. (OVC)",So.,RB,10,80,413,6
198,"Garrett Clay, Marist (Pioneer)",Sr.,RB,11,101,411,4
199,"Jamal Adjamah, Jacksonville (Pioneer)",So.,RB,11,60,409,2
199,"Rob Harden, Morehead St. (Pioneer)",Sr.,RB,11,100,409,1
199,"Robert Johnson, Jackson St. (SWAC)",So.,RB,9,94,409,2
