Rank,Player,Cl,Pos,G,Rush,Rush TD,Rush Yds
1,"Lew Nichols, Central Mich. (MAC)",Fr.,RB,13,341,16,"1,848"
2,"Kenneth Walker III, Michigan St. (Big Ten)",Jr.,RB,12,263,18,"1,636"
3,"Tyler Allgeier, BYU (FBS Independent)",So.,RB,13,276,23,"1,606"
4,"Tyler Badie, Missouri (SEC)",Sr.,RB,12,268,14,"1,604"
5,"Abram Smith, Baylor (Big 12)",Sr.,RB,14,257,12,"1,601"
6,"Sean Tucker, Syracuse (ACC)",So.,RB,12,246,12,"1,496"
7,"Sincere McCormick, UTSA (C-USA)",Jr.,RB,14,298,15,"1,479"
8,"Breece Hall, Iowa St. (Big 12)",Jr.,RB,12,253,20,"1,464"
9,"Deuce Vaughn, Kansas St. (Big 12)",So.,RB,13,235,18,"1,404"
10,"Rasheen Ali, Marshall (C-USA)",Fr.,RB,13,250,23,"1,401"
11,"Bryant Koback, Toledo (MAC)",Jr.,RB,13,208,15,"1,400"
12,"Christopher Rodriguez Jr., Kentucky (SEC)",Jr.,RB,13,225,9,"1,379"
13,"DeWayne McBride, UAB (C-USA)",So.,RB,13,204,13,"1,371"
14,"Brad Roberts, Air Force (Mountain West)",Jr.,RB,13,298,13,"1,352"
15,"Brian Robinson Jr., Alabama (SEC)",Sr.,RB,14,271,14,"1,343"
16,"B.J. Baylor, Oregon St. (Pac-12)",Jr.,RB,13,227,13,"1,337"
17,"Hassan Haskins, Michigan (Big Ten)",Sr.,RB,14,270,20,"1,327"
18,"Jerome Ford, Cincinnati (AAC)",Jr.,RB,13,214,19,"1,319"
19,"Travis Dye, Oregon (Pac-12)",Jr.,RB,14,211,16,"1,271"
20,"Braelon Allen, Wisconsin (Big Ten)",Fr.,RB,12,186,12,"1,268"
21,"Charles Williams, UNLV (Mountain West)",Sr.,RB,12,254,15,"1,261"
22,"Kennedy Brooks, Oklahoma (Big 12)",Sr.,RB,13,198,13,"1,253"
23,"TreVeyon Henderson, Ohio St. (Big Ten)",Fr.,RB,13,183,15,"1,248"
24,"Mataeo Durant, Duke (ACC)",Sr.,RB,12,255,9,"1,241"
25,"Jaylen Warren, Oklahoma St. (Big 12)",Sr.,RB,14,256,11,"1,216"
26,"DeAndre Torrey, North Texas (C-USA)",Sr.,RB,12,248,13,"1,215"
27,"Marquez Cooper, Kent St. (MAC)",So.,RB,14,241,11,"1,205"
28,"Jay Ducker, NIU (MAC)",Fr.,RB,12,218,3,"1,184"
29,"Tyler Goodson, Iowa (Big Ten)",Jr.,RB,13,256,6,"1,151"
30,"Sean Tyler, Western Mich. (MAC)",So.,RB,13,178,9,"1,140"
31,"Ellis Merriweather, Massachusetts (FBS Independent)",Jr.,RB,12,218,5,"1,138"
32,"Zach Charbonnet, UCLA (Pac-12)",Jr.,RB,12,203,13,"1,137"
33,"Keaton Mitchell, East Carolina (AAC)",Fr.,RB,12,174,9,"1,132"
34,"Bijan Robinson, Texas (Big 12)",So.,RB,10,195,11,"1,127"
35,"Nate Noel, App State (Sun Belt)",So.,RB,14,199,4,"1,126"
36,"Blake Watson, Old Dominion (C-USA)",So.,RB,11,215,8,"1,112"
37,"Tavion Thomas, Utah (Pac-12)",So.,RB,13,204,21,"1,108"
38,"Tank Bigsby, Auburn (SEC)",So.,RB,13,224,10,"1,102"
39,"Ty Chandler, North Carolina (ACC)",Sr.,RB,13,182,13,"1,092"
40,"Greg Bell, San Diego St. (Mountain West)",Sr.,RB,14,245,9,"1,091"
41,"Xazavian Valladay, Wyoming (Mountain West)",Sr.,RB,13,209,6,"1,070"
42,"Leddie Brown, West Virginia (Big 12)",Sr.,RB,12,223,13,"1,065"
43,"Dylan McDuffie, Buffalo (MAC)",Jr.,RB,12,206,11,"1,049"
44,"Patrick Garwo, Boston College (ACC)",Jr.,RB,12,205,7,"1,045"
45,"Shermari Jones, Coastal Carolina (Sun Belt)",Sr.,RB,11,159,13,"1,040"
46,"Malik Cunningham, Louisville (ACC)",Jr.,QB,13,173,20,"1,031"
47,"Shamari Brooks, Tulsa (AAC)",Sr.,RB,13,218,7,"1,029"
48,"Isaiah Spiller, Texas A&M (SEC)",Jr.,RB,12,179,6,"1,011"
49,"Evan Hull, Northwestern (Big Ten)",Jr.,RB,12,196,7,"1,009"
50,"Rachaad White, Arizona St. (Pac-12)",Sr.,RB,11,182,15,"1,006"
51,"Chase Brown, Illinois (Big Ten)",So.,RB,10,170,5,"1,005"
52,"Tyrion Davis-Price, LSU (SEC)",Jr.,RB,12,211,6,"1,003"
53,"Kyren Williams, Notre Dame (FBS Independent)",Jr.,RB,12,204,14,"1,002"
54,"Alton McCaskill, Houston (AAC)",Fr.,RB,14,189,16,961
55,"Tucker Gregg, Georgia St. (Sun Belt)",Sr.,RB,13,192,9,953
56,"Blake Corum, Michigan (Big Ten)",So.,RB,12,143,11,952
57,"Camerun Peoples, App State (Sun Belt)",Jr.,RB,12,166,14,926
58,"Keaontay Ingram, Southern California (Pac-12)",Sr.,RB,10,156,5,911
59,"Devon Achane, Texas A&M (SEC)",So.,RB,12,130,9,910
60,"Carson Steele, Ball St. (MAC)",Fr.,RB,13,192,6,891
61,"Jashaun Corbin, Florida St. (ACC)",So.,RB,12,143,7,887
62,"Calvin Tyler Jr., Utah St. (Mountain West)",Jr.,RB,12,196,7,884
63,"Max Borghi, Washington St. (Pac-12)",Sr.,RB,12,160,12,880
64,"Malik Willis, Liberty (FBS Independent)",Jr.,QB,13,197,13,878
65,"Tyjae Spears, Tulane (AAC)",Fr.,RB,12,129,9,863
66,"Jamyest Williams, Georgia St. (Sun Belt)",Sr.,RB,13,128,9,859
67,"Zamir White, Georgia (SEC)",Jr.,RB,15,160,11,856
68,"Ronald Awatt, UTEP (C-USA)",Jr.,RB,13,158,6,844
68,"Chris Smith, Louisiana (Sun Belt)",So.,RB,13,152,8,844
70,"La'Darius Jefferson, Western Mich. (MAC)",Jr.,RB,12,185,10,836
71,"Johnny Ford, Fla. Atlantic (C-USA)",So.,RB,11,131,5,831
72,"Sam Howell, North Carolina (ACC)",Jr.,QB,12,183,11,828
73,"Ky Thomas, Minnesota (Big Ten)",Fr.,RB,9,166,6,824
74,"Chez Mellusi, Wisconsin (Big Ten)",Jr.,RB,9,173,5,815
75,"Xavier Williams, Kent St. (MAC)",Sr.,RB,13,125,3,812
76,"De'Montre Tuggle, Ohio (MAC)",Sr.,RB,12,138,7,804
77,"Frank Gore, Southern Miss. (C-USA)",Fr.,RB,12,179,5,801
78,"Trestan Ebner, Baylor (Big 12)",Sr.,RB,14,148,2,799
79,"Jabari Small, Tennessee (SEC)",So.,RB,11,141,9,796
80,"Logan Wright, Ga. Southern (Sun Belt)",Sr.,RB,12,150,8,793
81,"Ronnie Rivers, Fresno St. (Mountain West)",Sr.,RB,11,161,5,788
82,"Marcus Williams Jr., Louisiana Tech (C-USA)",Sr.,RB,12,194,8,787
83,"Titus Swen, Wyoming (Mountain West)",Jr.,RB,13,132,7,785
84,"Montrell Johnson Jr., Louisiana (Sun Belt)",Fr.,RB,14,161,12,784
85,"Garrett Shrader, Syracuse (ACC)",Jr.,QB,12,173,14,781
86,"Jerrion Ealy, Ole Miss (SEC)",Jr.,RB,12,133,5,768
87,"Tyler Nevens, San Jose St. (Mountain West)",Sr.,RB,11,167,7,766
88,"Raheem Blackshear, Virginia Tech (ACC)",Jr.,RB,13,133,6,765
89,"Emory Jones, Florida (SEC)",Jr.,QB,13,143,4,758
90,"Zonovan Knight, NC State (ACC)",So.,RB,12,140,3,753
91,"David Bailey, Colorado St. (Mountain West)",Sr.,RB,11,197,9,752
92,"Jahmyr Gibbs, Georgia Tech (ACC)",Fr.,RB,12,143,4,746
93,"Will Shipley, Clemson (ACC)",Fr.,RB,10,149,11,738
94,"Johnny Richardson, UCF (AAC)",So.,RB,13,104,3,733
95,"Haaziq Daniels, Air Force (Mountain West)",Jr.,QB,12,154,11,731
96,"James Cook, Georgia (SEC)",Sr.,RB,15,113,7,728
97,"Tre Siggers, SMU (AAC)",Sr.,RB,11,147,9,727
98,"Jalen Mitchell, Louisville (ACC)",So.,RB,12,155,5,722
99,"Tayon Fleet-Davis, Maryland (Big Ten)",Sr.,RB,13,128,8,721
100,"Toa Taua, Nevada (Mountain West)",Sr.,RB,13,149,6,720
101,"Calvin Hill, Texas St. (Sun Belt)",Fr.,RB,12,128,3,714
102,"Jordan Mims, Fresno St. (Mountain West)",Sr.,RB,13,127,6,710
103,"Devin Neal, Kansas (Big 12)",Fr.,RB,11,158,8,707
104,"Isaiah Bowser, UCF (AAC)",Sr.,RB,8,159,9,703
104,"Dustin Crum, Kent St. (MAC)",Sr.,QB,14,161,12,703
106,"Kimani Vidal, Troy (Sun Belt)",Fr.,RB,11,152,5,701
107,"Mar'Keise Irving, Minnesota (Big Ten)",Fr.,RB,12,133,4,699
108,"T.J. Pledger, Utah (Pac-12)",Jr.,RB,14,104,6,694
109,"Juwaun Price, New Mexico St. (FBS Independent)",So.,RB,12,135,10,692
110,"Jayden Daniels, Arizona St. (Pac-12)",Jr.,QB,13,137,6,685
111,"D'vonte Price, FIU (C-USA)",Sr.,RB,9,129,6,682
112,"Jaren Mangham, South Fla. (AAC)",Jr.,RB,12,160,15,671
113,"Brandon Thomas, Memphis (AAC)",Fr.,RB,9,116,8,669
114,"Spencer Sanders, Oklahoma St. (Big 12)",Jr.,QB,13,146,6,668
115,"K.J. Jefferson, Arkansas (SEC)",So.,QB,13,146,6,664
116,"Jarek Broussard, Colorado (Pac-12)",So.,RB,11,142,2,661
117,"Darren Grainger, Georgia St. (Sun Belt)",Jr.,QB,13,133,3,660
118,"Kevin Harris, South Carolina (SEC)",Jr.,RB,12,152,4,659
119,"Anthony Brown, Oregon (Pac-12)",Sr.,QB,14,151,9,658
119,"Aaron Dumas, New Mexico (Mountain West)",Fr.,RB,11,136,2,658
121,"Israel Abanikanda, Pittsburgh (ACC)",So.,RB,13,123,7,651
121,"Dae Dae Hunter, Hawaii (Mountain West)",So.,RB,10,101,3,651
123,"Zach Evans, TCU (Big 12)",So.,RB,6,92,5,648
124,"Snoop Conner, Ole Miss (SEC)",Jr.,RB,13,130,13,647
124,"Isaih Pacheco, Rutgers (Big Ten)",Jr.,RB,12,167,5,647
126,"Kobe Pace, Clemson (ACC)",So.,RB,11,104,6,641
126,"Isaac Ruoss, Navy (AAC)",Sr.,FB,12,166,5,641
128,"Braydon Bennett, Coastal Carolina (Sun Belt)",Fr.,RB,13,74,7,636
128,"Ricky Person, NC State (ACC)",Jr.,RB,12,135,5,636
130,"Calvin Camp, Charlotte (C-USA)",Sr.,RB,12,113,4,635
131,"Anthony Watkins, Tulsa (AAC)",So.,RB,13,86,4,634
132,"Jermaine Brown Jr., UAB (C-USA)",Jr.,RB,13,123,7,631
133,"Jawon Hamilton, Eastern Mich. (MAC)",Sr.,RB,11,101,4,623
133,"Kendre Miller, TCU (Big 12)",So.,RB,10,83,7,623
135,"Christian Anderson, Army West Point (FBS Independent)",Sr.,QB,11,108,8,619
136,"Dedrick Parson, Hawaii (Mountain West)",Sr.,RB,13,117,8,618
137,"Noah Whittington, Western Ky. (C-USA)",Fr.,RB,12,101,2,617
138,"Hendon Hooker, Tennessee (SEC)",Sr.,QB,13,166,5,616
139,"Emani Bailey, Louisiana (Sun Belt)",Fr.,RB,11,95,8,615
139,"Brittain Brown, UCLA (Pac-12)",Sr.,RB,10,102,7,615
141,"Matt Corral, Ole Miss (SEC)",Jr.,QB,13,152,11,614
142,"Ulysses Bentley IV, SMU (AAC)",So.,RB,11,96,4,610
143,"Tyrell Robinson, Army West Point (FBS Independent)",So.,RB,13,72,3,609
143,"Dorian Thompson-Robinson, UCLA (Pac-12)",Sr.,QB,11,130,9,609
145,"Christopher Brooks, California (Pac-12)",Sr.,RB,12,116,4,607
146,"Christian Beal-Smith, Wake Forest (ACC)",Jr.,RB,12,131,7,604
147,"Stephen Carr, Indiana (Big Ten)",Sr.,RB,9,155,6,600
148,"Trelon Smith, Arkansas (SEC)",Jr.,RB,13,119,5,598
149,"Elelyon Noa, Utah St. (Mountain West)",So.,RB,14,138,4,597
150,"Vincent Davis, Pittsburgh (ACC)",Jr.,RB,14,142,4,593
150,"Jarquez Hunter, Auburn (SEC)",Fr.,RB,13,89,3,593
152,"Shadrick Byrd, Charlotte (C-USA)",Jr.,RB,12,132,3,583
152,"Rahjai Harris, East Carolina (AAC)",Fr.,RB,12,165,4,583
152,"Zaquandre White, South Carolina (SEC)",Sr.,RB,12,88,2,583
155,"Carlinos Acie, Navy (AAC)",Sr.,RB,12,66,2,580
156,"Nate Carter, UConn (FBS Independent)",Fr.,RB,12,125,2,578
156,"Raheim Sanders, Arkansas (SEC)",Fr.,RB,13,114,5,578
158,"Dominique Johnson, Arkansas (SEC)",So.,RB,13,97,7,575
159,"Dameon Pierce, Florida (SEC)",Sr.,RB,13,100,13,574
159,"Harrison Waylee, NIU (MAC)",Fr.,RB,5,101,4,574
161,"Jonzell Norrils, Akron (MAC)",So.,RB,10,118,3,573
162,"Ari Broussard, Rice (C-USA)",So.,RB,12,116,3,569
162,"George Holani, Boise St. (Mountain West)",So.,RB,9,119,1,569
162,"Roschon Johnson, Texas (Big 12)",Jr.,RB,12,96,5,569
165,"Tahj Brooks, Texas Tech (Big 12)",So.,RB,9,87,7,568
166,"Frank Harris, UTSA (C-USA)",Sr.,QB,14,109,6,566
167,"Elijah Davis, Old Dominion (C-USA)",So.,RB,13,105,6,562
168,"Jaylan Knighton, Miami (FL) (ACC)",So.,RB,8,145,8,561
169,"Keyon Mozee, Miami (OH) (MAC)",Fr.,RB,13,122,4,556
170,"Henry Parrish Jr., Ole Miss (SEC)",So.,RB,13,105,3,553
171,"Trey Potts, Minnesota (Big Ten)",So.,RB,5,112,6,552
171,"Armani Rogers, Ohio (MAC)",Sr.,QB,12,92,7,552
173,"Josh McCray, Illinois (Big Ten)",Fr.,RB,11,112,2,549
174,"Justice Ellison, Wake Forest (ACC)",Fr.,RB,11,107,7,541
175,"Antario Brown, NIU (MAC)",Fr.,RB,9,81,5,538
176,"Ikaika Ragsdale, North Texas (C-USA)",Fr.,RB,12,100,5,534
177,"King Doerue, Purdue (Big Ten)",Jr.,RB,12,135,2,533
178,"Deon McIntosh, Washington St. (Pac-12)",Sr.,RB,11,111,3,532
179,"Keyvone Lee, Penn St. (Big Ten)",So.,RB,13,108,2,530
179,"Jordan Travis, Florida St. (ACC)",Sr.,QB,10,134,7,530
181,"Tiyon Evans, Tennessee (SEC)",Jr.,RB,7,81,6,525
181,"Adrian Martinez, Nebraska (Big Ten)",Jr.,QB,11,133,13,525
183,"Deneric Prince, Tulsa (AAC)",Jr.,RB,10,100,5,524
184,"Micah Bernard, Utah (Pac-12)",Fr.,RB,14,87,2,523
185,"Damien Moore, California (Pac-12)",So.,RB,11,100,6,518
186,"Rocko Griffin, Vanderbilt (SEC)",So.,RB,11,145,4,517
187,"Cameron Carroll, Tulane (AAC)",So.,RB,12,111,3,516
188,"Treshaun Ward, Florida St. (ACC)",Fr.,RB,12,81,4,515
188,"Reese White, Coastal Carolina (Sun Belt)",Jr.,RB,9,72,7,515
190,"Ta'Zhawn Henry, Houston (AAC)",Jr.,RB,13,111,7,513
191,"Terrion Avery, South Alabama (Sun Belt)",Jr.,RB,12,138,1,508
191,"Braxton Burmeister, Virginia Tech (ACC)",Jr.,QB,12,116,2,508
191,"Miyan Williams, Ohio St. (Big Ten)",So.,RB,10,71,3,508
194,"Christian Turner, Wake Forest (ACC)",So.,RB,14,126,5,506
195,"Dequan Finn, Toledo (MAC)",Fr.,QB,13,111,9,505
196,"Jakobi Buchanan, Army West Point (FBS Independent)",Jr.,RB,13,136,12,504
196,"Rodney Hammond Jr., Pittsburgh (ACC)",Fr.,RB,12,102,5,504
198,"Vavae Malepeai, Southern California (Pac-12)",Sr.,RB,12,114,6,502
199,"SaRodorick Thompson, Texas Tech (Big 12)",Jr.,RB,11,107,10,500
200,"Cameron Rising, Utah (Pac-12)",So.,QB,13,74,6,499
