Rank,Player,Cl,Pos,G,Rush,Rush Yds,Rush TD
1,"Dominick Bragalone, Lehigh (Patriot)",Jr.,RB,11,247,"1,388",18
2,"De'Lance Turner, Alcorn (SWAC)",Sr.,RB,12,180,"1,357",10
3,"Josh Mack, Maine (CAA)",So.,RB,10,243,"1,335",9
4,"Ryan Fulse, Wagner (NEC)",Jr.,RB,11,216,"1,306",12
5,"Daniel Smith, Campbell (Pioneer)",So.,QB,10,139,"1,269",12
6,"Bruce Anderson, North Dakota St. (MVFC)",Jr.,RB,15,234,"1,216",12
7,"Marquell Cartwright, N.C. A&T (MEAC)",Jr.,RB,12,244,"1,190",14
8,"Jared Mohamed, Cal Poly (Big Sky)",Sr.,RB,11,268,"1,172",4
9,"Zane Dudek, Yale (Ivy League)",Fr.,RB,10,159,"1,133",15
10,"Wesley Dugger, Davidson (Pioneer)",Fr.,RB,11,228,"1,131",8
11,"Chris Murray, Montana St. (Big Sky)",So.,QB,11,191,"1,124",10
12,"Corey Avery, Sam Houston (Southland)",Sr.,RB,14,186,"1,110",14
13,"Chandler Burks, Kennesaw St. (Big South)",Jr.,QB,14,255,"1,103",18
14,"Detrez Newsome, Western Caro. (SoCon)",Sr.,RB,9,178,"1,100",9
15,"Tucker Yinger, Dayton (Pioneer)",Sr.,RB,11,215,"1,088",4
16,"Marquis Terry, Southeast Mo. St. (OVC)",Jr.,RB,11,239,"1,076",7
17,"Tevin McCaster, Youngstown St. (MVFC)",Jr.,RB,11,221,"1,066",13
18,"Roc Thomas, Jacksonville St. (OVC)",Sr.,RB,12,178,"1,065",13
19,"Pete Guerriero, Monmouth (Big South)",Fr.,RB,11,178,"1,061",9
20,"Cameron Nash, Central Conn. St. (NEC)",Sr.,RB,12,206,"1,042",13
21,"A.J. Hines, Duquesne (NEC)",So.,RB,9,182,"1,038",10
21,"Torrance Marable, Presbyterian (Big South)",Fr.,RB,11,181,"1,038",4
23,"Emilio Martinez, San Diego (Pioneer)",Fr.,RB,13,194,"1,033",10
24,"Herbert Edwards, Southern U. (SWAC)",Sr.,RB,10,174,977,5
25,"Lemonte Booker, Indiana St. (MVFC)",Sr.,RB,11,200,945,5
26,"Tyrell Maxwell, Gardner-Webb (Big South)",Sr.,QB,11,174,935,7
27,"James Madison, Idaho St. (Big Sky)",Jr.,RB,10,185,933,5
27,"James Robinson, Illinois St. (MVFC)",So.,RB,11,165,933,12
29,"Ladarius Galloway, UT Martin (OVC)",Jr.,RB,11,172,859,4
30,"Martez Carter, Grambling (SWAC)",Sr.,RB,13,167,854,10
31,"Marcus Marshall, James Madison (CAA)",Jr.,RB,14,143,850,11
32,"Brady Mengarelli, South Dakota St. (MVFC)",Sr.,RB,14,146,849,6
33,"Karekin Brooks, Penn (Ivy League)",So.,RB,10,125,840,9
34,"Stacey Bedell, Stony Brook (CAA)",Sr.,RB,13,159,835,8
35,"Andre Stoddard, Wofford (SoCon)",Jr.,RB,13,176,825,15
36,"Antonio Wilcox, Furman (SoCon)",Sr.,RB,13,162,814,14
37,"Marcus Weymiller, UNI (MVFC)",Jr.,WR,10,200,809,8
38,"Shaquil Terry, Kennesaw St. (Big South)",Fr.,RB,14,63,806,3
39,"David Hamm, McNeese (Southland)",So.,RB,11,152,805,6
40,"Chris Jones, Northwestern St. (Southland)",Sr.,RB,11,171,786,5
41,"Cory Young, Northern Ariz. (Big Sky)",Jr.,RB,12,141,784,8
42,"Yahkee Johnson, Hampton (MEAC)",Sr.,RB,11,156,783,8
43,"Kierre Crossley, Central Ark. (Southland)",Fr.,RB,12,156,780,4
44,"Antoine Custer Jr., Eastern Wash. (Big Sky)",So.,RB,11,157,776,10
45,"Carlos Blackman, Central Ark. (Southland)",So.,RB,12,173,770,9
46,"Anthony Philyaw, Howard (MEAC)",Sr.,RB,11,135,769,9
47,"Kyran Irvin, Nicholls (Southland)",So.,RB,10,147,764,8
48,"Trai Sharp, James Madison (CAA)",Jr.,RB,15,163,759,4
49,"Malcolm Summers, Elon (CAA)",Jr.,RB,6,134,755,4
50,"Caylin Newton, Howard (MEAC)",Fr.,QB,11,166,753,12
51,"Lennox McAfee, Wofford (SoCon)",Jr.,RB,12,99,747,6
52,"Tyrie Adams, Western Caro. (SoCon)",So.,QB,12,155,746,2
53,"Bryant Horn, Jacksonville St. (OVC)",Jr.,QB,12,140,734,5
54,"Charlie Booker III, Harvard (Ivy League)",Jr.,RB,9,141,733,6
55,"Jake McKenzie, Kennesaw St. (Big South)",Jr.,RB,14,163,731,3
56,"Darnell Holland, Kennesaw St. (Big South)",Jr.,RB,14,80,727,8
57,"Sta'Fon McCray, Prairie View (SWAC)",Jr.,RB,10,113,723,7
58,"James Holland Jr., Colgate (Patriot)",Sr.,RB,9,125,722,6
59,"Kealand Dirks, Furman (SoCon)",Jr.,RB,11,152,720,9
59,"Chris Streveler, South Dakota (MVFC)",Sr.,QB,13,168,720,11
61,"Isaiah Totten, N.C. Central (MEAC)",Fr.,RB,11,125,718,5
62,"John Santiago, North Dakota (Big Sky)",Jr.,RB,11,119,717,5
63,"Donald Liotine, Stony Brook (CAA)",Jr.,RB,13,151,711,10
64,"Michael Fredrick, South Dakota (MVFC)",Jr.,RB,13,143,705,7
65,"Keshawn Williams, Ark.-Pine Bluff (SWAC)",Jr.,RB,9,125,703,7
66,"Remus Bulmer, Sam Houston (Southland)",Jr.,RB,14,114,702,3
67,"Ty Brooks, North Dakota St. (MVFC)",So.,RB,10,76,700,7
68,"Treshawn Garrett, Weber St. (Big Sky)",Jr.,RB,14,129,698,6
69,"Ahmaad Tanner, Austin Peay (OVC)",Fr.,RB,12,135,697,8
70,"James Felila, Southern Utah (Big Sky)",So.,RB,9,174,694,8
71,"P.J. Simmons, Alcorn (SWAC)",Jr.,RB,11,80,687,7
72,"Jeremy Calhoun, Montana (Big Sky)",Jr.,RB,11,158,684,7
72,"Lance Dunn, North Dakota St. (MVFC)",Jr.,RB,8,93,684,12
74,"Isaiah Johnson, Eastern Ill. (OVC)",Jr.,RB,11,146,683,5
75,"Ryder Stone, Dartmouth (Ivy League)",Sr.,RB,10,145,675,4
76,"Kentel Williams, Austin Peay (OVC)",So.,RB,11,103,674,2
77,"De'Sean McNair, Elon (CAA)",So.,RB,12,159,663,6
77,"Justin Pratt, McNeese (Southland)",So.,RB,11,146,663,3
77,"Easton Stick, North Dakota St. (MVFC)",Jr.,QB,15,112,663,12
80,"Max Norris, Western Ill. (MVFC)",So.,RB,11,117,656,5
81,"Devin Bowers, Florida A&M (MEAC)",Jr.,RB,11,138,652,6
82,"Evan Gray, New Hampshire (CAA)",So.,RB,13,181,650,8
82,"Jay Green, Southern Utah (Big Sky)",So.,RB,12,137,650,14
82,"Joe Logan, Northern Ariz. (Big Sky)",So.,RB,11,136,650,6
85,"Jordan Johnson, Jackson St. (SWAC)",So.,RB,11,150,647,6
86,"Marcus Cooper, Southeastern La. (Southland)",Fr.,RB,9,64,646,3
87,"Herb Walker Jr., Morgan St. (MEAC)",Sr.,RB,11,157,645,4
88,"Blake Morgan, Wofford (SoCon)",So.,RB,13,103,640,8
89,"Kijana Amous, SFA (Southland)",Sr.,RB,11,139,639,7
90,"Tracy James, Abilene Christian (Southland)",So.,RB,11,113,638,2
90,"Chris Schroer, Columbia (Ivy League)",Sr.,RB,10,137,638,1
92,"Brady Oliveira, North Dakota (Big Sky)",Jr.,RB,11,111,637,3
93,"Ty Flanagan, Idaho St. (Big Sky)",So.,RB,9,125,634,11
94,"Tee Mitchell, Mercer (SoCon)",Jr.,RB,11,155,626,7
95,"Eric Harrell, Morgan St. (MEAC)",Jr.,RB,11,107,625,5
95,"Irvin Riley, Jacksonville (Pioneer)",So.,RB,11,119,625,6
97,"Peyton Huslig, Missouri St. (MVFC)",So.,QB,11,136,621,4
98,"Kai Henry, South Dakota (MVFC)",Fr.,RB,13,135,613,6
99,"Justin Williams, UC Davis (Big Sky)",Sr.,RB,11,131,607,8
100,"Duvante Lane, Butler (Pioneer)",Sr.,RB,11,135,603,7
101,"Grant Drakeford, The Citadel (SoCon)",Jr.,RB,11,63,602,2
102,"Charles Volker, Princeton (Ivy League)",Jr.,RB,9,138,600,14
103,"Eugene Bethea, Southeastern La. (Southland)",Sr.,RB,9,113,596,5
104,"Stefan Cantwell, Weber St. (Big Sky)",Sr.,QB,14,182,595,8
105,"Kani Kane, Delaware (CAA)",Jr.,RB,11,142,594,7
106,"Nick LaSane, Montana St. (Big Sky)",Sr.,RB,7,93,592,3
107,"Bj Perkinson, Sacramento St. (Big Sky)",Fr.,RB,8,85,591,4
108,"D. Mitchell, UIW (Southland)",Sr.,RB,9,133,590,4
109,"Andrew Goldsmith, Tennessee Tech (OVC)",So.,RB,11,116,589,3
110,"Darius Morehead, Furman (SoCon)",Fr.,RB,13,95,588,5
111,"Darrell Bridges, Chattanooga (SoCon)",Sr.,RB,11,151,587,6
112,"Noah Shuler, Charleston So. (Big South)",Sr.,RB,11,115,583,8
113,"Steve McShane, Western Ill. (MVFC)",Jr.,RB,11,138,582,7
114,"Markel Smith, Illinois St. (MVFC)",So.,RB,11,111,581,4
115,"Dominique Allen, The Citadel (SoCon)",Sr.,QB,11,129,579,8
116,"Alex Mathews, Colgate (Patriot)",So.,RB,11,130,578,6
117,"Chase Edmonds, Fordham (Patriot)",Sr.,RB,7,136,577,5
118,"Darren Johnson, Southeastern La. (Southland)",Jr.,RB,11,89,571,4
119,"Marcellus Calhoun, Marist (Pioneer)",Sr.,RB,11,156,570,7
120,"Aaron Forbes, Villanova (CAA)",Jr.,RB,11,119,568,0
121,"Kevin Smith, Weber St. (Big Sky)",So.,RB,14,107,562,6
122,"Jymere Jordan-Toney, Saint Francis (PA) (NEC)",Jr.,RB,8,116,561,3
123,"Daryl McCleskey, Eastern Ky. (OVC)",So.,RB,11,110,558,3
124,"Karl Mofor, UAlbany (CAA)",Fr.,RB,11,153,555,6
125,"Drew Jean-Guillaume, Central Conn. St. (NEC)",So.,RB,11,99,550,6
126,"Deshawn Salter, Yale (Ivy League)",Sr.,RB,8,84,544,7
127,"Harold Cooper, Rhode Island (CAA)",Sr.,RB,11,132,542,4
128,"Brad Woodard, Texas Southern (SWAC)",Jr.,RB,11,114,536,4
129,"Chad Freshnock, Bucknell (Patriot)",So.,RB,11,138,535,6
130,"Trae Riek, Northern Colo. (Big Sky)",Jr.,RB,9,131,523,6
131,"Isaac Wallace, South Dakota St. (MVFC)",Jr.,RB,14,101,516,5
132,"Troy Andersen, Montana St. (Big Sky)",Fr.,RB,11,90,515,5
132,"Harold Coles, Cornell (Ivy League)",So.,RB,9,80,515,3
134,"Alijah Lee, Montana (Big Sky)",Jr.,,11,131,509,6
135,"Ricky Henrilus, Florida A&M (MEAC)",So.,WR,7,80,506,2
135,"Cam Jackson, The Citadel (SoCon)",Sr.,RB,11,87,506,1
137,"Brock Reichardt, Drake (Pioneer)",Sr.,RB,8,121,504,5
138,"Taryn Christion, South Dakota St. (MVFC)",Jr.,QB,14,114,500,9
138,"Tre Solomon, Penn (Ivy League)",Sr.,RB,8,93,500,3
140,"Eric Zokouri, Monmouth (Big South)",Fr.,RB,5,73,497,6
141,"Brandon Rainey, The Citadel (SoCon)",Fr.,RB,10,119,495,2
142,"Chauncey Caldwell, N.C. Central (MEAC)",Fr.,QB,11,128,494,5
142,"Sam Schrader, Butler (Pioneer)",Sr.,RB,11,104,494,10
142,"Kevin Thomson, Sacramento St. (Big Sky)",Jr.,QB,8,79,494,9
145,"Daquan Isom, Southern Ill. (MVFC)",Jr.,RB,10,106,491,2
146,"Nate Chavious, Sacred Heart (NEC)",Sr.,RB,7,115,490,2
147,"Mckenzie Shai, Hampton (MEAC)",Jr.,RB,11,112,489,3
148,"Dawonya Tucker, Prairie View (SWAC)",So.,RB,11,89,485,5
149,"Mikey Daniel, South Dakota St. (MVFC)",So.,RB,14,101,482,11
150,"D'Angelo Palladino, Fordham (Patriot)",So.,RB,8,73,481,4
151,"Jayln Cagle, Gardner-Webb (Big South)",So.,RB,11,105,479,1
152,"Sam McPherson, Eastern Wash. (Big Sky)",Jr.,RB,10,80,477,2
153,"Brelynd Cyphers, Elon (CAA)",Fr.,RB,11,113,476,4
153,"Nate Evans, William & Mary (CAA)",Fr.,RB,10,119,476,3
155,"Elijah Dotson, Sacramento St. (Big Sky)",Fr.,RB,11,87,475,5
155,"Trey Samuel, South Carolina St. (MEAC)",Jr.,WR,10,89,475,6
157,"Denzel Knight, Wagner (NEC)",Jr.,RB,11,118,473,6
158,"Rylan Wells, Jacksonville (Pioneer)",Sr.,QB,11,125,472,8
159,"Kareem Williams, Delaware (CAA)",Jr.,RB,11,101,469,1
160,"Joey DeFloria, Bucknell (Patriot)",Sr.,RB,8,144,466,2
160,"Gabe Guild, Holy Cross (Patriot)",Sr.,RB,11,93,466,2
160,"Michael Jones, Bethune-Cookman (MEAC)",Sr.,RB,8,95,466,3
163,"Dontrell Taylor, Nicholls (Southland)",So.,RB,8,114,464,4
164,"Jarrett Morgan, Valparaiso (Pioneer)",Sr.,RB,9,93,463,5
165,"Dezmond Wortham, Howard (MEAC)",Sr.,FB,11,106,461,3
166,"Keenan Simpson, Jacksonville (Pioneer)",So.,RB,10,98,455,5
167,"Joseph Binda, Jr., San Diego (Pioneer)",Jr.,RB,11,101,454,6
168,"Jeremiah Oatsvall, Austin Peay (OVC)",Fr.,QB,12,94,453,6
169,"Joseph Ajeigbe, Sacramento St. (Big Sky)",Sr.,RB,11,110,452,5
169,"Lenorris Footman, Alcorn (SWAC)",Sr.,QB,9,103,452,7
169,"Xavier Goodall, Richmond (CAA)",Fr.,,11,78,452,3
172,"D'Vonn Gibbons, Savannah St. (MEAC)",Fr.,QB,11,167,450,6
173,"Devon Benn, Southern U. (SWAC)",So.,RB,9,87,449,4
174,"Bronson Rechsteiner, Kennesaw St. (Big South)",So.,RB,14,99,445,2
175,"Corey Holloway, Western Caro. (SoCon)",Jr.,RB,12,82,444,7
176,"Pernell Rattray, Jacksonville (Pioneer)",Sr.,RB,10,64,443,2
177,"Christian Turner, Youngstown St. (MVFC)",Fr.,RB,11,83,440,1
178,"Sabree Curtis, Jr., Tennessee St. (OVC)",So.,RB,11,91,439,0
179,"Logan Holbrook, Morehead St. (Pioneer)",Fr.,RB,9,100,433,5
180,"Montel Goods, Campbell (Pioneer)",So.,RB,8,88,431,6
180,"D.J. Penick, Murray St. (OVC)",Fr.,F,11,116,431,3
182,"Tramel Terry, Jacksonville St. (OVC)",Jr.,RB,12,97,430,4
183,"Jared Gerbino, Dartmouth (Ivy League)",So.,WR,9,86,428,7
184,"Jordan Bentley, Alabama A&M (SWAC)",So.,RB,9,104,427,5
184,"Aaron Savage, Norfolk St. (MEAC)",Jr.,RB,11,94,427,3
186,"Seth Rowland, Tennessee St. (OVC)",So.,RB,10,95,423,2
187,"Tommy McKee, William & Mary (CAA)",Jr.,QB,10,111,422,6
187,"Jamari Smith, N.C. A&T (MEAC)",Sr.,RB,12,77,422,2
189,"Terrance Peters, Houston Christian (Southland)",Sr.,RB,11,135,420,1
189,"Seth Wilson, North Dakota St. (MVFC)",Fr.,RB,8,72,420,1
191,"Jordan Gowins, Stony Brook (CAA)",Jr.,RB,12,92,418,6
192,"Trevor Allen, UNI (MVFC)",So.,RB,13,92,412,2
193,"Devante Kincade, Grambling (SWAC)",Sr.,QB,13,120,408,6
193,"Trevon Walters, Alabama A&M (SWAC)",So.,RB,10,129,408,3
195,"Ra'Quanne Dickens, UIW (Southland)",Jr.,RB,10,93,407,3
196,"George Golden, Alabama St. (SWAC)",Fr.,RB,11,82,406,1
197,"Ronnie Harris, Charleston So. (Big South)",So.,RB,11,72,405,2
197,"Jordan Meachum, Sacred Heart (NEC)",Jr.,RB,10,86,405,3
199,"Grant Breneman, Colgate (Patriot)",Fr.,QB,10,132,401,6
199,"Yeedee Thaenrat, Tennessee Tech (OVC)",So.,RB,11,125,401,2
