Rank,Player,Cl,Pos,G,Rush,Rush TD,Rush Yds
1,"Pete Guerriero, Monmouth (Big South)",Jr.,RB,14,298,18,"1,995"
2,"James Robinson, Illinois St. (MVFC)",Sr.,RB,15,364,18,"1,899"
3,"Julius Chestnut, Sacred Heart (NEC)",So.,RB,12,293,11,"1,495"
4,"Jah-Maine Martin, N.C. A&T (MEAC)",Jr.,RB,12,187,23,"1,446"
5,"Jordan Bentley, Alabama A&M (SWAC)",Sr.,RB,12,272,18,"1,417"
6,"Calvin Turner Jr, Jacksonville (Pioneer)",Jr.,QB,12,242,15,"1,355"
7,"Alex Ramsey, VMI (SoCon)",Jr.,RB,12,266,22,"1,326"
8,"Karl Mofor, UAlbany (CAA)",Jr.,RB,14,264,10,"1,290"
9,"Ulonzo Gilliam, UC Davis (Big Sky)",So.,RB,12,243,11,"1,249"
10,"Daryl McCleskey, Eastern Ky. (OVC)",Sr.,RB,12,214,8,"1,238"
11,"Julien Gums, Nicholls (Southland)",So.,RB,14,214,16,"1,232"
12,"Antoine Custer Jr., Eastern Wash. (Big Sky)",Sr.,RB,12,195,16,"1,228"
13,"Percy Agyei-Obese, James Madison (CAA)",Jr.,RB,16,259,19,"1,216"
14,"Shai McKenzie, Hampton (Big South)",Sr.,RB,12,216,8,"1,214"
15,"Devin Wynn, Furman (SoCon)",Jr.,RB,13,179,14,"1,182"
16,"Domenic Cozier, Holy Cross (Patriot)",Sr.,RB,12,181,7,"1,147"
17,"Quay Holmes, ETSU (SoCon)",So.,RB,12,206,7,"1,143"
18,"Josh Davis, Weber St. (Big Sky)",So.,RB,15,183,11,"1,136"
19,"Jake Chisholm, Dayton (Pioneer)",So.,RB,10,153,8,"1,129"
20,"Drew Lauer, Drake (Pioneer)",Sr.,RB,11,228,12,"1,127"
21,"Dawonya Tucker, Prairie View (SWAC)",Sr.,RB,11,180,15,"1,121"
22,"Trey Lance, North Dakota St. (MVFC)",Fr.,QB,16,169,14,"1,100"
23,"Ailym Ford, Chattanooga (SoCon)",Fr.,RB,10,206,9,"1,081"
24,"Wesley Dugger, Davidson (Pioneer)",Jr.,RB,11,202,22,"1,068"
25,"Javon Williams Jr. , Southern Ill. (MVFC)",Fr.,RB,12,162,17,"1,038"
26,"Duy Tran-Sampson, Cal Poly (Big Sky)",So.,RB,11,235,8,"1,037"
27,"Marcus Knight, Montana (Big Sky)",So.,RB,14,227,23,"1,030"
28,"D.J. Davis, Southern Ill. (MVFC)",Sr.,RB,10,189,4,"1,026"
29,"Pierre  Strong, South Dakota St. (MVFC)",So.,RB,11,143,8,"1,018"
30,"Taeyler Porter, Ark.-Pine Bluff (SWAC)",Sr.,RB,11,192,12,"1,014"
31,"Zach Davis, Fordham (Patriot)",Jr.,RB,12,200,7,"1,013"
31,"Jalen Leary, Stetson (Pioneer)",Fr.,RB,11,177,7,"1,013"
33,"Karekin Brooks, Penn (Ivy League)",Sr.,RB,9,203,8,"1,003"
34,"Tyray Devezin, Mercer (SoCon)",Jr.,RB,11,214,11,"1,002"
35,"Alijah Jackson, Robert Morris (NEC)",So.,RB,11,185,4,971
36,"Ty Brooks, North Dakota St. (MVFC)",Sr.,RB,16,133,5,968
37,"Issiah Aguero, Morehead St. (Pioneer)",Sr.,RB,12,162,7,952
38,"Jayln Cagle, Gardner-Webb (Big South)",Sr.,RB,12,211,8,930
39,"Donovan Williams, Sam Houston (Southland)",So.,RB,12,205,14,925
40,"Jawon Hamilton, James Madison (CAA)",Jr.,RB,16,168,5,919
40,"Will Knight, Delaware (CAA)",Fr.,RB,12,125,7,919
42,"Logan Jones, Montana St. (Big Sky)",Sr.,RB,14,147,8,915
43,"Bronson Rechsteiner, Kennesaw St. (Big South)",Sr.,RB,14,112,7,909
44,"Brandon Rainey, The Citadel (SoCon)",Jr.,QB,11,240,17,900
45,"Brad Sznajder, Butler (Pioneer)",Sr.,RB,12,203,3,898
46,"Ty Flanagan, Idaho St. (Big Sky)",Sr.,RB,10,173,5,895
46,"Kentel Williams, Austin Peay (OVC)",Sr.,RB,13,175,11,895
48,"Milo Hall, Northern Colo. (Big Sky)",Sr.,RB,12,260,10,890
49,"Joe Newman, Wofford (SoCon)",Sr.,QB,12,127,13,889
50,"Ladarius Skelton, Southern U. (SWAC)",Jr.,QB,13,189,14,870
51,"Joe Logan, Northern Ariz. (Big Sky)",Sr.,RB,12,190,14,860
52,"Aaron Winchester, Central Conn. St. (NEC)",Sr.,QB,13,160,9,843
53,"Dedrick Parson, Howard (MEAC)",So.,RB,12,218,5,840
54,"Niko Duffey, Alcorn (SWAC)",Fr.,RB,12,162,6,838
55,"Harold Coles, Cornell (Ivy League)",Sr.,RB,9,140,6,832
56,"Tracy James, Abilene Christian (Southland)",Sr.,RB,12,175,14,817
57,"Adam Cofield, North Dakota St. (MVFC)",Jr.,RB,16,167,12,813
57,"Isaiah Ifanse, Montana St. (Big Sky)",So.,RB,11,126,6,813
59,"Devon Benn, Southern U. (SWAC)",Sr.,RB,13,153,7,806
60,"Joe Alessi, Youngstown St. (MVFC)",Sr.,RB,12,136,5,803
61,"Collin Eaddy, Princeton (Ivy League)",Jr.,RB,9,159,12,799
62,"Kai Henry, South Dakota (MVFC)",Jr.,RB,11,136,9,794
63,"Peyton Logan, UT Martin (OVC)",Jr.,RB,9,109,6,784
64,"A.J. Hines, Duquesne (NEC)",Sr.,RB,9,191,6,780
65,"Sirgeo Hoffman, Portland St. (Big Sky)",Sr.,RB,10,143,8,769
66,"Garnett Nicholas, Jacksonville (Pioneer)",So.,RB,12,152,2,760
67,"Zane Dudek, Yale (Ivy League)",Jr.,RB,10,134,8,754
68,"Jarius Jeter, Presbyterian (Big South)",So.,DB,12,145,6,753
69,"Blake Morgan, Wofford (SoCon)",Sr.,RB,12,144,9,751
70,"Te'kendrick Roberson, Tennessee St. (OVC)",Sr.,RB,12,176,6,750
71,"Peterson Kerlegrand, Indiana St. (MVFC)",Jr.,DB,11,136,3,746
71,"Yeedee Thaenrat, Towson (CAA)",Sr.,RB,12,126,14,746
73,"Elijah Dotson, Sacramento St. (Big Sky)",Jr.,RB,13,151,7,742
74,"Devin Darrington, Harvard (Ivy League)",Jr.,DB,10,182,7,734
75,"EJ Perry, Brown (Ivy League)",So.,QB,10,142,8,730
76,"Justin Covington, Villanova (CAA)",Jr.,RB,6,90,3,727
77,"DeeWil Barlee, Villanova (CAA)",Fr.,RB,12,138,6,724
78,"Dreshawn Minnieweather, Houston Baptist (Southland)",Jr.,RB,8,105,7,723
79,"Kevin Brown, UIW (Southland)",Jr.,RB,12,129,3,720
80,"Javaughn Craig, Austin Peay (OVC)",Sr.,QB,15,135,9,714
81,"Isaiah White, Stony Brook (CAA)",Sr.,RB,11,130,5,709
82,"Justin Pratt, McNeese (Southland)",Sr.,RB,10,149,4,704
83,"Clay Harris, The Citadel (SoCon)",So.,RB,11,179,2,699
84,"Carlos Blackman, Central Ark. (Southland)",Sr.,RB,13,167,8,698
85,"Keyshawn Harper, Jackson St. (SWAC)",Jr.,RB,11,114,4,691
86,"Jay Stanton, Samford (SoCon)",Fr.,RB,11,122,7,690
87,"Mark Allen, Duquesne (NEC)",Sr.,RB,10,138,4,689
88,"James Story, Davidson (Pioneer)",Sr.,RB,12,125,6,686
89,"Zion Custis, Southeast Mo. St. (OVC)",So.,RB,13,142,5,684
90,"Tommy Bryant, Kennesaw St. (Big South)",Jr.,QB,11,118,16,683
91,"Joseph Binda, Jr., San Diego (Pioneer)",Sr.,RB,9,101,10,678
92,"Dejerric Bryant, Mississippi Val. (SWAC)",Sr.,QB,11,151,8,676
93,"Hunter Cobb, Marist (Pioneer)",Fr.,RB,11,122,13,674
94,"Alonzo Booth, Eastern Ky. (OVC)",So.,RB,12,140,14,673
94,"Labron Morris, South Carolina St. (MEAC)",Jr.,,11,158,9,673
96,"Kevin Smith, Weber St. (Big Sky)",Jr.,RB,14,174,2,670
97,"Geremy Hickbottom, Grambling (SWAC)",Jr.,QB,11,124,6,668
98,"Hajj-Malik Williams, Campbell (Big South)",Fr.,QB,11,151,9,664
99,"Ean Beek, Houston Baptist (Southland)",So.,RB,12,132,4,660
99,"Kobe Johnson, North Dakota St. (MVFC)",Fr.,RB,14,86,4,660
101,"Ezra Gray, Alabama St. (SWAC)",Sr.,RB,11,157,2,654
102,"Jacob Saylors, ETSU (SoCon)",So.,RB,11,112,4,653
103,"Ty Son Lawton, Stony Brook (CAA)",So.,RB,9,152,7,648
104,"Joe Mancuso, Richmond (CAA)",Jr.,QB,12,136,10,647
105,"Evan Gray, New Hampshire (CAA)",Sr.,RB,11,108,4,646
106,"Aidan Borguet, Harvard (Ivy League)",Fr.,RB,10,91,7,645
107,"Trevor Allen, UNI (MVFC)",Sr.,RB,15,178,6,643
108,"Isaac Washington, Bethune-Cookman (MEAC)",So.,RB,11,119,5,636
109,"Danley Exilhomme, Central Conn. St. (NEC)",Jr.,RB,13,120,8,635
109,"Chase Fourcade, Nicholls (Southland)",Sr.,QB,14,170,12,635
111,"Isaiah Totten, N.C. Central (MEAC)",Jr.,RB,12,158,3,632
112,"Elijah Ibitokun-Hanks, Chattanooga (SoCon)",Sr.,RB,8,112,6,630
113,"Alex James, UAlbany (CAA)",So.,RB,14,95,1,629
114,"Sema'J Davis, Abilene Christian (Southland)",So.,QB,12,102,4,621
115,"Kevin Thomson, Sacramento St. (Big Sky)",Sr.,QB,12,127,12,619
116,"Devin Abrams, Furman (SoCon)",Fr.,RB,13,100,6,615
116,"Aundre Carter, Idaho (Big Sky)",Fr.,RB,9,113,7,615
118,"Nick Orlando, Butler (Pioneer)",Fr.,QB,12,113,14,606
119,"Dan Adeboboye, Bryant (NEC)",So.,RB,9,138,5,605
120,"Carlos Washington Jr., New Hampshire (CAA)",So.,RB,11,138,3,601
121,"Devonte Williams, Southeastern La. (Southland)",Sr.,RB,12,136,8,599
122,"Austin Simmons, South Dakota (MVFC)",Sr.,QB,12,154,6,588
123,"Michael Matthews, Jacksonville St. (OVC)",So.,RB,12,127,5,585
124,"Owen Wright, William & Mary (CAA)",So.,RB,12,138,5,584
125,"Kylil Carter, N.C. A&T (MEAC)",Sr.,QB,12,117,2,579
126,"Geno Hess, Southeast Mo. St. (OVC)",Fr.,RB,11,102,6,575
127,"Sean Prophit, Dayton (Pioneer)",Sr.,RB,7,78,3,573
128,"Akevious Williams, Bethune-Cookman (MEAC)",Sr.,QB,11,136,10,571
129,"Ben DiNucci, James Madison (CAA)",Sr.,QB,16,122,7,569
130,"Eric Barriere, Eastern Wash. (Big Sky)",Jr.,QB,12,119,8,558
130,"Elijah Mack, McNeese (Southland)",So.,RB,9,127,4,558
132,"Jack Chambers, Charleston So. (Big South)",So.,QB,12,99,5,555
133,"Trey Sneed, Fordham (Patriot)",Jr.,RB,11,119,6,552
134,"Allen Smith, Brown (Ivy League)",So.,RB,10,118,8,550
135,"David Gist, Tennessee Tech (OVC)",So.,RB,12,124,1,548
136,"Johnathan Hawkins, Campbell (Big South)",Sr.,RB,11,125,6,547
137,"Hollis Mathis, William & Mary (CAA)",Fr.,QB,11,141,8,546
137,"Mark Robinson, Southeast Mo. St. (OVC)",Jr.,RB,13,117,7,546
139,"Dominic Franklin, Texas Southern (SWAC)",So.,RB,11,115,4,538
140,"Mikey Daniel, South Dakota St. (MVFC)",Sr.,RB,13,113,7,535
141,"Joshua Chase, Morgan St. (MEAC)",Sr.,RB,9,129,4,532
142,"Joe Fitzpatrick, Maine (CAA)",Sr.,RB,12,118,7,531
143,"Kevin Dominique, Grambling (SWAC)",So.,RB,9,96,4,530
143,"James Johannesson, North Dakota (FCS Independent)",Sr.,RB,12,124,7,530
143,"Donnavan Spencer, Western Caro. (SoCon)",Jr.,RB,11,132,4,530
146,"Keonte Lucas, Central Conn. St. (NEC)",So.,RB,11,96,4,529
147,"Jacquez Allen, Wofford (SoCon)",Fr.,RB,11,52,4,528
148,"Travis Jonsen, Montana St. (Big Sky)",Sr.,WR,14,82,8,526
149,"Jalen Hamler, Cal Poly (Big Sky)",Fr.,QB,11,194,9,522
150,"Davis Alexander, Portland St. (Big Sky)",Jr.,QB,12,122,5,517
150,"De'Shawn Waller, Alcorn (SWAC)",Sr.,RB,10,128,4,517
152,"Remus Bulmer, The Citadel (SoCon)",Sr.,RB,12,82,6,516
153,"Seba Nekhet, Stony Brook (CAA)",Jr.,RB,9,95,2,514
154,"Nick Romano, Idaho (Big Sky)",Fr.,RB,12,101,2,513
155,"Thomas Bertrand-Hudon, Delaware St. (MEAC)",Fr.,RB,9,113,5,509
156,"Malakai Rango, Idaho St. (Big Sky)",Fr.,RB,10,96,3,508
156,"Terence Stephens Jr., Robert Morris (NEC)",Jr.,RB,11,122,5,508
158,"Isaac Foster, Kennesaw St. (Big South)",So.,RB,8,34,4,506
159,"Canaan Brooks, South Dakota (MVFC)",So.,RB,12,114,4,505
159,"Ameer King, UIW (Southland)",So.,RB,11,99,1,505
161,"Romeir Elliott, Southern Ill. (MVFC)",Fr.,RB,9,81,3,496
162,"Alex Mathews, Colgate (Patriot)",Sr.,RB,12,119,4,495
163,"Naim Jones, Rhode Island (CAA)",Sr.,RB,9,107,3,494
164,"Zoe Bryant, Rhode Island (CAA)",Sr.,RB,8,116,4,493
164,"Chris Oladokun, Samford (SoCon)",Jr.,QB,12,127,8,493
166,"C.J. Wilson, South Dakota St. (MVFC)",So.,RB,9,69,3,491
167,"Eli Turner, Davidson (Pioneer)",So.,RB,12,78,4,490
168,"Bailey Fisher, Tennessee Tech (OVC)",So.,QB,12,166,11,489
169,"Jareem Westcott, Stetson (Pioneer)",So.,RB,8,68,5,483
170,"Cody Orgeron, McNeese (Southland)",Jr.,QB,12,158,3,482
171,"Ryan Quigley, Princeton (Ivy League)",Sr.,RB,10,87,6,481
172,"Adrian Feliz-Platt, Towson (CAA)",So.,RB,11,102,1,480
173,"Gaven DeFilippo, Stetson (Pioneer)",Sr.,QB,11,86,6,477
174,"Jeff Proctor, Illinois St. (MVFC)",Jr.,RB,11,112,2,476
174,"Connell Young, Western Caro. (SoCon)",Sr.,RB,10,91,1,476
176,"Daniel David, Kennesaw St. (Big South)",Sr.,QB,10,131,14,473
176,"Terrence Smith, San Diego (Pioneer)",Jr.,RB,10,73,5,473
178,"Keilon Elder, Grambling (SWAC)",Fr.,RB,11,71,6,472
179,"Myles Wanza, Lamar University (Southland)",Jr.,RB,10,120,4,471
179,"Da'Leon Ward, SFA (Southland)",Jr.,RB,8,125,1,471
181,"Jack Cook, Dayton (Pioneer)",Jr.,QB,11,104,12,470
181,"Emilio Martinez, San Diego (Pioneer)",Jr.,RB,10,96,4,470
183,"Kevin Johnson, Norfolk St. (MEAC)",Fr.,RB,11,86,8,468
184,"Emmanuel Reed, Maine (CAA)",Sr.,RB,12,110,5,467
185,"Dejoun Lee, Delaware (CAA)",Jr.,RB,9,107,2,463
185,"Corey Watkins, Furman (SoCon)",So.,RB,11,52,2,463
187,"Malik Twyman, Colgate (Patriot)",Jr.,RB,11,103,6,461
188,"Nathan Walker, Wofford (SoCon)",So.,RB,12,81,5,460
188,"Ryan Young, Columbia (Ivy League)",So.,RB,10,106,2,460
190,"Chad Freshnock, Bucknell (Patriot)",Sr.,RB,10,113,2,459
190,"Deondre Johnson, Mercer (SoCon)",Fr.,RB,7,74,3,459
192,"Daniel Smith, Villanova (CAA)",Jr.,QB,13,84,12,457
193,"Josh McGowen, SFA (Southland)",Jr.,RB,12,110,6,450
193,"Jalen Morton, Prairie View (SWAC)",Sr.,QB,8,74,6,450
193,"Jared West, Northwestern St. (Southland)",Sr.,RB,12,144,9,450
196,"Kashon Baker, N.C. A&T (MEAC)",Sr.,RB,11,83,5,439
196,"Dominique Dafney, Indiana St. (MVFC)",Sr.,WR,12,62,7,439
196,"Bj Perkinson, Sacramento St. (Big Sky)",Jr.,RB,13,96,6,439
199,"Tyrie Adams, Western Caro. (SoCon)",Sr.,QB,10,122,5,437
200,"Jordan Johnson, Jackson St. (SWAC)",Sr.,RB,11,90,4,431
