Rank,Player,Cl,Pos,G,Int,Int Ret Yds,Int Ret TDs,Int PG
1,"Rassie Littlejohn, Stetson (Pioneer)",Jr.,DB,10,7,83,0,0.7
2,"Javeon Ensley, Stetson (Pioneer)",Sr.,DB,10,6,34,1,0.6
3,"Kameron Brown, Chattanooga (SoCon)",Jr.,DB,11,6,110,1,0.5
3,"Alijah Huzzie, ETSU (SoCon)",So.,DB,11,6,100,1,0.5
3,"Victor Nelson Jr., LIU (NEC)",So.,DB,11,6,34,0,0.5
6,"Wedner Cadet, Georgetown (Patriot)",Fr.,DB,10,5,125,1,0.5
6,"Rex Connors, UC Davis (Big Sky)",Fr.,DB,10,5,31,0,0.5
6,"BJ DAVIS, South Carolina St. (MEAC)",Jr.,LB,10,5,101,1,0.5
6,"Jamel Johnson, Charleston So. (Big South)",Fr.,DB,8,4,26,0,0.5
6,"Deontre Morris, Kennesaw St. (ASUN)",So.,DB,10,5,66,0,0.5
11,"Isaiah Hamilton, Texas Southern (SWAC)",So.,CB,11,5,79,2,0.5
11,"Markeith Montgomery, Kennesaw St. (ASUN)",Sr.,DB,11,5,115,1,0.5
13,"Davin Wilson, Southern Utah (WAC)",So.,CB,9,4,78,1,0.4
14,"Hamilton Moore, Yale (Ivy League)",Sr.,LB,10,4,9,0,0.4
14,"Karon Prunty, N.C. A&T (Big South)",Fr.,CB,10,4,2,0,0.4
14,"Scott Valentas, Columbia (Ivy League)",Sr.,LB,10,4,27,0,0.4
17,"Maxwell Anderson, Weber St. (Big Sky)",Jr.,DB,13,5,43,0,0.4
17,"Walter Reynolds, Holy Cross (Patriot)",Sr.,DB,13,5,87,0,0.4
19,"Jay'Vion Cole, Cal Poly (Big Sky)",Fr.,DB,11,4,41,0,0.4
19,"Woo Governor, UNI (MVFC)",Sr.,DB,11,4,127,2,0.4
19,"Corione Harris, Southern U. (SWAC)",Sr.,DB,11,4,162,1,0.4
19,"Omari Hill-Robinson, Bethune-Cookman (SWAC)",Jr.,CB,11,4,108,1,0.4
19,"Brent Jackson, Bucknell (Patriot)",Sr.,DB,11,4,0,0,0.4
19,"Murvin Kenion III, Idaho (Big Sky)",So.,DB,11,4,17,0,0.4
19,"Coi Miller, Houston Christian (Southland)",Sr.,DB,11,4,55,0,0.4
19,"Javan Morgan, Florida A&M (SWAC)",Jr.,DB,11,4,97,0,0.4
19,"Benny Sapp, UNI (MVFC)",Sr.,DB,11,4,14,0,0.4
19,"Quinaz Turner, Murray St. (OVC)",Sr.,CB,11,4,45,0,0.4
19,"Rodrick Ward, Southern Utah (WAC)",Jr.,S,11,4,55,0,0.4
30,"Khalil Baker, N.C. Central (MEAC)",Jr.,DB,12,4,48,1,0.3
30,"Logan Jackson, Prairie View (SWAC)",Sr.,CB,9,3,0,0,0.3
30,"Jalen Jones, William & Mary (CAA)",Fr.,DB,12,4,61,1,0.3
30,"Tommy McCormick, Idaho (Big Sky)",So.,S,12,4,63,0,0.3
30,"Paul Moala, Idaho (Big Sky)",Sr.,LB,12,4,21,0,0.3
30,"Omar Rogers, Elon (CAA)",So.,DB,9,3,96,0,0.3
30,"Michael Ruttlen Jr., Princeton (Ivy League)",Sr.,DB,9,3,0,0,0.3
30,"Kohlton Sherman, Valparaiso (Pioneer)",Sr.,DB,12,4,175,1,0.3
30,"Dawson Weber, North Dakota St. (MVFC)",Sr.,S,15,5,4,0,0.3
39,"Aaron Banks, Richmond (CAA)",Sr.,DB,13,4,44,1,0.3
39,"Tyrek Funderburk, Richmond (CAA)",Sr.,DB,13,4,30,1,0.3
39,"Devin Haskins, Holy Cross (Patriot)",Sr.,DB,13,4,21,0,0.3
39,"Hugh Ryan, Furman (SoCon)",Jr.,DB,13,4,88,0,0.3
43,"Tyler Barnes, McNeese (Southland)",Sr.,S,10,3,-1,0,0.3
43,"Rylan Cole, Indiana St. (MVFC)",So.,DB,10,3,45,0,0.3
43,"Chance Gamble, Kennesaw St. (ASUN)",So.,DB,10,3,128,1,0.3
43,"Cole Hildebrand, Dayton (Pioneer)",Fr.,S,10,3,42,1,0.3
43,"Dominick Poole, The Citadel (SoCon)",Jr.,DB,10,3,10,0,0.3
43,"Gerald Smith, Prairie View (SWAC)",Sr.,DB,10,3,37,0,0.3
43,"CJ Wall, Princeton (Ivy League)",Sr.,DB,10,3,37,0,0.3
43,"John Wood, Sacred Heart (NEC)",Jr.,DB,10,3,13,0,0.3
51,"DyShawn Gales, South Dakota St. (MVFC)",Sr.,CB,14,4,32,1,0.3
51,"Callahan O'Reilly, Montana St. (Big Sky)",Sr.,LB,14,4,82,0,0.3
53,"Jordan Carter, Southern U. (SWAC)",So.,DB,11,3,81,1,0.3
53,"Ethan Caselberry, Austin Peay (ASUN)",Sr.,DB,11,3,-3,0,0.3
53,"Demetries Ford, Austin Peay (ASUN)",Jr.,DB,11,3,49,0,0.3
53,"Cameron Godfrey, Central Ark. (ASUN)",Jr.,DB,11,3,40,0,0.3
53,"Josh Green, Tennessee St. (OVC)",Jr.,DB,11,3,70,1,0.3
53,"Aaron Harris, N.C. A&T (Big South)",So.,DB,11,3,37,0,0.3
53,"Charles Ike, Idaho St. (Big Sky)",Sr.,LB,11,3,30,0,0.3
53,"Cail  Jackson, Alabama St. (SWAC)",So.,DB,11,3,31,0,0.3
53,"Jonathan Jones, Campbell (Big South)",Sr.,DB,11,3,0,0,0.3
53,"Jordan Jones, Rhode Island (CAA)",Sr.,DB,11,3,54,1,0.3
53,"Marlon Jones Jr., Eastern Wash. (Big Sky)",Jr.,DB,11,3,0,0,0.3
53,"TJ Moore, Mercer (SoCon)",Jr.,DB,11,3,27,0,0.3
53,"Jae'Veyon Morton, Morgan St. (MEAC)",Sr.,DB,11,3,64,1,0.3
53,"Duane Nichols, South Carolina St. (MEAC)",Sr.,DB,11,3,68,1,0.3
53,"Alex Oliver, VMI (SoCon)",Jr.,DB,11,3,19,0,0.3
53,"Jackson Price, Colgate (Patriot)",Sr.,DB,11,3,-1,0,0.3
53,"Gavin Pringle, Bucknell (Patriot)",Sr.,DB,11,3,8,0,0.3
53,"Ryan Saddler, Bryant (Big South)",Sr.,LB,11,3,0,0,0.3
53,"Nathan Seward, Ark.-Pine Bluff (SWAC)",Sr.,DB,11,3,19,0,0.3
53,"Shamari Simmons, Austin Peay (ASUN)",Sr.,DB,11,3,35,0,0.3
53,"Davis Smith, Monmouth (CAA)",So.,DB,11,3,69,0,0.3
53,"Alex Smith Jr., Bucknell (Patriot)",So.,DB,11,3,20,0,0.3
53,"Elijawah Tolbert, Eastern Ill. (OVC)",So.,DB,11,3,20,0,0.3
53,"Jordan Vincent, Eastern Ill. (OVC)",So.,S,11,3,8,0,0.3
53,"Tre Weed, Eastern Wash. (Big Sky)",Sr.,DB,11,3,40,1,0.3
53,"Ty Woods, UT Martin (OVC)",Sr.,S,11,3,57,1,0.3
79,"Zy Alexander, Southeastern La. (Southland)",So.,DB,12,3,95,2,0.2
79,"Brandon Benn, Yale (Ivy League)",Sr.,DB,8,2,53,0,0.2
79,"Travell Cook, Saint Francis (PA) (NEC)",Jr.,DB,12,3,2,0,0.2
79,"Cale Reeder, South Dakota St. (MVFC)",Jr.,S,12,3,0,0,0.2
79,"Stephen Williams II, Fordham (Patriot)",Sr.,DB,12,3,1,0,0.2
84,"Jamari Brown, Gardner-Webb (Big South)",Sr.,DB,13,3,53,0,0.2
84,"Cally Chizik, Furman (SoCon)",Jr.,CB,13,3,125,2,0.2
84,"Randall Harris, New Hampshire (CAA)",Jr.,DB,13,3,45,1,0.2
84,"Shawn Holton, UIW (Southland)",Sr.,DB,13,3,40,0,0.2
84,"Micah Robinson, Furman (SoCon)",So.,CB,13,3,27,0,0.2
84,"A.J. Thomas, Gardner-Webb (Big South)",Sr.,DB,13,3,0,0,0.2
84,"Donniel Ward-Magee, Southeastern La. (Southland)",Sr.,DB,13,3,0,0,0.2
84,"Josiah Wright, Gardner-Webb (Big South)",Sr.,DB,13,3,0,0,0.2
92,"Ezekiel Daure, Duquesne (NEC)",Jr.,DB,9,2,38,1,0.2
92,"David Fisher, Sam Houston (WAC)",Fr.,DB,9,2,12,0,0.2
92,"Joshua Hong, San Diego (Pioneer)",Sr.,DB,9,2,38,1,0.2
92,"Alex Kemper, Fordham (Patriot)",Fr.,DB,9,2,24,1,0.2
92,"Abdural Lee, Mississippi Val. (SWAC)",Jr.,DB,9,2,24,0,0.2
92,"Josh Ofili, Brown (Ivy League)",Sr.,DB,9,2,18,0,0.2
92,"Andrew Reese, Delaware St. (MEAC)",Jr.,DB,9,2,1,0,0.2
92,"Derrick Tucker, Texas Southern (SWAC)",Sr.,DB,9,2,33,1,0.2
92,"Sean Williams, Dartmouth (Ivy League)",Fr.,DB,9,2,84,0,0.2
101,"Elliott Davison, UIW (Southland)",Jr.,DB,14,3,27,0,0.2
102,"Ali Ali, Saint Francis (PA) (NEC)",Fr.,DB,10,2,8,0,0.2
102,"J.T. Anderson, Bryant (Big South)",So.,DB,10,2,2,0,0.2
102,"Joseph Bonczek, Princeton (Ivy League)",Sr.,LB,10,2,0,0,0.2
102,"Kahzir Brown, Maine (CAA)",So.,LB,10,2,55,1,0.2
102,"Jayden Brown, Wagner (NEC)",Fr.,DB,10,2,2,0,0.2
102,"Robert Crockett III, Dartmouth (Ivy League)",Sr.,CB,10,2,8,0,0.2
102,"Demetrius Crosby Jr., Eastern Wash. (Big Sky)",Sr.,DB,10,2,0,0,0.2
102,"Logan Dalton, Dayton (Pioneer)",Sr.,DB,10,2,54,1,0.2
102,"Taurus Dotson, Western Caro. (SoCon)",Sr.,DB,10,2,38,0,0.2
102,"Holt Fletcher, Cornell (Ivy League)",Jr.,LB,10,2,16,1,0.2
102,"Ayden Garnes, Duquesne (NEC)",So.,DB,10,2,18,0,0.2
102,"Charles George, Texas Southern (SWAC)",Fr.,S,10,2,0,0,0.2
102,"Tony Graham II, Drake (Pioneer)",Jr.,DB,10,2,-1,0,0.2
102,"Sean Guyton, Yale (Ivy League)",So.,DB,10,2,14,0,0.2
102,"Tyris Harvey, Eastern Ill. (OVC)",Jr.,DB,10,2,12,0,0.2
102,"Josh Hayes, Eastern Ky. (ASUN)",Sr.,DB,10,2,0,0,0.2
102,"Troy Jakubec, Youngstown St. (MVFC)",Sr.,DB,10,2,1,0,0.2
102,"Robert Javier, Towson (CAA)",Sr.,DB,10,2,167,2,0.2
102,"Ayinde Johnson, LIU (NEC)",Jr.,DB,10,2,51,1,0.2
102,"Jamison Lindsey, Mississippi Val. (SWAC)",So.,DB,10,2,44,0,0.2
102,"Destin Mack, The Citadel (SoCon)",Sr.,LB,10,2,11,0,0.2
102,"Adrian Maddox, Alabama St. (SWAC)",Fr.,DB,10,2,7,0,0.2
102,"Marques Mason, Sacred Heart (NEC)",Sr.,DB,10,2,0,0,0.2
102,"Fara'ad McCombs, Columbia (Ivy League)",Sr.,DB,10,2,7,0,0.2
102,"Tavarian McCullum, Alcorn (SWAC)",Sr.,DB,10,2,0,0,0.2
102,"Dominic Morris, Furman (SoCon)",So.,CB,10,2,0,0,0.2
102,"Harrison Ochs, Brown (Ivy League)",Sr.,DB,10,2,17,0,0.2
102,"Tyreese Shakir, Portland St. (Big Sky)",So.,DB,10,2,0,0,0.2
102,"Alex Washington, Harvard (Ivy League)",Sr.,CB,10,2,30,0,0.2
102,"Franky West, Illinois St. (MVFC)",Jr.,DB,10,2,4,0,0.2
102,"Amaud Willis-Dalton, McNeese (Southland)",Jr.,LB,10,2,35,0,0.2
133,"Daniel Abraham, Villanova (CAA)",Sr.,LB,11,2,32,0,0.2
133,"Kalib Alexander, Mississippi Val. (SWAC)",So.,DB,11,2,10,0,0.2
133,"Joe Andreessen, Bryant (Big South)",Sr.,LB,11,2,48,0,0.2
133,"Sheldon Arnold, II, ETSU (SoCon)",So.,DB,11,2,46,0,0.2
133,"Sydney Audiger, Robert Morris (Big South)",Sr.,DB,11,2,54,0,0.2
133,"Chris Beverly, The Citadel (SoCon)",Sr.,DB,11,2,96,1,0.2
133,"Colin Bohanek, Eastern Ill. (OVC)",Jr.,LB,11,2,21,0,0.2
133,"Kendall Bohler, Florida A&M (SWAC)",Jr.,DB,11,2,14,0,0.2
133,"Jeff Bowens, Illinois St. (MVFC)",So.,DB,11,2,53,1,0.2
133,"Jahsun Bryant, Tennessee St. (OVC)",Sr.,LB,11,2,1,0,0.2
133,"Tre Caine, Southern Utah (WAC)",Sr.,DB,11,2,10,0,0.2
133,"Michael Campbell, Mercer (SoCon)",Sr.,DB,11,2,41,1,0.2
133,"Tahj Chambers, Missouri St. (MVFC)",So.,LB,11,2,3,0,0.2
133,"Kory Chapman, Austin Peay (ASUN)",Jr.,S,11,2,0,0,0.2
133,"Avarion Cole, N.C. A&T (Big South)",Fr.,LB,11,2,23,0,0.2
133,"Branson Combs, Southern Ill. (MVFC)",So.,LB,11,2,18,0,0.2
133,"Michael Crawford, Hampton (CAA)",Jr.,DB,11,2,1,0,0.2
133,"Alonzo Davis, Northern Ariz. (Big Sky)",Sr.,DB,11,2,29,0,0.2
133,"Justin Douglas, North Ala. (ASUN)",Jr.,DB,11,2,0,0,0.2
133,"Moses Douglass, Alabama A&M (SWAC)",So.,S,11,2,0,0,0.2
133,"Isaac Dowling, Mercer (SoCon)",Jr.,LB,11,2,0,0,0.2
133,"Isaac Duffy, UAlbany (CAA)",Jr.,DB,11,2,3,0,0.2
133,"Brian Dukes, Cal Poly (Big Sky)",Fr.,DB,11,2,65,1,0.2
133,"Lake Ellis, Bryant (Big South)",Jr.,DB,11,2,0,0,0.2
133,"Jayden Estes, Delaware St. (MEAC)",So.,DB,11,2,0,0,0.2
133,"Ja'Terious Evans, SFA (ASUN)",Sr.,DB,11,2,21,0,0.2
133,"Clayborne Fields III, Marist (Pioneer)",Sr.,S,11,2,70,1,0.2
133,"Kolbi Fuqua, Jacksonville St. (ASUN)",Jr.,S,11,2,24,0,0.2
133,"Tyler Gore, UT Martin (OVC)",Jr.,DB,11,2,30,0,0.2
133,"Isaiah Greene, Central Conn. St. (NEC)",Jr.,CB,11,2,-3,0,0.2
133,"Marquis Hall, Norfolk St. (MEAC)",Sr.,LB,11,2,16,0,0.2
133,"Tyhir Harley, Marist (Pioneer)",Jr.,CB,11,2,0,0,0.2
133,"Bruce Harmon, SFA (ASUN)",Jr.,DB,11,2,13,0,0.2
133,"Romell Harris-Freeman, Delaware St. (MEAC)",Jr.,DB,11,2,0,0,0.2
133,"Keenan Isaac, Alabama St. (SWAC)",Sr.,DB,11,2,18,0,0.2
133,"Michael Jackson, Portland St. (Big Sky)",So.,DB,11,2,20,0,0.2
133,"Mikey Jarmolowich, Colgate (Patriot)",Sr.,DB,11,2,14,0,0.2
133,"Arsheen Jiles, Sacred Heart (NEC)",Jr.,DB,11,2,28,0,0.2
133,"Devin Johnson, Youngstown St. (MVFC)",So.,LB,11,2,3,0,0.2
133,"Patrick Jolly, Abilene Christian (WAC)",Jr.,DB,11,2,0,0,0.2
133,"Zion KEITH, South Carolina St. (MEAC)",Sr.,DB,11,2,0,0,0.2
133,"Andreas Keaton, Western Caro. (SoCon)",So.,S,11,2,45,0,0.2
133,"Keshaun King, Eastern Wash. (Big Sky)",Sr.,DB,11,2,0,0,0.2
133,"Quincy Lenton, Youngstown St. (MVFC)",Sr.,DB,11,2,34,0,0.2
133,"Will Mason, Butler (Pioneer)",Fr.,DB,11,2,0,0,0.2
133,"Tyrell Mims, Villanova (CAA)",So.,DB,11,2,0,0,0.2
133,"Elijah Moffett, Abilene Christian (WAC)",So.,S,11,2,89,0,0.2
133,"Quantraill Morris-Walker, Idaho St. (Big Sky)",So.,S,11,2,18,0,0.2
133,"Tyler Morton, Nicholls (Southland)",So.,DB,11,2,36,0,0.2
133,"A.T. Ntantang, Lafayette (Patriot)",Jr.,DB,11,2,85,1,0.2
133,"Patrick O'Connell, Montana (Big Sky)",Sr.,LB,11,2,63,0,0.2
133,"Triumphant Olatunji, SFA (ASUN)",Sr.,DB,11,2,4,0,0.2
133,"Jordan Oliver, Houston Christian (Southland)",Sr.,CB,11,2,21,0,0.2
133,"Adrian Otero, Maine (CAA)",Sr.,LB,11,2,14,0,0.2
133,"Wyatt Pedigo, North Dakota (MVFC)",So.,LB,11,2,33,0,0.2
133,"Tanner Pollock, Drake (Pioneer)",Sr.,LB,11,2,37,0,0.2
133,"David Powers, Wofford (SoCon)",Jr.,LB,11,2,1,0,0.2
133,"Avian Rice, Alabama A&M (SWAC)",Fr.,S,11,2,23,0,0.2
133,"Jacob Roberts, N.C. A&T (Big South)",Jr.,LB,11,2,61,2,0.2
133,"AJ Seay, Presbyterian (Pioneer)",So.,DB,11,2,3,0,0.2
133,"Ali Shockley, Hampton (CAA)",Sr.,DB,11,2,1,0,0.2
133,"Rudy Silvera, LIU (NEC)",Sr.,CB,11,2,0,0,0.2
133,"Cameron Sims, Mercer (SoCon)",Jr.,DB,11,2,69,1,0.2
133,"Sean Smith, Central Ark. (ASUN)",Fr.,DB,11,2,10,0,0.2
133,"Ubayd Steed, Towson (CAA)",Jr.,DB,11,2,13,0,0.2
133,"Ramond Stevens, Lamar University (Southland)",So.,DB,11,2,0,0,0.2
133,"Xavier Toliver, Houston Christian (Southland)",So.,S,11,2,18,0,0.2
133,"Ryan Webb, Duquesne (NEC)",Sr.,DB,11,2,50,0,0.2
133,"Joseph White, Norfolk St. (MEAC)",Jr.,DB,11,2,1,0,0.2
133,"Austin White, VMI (SoCon)",Jr.,DB,11,2,52,0,0.2
133,"Cedrick Williams, Texas Southern (SWAC)",Sr.,CB,11,2,88,0,0.2
133,"Tamaurian Wilson, Central Ark. (ASUN)",So.,DB,11,2,27,0,0.2
133,"Lance Wise, Mercer (SoCon)",Jr.,S,11,2,14,0,0.2
133,"Tyrese Wright, Monmouth (CAA)",Sr.,DB,11,2,-1,0,0.2
