Rank,Player,Cl,Pos,G,Int,Int Ret Yds,Int Ret TDs,Int PG
1,"Isiah Swann, Dartmouth (Ivy League)",Jr.,DB,10,9,95,1,0.9
2,"Will Warner, Drake (Pioneer)",Jr.,DB,11,8,223,1,0.7
3,"TJ Floyd, Princeton (Ivy League)",Jr.,DB,10,6,59,0,0.6
3,"Wesley Ogsbury, Harvard (Ivy League)",Sr.,DB,10,6,83,0,0.6
5,"Christian Benford, Villanova (CAA)",Fr.,DB,9,5,23,0,0.6
6,"James Allen, Charleston So. (Big South)",Sr.,DB,11,6,208,3,0.5
7,"Tyler Castillo, Colgate (Patriot)",Sr.,DB,12,6,157,1,0.5
7,"Tyree Robinson, ETSU (SoCon)",So.,DB,12,6,95,1,0.5
9,"Jahque Alleyne, Montana St. (Big Sky)",---,,11,5,102,0,0.5
9,"Hayden Bourgeois, Northwestern St. (Southland)",So.,DB,11,5,69,1,0.5
9,"Luther Kirk, Illinois St. (MVFC)",Jr.,DB,11,5,51,1,0.5
9,"Leodis Moore, Eastern Ky. (OVC)",Jr.,DB,11,5,50,1,0.5
13,"Dajour Nesbeth, Tennessee St. (OVC)",Jr.,DB,9,4,152,1,0.4
14,"Sherand Boyd Jr., Northern Colo. (Big Sky)",Jr.,DB,10,4,97,1,0.4
14,"Cornelius Floyd, Eastern Ky. (OVC)",Sr.,DB,10,4,3,0,0.4
14,"Robbie Grimsley, North Dakota St. (MVFC)",Sr.,DB,15,6,40,0,0.4
14,"Kamron Johnson, Northern Ariz. (Big Sky)",Sr.,DB,10,4,88,0,0.4
14,"Isaiah Laster, William & Mary (CAA)",Jr.,DB,10,4,35,0,0.4
14,"Joseph McWilliams, Grambling (SWAC)",Jr.,DB,10,4,33,1,0.4
20,"Keilan Benjamin, Weber St. (Big Sky)",Sr.,DB,13,5,41,0,0.4
20,"Duncan Ferch, UNI (MVFC)",Sr.,LB,13,5,186,2,0.4
20,"Jimmy Moreland, James Madison (CAA)",Sr.,DB,13,5,217,3,0.4
20,"Landon Stice, Weber St. (Big Sky)",Sr.,LB,13,5,79,0,0.4
24,"Wes Sutton, Northern Ariz. (Big Sky)",Sr.,DB,8,3,22,0,0.4
25,"Wesley Bowers, Georgetown (Patriot)",So.,LB,11,4,53,1,0.4
25,"Jesse Bramble, Fordham (Patriot)",Jr.,DB,11,4,0,0,0.4
25,"Alex Brown, South Carolina St. (MEAC)",So.,,11,4,50,0,0.4
25,"Connor Christiansen, Elon (CAA)",Sr.,DB,11,4,2,0,0.4
25,"Malik Davis, Austin Peay (OVC)",Sr.,DB,11,4,10,0,0.4
25,"Adonis Davis, Abilene Christian (Southland)",Jr.,DB,11,4,64,0,0.4
25,"Dreylan Hines, Davidson (Pioneer)",Fr.,DB,11,4,97,0,0.4
25,"Evan Horn, New Hampshire (CAA)",So.,DB,11,4,80,2,0.4
25,"Greg Liggs Jr., Elon (CAA)",Jr.,DB,11,4,27,0,0.4
25,"Julian Marcantel, Texas Southern (SWAC)",Jr.,LB,11,4,12,0,0.4
25,"Trevor Merritt, Bethune-Cookman (MEAC)",Jr.,DB,11,4,97,2,0.4
25,"Brandon Miller, Marist (Pioneer)",Sr.,DB,11,4,40,0,0.4
25,"Kareem Orr, Chattanooga (SoCon)",Sr.,DB,11,4,67,0,0.4
25,"Robert Rochell, Central Ark. (Southland)",So.,DB,11,4,38,0,0.4
25,"Donte Small, Morgan St. (MEAC)",So.,DB,11,4,45,1,0.4
25,"Xavior Williams, UNI (MVFC)",So.,DB,11,4,113,1,0.4
41,"Timadre Abram, N.C. A&T (MEAC)",Sr.,DB,12,4,21,0,0.3
41,"Nasir Adderley, Delaware (CAA)",Sr.,DB,12,4,1,0,0.3
41,"Jeremy Chinn, Southern Ill. (MVFC)",Jr.,DB,9,3,95,0,0.3
41,"James Hendricks, North Dakota St. (MVFC)",Jr.,DB,15,5,30,0,0.3
41,"Davon Jernigan, Lamar University (Southland)",Sr.,DB,12,4,99,1,0.3
41,"Josh Lewis, Eastern Wash. (Big Sky)",Sr.,DB,15,5,40,0,0.3
41,"Cincere Mason, Kennesaw St. (Big South)",Fr.,DB,12,4,21,0,0.3
41,"Garrison Mitchell, Lamar University (Southland)",Jr.,DB,12,4,93,0,0.3
41,"Javen Morrison, Alcorn (SWAC)",Jr.,DB,12,4,131,1,0.3
41,"Zy Mosley, South Dakota St. (MVFC)",Jr.,DB,12,4,43,1,0.3
41,"Jakoby Pappillion, Southern U. (SWAC)",So.,DB,9,3,18,0,0.3
41,"Tydarius Peters, Bethune-Cookman (MEAC)",Jr.,DB,12,4,145,2,0.3
41,"D'londo Tucker, Eastern Wash. (Big Sky)",Sr.,DB,15,5,65,0,0.3
54,"Zach Hall, Southeast Mo. St. (OVC)",Jr.,LB,13,4,56,0,0.3
54,"Jonathant Istache, Duquesne (NEC)",Sr.,DB,13,4,22,0,0.3
54,"Justin Swift, Southeast Mo. St. (OVC)",Jr.,LB,13,4,121,1,0.3
54,"Traco Williams, Jacksonville St. (OVC)",Jr.,DB,13,4,63,0,0.3
58,"Mohammed Diakite, Penn (Ivy League)",Fr.,DB,10,3,42,0,0.3
58,"Khalil Dorsey, Northern Ariz. (Big Sky)",Jr.,DB,10,3,10,0,0.3
58,"Brandon Dowdell, Chattanooga (SoCon)",So.,DB,10,3,67,0,0.3
58,"Jethro Francois, Georgetown (Patriot)",Sr.,DB,10,3,21,0,0.3
58,"Dominic Frasch, Cal Poly (Big Sky)",Sr.,DB,10,3,0,0,0.3
58,"Andrew Hines, Florida A&M (MEAC)",Jr.,DB,10,3,-1,0,0.3
58,"David Jones, Cornell (Ivy League)",Jr.,DB,10,3,48,1,0.3
58,"Zach Miller, Harvard (Ivy League)",Sr.,DB,10,3,10,0,0.3
58,"Conor O'Brien, Penn (Ivy League)",Jr.,DB,10,3,0,0,0.3
58,"Koy Richardson, Abilene Christian (Southland)",So.,DB,10,3,0,0,0.3
58,"Jeremiah Tyler, Princeton (Ivy League)",So.,LB,10,3,14,0,0.3
69,"Leon Agee, Georgetown (Patriot)",Jr.,DB,11,3,40,0,0.3
69,"Adkin Aguirre, Idaho St. (Big Sky)",Jr.,DB,11,3,112,0,0.3
69,"Willie Barrett, Marist (Pioneer)",Sr.,LB,11,3,31,0,0.3
69,"Jared Beshore, Missouri St. (MVFC)",Sr.,DB,11,3,25,0,0.3
69,"Mitchell Brees, Illinois St. (MVFC)",Sr.,DB,11,3,27,0,0.3
69,"Caleb Brown, Idaho St. (Big Sky)",Jr.,DB,11,3,31,1,0.3
69,"Jordan Canady, North Dakota (FCS Independent)",So.,DB,11,3,60,0,0.3
69,"Eric Carrera, Western Ill. (MVFC)",Jr.,DB,11,3,23,0,0.3
69,"Abu Daramy-Swaray, Colgate (Patriot)",Jr.,DB,11,3,58,0,0.3
69,"Triston Dozier, Gardner-Webb (Big South)",Sr.,DB,11,3,20,0,0.3
69,"Rick Ellison, New Hampshire (CAA)",Jr.,DB,11,3,60,1,0.3
69,"Andrew Horton-Martindale, UT Martin (OVC)",Sr.,DB,11,3,43,0,0.3
69,"Daniel Jones, Richmond (CAA)",Jr.,DB,11,3,0,0,0.3
69,"Ferlando Jordan, Southeastern La. (Southland)",Fr.,DB,11,3,45,0,0.3
69,"David Leisring, Dayton (Pioneer)",Sr.,DB,11,3,34,0,0.3
69,"Collin Loftis, VMI (SoCon)",Fr.,DB,11,3,76,0,0.3
69,"Bryan Marine, Bucknell (Patriot)",Sr.,DB,11,3,34,0,0.3
69,"Rayshawn McCall, Davidson (Pioneer)",Jr.,DB,11,3,23,0,0.3
69,"Zyon McCollum, Sam Houston (Southland)",So.,DB,11,3,34,1,0.3
69,"Myron Morris, Wagner (NEC)",Jr.,DB,11,3,72,0,0.3
69,"Michael Murphy, Western Caro. (SoCon)",So.,DB,11,3,128,1,0.3
69,"Jahad Neibauer, Delaware St. (MEAC)",Jr.,DB,11,3,47,0,0.3
69,"Malick Phillips, UIW (Southland)",Fr.,DB,11,3,-1,0,0.3
69,"Nhyre Quinerly, Norfolk St. (MEAC)",Jr.,DB,11,3,37,0,0.3
69,"Chris Riley, Holy Cross (Patriot)",Jr.,DB,11,3,70,0,0.3
69,"Dennis Roberts, Alabama St. (SWAC)",Sr.,DB,11,3,5,0,0.3
69,"Xavier Rowe, Western Ill. (MVFC)",Sr.,DB,11,3,16,0,0.3
69,"Will Skinner, Prairie View (SWAC)",Sr.,DB,11,3,28,1,0.3
69,"Aron Spann, The Citadel (SoCon)",Sr.,DB,11,3,0,0,0.3
69,"Silas Stewart, UIW (Southland)",Sr.,LB,11,3,18,0,0.3
69,"Devin Taylor, Illinois St. (MVFC)",So.,DB,11,3,0,0,0.3
69,"Dominick Trigg, Morgan St. (MEAC)",Jr.,WR,11,3,83,1,0.3
101,"Jabril Cox, North Dakota St. (MVFC)",So.,LB,15,4,147,2,0.3
102,"George Gbesee, Wofford (SoCon)",Jr.,DB,12,3,78,0,0.3
102,"Jordan Preator, Weber St. (Big Sky)",Sr.,DB,12,3,107,1,0.3
104,"Mason Alstatt, Wofford (SoCon)",Jr.,DB,13,3,61,0,0.2
104,"Jordan Brown, South Dakota St. (MVFC)",Sr.,DB,13,3,0,0,0.2
104,"Richard Carr, Maine (CAA)",Fr.,DB,13,3,10,0,0.2
104,"Qwynnterrio Cole, Alcorn (SWAC)",So.,DB,13,3,36,1,0.2
104,"Mason Moe, UC Davis (Big Sky)",Sr.,LB,13,3,61,0,0.2
104,"Korby Sander, UNI (MVFC)",So.,DB,13,3,33,0,0.2
104,"Adam Smith, James Madison (CAA)",Jr.,DB,13,3,29,0,0.2
104,"Jojo Tillery, Wofford (SoCon)",Sr.,DB,13,3,23,0,0.2
104,"Dorian Walker, Kennesaw St. (Big South)",Jr.,DB,13,3,64,0,0.2
104,"Zack Woodard, Jacksonville St. (OVC)",So.,LB,13,3,29,0,0.2
114,"Nick Barton, Samford (SoCon)",Jr.,DB,9,2,-2,0,0.2
114,"John Brannon III, Western Caro. (SoCon)",Jr.,DB,9,2,12,0,0.2
114,"Tyler Campbell, Elon (CAA)",Sr.,DB,9,2,24,0,0.2
114,"Jorquel Condominia, Brown (Ivy League)",Sr.,DB,9,2,0,0,0.2
114,"Sterling Deary, Bucknell (Patriot)",Fr.,DB,9,2,43,1,0.2
114,"Donald Johnson, Bethune-Cookman (MEAC)",Jr.,DB,9,2,8,0,0.2
114,"Vashon McCants, Jr., Towson (CAA)",So.,DB,9,2,0,0,0.2
114,"Fisayo Oluleye, Bucknell (Patriot)",Sr.,DB,9,2,54,1,0.2
114,"Collin Seymour, Drake (Pioneer)",Jr.,DB,9,2,0,0,0.2
114,"Mulik Simmons, Savannah St. (MEAC)",Sr.,LB,9,2,23,0,0.2
114,"Jeff Steeb, Villanova (CAA)",Sr.,LB,9,2,0,0,0.2
114,"Rodney Thomas, Yale (Ivy League)",So.,DB,9,2,0,0,0.2
126,"Jeffrey DeVaughn, Maine (CAA)",Sr.,DB,14,3,-1,0,0.2
126,"Manny Patterson, Maine (CAA)",Jr.,DB,14,3,19,0,0.2
128,"Tonea Alex, Jackson St. (SWAC)",Jr.,DB,10,2,24,0,0.2
128,"Aaquil Annoor, Furman (SoCon)",Sr.,DB,10,2,51,0,0.2
128,"Trent Carrington, Presbyterian (Big South)",Fr.,DB,10,2,0,0,0.2
128,"Calin Criner, Eastern Wash. (Big Sky)",So.,DB,15,3,35,0,0.2
128,"Decobie DURANT, South Carolina St. (MEAC)",Fr.,FC,10,2,0,0,0.2
128,"Mark Fossati, Princeton (Ivy League)",Sr.,LB,10,2,-1,0,0.2
128,"Tye Freeland, Howard (MEAC)",So.,FS,10,2,22,0,0.2
128,"Reggie Gantt, Stetson (Pioneer)",Jr.,DB,10,2,50,0,0.2
128,"Ryan Gilbert, Columbia (Ivy League)",Sr.,DB,10,2,12,0,0.2
128,"Kody Graves, Idaho St. (Big Sky)",Jr.,LB,10,2,38,0,0.2
128,"Mister Harriel, Sacramento St. (Big Sky)",Sr.,DB,10,2,20,0,0.2
128,"Ty Harris, Western Caro. (SoCon)",Fr.,LB,10,2,18,0,0.2
128,"Jaylen Harris, Prairie View (SWAC)",Jr.,DB,10,2,51,1,0.2
128,"JJ Henderson, Stetson (Pioneer)",So.,DB,10,2,48,1,0.2
128,"CJ Holmes, Jackson St. (SWAC)",---,,10,2,0,0,0.2
128,"Demerio Houston, Southern U. (SWAC)",Sr.,DB,10,2,66,0,0.2
128,"Jay Howard, The Citadel (SoCon)",Fr.,WR,10,2,8,0,0.2
128,"Devin Hurtado, Howard (MEAC)",Sr.,LB,10,2,5,0,0.2
128,"Kordell Jackson, Austin Peay (OVC)",So.,DB,10,2,15,0,0.2
128,"Darron Johnson, Alabama St. (SWAC)",So.,DB,10,2,56,0,0.2
128,"Dwight Lawrence, Stetson (Pioneer)",Fr.,DB,10,2,45,0,0.2
128,"CJ Lewis, Jacksonville (Pioneer)",Jr.,DB,10,2,0,0,0.2
128,"Kevin Loschiavo, Central Conn. St. (NEC)",Sr.,DB,10,2,0,0,0.2
128,"Jacob Martin, Penn (Ivy League)",Jr.,DB,10,2,23,0,0.2
128,"Devanir Martin, Grambling (SWAC)",So.,DB,10,2,35,1,0.2
128,"Bobby Price, Norfolk St. (MEAC)",Jr.,DB,10,2,3,0,0.2
128,"Scott ROBINSON, South Carolina St. (MEAC)",Fr.,,10,2,10,0,0.2
128,"Ryan Roegge, Dartmouth (Ivy League)",Jr.,DB,10,2,12,0,0.2
128,"Donald Rutledge, Savannah St. (MEAC)",Jr.,DB,10,2,80,0,0.2
128,"Jalen Smith, Howard (MEAC)",Fr.,DB,10,2,38,1,0.2
128,"Ryan Theyard, Jackson St. (SWAC)",Jr.,DB,10,2,56,1,0.2
128,"Elijah Trent, Villanova (CAA)",Fr.,DB,10,2,0,0,0.2
128,"Titus Tucker, ETSU (SoCon)",So.,DB,10,2,99,1,0.2
128,"John Wilson, Savannah St. (MEAC)",Sr.,DB,10,2,0,0,0.2
