Rank,Player,Cl,Pos,G,Int,Int Ret Yds,Int Ret TDs,Int PG
1,"Shakur Brown, Michigan St. (Big Ten)",Jr.,DB,7,5,107,0,0.7
2,"Jett Elad, Ohio (MAC)",So.,DB,3,2,28,0,0.7
2,"Talanoa Hufanga, Southern California (Pac-12)",Jr.,S,6,4,90,0,0.7
2,"Brandon Joseph, Northwestern (Big Ten)",So.,DB,9,6,19,0,0.7
5,"Jerrick Reed II, New Mexico (Mountain West)",Jr.,DB,7,4,58,0,0.6
6,"Zaven Collins, Tulsa (AAC)",Jr.,LB,8,4,152,2,0.5
6,"Jamar Johnson, Indiana (Big Ten)",Jr.,DB,8,4,94,0,0.5
6,"Antavious Lane, Georgia St. (Sun Belt)",Fr.,DB,8,4,76,1,0.5
6,"Willie Reid, Central Mich. (MAC)",So.,DB,6,3,26,0,0.5
6,"Jaylin Williams, Indiana (Big Ten)",Jr.,DB,8,4,93,0,0.5
11,"Derrick Canteen, Ga. Southern (Sun Belt)",Fr.,DB,13,6,57,0,0.5
12,"Emmanuel Forbes, Mississippi St. (SEC)",Fr.,DB,11,5,183,3,0.5
12,"Tre Norwood, Oklahoma (Big 12)",Jr.,DB,11,5,98,1,0.5
14,"Nick Andersen, Wake Forest (ACC)",Fr.,DB,9,4,0,0,0.4
14,"Divine Deablo, Virginia Tech (ACC)",Sr.,DB,9,4,5,0,0.4
14,"Gregory Grate, Middle Tenn. (C-USA)",Jr.,DB,9,4,57,0,0.4
14,"Christian Izien, Rutgers (Big Ten)",Jr.,DB,9,4,9,0,0.4
14,"Kelvin  Joseph, Kentucky (SEC)",So.,DB,9,4,62,1,0.4
14,"Ja'Quan McMillian, East Carolina (AAC)",So.,DB,9,4,31,0,0.4
14,"Eric Stokes, Georgia (SEC)",Jr.,DB,9,4,94,2,0.4
21,"Mike Rose, Iowa St. (Big 12)",Jr.,LB,12,5,14,0,0.4
21,"D'Jordan Strong, Coastal Carolina (Sun Belt)",Jr.,CB,12,5,68,1,0.4
23,"Coby Bryant, Cincinnati (AAC)",Sr.,DB,10,4,25,0,0.4
23,"Brandon Crossley, SMU (AAC)",So.,DB,10,4,35,1,0.4
23,"Vonte Davis, Utah (Pac-12)",Sr.,DB,5,2,53,0,0.4
23,"Jordan Hansen, NIU (MAC)",Fr.,S,5,2,14,0,0.4
23,"Zech McPhearson, Texas Tech (Big 12)",Sr.,DB,10,4,21,0,0.4
23,"Anthony Pandy, Arizona (Pac-12)",Sr.,LB,5,2,15,0,0.4
23,"Eli Ricks, LSU (SEC)",Fr.,DB,10,4,113,2,0.4
23,"Nephi Sewell, Utah (Pac-12)",Jr.,DB,5,2,11,0,0.4
23,"Corvan Taylor, Air Force (Mountain West)",Jr.,DB,5,2,82,0,0.4
32,"Hudson Clark, Arkansas (SEC)",Fr.,DB,8,3,18,0,0.4
32,"Darren Hall, San Diego St. (Mountain West)",Jr.,DB,8,3,72,1,0.4
32,"Jack Koerner, Iowa (Big Ten)",Jr.,DB,8,3,24,0,0.4
32,"Christian Morgan, Baylor (Big 12)",Jr.,DB,8,3,0,0,0.4
32,"Tiawan Mullen, Indiana (Big Ten)",So.,DB,8,3,2,0,0.4
32,"Asante Samuel, Florida St. (ACC)",Jr.,DB,8,3,74,0,0.4
38,"Mikel Jones, Syracuse (ACC)",So.,LB,11,4,41,0,0.4
38,"Bralen Trahan, Louisiana (Sun Belt)",Jr.,DB,11,4,104,1,0.4
40,"Cam Allen, Purdue (Big Ten)",So.,DB,6,2,12,0,0.3
40,"Jordan Banks, Arizona St. (Pac-12)",Fr.,LB,3,1,14,0,0.3
40,"Nate Bauer, Toledo (MAC)",So.,S,6,2,49,0,0.3
40,"C.J. Coldon, Wyoming (Mountain West)",Jr.,CB,6,2,1,0,0.3
40,"Tariq Drake, Ohio (MAC)",Sr.,DB,3,1,52,0,0.3
40,"Daquan Evans, South Fla. (AAC)",So.,DB,9,3,138,1,0.3
40,"Ahmad Gardner, Cincinnati (AAC)",So.,DB,9,3,18,0,0.3
40,"Richie Grant, UCF (AAC)",Sr.,DB,9,3,25,0,0.3
40,"Brendan Harrington, App State (Sun Belt)",So.,LB,12,4,95,1,0.3
40,"Ayden Hector, Washington St. (Pac-12)",Fr.,,3,1,0,0,0.3
40,"Jamal Hill, Oregon (Pac-12)",So.,S,6,2,0,0,0.3
40,"Noski LaFleur, Eastern Mich. (MAC)",Sr.,DB,6,2,97,0,0.3
40,"Ryan McWood, Miami (OH) (MAC)",Sr.,LB,3,1,18,0,0.3
40,"Jarron Morris, Texas St. (Sun Belt)",Jr.,DB,12,4,106,1,0.3
40,"Tyler Murray, Charlotte (C-USA)",Jr.,DB,6,2,45,0,0.3
40,"Scott Nelson, Wisconsin (Big Ten)",Jr.,S,6,2,60,0,0.3
40,"Emmanuel Rugumba, Miami (OH) (MAC)",Sr.,DB,3,1,62,1,0.3
40,"Alex Spillum, Coastal Carolina (Sun Belt)",Jr.,S,12,4,101,0,0.3
40,"Jay Ward, LSU (SEC)",So.,DB,9,3,47,1,0.3
40,"A.J. Watts, Akron (MAC)",So.,DB,6,2,44,0,0.3
40,"Quavian White, Georgia St. (Sun Belt)",Jr.,DB,9,3,9,0,0.3
40,"Rashad Wisdom, UTSA (C-USA)",So.,DB,12,4,107,1,0.3
40,"JT Woods, Baylor (Big 12)",Jr.,DB,9,3,92,0,0.3
40,"Nahshon Wright, Oregon St. (Pac-12)",Jr.,DB,6,2,0,0,0.3
64,"Tre Brown, Oklahoma (Big 12)",Sr.,CB,10,3,0,0,0.3
64,"Jalen Catalon, Arkansas (SEC)",Fr.,DB,10,3,44,1,0.3
64,"C.J. Ceasar, TCU (Big 12)",So.,CB,10,3,47,1,0.3
64,"Jabril Cox, LSU (SEC)",Sr.,LB,10,3,64,1,0.3
64,"Jamin Davis, Kentucky (SEC)",Jr.,LB,10,3,90,1,0.3
64,"Terence Dunlap, Troy (Sun Belt)",Jr.,CB,10,3,-3,0,0.3
64,"A.J.  Finley, Ole Miss (SEC)",So.,DB,10,3,21,0,0.3
64,"Eric Garror, Louisiana (Sun Belt)",Jr.,DB,10,3,16,0,0.3
64,"Roger McCreary, Auburn (SEC)",Jr.,DB,10,3,63,0,0.3
64,"Jabari Moore, Army West Point (FBS Independent)",So.,DB,10,3,29,1,0.3
64,"Jason Pinnock, Pittsburgh (ACC)",Sr.,DB,10,3,20,0,0.3
64,"BeeJay Williamson, Louisiana Tech (C-USA)",So.,DB,10,3,108,0,0.3
76,"Duron  Lowe, UTEP (C-USA)",Sr.,DB,7,2,8,0,0.3
76,"Stephan Blaylock, UCLA (Pac-12)",Jr.,DB,7,2,19,0,0.3
76,"Elijah Gates, UCLA (Pac-12)",Jr.,DB,7,2,2,0,0.3
76,"Jaydon Grant, Oregon St. (Pac-12)",Jr.,DB,7,2,0,0,0.3
76,"Tre Jenkins, San Jose St. (Mountain West)",So.,DB,7,2,0,0,0.3
76,"Mekhi LaPointe, South Fla. (AAC)",Jr.,DB,7,2,39,0,0.3
76,"Jay Shaw, UCLA (Pac-12)",Jr.,DB,7,2,60,1,0.3
76,"Devon Witherspoon, Illinois (Big Ten)",So.,DB,7,2,0,0,0.3
84,"Mekhi Garner, Louisiana (Sun Belt)",Jr.,WR,11,3,0,0,0.3
84,"Quindell Johnson, Memphis (AAC)",So.,DB,11,3,31,0,0.3
84,"Jahmin Muse, Boston College (ACC)",Jr.,DB,11,3,50,0,0.3
84,"Rodney Owens, Memphis (AAC)",Jr.,DB,11,3,-8,0,0.3
88,"Brett Anderson, Ball St. (MAC)",Sr.,S,8,2,0,0,0.2
88,"Larry Brooks, Tulane (AAC)",Jr.,DB,12,3,0,0,0.2
88,"Camryn Bynum, California (Pac-12)",Sr.,CB,4,1,20,0,0.2
88,"Marshaun Cameron, Colorado St. (Mountain West)",Sr.,DB,4,1,30,1,0.2
88,"Treshawn Chamberlain, Rice (C-USA)",Jr.,LB,4,1,21,0,0.2
88,"Dean Clark, Kent St. (MAC)",So.,DB,4,1,2,0,0.2
88,"Bryce Cosby, Ball St. (MAC)",Sr.,DB,8,2,-4,0,0.2
88,"Nick Cross, Maryland (Big Ten)",So.,DB,4,1,0,0,0.2
88,"Josh Drayden, California (Pac-12)",Sr.,CB,4,1,4,0,0.2
88,"Jake Hansen, Illinois (Big Ten)",Sr.,LB,8,2,12,0,0.2
88,"Elijah Hicks, California (Pac-12)",Sr.,S,4,1,30,0,0.2
88,"Elvis Hines, Kent St. (MAC)",Sr.,DB,4,1,2,0,0.2
88,"Ryan Huff, App State (Sun Belt)",Jr.,DB,12,3,0,0,0.2
88,"Nazeeh Johnson, Marshall (C-USA)",Sr.,S,8,2,-7,0,0.2
88,"Trent McDuffie, Washington (Pac-12)",So.,DB,4,1,0,0,0.2
88,"Micah McFadden, Indiana (Big Ten)",Jr.,LB,8,2,0,0,0.2
88,"Elijah Molden, Washington (Pac-12)",Sr.,DB,4,1,24,0,0.2
88,"Malachi Moore, Alabama (SEC)",Fr.,DB,12,3,42,0,0.2
88,"Riley Moss, Iowa (Big Ten)",Jr.,DB,8,2,111,1,0.2
88,"Antonio Phillips, Ball St. (MAC)",Sr.,DB,8,2,53,1,0.2
88,"Deandre Pierce, Arizona St. (Pac-12)",Sr.,DB,4,1,-2,0,0.2
88,"Merlin Robertson, Arizona St. (Pac-12)",Jr.,LB,4,1,0,0,0.2
88,"Warren Saba, East Carolina (AAC)",Sr.,DB,8,2,45,1,0.2
88,"Jeremiah Salaam, Kent St. (MAC)",Jr.,DB,4,1,-2,0,0.2
88,"Cam Smith, South Carolina (SEC)",Fr.,DB,8,2,0,0,0.2
88,"Kyle Soelle, Arizona St. (Pac-12)",Jr.,LB,4,1,0,0,0.2
88,"Cam Taylor-Britt, Nebraska (Big Ten)",Jr.,DB,8,2,55,0,0.2
88,"Nolan Turner, Clemson (ACC)",Sr.,S,12,3,52,0,0.2
88,"Asa Turner, Washington (Pac-12)",So.,DB,4,1,0,0,0.2
88,"Zemaiah Vaughn, Utah (Pac-12)",Fr.,DB,4,1,73,0,0.2
88,"Barrington Wade, Iowa (Big Ten)",Sr.,LB,8,2,28,0,0.2
88,"Shaun Wade, Ohio St. (Big Ten)",Jr.,DB,8,2,36,1,0.2
88,"Michael Washington, Hawaii (Mountain West)",Fr.,DB,8,2,2,0,0.2
88,"Jahad Woods, Washington St. (Pac-12)",Sr.,LB,4,1,36,0,0.2
122,"Justin Birdsong, Ga. Southern (Sun Belt)",Jr.,DB,13,3,27,0,0.2
123,"Ezekiel Barnett, Louisiana Tech (C-USA)",Sr.,LB,9,2,66,1,0.2
123,"Greg Brooks, Jr., Arkansas (SEC)",So.,DB,9,2,79,1,0.2
123,"Arquon Bush, Cincinnati (AAC)",So.,DB,9,2,31,0,0.2
123,"Shawn Dourseau, East Carolina (AAC)",So.,DB,9,2,5,0,0.2
123,"Jacobi Francis, Memphis (AAC)",Sr.,DB,9,2,28,0,0.2
123,"Quentin Frazier, Hawaii (Mountain West)",Sr.,DB,9,2,6,0,0.2
123,"DeShawn Gaddie, North Texas (C-USA)",So.,DB,9,2,0,0,0.2
123,"Justin Gardner, Kansas St. (Big 12)",Jr.,DB,9,2,24,1,0.2
123,"Samy Johnson, Arkansas St. (Sun Belt)",So.,DB,9,2,88,1,0.2
123,"Cameron Jones, Army West Point (FBS Independent)",So.,DB,9,2,0,0,0.2
123,"Kenny Logan Jr., Kansas (Big 12)",So.,DB,9,2,12,0,0.2
123,"Brion Murray, Virginia Tech (ACC)",Jr.,DB,9,2,92,0,0.2
123,"Jalen Pitre, Baylor (Big 12)",Jr.,LB,9,2,56,2,0.2
123,"Devin Taylor, Virginia Tech (ACC)",Sr.,DB,9,2,12,0,0.2
123,"Ja'Sir Taylor, Wake Forest (ACC)",Sr.,DB,9,2,45,1,0.2
123,"Tyson Williams, Nevada (Mountain West)",Jr.,DB,9,2,31,0,0.2
123,"Teja Young, Fla. Atlantic (C-USA)",Jr.,DB,9,2,2,0,0.2
140,"Alonzo Addae, West Virginia (Big 12)",Sr.,DB,10,2,22,0,0.2
140,"Blaze Alldredge, Rice (C-USA)",Sr.,LB,5,1,14,0,0.2
140,"D'Angelo Amos, Virginia (ACC)",Sr.,DB,10,2,6,0,0.2
140,"Darrian Beavers, Cincinnati (AAC)",Sr.,LB,10,2,8,0,0.2
140,"Kenny Bennett, Maryland (Big Ten)",Jr.,DB,5,1,0,0,0.2
140,"Anthony Butler, Liberty (FBS Independent)",Sr.,LB,10,2,14,0,0.2
140,"Percy Butler, Louisiana (Sun Belt)",Jr.,DB,10,2,3,0,0.2
140,"De'Vante Cross, Virginia (ACC)",Sr.,DB,10,2,0,0,0.2
140,"Rishard Dames, FIU (C-USA)",Jr.,DB,5,1,33,0,0.2
140,"Collin Duncan, Mississippi St. (SEC)",So.,DB,10,2,28,0,0.2
140,"Antonio Fletcher, Arkansas St. (Sun Belt)",Jr.,DB,10,2,6,0,0.2
140,"Darrick Forrest, Cincinnati (AAC)",Sr.,DB,10,2,22,0,0.2
140,"Joe Foucha, Arkansas (SEC)",Jr.,DB,10,2,26,0,0.2
140,"Nate Givhan, Toledo (MAC)",Jr.,DE,5,1,0,0,0.2
140,"Nick Grant, Virginia (ACC)",Sr.,DB,10,2,0,0,0.2
140,"Erick Hallett, Pittsburgh (ACC)",So.,DB,10,2,-2,0,0.2
140,"Damar Hamlin, Pittsburgh (ACC)",Sr.,DB,10,2,4,0,0.2
140,"Todd Harris Jr., LSU (SEC)",Jr.,DB,10,2,34,0,0.2
140,"Kolby Harvell-Peel, Oklahoma St. (Big 12)",Jr.,S,10,2,6,0,0.2
140,"Charles Hicks, Wyoming (Mountain West)",So.,LB,5,1,47,0,0.2
140,"Quez Jackson, Georgia Tech (ACC)",Jr.,LB,10,2,23,0,0.2
140,"Mike Jones Jr., Clemson (ACC)",So.,LB,10,2,40,0,0.2
140,"Matthew Malloy, Air Force (Mountain West)",Fr.,LB,5,1,6,0,0.2
140,"Faybian Marks, Utah (Pac-12)",Fr.,DB,5,1,28,0,0.2
140,"Miles McCord, Rice (C-USA)",So.,DB,5,1,0,0,0.2
140,"Jahron McPherson, Kansas St. (Big 12)",Sr.,DB,10,2,0,0,0.2
140,"Trevon Moehrig, TCU (Big 12)",Jr.,S,10,2,0,0,0.2
140,"Leon O'Neal, Texas A&M (SEC)",Jr.,DB,10,2,52,0,0.2
140,"DeMarvion Overshown, Texas (Big 12)",Jr.,DB,10,2,29,0,0.2
140,"Josh Pearcy, Rice (C-USA)",Fr.,LB,5,1,0,0,0.2
140,"Clark Phillips, Utah (Pac-12)",Fr.,DB,5,1,36,1,0.2
140,"Makyle Sanders, North Texas (C-USA)",Sr.,DB,10,2,18,0,0.2
140,"Tykee Smith, West Virginia (Big 12)",So.,DB,10,2,42,0,0.2
140,"Tre Sterling, Oklahoma St. (Big 12)",Jr.,S,10,2,78,1,0.2
140,"Bryce Thompson, Tennessee (SEC)",Jr.,DB,10,2,18,1,0.2
140,"Josh Turner, FIU (C-USA)",Jr.,DB,5,1,22,0,0.2
140,"La'Kendrick VanZandt, TCU (Big 12)",Jr.,S,10,2,37,0,0.2
140,"Zamari Walton, Georgia Tech (ACC)",So.,DB,10,2,14,0,0.2
140,"Woodi Washington, Oklahoma (Big 12)",Fr.,CB,10,2,0,0,0.2
140,"Jarell White, Cincinnati (AAC)",Sr.,LB,10,2,26,1,0.2
140,"Marquis Williams, Pittsburgh (ACC)",So.,DB,10,2,45,0,0.2
140,"Nohl Williams, UNLV (Mountain West)",Fr.,DB,5,1,0,0,0.2
140,"Payton Wilson, NC State (ACC)",So.,LB,10,2,3,0,0.2
140,"Cedric Woods, Louisiana Tech (C-USA)",Fr.,DB,10,2,0,0,0.2
