Rank,Player,Cl,Pos,G,Int,Int Ret Yds,Int Ret TDs,Int PG
1,"Marcus Fuqua, Buffalo (MAC)",Jr.,DB,13,7,85,0,0.5
1,"Decorian Patterson, Middle Tenn. (C-USA)",Jr.,CB,13,7,14,0,0.5
3,"Sydney Brown, Illinois (Big Ten)",Sr.,DB,12,6,86,1,0.5
3,"Emmanuel Forbes, Mississippi St. (SEC)",Jr.,CB,12,6,174,3,0.5
3,"Kamren Kinchens, Miami (FL) (ACC)",So.,DB,12,6,99,1,0.5
3,"Clark Phillips, Utah (Pac-12)",So.,CB,12,6,142,2,0.5
7,"Micah Abraham, Marshall (Sun Belt)",Jr.,DB,13,6,35,0,0.5
7,"Yam Banks, South Alabama (Sun Belt)",So.,S,13,6,30,1,0.5
7,"Benjamin  Morrison, Notre Dame (FBS Independent)",Fr.,CB,13,6,97,1,0.5
7,"Jason Taylor II, Oklahoma St. (Big 12)",Sr.,S,13,6,44,0,0.5
11,"Kordell Rodgers, Texas St. (Sun Belt)",Sr.,CB,9,4,73,1,0.4
12,"Bud Clark, TCU (Big 12)",So.,S,12,5,83,1,0.4
12,"Bentlee Sanders, Nevada (Mountain West)",Sr.,DB,12,5,34,1,0.4
14,"Quavian White, Georgia St. (Sun Belt)",Sr.,DB,10,4,-1,0,0.4
15,"Cooper DeJean, Iowa (Big Ten)",So.,DB,13,5,91,3,0.4
15,"Cameron Lockridge, Fresno St. (Mountain West)",Jr.,DB,13,5,101,1,0.4
15,"Robert Rahimi, Liberty (FBS Independent)",Jr.,S,13,5,38,0,0.4
15,"Kendall Smith, Illinois (Big Ten)",Sr.,DB,13,5,41,0,0.4
15,"Jay Stanley, Southern Miss. (Sun Belt)",Jr.,DB,13,5,17,0,0.4
15,"John Torchio, Wisconsin (Big Ten)",Sr.,S,13,5,149,2,0.4
21,"Ike Larsen, Utah St. (Mountain West)",So.,S,11,4,60,1,0.4
21,"Tyler Nubin, Minnesota (Big Ten)",Sr.,DB,11,4,43,0,0.4
23,"Calen Bullock, Southern California (Pac-12)",So.,DB,14,5,172,1,0.4
23,"Clifford Chattman, UTSA (C-USA)",Sr.,S,14,5,78,0,0.4
23,"Quinyon Mitchell, Toledo (MAC)",So.,CB,14,5,51,2,0.4
26,"C.J. Coldon, Oklahoma (Big 12)",Sr.,DB,12,4,32,0,0.3
26,"Christian Gonzalez, Oregon (Pac-12)",So.,DB,12,4,118,0,0.3
26,"Quindell Johnson, Memphis (AAC)",Sr.,DB,12,4,19,0,0.3
26,"Keni-H Lovely, Western Mich. (MAC)",Jr.,DB,12,4,40,1,0.3
26,"Willie Roberts, Louisiana Tech (C-USA)",Jr.,DB,12,4,18,1,0.3
26,"JL Skinner, Boise St. (Mountain West)",Sr.,S,12,4,30,0,0.3
26,"Jakobe Thomas, Middle Tenn. (C-USA)",Fr.,S,12,4,91,1,0.3
33,"Ji'Ayir Brown, Penn St. (Big Ten)",Sr.,S,13,4,114,0,0.3
33,"Jaylan Ford, Texas (Big 12)",Jr.,LB,13,4,48,0,0.3
33,"Dwight McGlothern, Arkansas (SEC)",Jr.,DB,13,4,48,0,0.3
33,"Bralen Trahan, Louisiana (Sun Belt)",Sr.,S,13,4,71,0,0.3
33,"Aydan White, NC State (ACC)",So.,DB,13,4,84,1,0.3
33,"Tre Wortham, UConn (FBS Independent)",Sr.,DB,13,4,67,0,0.3
39,"Ayden Hector, Colorado St. (Mountain West)",So.,DB,10,3,21,1,0.3
40,"Julius Brents, Kansas St. (Big 12)",Sr.,CB,14,4,0,0,0.3
40,"Rod Moore, Michigan (Big Ten)",So.,DB,14,4,71,0,0.3
40,"Kaleb Oliver, Western Ky. (C-USA)",Sr.,DB,14,4,72,0,0.3
40,"Upton Stout, Western Ky. (C-USA)",Fr.,DB,14,4,105,1,0.3
44,"Billy Bowman, Oklahoma (Big 12)",So.,DB,11,3,11,0,0.3
44,"Marquel Broughton, Army West Point (FBS Independent)",Sr.,DB,11,3,41,0,0.3
44,"Tristan Driggers, ULM (Sun Belt)",So.,LB,11,3,10,0,0.3
44,"Jack Howell, Colorado St. (Mountain West)",So.,DB,11,3,0,0,0.3
44,"Cincere Mason, Kansas St. (Big 12)",Sr.,S,11,3,37,1,0.3
44,"Christian Morgan, Baylor (Big 12)",Sr.,S,11,3,0,0,0.3
44,"Cameron Oliver, UNLV (Mountain West)",So.,DB,11,3,41,2,0.3
44,"Zack Sanders, Ohio (MAC)",Sr.,CB,11,3,52,0,0.3
44,"Nohl Williams, UNLV (Mountain West)",Jr.,DB,11,3,62,0,0.3
53,"Christian Braswell, Rutgers (Big Ten)",Sr.,DB,12,3,13,1,0.2
53,"LaMiles Brooks, Georgia Tech (ACC)",So.,DB,12,3,37,1,0.2
53,"Myles Brooks, Louisiana Tech (C-USA)",Jr.,DB,12,3,94,1,0.2
53,"Cobee Bryant, Kansas (Big 12)",So.,CB,12,3,86,1,0.2
53,"Ja'Had Carter, Syracuse (ACC)",So.,DB,12,3,34,0,0.2
53,"Tariq Drake, Ohio (MAC)",Sr.,S,12,3,29,0,0.2
53,"Storm Duck, North Carolina (ACC)",Jr.,DB,12,3,14,0,0.2
53,"Tyson Durant, Akron (MAC)",So.,DB,12,3,108,1,0.2
53,"Chris Edmonds, Arizona St. (Pac-12)",Jr.,DB,12,3,43,0,0.2
53,"Jaydon Grant, Oregon St. (Pac-12)",Sr.,DB,12,3,0,0,0.2
53,"Malcolm Hartzog, Nebraska (Big Ten)",Fr.,DB,12,3,23,0,0.2
53,"Dexter Lawson Jr., App State (Sun Belt)",Sr.,DB,12,3,1,0,0.2
53,"Jordan Mahoney, Massachusetts (FBS Independent)",So.,DB,12,3,100,1,0.2
53,"DeJordan Mask, Texas St. (Sun Belt)",Jr.,S,12,3,15,0,0.2
53,"Tanner McCalister, Ohio St. (Big Ten)",Sr.,S,12,3,41,0,0.2
53,"Kaevon Merriweather, Iowa (Big Ten)",Sr.,DB,12,3,33,0,0.2
53,"Jayce Rogers, Houston (AAC)",Sr.,DB,12,3,82,1,0.2
53,"Daniel Scott, California (Pac-12)",Sr.,S,12,3,59,0,0.2
53,"Dwight Toombs, Fla. Atlantic (C-USA)",So.,S,12,3,62,0,0.2
53,"Amechi Uzodinma, Ball St. (MAC)",Sr.,CB,12,3,1,0,0.2
53,"Divaad Wilson, UCF (AAC)",Sr.,DB,12,3,12,0,0.2
53,"Devon Witherspoon, Illinois (Big Ten)",Jr.,DB,12,3,97,0,0.2
53,"De'Rickey Wright, Vanderbilt (SEC)",Jr.,DB,12,3,41,0,0.2
76,"Matthew Bailey, Illinois (Big Ten)",Fr.,DB,13,3,22,0,0.2
76,"Dallas Branch, San Diego St. (Mountain West)",Sr.,DB,13,3,0,0,0.2
76,"Trikweze Bridges, Oregon (Pac-12)",So.,DB,13,3,28,0,0.2
76,"Ben Bywater, BYU (FBS Independent)",So.,LB,13,3,95,1,0.2
76,"Jaylon Carlies, Missouri (SEC)",Jr.,DB,13,3,14,0,0.2
76,"Daylan Carnell, Missouri (SEC)",So.,DB,13,3,41,1,0.2
76,"Grayson Cash, UAB (C-USA)",Sr.,S,13,3,10,0,0.2
76,"Ryan Cooper Jr., Oregon St. (Pac-12)",Jr.,DB,13,3,0,0,0.2
76,"Torrie Cox Jr., Ohio (MAC)",Fr.,CB,13,3,39,0,0.2
76,"Xavier Cullens, Memphis (AAC)",Sr.,LB,13,3,113,2,0.2
76,"Kendal Daniels, Oklahoma St. (Big 12)",Fr.,S,13,3,20,0,0.2
76,"Jaylin Davies, UCLA (Pac-12)",Fr.,DB,13,3,98,1,0.2
76,"M.J. Devonshire, Pittsburgh (ACC)",Jr.,DB,13,3,85,2,0.2
76,"Marcellas Dial, South Carolina (SEC)",Jr.,DB,13,3,3,0,0.2
76,"Virdel Edwards, Hawaii (Mountain West)",Jr.,DB,13,3,10,0,0.2
76,"Cyrus Fagan, NC State (ACC)",Sr.,DB,13,3,30,0,0.2
76,"Malik Fleming, East Carolina (AAC)",Jr.,CB,13,3,49,0,0.2
76,"Steven Gilmore, Marshall (Sun Belt)",Sr.,DB,13,3,67,1,0.2
76,"Camby Goff, Air Force (Mountain West)",Jr.,DB,13,3,25,0,0.2
76,"Erick Hallett II, Pittsburgh (ACC)",Sr.,DB,13,3,1,0,0.2
76,"Malik Hausman, Hawaii (Mountain West)",Sr.,DB,13,3,23,0,0.2
76,"Ja'von Hicks, Cincinnati (AAC)",Sr.,DB,13,3,64,1,0.2
76,"Jaylen Key, UAB (C-USA)",Jr.,S,13,3,89,0,0.2
76,"Kalen King, Penn St. (Big Ten)",So.,CB,13,3,0,0,0.2
76,"Sam Lockett III, Washington St. (Pac-12)",Jr.,DB,13,3,67,0,0.2
76,"Dez Malone, San Diego St. (Mountain West)",So.,DB,13,3,31,0,0.2
76,"Jartavius Martin, Illinois (Big Ten)",Sr.,DB,13,3,0,0,0.2
76,"R.J. Mickens, Clemson (ACC)",Jr.,S,13,3,0,0,0.2
76,"Sylvonta Oliver, Memphis (AAC)",Sr.,DB,13,3,106,0,0.2
76,"Hunter Reynolds, Utah St. (Mountain West)",Sr.,S,13,3,6,0,0.2
76,"Quincy Riley, Louisville (ACC)",Jr.,CB,13,3,101,1,0.2
76,"Nick Roberts, SMU (AAC)",Sr.,S,13,3,88,0,0.2
76,"Joshua Scott, Eastern Mich. (MAC)",So.,DB,13,3,23,0,0.2
76,"Malik Shorts, Southern Miss. (Sun Belt)",Jr.,DB,13,3,46,0,0.2
76,"Dadrion Taylor-Demerson, Texas Tech (Big 12)",Sr.,DB,13,3,0,0,0.2
76,"Greedy Vance, Florida St. (ACC)",So.,DB,13,3,10,0,0.2
76,"Justin Walley, Minnesota (Big Ten)",So.,DB,13,3,65,0,0.2
76,"Jireh Wilson, East Carolina (AAC)",Jr.,S,13,3,37,0,0.2
114,"Wayne Jones, Charlotte (C-USA)",Jr.,LB,9,2,-1,0,0.2
115,"Cam Allen, Purdue (Big Ten)",Sr.,S,14,3,107,1,0.2
115,"Mekhi Blackmon, Southern California (Pac-12)",Sr.,DB,14,3,31,0,0.2
115,"Jamari Brown, Purdue (Big Ten)",Sr.,CB,14,3,2,0,0.2
115,"R.J. Hubert, Utah (Pac-12)",Sr.,S,14,3,138,1,0.2
115,"Will Johnson, Michigan (Big Ten)",Fr.,DB,14,3,29,0,0.2
115,"Corey Mayfield Jr., UTSA (C-USA)",Sr.,CB,14,3,15,0,0.2
115,"Jarius Monroe, Tulane (AAC)",Jr.,DB,14,3,22,0,0.2
115,"Rodney Robinson, Boise St. (Mountain West)",So.,S,14,3,0,0,0.2
115,"Reddy Steward, Troy (Sun Belt)",Jr.,CB,14,3,78,1,0.2
115,"Ridge Texada, North Texas (C-USA)",So.,DB,14,3,124,1,0.2
125,"Tre'Vius Hodges-Tomlinson, TCU (Big 12)",Sr.,CB,15,3,20,0,0.2
125,"Jontrey Hunter, Georgia St. (Sun Belt)",Sr.,LB,10,2,77,1,0.2
125,"Ilijah Johnson, UTEP (C-USA)",Fr.,CB,10,2,0,0,0.2
125,"Anthony Johnson, Virginia (ACC)",Sr.,DB,10,2,0,0,0.2
125,"Robert Longerbeam, Rutgers (Big Ten)",So.,DB,10,2,5,0,0.2
125,"Josh Newton, TCU (Big 12)",Jr.,CB,15,3,114,1,0.2
125,"Eric Rogers, NIU (MAC)",Jr.,DB,10,2,0,0,0.2
125,"Darius Rush, South Carolina (SEC)",Sr.,DB,10,2,59,0,0.2
125,"Christopher Smith, Georgia (SEC)",Sr.,DB,15,3,29,0,0.2
125,"Asa Turner, Washington (Pac-12)",Jr.,S,10,2,2,0,0.2
125,"Teja Young, Fla. Atlantic (C-USA)",Jr.,S,10,2,136,2,0.2
136,"Shyheim Battle, NC State (ACC)",So.,DB,11,2,32,0,0.2
136,"Lance Boykin, Coastal Carolina (Sun Belt)",Sr.,CB,11,2,0,0,0.2
136,"Aamaris Brown, South Fla. (AAC)",Jr.,DB,11,2,0,0,0.2
136,"Marques Buford Jr., Nebraska (Big Ten)",So.,DB,11,2,0,0,0.2
136,"Jordan Clark, Arizona St. (Pac-12)",Jr.,DB,11,2,38,1,0.2
136,"Timarcus Davis, Arizona St. (Pac-12)",Sr.,DB,11,2,0,0,0.2
136,"Trevon Flowers, Tennessee (SEC)",Sr.,DB,11,2,0,0,0.2
136,"Jardin Gilbert, Texas A&M (SEC)",So.,DB,11,2,13,0,0.2
136,"Dorian Hall, FIU (C-USA)",Sr.,DB,11,2,0,0,0.2
136,"CJ Harris, Kent St. (MAC)",So.,LB,11,2,9,0,0.2
136,"Jakeen Harris, NC State (ACC)",Jr.,DB,11,2,24,0,0.2
136,"Nic Jones, Ball St. (MAC)",Sr.,DB,11,2,12,0,0.2
136,"Elijah Jones, Boston College (ACC)",Sr.,CB,11,2,38,0,0.2
136,"Trey Jones, Central Mich. (MAC)",So.,DB,11,2,0,0,0.2
136,"Terry Jones, Old Dominion (Sun Belt)",So.,S,11,2,0,0,0.2
136,"Elias Larry, Navy (AAC)",So.,CB,11,2,3,0,0.2
136,"Leo Lowin, Army West Point (FBS Independent)",Jr.,LB,11,2,7,0,0.2
136,"Myron Morrison, Rice (C-USA)",So.,LB,11,2,16,0,0.2
136,"Romain Mungin, Fla. Atlantic (C-USA)",Jr.,DB,11,2,20,0,0.2
136,"Devin Neal, Baylor (Big 12)",Jr.,S,11,2,0,0,0.2
136,"John Saunders Jr., Miami (OH) (MAC)",Jr.,DB,11,2,7,0,0.2
136,"Kyle Soelle, Arizona St. (Pac-12)",Sr.,LB,11,2,0,0,0.2
136,"Tyrique Stevenson, Miami (FL) (ACC)",Jr.,DB,11,2,0,0,0.2
136,"Jaxen Turner, Arizona (Pac-12)",Jr.,DB,11,2,48,0,0.2
136,"Chase Williams, San Jose St. (Mountain West)",Jr.,S,11,2,0,0,0.2
136,"Ronald Wilson, New Mexico (Mountain West)",So.,DB,11,2,21,0,0.2
