Rank,Player,Cl,Pos,G,Int,Int Ret Yds,Int Ret TDs,Int PG
1,"Phillip Parham, Lafayette (Patriot)",Sr.,DB,11,7,26,0,0.6
2,"Jordan Brown, James Madison (CAA)",Sr.,DB,15,9,84,0,0.6
2,"Nate Jones, Lamar University (Southland)",Jr.,DB,10,6,80,0,0.6
2,"Davanta Reynolds, N.C. Central (MEAC)",Jr.,DB,10,6,141,1,0.6
2,"D'Montre Wade, Murray St. (OVC)",Sr.,DB,10,6,107,0,0.6
6,"Carlos Merritt, Campbell (Pioneer)",Sr.,DB,11,6,72,1,0.5
7,"Jimmy Moreland, James Madison (CAA)",Jr.,DB,15,8,67,1,0.5
8,"Franklin McCain III, N.C. A&T (MEAC)",Fr.,DB,12,6,274,3,0.5
8,"Marvin Tillman, Western Caro. (SoCon)",Jr.,DB,10,5,80,0,0.5
10,"Rashad Robinson, James Madison (CAA)",Jr.,DB,15,7,145,1,0.5
11,"Nasir Adderley, Delaware (CAA)",Jr.,DB,11,5,135,0,0.5
11,"Adkin Aguirre, Idaho St. (Big Sky)",So.,DB,11,5,43,0,0.5
11,"Diquan Richardson, Bethune-Cookman (MEAC)",Sr.,DB,11,5,16,0,0.5
11,"Aron Spann, The Citadel (SoCon)",Jr.,DB,11,5,18,0,0.5
11,"Dre Terrell, Sacramento St. (Big Sky)",Jr.,DB,11,5,20,0,0.5
11,"Khaamal Whitaker, Sacred Heart (NEC)",Sr.,DB,11,5,128,1,0.5
11,"Rock Ya-Sin, Presbyterian (Big South)",Jr.,DB,11,5,45,0,0.5
18,"Daniel Jones, Richmond (CAA)",Fr.,,9,4,4,0,0.4
19,"Elijah Campbell, UNI (MVFC)",Jr.,DB,12,5,85,1,0.4
19,"Justin Fitzpatrick, Western Ill. (MVFC)",Jr.,DB,12,5,2,0,0.4
19,"Teddie Martinez, Monmouth (Big South)",Fr.,DB,12,5,29,0,0.4
19,"Tremon Smith, Central Ark. (Southland)",Sr.,DB,12,5,102,1,0.4
19,"Jeremy Taylor, N.C. A&T (MEAC)",Sr.,LB,12,5,133,1,0.4
24,"Landon Baty, Columbia (Ivy League)",Sr.,DB,10,4,21,0,0.4
24,"Tre Dempsey, North Dakota St. (MVFC)",Sr.,DB,15,6,104,1,0.4
24,"David Jones, Cornell (Ivy League)",So.,,10,4,51,0,0.4
24,"David Leisring, Dayton (Pioneer)",Jr.,DB,10,4,25,0,0.4
24,"Abner Roberts, Duquesne (NEC)",Jr.,DB,10,4,35,0,0.4
24,"Tim Simon, Dayton (Pioneer)",Fr.,DB,10,4,70,0,0.4
30,"Deaumante Johnson, Grambling (SWAC)",Jr.,DB,13,5,36,1,0.4
31,"Bryan Cook, Howard (MEAC)",Fr.,CB,11,4,22,0,0.4
31,"Mayori Ellison, Southeastern La. (Southland)",Sr.,DB,11,4,90,1,0.4
31,"Keeling Hunter, Villanova (CAA)",So.,LB,11,4,57,1,0.4
31,"Antonio Jackson, Fordham (Patriot)",Jr.,DB,11,4,76,0,0.4
31,"Raphael Lewis, Houston Christian (Southland)",Jr.,DB,11,4,158,2,0.4
31,"Tae Martin, UT Martin (OVC)",Sr.,DB,11,4,57,0,0.4
31,"Ju'Anthony Parker, Prairie View (SWAC)",So.,DB,11,4,90,2,0.4
31,"Luke Sennett, Butler (Pioneer)",So.,DB,11,4,9,0,0.4
31,"J.T. Wahee, Norfolk St. (MEAC)",So.,DB,11,4,18,0,0.4
31,"Alize Ward, SFA (Southland)",So.,DB,11,4,122,1,0.4
41,"Xequille Harry, Weber St. (Big Sky)",Sr.,DB,14,5,105,0,0.4
41,"Isiah Perkins, New Hampshire (CAA)",So.,DB,14,5,52,0,0.4
43,"Jarrod Cann, Central Conn. St. (NEC)",Sr.,DB,12,4,99,1,0.3
43,"Jarmaine Doubs, Southern Utah (Big Sky)",Sr.,DB,12,4,46,1,0.3
43,"Raven Greene, James Madison (CAA)",Sr.,DB,15,5,100,1,0.3
43,"Kamron Johnson, Northern Ariz. (Big Sky)",Jr.,DB,12,4,90,1,0.3
43,"Austin Petrie, Valparaiso (Pioneer)",So.,LB,9,3,46,0,0.3
43,"Emon Smith, Jacksonville (Pioneer)",Sr.,DB,9,3,51,0,0.3
43,"Anthony Tucker, Indiana St. (MVFC)",Fr.,DB,9,3,9,0,0.3
50,"Jordan Preator, Weber St. (Big Sky)",Jr.,DB,13,4,60,1,0.3
50,"Travon Reid-Segure, Stony Brook (CAA)",Sr.,DB,13,4,21,0,0.3
50,"Keon Roman, Kennesaw St. (Big South)",Sr.,DB,13,4,2,0,0.3
50,"Devin Watson, Wofford (SoCon)",Jr.,DB,13,4,68,0,0.3
50,"Xavior Williams, UNI (MVFC)",Fr.,DB,13,4,71,0,0.3
55,"Jason Alessi, Yale (Ivy League)",Sr.,DB,10,3,0,0,0.3
55,"Jason Baxter, South Carolina St. (MEAC)",Jr.,,10,3,12,0,0.3
55,"Darrell Bonner, Savannah St. (MEAC)",Jr.,DB,10,3,85,0,0.3
55,"Alex Brown, South Carolina St. (MEAC)",Fr.,,10,3,0,0,0.3
55,"Hayden Carlson, Yale (Ivy League)",Sr.,DB,10,3,71,1,0.3
55,"Nick Gesualdi, Cornell (Ivy League)",Sr.,DB,10,3,28,0,0.3
55,"Darrius Hart, Maine (CAA)",Jr.,DB,10,3,51,1,0.3
55,"Joshua Hill, Alabama St. (SWAC)",So.,DB,10,3,89,0,0.3
55,"Tanner Lee, Harvard (Ivy League)",Sr.,DB,10,3,48,1,0.3
55,"Dilan Scargle, Valparaiso (Pioneer)",Fr.,DB,10,3,29,0,0.3
55,"Isaiah Swopes, Northern Colo. (Big Sky)",Jr.,DB,10,3,16,0,0.3
55,"David Thomas, Wagner (NEC)",So.,DB,10,3,47,0,0.3
55,"Charles Wall, Princeton (Ivy League)",Fr.,DB,10,3,84,1,0.3
55,"Isaac Warren, Northwestern St. (Southland)",Jr.,DB,10,3,38,0,0.3
69,"Larenzo Williams, South Dakota St. (MVFC)",So.,DB,14,4,34,0,0.3
70,"Jared Beshore, Missouri St. (MVFC)",Jr.,DB,11,3,33,0,0.3
70,"Jeremy Chinn, Southern Ill. (MVFC)",So.,DB,11,3,0,0,0.3
70,"Braylyn Cook, Morehead St. (Pioneer)",Sr.,DB,11,3,29,0,0.3
70,"Allan Cratsenberg, VMI (SoCon)",Sr.,LB,11,3,73,1,0.3
70,"Keleen Culberson, UC Davis (Big Sky)",Sr.,DB,11,3,26,0,0.3
70,"Clay Davis, Tennessee Tech (OVC)",So.,DB,11,3,18,0,0.3
70,"Bradley Dewberry, Eastern Ill. (OVC)",Sr.,DB,11,3,46,0,0.3
70,"Malik Duncan, Saint Francis (PA) (NEC)",Sr.,DB,11,3,52,1,0.3
70,"Monty Fenner, Towson (CAA)",Jr.,DB,11,3,32,0,0.3
70,"Griff Garland, Jacksonville (Pioneer)",Sr.,DB,11,3,50,0,0.3
70,"Mister Harriel, Sacramento St. (Big Sky)",Jr.,DB,11,3,8,0,0.3
70,"Deontae Henderson, Campbell (Pioneer)",So.,DB,11,3,140,1,0.3
70,"Tyrin Holloway, Western Ill. (MVFC)",Sr.,DB,11,3,29,0,0.3
70,"Raheim Huskey, Hampton (MEAC)",Sr.,LB,11,3,44,0,0.3
70,"Nick Ioanilli, Colgate (Patriot)",So.,LB,11,3,41,1,0.3
70,"Terry Jefferson, Florida A&M (MEAC)",So.,DB,11,3,11,0,0.3
70,"Chauncey Johns, Morehead St. (Pioneer)",Jr.,DB,11,3,9,0,0.3
70,"Danny Johnson, Southern U. (SWAC)",Sr.,DB,11,3,118,2,0.3
70,"Josh Lewis, Eastern Wash. (Big Sky)",Jr.,DB,11,3,0,0,0.3
70,"CJ Lewis, Jacksonville (Pioneer)",So.,DB,11,3,10,0,0.3
70,"Max Lyons, Southeastern La. (Southland)",Sr.,DB,11,3,0,0,0.3
70,"Eric Mitchell, Lafayette (Patriot)",So.,DB,11,3,4,0,0.3
70,"Javen Morrison, Alcorn (SWAC)",So.,DB,11,3,59,0,0.3
70,"Ryan Neal, Southern Ill. (MVFC)",Sr.,DB,11,3,122,0,0.3
70,"Everett Nicholas, Mississippi Val. (SWAC)",Jr.,DB,11,3,0,0,0.3
70,"Omar Pierre-Louis, Southeast Mo. St. (OVC)",Sr.,DB,11,3,21,0,0.3
70,"Nhyre Quinerly, Norfolk St. (MEAC)",So.,DB,11,3,16,0,0.3
70,"Nick Rinella, Saint Francis (PA) (NEC)",So.,DB,11,3,43,0,0.3
70,"Josh Sandry, Montana (Big Sky)",So.,DB,11,3,114,1,0.3
70,"Marquez Sanford, Murray St. (OVC)",Jr.,DB,11,3,5,0,0.3
70,"Ronnie Scott, Alabama St. (SWAC)",Sr.,DB,11,3,162,2,0.3
70,"Anthony Smith, Norfolk St. (MEAC)",Sr.,LB,11,3,28,0,0.3
70,"Nicholas Smith, Houston Christian (Southland)",Jr.,DB,11,3,56,0,0.3
70,"Lucas Webb, Chattanooga (SoCon)",Sr.,DB,11,3,64,1,0.3
70,"Jalen Wells, Saint Francis (PA) (NEC)",Sr.,DB,11,3,135,0,0.3
70,"Mark Williams, Eastern Ill. (OVC)",Fr.,DB,11,3,73,1,0.3
70,"Omari Williams, Samford (SoCon)",Sr.,DB,11,3,74,1,0.3
70,"Alec Wisniewski, Colgate (Patriot)",Jr.,DB,11,3,0,0,0.3
108,"Robbie Grimsley, North Dakota St. (MVFC)",Jr.,DB,15,4,36,1,0.3
108,"James Hendricks, North Dakota St. (MVFC)",So.,DB,15,4,37,0,0.3
110,"Marlon Bridges, Jacksonville St. (OVC)",So.,DB,12,3,137,1,0.3
110,"Tyler Campbell, Elon (CAA)",Jr.,DB,12,3,79,0,0.3
110,"Tyler Collet, Southern Utah (Big Sky)",Sr.,DB,12,3,0,0,0.3
110,"Keawvis Cummings, Austin Peay (OVC)",Jr.,CB,12,3,4,0,0.3
110,"Maurice Davison, Northern Ariz. (Big Sky)",Jr.,DB,12,3,46,1,0.3
110,"Khalil Dorsey, Northern Ariz. (Big Sky)",So.,DB,12,3,3,0,0.3
110,"Kamau Dumas, Monmouth (Big South)",Sr.,DB,12,3,64,1,0.3
110,"Shamon Elliott, Western Caro. (SoCon)",So.,DB,12,3,3,0,0.3
110,"Koi Freeman, Samford (SoCon)",Fr.,DB,12,3,0,0,0.3
110,"Deonte Henson, Yale (Ivy League)",Fr.,DB,8,2,0,0,0.3
110,"Tymir Hinton, Central Conn. St. (NEC)",Jr.,DB,12,3,104,1,0.3
110,"Juan Jackson, Central Ark. (Southland)",So.,DB,12,3,58,1,0.3
110,"Taron Johnson, Weber St. (Big Sky)",Sr.,DB,12,3,59,0,0.3
110,"Jalen Russell, Southern Utah (Big Sky)",Fr.,DB,12,3,32,0,0.3
110,"Jace White, Kennesaw St. (Big South)",Jr.,DB,12,3,68,0,0.3
125,"Isaac Armstead, South Dakota (MVFC)",Jr.,DB,13,3,16,0,0.2
125,"George Gbesee, Wofford (SoCon)",So.,DB,13,3,30,0,0.2
125,"Nikholi Jaghai, UNI (MVFC)",So.,DB,13,3,19,0,0.2
125,"Darin Peart, Stony Brook (CAA)",Sr.,DB,13,3,22,0,0.2
125,"Ja'Terious Pouncey, Grambling (SWAC)",Sr.,DB,13,3,24,0,0.2
125,"Phillip Powell, South Dakota (MVFC)",Fr.,DB,13,3,26,1,0.2
131,"Andre Brackett, Bryant (NEC)",Fr.,DB,9,2,12,0,0.2
131,"Colin Jonov, Bucknell (Patriot)",Sr.,DB,9,2,159,2,0.2
131,"Tyron McDade, Towson (CAA)",Jr.,DB,9,2,0,0,0.2
131,"Brandon Miller, Marist (Pioneer)",Sr.,DB,9,2,4,0,0.2
131,"Mark Pegues, Mississippi Val. (SWAC)",Sr.,DB,9,2,101,0,0.2
131,"Malik Reaves, Villanova (CAA)",Sr.,DB,9,2,13,0,0.2
131,"Charlie Walker, Harvard (Ivy League)",Jr.,LB,9,2,27,0,0.2
131,"Julian Williams, Villanova (CAA)",So.,DB,9,2,3,0,0.2
139,"Bryson Armstrong, Kennesaw St. (Big South)",Fr.,LB,14,3,7,0,0.2
139,"Jordan Brown, South Dakota St. (MVFC)",Jr.,DB,14,3,22,0,0.2
139,"Taylor Henkle, Kennesaw St. (Big South)",Jr.,DB,14,3,38,0,0.2
139,"Evan Horn, New Hampshire (CAA)",Fr.,DB,14,3,70,1,0.2
139,"Zyon McCollum, Sam Houston (Southland)",Fr.,DB,14,3,0,0,0.2
139,"Akebren Ralls, Kennesaw St. (Big South)",Jr.,DB,14,3,57,1,0.2
145,"John Brannon III, Western Caro. (SoCon)",So.,DB,10,2,97,1,0.2
145,"Marquise Bridges, North Dakota St. (MVFC)",So.,DB,15,3,3,0,0.2
145,"Kwadir Brown, Rhode Island (CAA)",Fr.,DB,10,2,6,0,0.2
145,"Marshaun Cameron, Northern Colo. (Big Sky)",So.,DB,10,2,21,1,0.2
145,"Austin Dickerson, Nicholls (Southland)",So.,DB,10,2,44,1,0.2
145,"Aaron Diggs, Western Ill. (MVFC)",Sr.,DB,10,2,59,0,0.2
145,"Ben Hunt, Colgate (Patriot)",Jr.,DB,10,2,19,0,0.2
145,"Donovan Jackson, Morgan St. (MEAC)",---,,10,2,0,0,0.2
145,"Stone Kane, Northern Colo. (Big Sky)",Sr.,DB,10,2,108,0,0.2
145,"Darius Leonard, South Carolina St. (MEAC)",Jr.,SAM,10,2,51,1,0.2
145,"Sam Marc, Bethune-Cookman (MEAC)",Fr.,DB,10,2,0,0,0.2
145,"Benjamin McKeighan, Columbia (Ivy League)",So.,DB,10,2,0,0,0.2
145,"Nick Miller, Penn (Ivy League)",Jr.,LB,10,2,27,1,0.2
145,"Mike Mills, Alabama A&M (SWAC)",So.,DB,10,2,31,1,0.2
145,"Jamar Mitchell, Southern U. (SWAC)",Sr.,DB,10,2,32,0,0.2
145,"Drew Newcomb, Bucknell (Patriot)",Jr.,DB,10,2,35,1,0.2
145,"J.J. Nunes, Valparaiso (Pioneer)",Sr.,DB,10,2,27,0,0.2
145,"Conor O'Brien, Penn (Ivy League)",So.,DB,10,2,67,0,0.2
145,"Thomas Oporto, Jacksonville (Pioneer)",Jr.,DB,10,2,2,0,0.2
145,"Keon Paye, Towson (CAA)",So.,DB,10,2,56,0,0.2
145,"Sterling Sheffield, Maine (CAA)",Jr.,LB,10,2,0,0,0.2
145,"Brandon Stanback, Duquesne (NEC)",Jr.,DB,10,2,0,0,0.2
145,"Reginald Stubblefield, Prairie View (SWAC)",So.,DB,10,2,0,0,0.2
145,"Isiah Swann, Dartmouth (Ivy League)",So.,DB,10,2,55,1,0.2
145,"Aaron Swinton, William & Mary (CAA)",Sr.,DB,10,2,1,0,0.2
145,"Dayshaw Taylor, South Carolina St. (MEAC)",Jr.,,10,2,2,0,0.2
145,"Terry Wallen, Drake (Pioneer)",Sr.,DB,10,2,7,0,0.2
145,"Sean White, Columbia (Ivy League)",Jr.,LB,10,2,30,0,0.2
145,"Zahir Williams, Bryant (NEC)",So.,DB,10,2,38,0,0.2
145,"Justin Woodley, Columbia (Ivy League)",Fr.,LB,10,2,16,0,0.2
145,"Trevor Wright, Chattanooga (SoCon)",Sr.,DB,10,2,0,0,0.2
