Rank,Player,Cl,Pos,G,Int,Int Ret Yds,Int Ret TDs,Int PG
1,"Decobie DURANT, South Carolina St. (MEAC)",Jr.,FC,4,4,0,0,1
1,"David Joseph, Portland St. (Big Sky)",So.,LB,1,1,0,0,1
1,"Jalon Thigpen, Ark.-Pine Bluff (SWAC)",Sr.,DB,5,5,73,1,1
1,"Coby Tippett, Rhode Island (CAA)",Sr.,DB,3,3,18,0,1
5,"Quantravis Kelly, Alabama A&M (SWAC)",Sr.,LB,4,3,20,0,0.8
5,"John Smith, Holy Cross (Patriot)",Jr.,DB,4,3,67,0,0.8
7,"Brandon Barbee, Morehead St. (Pioneer)",Jr.,DB,7,5,50,1,0.7
8,"Glenn Cunningham, Fordham (Patriot)",Sr.,LB,3,2,27,0,0.7
8,"Keyon Turner, Valparaiso (Pioneer)",Fr.,DB,6,4,37,0,0.7
8,"Stephen Williams II, Fordham (Patriot)",So.,DB,3,2,2,0,0.7
11,"Spencer DeMedal, Duquesne (NEC)",Sr.,DB,5,3,6,0,0.6
11,"Preston Smith, Weber St. (Big Sky)",Sr.,DB,5,3,0,0,0.6
13,"Chris Edmonds, Samford (SoCon)",So.,WR,7,4,90,1,0.6
14,"Ricco Aaron, Jr., LIU (NEC)",Sr.,LB,4,2,61,1,0.5
14,"Ja'Corey Benjamin, Texas Southern (SWAC)",So.,DB,2,1,0,0,0.5
14,"Anthony Budd, Monmouth (Big South)",Sr.,DB,4,2,28,0,0.5
14,"Cody Cline, Charleston So. (Big South)",So.,DB,4,2,3,0,0.5
14,"Tyrek Funderburk, Richmond (CAA)",So.,DB,4,2,2,0,0.5
14,"William Gruber, Colgate (Patriot)",Jr.,DB,2,1,0,0,0.5
14,"Myles Harden, South Dakota (MVFC)",Fr.,DB,4,2,2,0,0.5
14,"Alijah Huzzie, ETSU (SoCon)",Fr.,DB,6,3,0,0,0.5
14,"Zafir Kelly, South Carolina St. (MEAC)",Jr.,,4,2,2,0,0.5
14,"David Koppang, Montana (Big Sky)",So.,DB,2,1,0,0,0.5
14,"Jace Lewis, Montana (Big Sky)",Sr.,LB,2,1,20,0,0.5
14,"Rassie Littlejohn, Stetson (Pioneer)",So.,DB,4,2,30,0,0.5
14,"Ahmad Lyons, Wagner (NEC)",Sr.,DB,2,1,0,0,0.5
14,"Gavin Robertson, Montana (Big Sky)",Sr.,DB,2,1,0,0,0.5
14,"Anthony Ruffin, Lamar University (Southland)",So.,DB,6,3,36,0,0.5
14,"Tariq Snead, LIU (NEC)",Jr.,DB,4,2,0,0,0.5
14,"Jarrod Stanley, Charleston So. (Big South)",Sr.,DB,4,2,0,0,0.5
14,"A.J. Thomas, Gardner-Webb (Big South)",So.,DB,4,2,56,0,0.5
14,"Marquis Walker, Texas Southern (SWAC)",Sr.,DB,2,1,24,0,0.5
14,"Matthew Williams, Texas Southern (SWAC)",Sr.,DB,2,1,0,0,0.5
14,"Patrick Wolfe, Houston Christian (Southland)",Sr.,DB,4,2,21,0,0.5
14,"Charles Woods, Illinois St. (MVFC)",Jr.,DB,4,2,0,0,0.5
36,"Marcis Floyd, Murray St. (OVC)",So.,CB,7,3,55,1,0.4
36,"Josh Green, Tennessee St. (OVC)",So.,DB,7,3,2,0,0.4
36,"Darius Kearse, Furman (SoCon)",Sr.,DB,7,3,46,0,0.4
36,"Wesley McCormick, James Madison (CAA)",Sr.,CB,7,3,32,0,0.4
36,"Andre Sam, McNeese (Southland)",Jr.,DB,7,3,51,0,0.4
36,"Jeffrey Smyth, Presbyterian (Pioneer)",So.,DB,7,3,82,2,0.4
42,"Randy Brito, Sacred Heart (NEC)",So.,DB,5,2,0,0,0.4
42,"Joshua Manchigiah, South Dakota St. (MVFC)",Jr.,S,10,4,40,0,0.4
42,"Donovan Manuel, ETSU (SoCon)",So.,LB,5,2,25,0,0.4
42,"Isaiah Thomas, UC Davis (Big Sky)",Sr.,DB,5,2,3,0,0.4
42,"Jaxon Woodward, Idaho (Big Sky)",So.,DB,5,2,0,0,0.4
47,"Kmare Carey, Eastern Ky. (OVC)",So.,DB,8,3,38,0,0.4
47,"Nijuel Hill, Delaware (CAA)",Sr.,DB,8,3,16,0,0.4
49,"Jackson Barletta, Fordham (Patriot)",So.,DB,3,1,0,0,0.3
49,"Antonio Carter II, Rhode Island (CAA)",Fr.,DB,3,1,0,0,0.3
49,"Nick Chimienti, Stony Brook (CAA)",Fr.,DB,3,1,0,0,0.3
49,"Aaron Cooper, Cal Poly (Big Sky)",Jr.,LB,3,1,0,0,0.3
49,"Mike Courtney, Fordham (Patriot)",Fr.,DB,3,1,49,1,0.3
49,"Brandon Davis, Cal Poly (Big Sky)",Jr.,DB,3,1,55,1,0.3
49,"B.J. Ferguson, Fordham (Patriot)",So.,DB,3,1,0,0,0.3
49,"DaRon Gilbert, Lafayette (Patriot)",So.,DB,3,1,28,0,0.3
49,"Jaylen Harris, Prairie View (SWAC)",Sr.,DB,3,1,23,0,0.3
49,"Michael Hawkins, San Diego (Pioneer)",Sr.,DB,6,2,0,0,0.3
49,"Jeremy Imperati, Fordham (Patriot)",Sr.,DL,3,1,3,1,0.3
49,"Storey Jackson, Prairie View (SWAC)",Sr.,,3,1,0,0,0.3
49,"Khiyree Keith, Morehead St. (Pioneer)",Jr.,DB,6,2,0,0,0.3
49,"Michael Lawson, Western Ill. (MVFC)",Sr.,DB,6,2,-2,0,0.3
49,"Caimyn Layne, Lamar University (Southland)",Fr.,LB,6,2,20,0,0.3
49,"TyGee Leach, Lehigh (Patriot)",So.,DB,3,1,15,0,0.3
49,"Quantraill Morris-Walker, Idaho St. (Big Sky)",Fr.,S,6,2,0,0,0.3
49,"Justin Nutof, Western Ill. (MVFC)",Sr.,DB,6,2,29,0,0.3
49,"Xavier Oliphant, Cal Poly (Big Sky)",Fr.,DB,3,1,53,0,0.3
49,"Omar Rogers, Elon (CAA)",So.,DB,6,2,56,0,0.3
49,"Anthany Smith, Eastern Wash. (Big Sky)",Jr.,DB,6,2,71,1,0.3
49,"Delon Smith, Houston Christian (Southland)",Sr.,DB,3,1,45,0,0.3
49,"Reggie Stubblefield, Prairie View (SWAC)",Sr.,DB,3,1,0,0,0.3
49,"Alex Washington, William & Mary (CAA)",Fr.,LB,3,1,0,0,0.3
49,"Mark Williams, Eastern Ill. (OVC)",Sr.,DB,6,2,63,1,0.3
74,"Dom Jones, North Dakota St. (MVFC)",Fr.,S,10,3,52,0,0.3
74,"Jeremy Webb, Missouri St. (MVFC)",Sr.,CB,10,3,30,0,0.3
76,"Cameron Barrett, Morehead St. (Pioneer)",Sr.,LB,7,2,92,1,0.3
76,"Jaylon Bolden, Davidson (Pioneer)",Sr.,DB,7,2,0,0,0.3
76,"Taurus Carroll, James Madison (CAA)",Sr.,CB,7,2,13,0,0.3
76,"Okachi Emmanwori, Presbyterian (Pioneer)",So.,DB,7,2,33,0,0.3
76,"John Ford, UT Martin (OVC)",Jr.,LB,7,2,75,1,0.3
76,"Hayden Galvin, North Dakota (MVFC)",Sr.,DB,7,2,90,1,0.3
76,"Keegan Halloran, Presbyterian (Pioneer)",Fr.,DB,7,2,3,0,0.3
76,"Jack Henderson, Southeastern La. (Southland)",Fr.,DB,7,2,23,1,0.3
76,"Mitchell Johnson, Eastern Wash. (Big Sky)",Jr.,DL,7,2,38,1,0.3
76,"Ferlando Jordan, Southeastern La. (Southland)",Jr.,DB,7,2,35,1,0.3
76,"Tyler Noble, Morehead St. (Pioneer)",Sr.,DB,7,2,1,0,0.3
76,"Josh Reliford, Tennessee Tech (OVC)",Jr.,DB,7,2,24,0,0.3
76,"Alphonso Taylor, Southeastern La. (Southland)",So.,DB,7,2,0,0,0.3
76,"Takeem Young, UT Martin (OVC)",Jr.,DB,7,2,42,0,0.3
90,"Andy Davis, The Citadel (SoCon)",So.,LB,11,3,3,0,0.3
91,"Liam Anderson, Holy Cross (Patriot)",Jr.,LB,4,1,16,0,0.2
91,"Kelvin Azanama, James Madison (CAA)",Sr.,LB,8,2,14,0,0.2
91,"Monroe Beard III, Ark.-Pine Bluff (SWAC)",So.,LB,4,1,0,0,0.2
91,"Christian Benford, Villanova (CAA)",Jr.,DB,4,1,7,0,0.2
91,"Brandon Benson, Bucknell (Patriot)",Sr.,DB,4,1,0,0,0.2
91,"Bryce Campbell, LIU (NEC)",Jr.,DB,4,1,59,0,0.2
91,"Chris Campbell, Stony Brook (CAA)",Jr.,LB,4,1,0,0,0.2
91,"Declan Carr, Drake (Pioneer)",Jr.,LB,4,1,15,0,0.2
91,"Ethan Caselberry, VMI (SoCon)",Jr.,LB,8,2,0,0,0.2
91,"Isaiah Cash, Houston Christian (Southland)",Fr.,S,4,1,15,0,0.2
91,"Joseph Dagbe, LIU (NEC)",Fr.,DB,4,1,0,0,0.2
91,"Dan Damico, UAlbany (CAA)",Jr.,LB,4,1,0,0,0.2
91,"Shabari Davis, Southeast Mo. St. (OVC)",Sr.,DB,8,2,49,1,0.2
91,"Jacob Dobbs, Holy Cross (Patriot)",So.,LB,4,1,9,0,0.2
91,"Tyler Dressler, Richmond (CAA)",Sr.,LB,4,1,15,0,0.2
91,"Rey Estes, Grambling (SWAC)",Jr.,,4,1,23,0,0.2
91,"Eric Felts, Alabama St. (SWAC)",So.,DB,4,1,0,0,0.2
91,"Malik Fisher, Villanova (CAA)",Sr.,DL,4,1,-2,0,0.2
91,"Tra Fluellen, Houston Christian (Southland)",So.,S,4,1,38,0,0.2
91,"Kenan Fontenot, Grambling (SWAC)",Jr.,DB,4,1,0,0,0.2
91,"Jawain Granger, Delaware St. (MEAC)",Sr.,DB,4,1,0,0,0.2
91,"Ja'Marian Green, Alabama A&M (SWAC)",Jr.,DB,4,1,0,0,0.2
91,"Deonte Grier, Gardner-Webb (Big South)",Jr.,DB,4,1,0,0,0.2
91,"Eddie Hahn, Monmouth (Big South)",Sr.,LB,4,1,0,0,0.2
91,"Sean Harper, Alabama St. (SWAC)",Jr.,DB,4,1,8,0,0.2
91,"Nsaiah Harriet, Bryant (NEC)",So.,DL,4,1,0,0,0.2
91,"Kamdan Hightower, Northern Ariz. (Big Sky)",Fr.,DB,4,1,58,1,0.2
91,"Grant Holloman, Holy Cross (Patriot)",Sr.,DB,4,1,0,0,0.2
91,"Devontae Ingram, Northern Ariz. (Big Sky)",Fr.,DB,4,1,0,0,0.2
91,"Deandre Lamont, Central Ark. (Southland)",Jr.,DB,8,2,33,1,0.2
91,"Jerrell Lawson, Chattanooga (SoCon)",Sr.,DB,4,1,0,0,0.2
91,"Blake Leake, Bucknell (Patriot)",Fr.,DB,4,1,41,1,0.2
91,"Joey Lukrich, Drake (Pioneer)",So.,DB,4,1,0,0,0.2
91,"Xavier Marshall, Richmond (CAA)",So.,DB,4,1,0,0,0.2
91,"Ricardo Martinez, Bryant (NEC)",Jr.,DB,4,1,0,0,0.2
91,"Cameron McCutcheon, Gardner-Webb (Big South)",Jr.,DB,4,1,0,0,0.2
91,"Isaiah McDaniels, South Dakota (MVFC)",Jr.,DB,4,1,0,0,0.2
91,"Trenton McGhee, Alabama A&M (SWAC)",Sr.,DB,4,1,1,0,0.2
91,"Brock Mogensen, South Dakota (MVFC)",So.,LB,4,1,0,0,0.2
91,"Danny Morales, Drake (Pioneer)",Jr.,DB,4,1,15,0,0.2
91,"Eddie Morales III, Monmouth (Big South)",Jr.,DB,4,1,0,0,0.2
91,"Rick Mottram, Bucknell (Patriot)",Sr.,LB,4,1,36,0,0.2
91,"Simeon Page, Bucknell (Patriot)",Sr.,LB,4,1,0,0,0.2
91,"Derrius Perryman, Bryant (NEC)",Jr.,LB,4,1,18,0,0.2
91,"Noah Plack, Delaware (CAA)",So.,DB,8,2,19,0,0.2
91,"Gavin Pringle, Bucknell (Patriot)",So.,DB,4,1,-5,0,0.2
91,"Elijah Reed, South Dakota (MVFC)",Sr.,DB,4,1,16,0,0.2
91,"Que Reid, James Madison (CAA)",So.,DB,8,2,0,0,0.2
91,"John Ridgeway, Illinois St. (MVFC)",Jr.,DL,4,1,6,0,0.2
91,"Conner Romango, Bucknell (Patriot)",Sr.,DB,4,1,-2,0,0.2
91,"Josh Sarratt, VMI (SoCon)",So.,DB,8,2,0,0,0.2
91,"Terrence Spence, Holy Cross (Patriot)",Fr.,DB,4,1,2,0,0.2
91,"Jordan Swann, Maine (CAA)",Jr.,DB,4,1,55,0,0.2
91,"Izeal Terrell, Southeast Mo. St. (OVC)",Fr.,LB,8,2,18,0,0.2
91,"Justin Terry, Monmouth (Big South)",Sr.,DB,4,1,0,0,0.2
91,"Bryson Wilcox, Stetson (Pioneer)",So.,DB,4,1,19,0,0.2
91,"Kenton Wilhoit, Illinois St. (MVFC)",So.,LB,4,1,0,0,0.2
91,"Al Young, Southeast Mo. St. (OVC)",Sr.,DB,8,2,43,1,0.2
91,"Joe Zubillaga, Delaware (CAA)",So.,DB,8,2,0,0,0.2
150,"Nicario Harper, Jacksonville St. (OVC)",So.,DB,13,3,6,0,0.2
150,"Jacquez Payton, Jacksonville St. (OVC)",Jr.,DB,13,3,-3,0,0.2
