Rank,Player,Cl,Pos,G,Int,Int Ret Yds,Int Ret TDs,Int PG
1,"Rasul Douglas, West Virginia (Big 12)",---,,13,8,101,1,0.6
1,"Tarvarus McFadden, Florida St. (ACC)",So.,DB,13,8,16,0,0.6
3,"Malik Hooker, Ohio St. (Big Ten)",So.,DB,13,7,181,3,0.5
3,"Weston Steelhammer, Air Force (Mountain West)",Sr.,DB,13,7,33,0,0.5
5,"Blace Brown, Troy (Sun Belt)",Jr.,DB,12,6,88,0,0.5
5,"Damontae Kazee, San Diego St. (Mountain West)",Sr.,DB,14,7,156,1,0.5
5,"Horace Richardson, SMU (AAC)",Sr.,DB,12,6,215,2,0.5
5,"Tedric Thompson, Colorado (Pac-12)",Sr.,DB,14,7,103,0,0.5
5,"Mike Tyson, Cincinnati (AAC)",Sr.,DB,10,5,31,0,0.5
10,"Jayshawn Jordan, Idaho (Sun Belt)",Sr.,DB,13,6,26,0,0.5
10,"Kai Nacua, BYU (FBS Independent)",Sr.,DB,13,6,62,0,0.5
10,"Orion Stewart, Baylor (Big 12)",Sr.,DB,13,6,53,1,0.5
13,"Marcus Williams, Utah (Pac-12)",Jr.,DB,11,5,20,0,0.5
14,"Darrion Millines, SMU (AAC)",Sr.,DB,12,5,83,0,0.4
14,"Aarion Penton, Missouri (SEC)",Sr.,DB,12,5,82,1,0.4
14,"Jaden Wright, New Mexico St. (Sun Belt)",Jr.,DB,12,5,94,1,0.4
17,"Minkah Fitzpatrick, Alabama (SEC)",So.,DB,15,6,186,2,0.4
18,"Jaire Alexander, Louisville (ACC)",So.,DB,13,5,37,0,0.4
18,"Jessie Bates III, Wake Forest (ACC)",Fr.,DB,13,5,158,2,0.4
18,"Clifton Duck, App State (Sun Belt)",---,CB,13,5,52,1,0.4
18,"Kaden Elliss, Idaho (Sun Belt)",So.,LB,13,5,56,1,0.4
18,"Montre Hartage, Northwestern (Big Ten)",So.,DB,13,5,70,0,0.4
18,"Adoree' Jackson, Southern California (Pac-12)",Jr.,DB,13,5,21,0,0.4
18,"Dallas Lloyd, Stanford (Pac-12)",Sr.,DB,13,5,142,1,0.4
18,"Kieron Williams, Nebraska (Big Ten)",Jr.,DB,13,5,44,1,0.4
18,"Howard Wilson, Houston (AAC)",So.,DB,13,5,58,1,0.4
27,"Nathan Gerry, Nebraska (Big Ten)",Sr.,DB,11,4,18,0,0.4
27,"Randall Goforth, UCLA (Pac-12)",Sr.,DB,11,4,89,1,0.4
27,"Dylan Haines, Texas (Big 12)",Sr.,DB,11,4,38,0,0.4
27,"Parry Nickerson, Tulane (AAC)",Jr.,DB,11,4,171,1,0.4
31,"Kameron Kelly, San Diego St. (Mountain West)",Jr.,DB,14,5,47,0,0.4
31,"Leo Musso, Wisconsin (Big Ten)",Sr.,DB,14,5,16,0,0.4
31,"Xavier Woods, Louisiana Tech (C-USA)",Sr.,DB,14,5,45,0,0.4
34,"Markus Bailey, Purdue (Big Ten)",Fr.,LB,12,4,44,0,0.3
34,"Andre Chachere, San Jose St. (Mountain West)",Jr.,DB,12,4,117,0,0.3
34,"Jadar Johnson, Clemson (ACC)",Sr.,DB,15,5,44,0,0.3
34,"Shalom Luani, Washington St. (Pac-12)",Sr.,DB,12,4,109,0,0.3
34,"Obi Melifonwu, UConn (AAC)",Sr.,DB,12,4,6,0,0.3
34,"Brenden Schooler, Oregon (Pac-12)",Fr.,DB,12,4,49,0,0.3
34,"Fish Smithson, Kansas (Big 12)",Sr.,DB,12,4,5,0,0.3
34,"Jalen Tabor, Florida (SEC)",Jr.,DB,12,4,47,1,0.3
34,"Alex Thomas, Cincinnati (AAC)",So.,DB,12,4,47,0,0.3
34,"Jalen Thompson, South Alabama (Sun Belt)",So.,DB,12,4,30,1,0.3
34,"Jordan Wyatt, SMU (AAC)",So.,DB,12,4,97,2,0.3
45,"Brian Allen, Utah (Pac-12)",Sr.,DB,13,4,0,0,0.3
45,"Nate Brooks, North Texas (C-USA)",So.,DB,13,4,54,0,0.3
45,"Amari Coleman, Central Mich. (MAC)",Jr.,DB,13,4,91,2,0.3
45,"Gareon Conley, Ohio St. (Big Ten)",Jr.,DB,13,4,0,0,0.3
45,"Justin Evans, Texas A&M (SEC)",Sr.,DB,13,4,0,0,0.3
45,"Jordan Evans, Oklahoma (Big 12)",Sr.,LB,13,4,145,2,0.3
45,"Shaquill Griffin, UCF (AAC)",Sr.,DB,13,4,46,1,0.3
45,"Heath Harding, Miami (OH) (MAC)",Jr.,DB,13,4,0,0,0.3
45,"Brodie Hicks, Air Force (Mountain West)",Sr.,DB,13,4,37,0,0.3
45,"Marshon Lattimore, Ohio St. (Big Ten)",So.,DB,13,4,61,1,0.3
45,"De'Andre Montgomery, Miami (OH) (MAC)",So.,DB,13,4,56,1,0.3
45,"Deatrick Nichols, South Fla. (AAC)",Jr.,DB,13,4,24,0,0.3
45,"Nick Orr, TCU (Big 12)",Jr.,DB,13,4,47,0,0.3
45,"Jalen Rountree, Troy (Sun Belt)",Sr.,DB,13,4,68,0,0.3
45,"Channing Stribling, Michigan (Big Ten)",Sr.,DB,13,4,60,1,0.3
45,"Mondo Williams, App State (Sun Belt)",Sr.,DB,13,4,43,0,0.3
61,"Tyrell Gilbert, Cincinnati (AAC)",So.,DB,10,3,119,1,0.3
61,"Shawun Lurry, NIU (MAC)",Jr.,DB,10,3,30,0,0.3
61,"Avonte Maddox, Pittsburgh (ACC)",Jr.,DB,10,3,33,1,0.3
61,"Jerome Smith, Georgia St. (Sun Belt)",So.,DB,10,3,50,1,0.3
65,"D'Cota Dixon, Wisconsin (Big Ten)",Jr.,DB,14,4,45,0,0.3
65,"Terrell Edmunds, Virginia Tech (ACC)",So.,DB,14,4,28,0,0.3
65,"Darius Phillips, Western Mich. (MAC)",Jr.,DB,14,4,263,3,0.3
65,"Delvon Randall, Temple (AAC)",So.,DB,14,4,57,0,0.3
65,"Taylor Rapp, Washington (Pac-12)",Fr.,DB,14,4,58,1,0.3
65,"Jalen Rogers, Hawaii (Mountain West)",Sr.,DB,14,4,0,0,0.3
65,"Sojourn Shelton, Wisconsin (Big Ten)",Sr.,DB,14,4,48,0,0.3
72,"Isaiah Brown, FIU (C-USA)",Fr.,DB,11,3,43,1,0.3
72,"Kedrick Davis, Charlotte (C-USA)",Sr.,DB,11,3,8,0,0.3
72,"John Gibson, Missouri (SEC)",Sr.,DB,11,3,20,0,0.3
72,"Eric Jenkins, North Texas (C-USA)",Jr.,DB,11,3,86,2,0.3
72,"Torry McTyer, UNLV (Mountain West)",Sr.,DB,11,3,43,1,0.3
72,"Braylin Scott, Colorado St. (Mountain West)",So.,DB,11,3,38,0,0.3
72,"Duke Shelley, Kansas St. (Big 12)",So.,DB,11,3,29,1,0.3
72,"Greg Stroman, Virginia Tech (ACC)",Jr.,DB,11,3,0,0,0.3
80,"Cordrea Tankersley, Clemson (ACC)",Sr.,DB,15,4,22,0,0.3
81,"Francis Bernard, BYU (FBS Independent)",So.,LB,12,3,39,1,0.3
81,"Jamari Bozeman, Bowling Green (MAC)",So.,DB,12,3,5,0,0.3
81,"Cody Brown, Arkansas St. (Sun Belt)",Sr.,DB,12,3,28,0,0.3
81,"Jayon Brown, UCLA (Pac-12)",Sr.,LB,12,3,32,0,0.3
81,"Kyron Brown, Akron (MAC)",So.,DB,12,3,68,0,0.3
81,"B.J. Clay, Georgia St. (Sun Belt)",Jr.,DB,12,3,38,1,0.3
81,"Jerrell Foster, Kent St. (MAC)",Jr.,DB,12,3,33,0,0.3
81,"De'Chavon Hayes, Arizona St. (Pac-12)",Sr.,DB,12,3,56,0,0.3
81,"Joshua Holsey, Auburn (SEC)",Sr.,DB,12,3,47,0,0.3
81,"Kylan Nelson, Ohio (MAC)",Jr.,DB,12,3,35,0,0.3
81,"Mayomi Olootu, NIU (MAC)",Jr.,DB,12,3,1,0,0.3
81,"Jamal Parker, Kent St. (MAC)",Fr.,DB,12,3,57,0,0.3
81,"Adarius Pickett, UCLA (Pac-12)",Jr.,DB,12,3,0,0,0.3
81,"Ryan Reid, Baylor (Big 12)",Sr.,DB,12,3,116,1,0.3
81,"Ed Rolle, Charlotte (C-USA)",So.,DB,12,3,24,0,0.3
81,"Deondre Singleton, Duke (ACC)",Sr.,DB,12,3,0,0,0.3
81,"Jordan Sterns, Oklahoma St. (Big 12)",Sr.,DB,12,3,35,0,0.3
81,"Brandon Stewart, Kansas (Big 12)",Sr.,DB,12,3,71,1,0.3
81,"Chandon Sullivan, Georgia St. (Sun Belt)",Jr.,DB,12,3,0,0,0.3
81,"Juan Thornhill, Virginia (ACC)",So.,DB,12,3,32,0,0.3
81,"Marc Walton, Ball St. (MAC)",So.,DB,12,3,19,0,0.3
81,"Zedrick Woods, Ole Miss (SEC)",So.,DB,12,3,71,1,0.3
81,"Aaron Young, Old Dominion (C-USA)",Sr.,DB,12,3,40,1,0.3
104,"Lawrence Austin, Georgia Tech (ACC)",Jr.,DB,13,3,3,0,0.2
104,"Lance Austin, Georgia Tech (ACC)",Jr.,DB,13,3,24,1,0.2
104,"Derrick Baity, Kentucky (SEC)",So.,DB,13,3,10,0,0.2
104,"Eric Boggs, App State (Sun Belt)",Jr.,LB,13,3,8,0,0.2
104,"Vince Calhoun, Eastern Mich. (MAC)",Fr.,DB,13,3,25,0,0.2
104,"Josh Cox, Central Mich. (MAC)",Jr.,DB,13,3,46,1,0.2
104,"Jonathan Crawford, Indiana (Big Ten)",So.,WR,13,3,16,0,0.2
104,"Jeremy Cutrer, Middle Tenn. (C-USA)",Sr.,DB,13,3,0,0,0.2
104,"T.J. Edwards, Wisconsin (Big Ten)",So.,LB,13,3,0,0,0.2
104,"Mike Edwards, Kentucky (SEC)",So.,DB,13,3,46,0,0.2
104,"Rashard Fant, Indiana (Big Ten)",Jr.,DB,13,3,68,1,0.2
104,"Chauncey Gardner-Johnson, Florida (SEC)",Fr.,DB,13,3,103,1,0.2
104,"Dayan Ghanwoloku, BYU (FBS Independent)",Fr.,DB,13,3,113,1,0.2
104,"Jamoral Graham, Mississippi St. (SEC)",Jr.,DB,13,3,105,1,0.2
104,"Chase Hansen, Utah (Pac-12)",So.,DB,13,3,88,1,0.2
104,"Delano Hill, Michigan (Big Ten)",Sr.,DB,13,3,36,1,0.2
104,"T.J. Holloman, South Carolina (SEC)",Sr.,LB,13,3,30,0,0.2
104,"A.J. Howard, App State (Sun Belt)",Jr.,DB,13,3,71,1,0.2
104,"Chanceller James, Boise St. (Mountain West)",Sr.,DB,13,3,29,0,0.2
104,"John Johnson, Boston College (ACC)",Sr.,DB,13,3,47,0,0.2
104,"Josh Jones, NC State (ACC)",Jr.,DB,13,3,34,0,0.2
104,"Chris Jones, Nebraska (Big Ten)",Jr.,DB,13,3,60,1,0.2
104,"D.J. Killings, UCF (AAC)",Sr.,DB,13,3,50,1,0.2
104,"Jamarcus King, South Carolina (SEC)",Jr.,DB,13,3,0,0,0.2
104,"Desmond King, Iowa (Big Ten)",Sr.,DB,13,3,41,1,0.2
104,"Chris Lammons, South Carolina (SEC)",Jr.,DB,13,3,6,0,0.2
104,"Iman Marshall, Southern California (Pac-12)",So.,DB,13,3,12,0,0.2
104,"Kishawn McClain, North Texas (C-USA)",Jr.,DB,13,3,18,0,0.2
104,"Blake McClain, Kentucky (SEC)",Sr.,DB,13,3,28,0,0.2
104,"Jared McGee, Northwestern (Big Ten)",So.,DB,13,3,25,0,0.2
104,"Daquan Pace, Eastern Mich. (MAC)",Sr.,DB,13,3,50,0,0.2
104,"Jeremy Reaves, South Alabama (Sun Belt)",Jr.,DB,13,3,39,0,0.2
104,"D.J. Reed, Kansas St. (Big 12)",So.,DB,13,3,35,1,0.2
104,"Ramon Richards, Oklahoma St. (Big 12)",Jr.,DB,13,3,61,0,0.2
104,"Elijah Riley, Army West Point (FBS Independent)",Fr.,DB,13,3,3,0,0.2
104,"Cedarius Rookard, Troy (Sun Belt)",So.,DB,13,3,41,0,0.2
104,"Dominick Sanders, Georgia (SEC)",Jr.,DB,13,3,27,0,0.2
104,"Brandon Snyder, Iowa (Big Ten)",So.,DB,13,3,5,0,0.2
104,"Donnie Starks, Kansas St. (Big 12)",Sr.,DB,13,3,64,1,0.2
104,"Blaise Taylor, Arkansas St. (Sun Belt)",Jr.,DB,13,3,47,0,0.2
104,"Tracy Walker, Louisiana (Sun Belt)",Jr.,DB,13,3,41,0,0.2
104,"Fred Warner, BYU (FBS Independent)",Jr.,LB,13,3,61,1,0.2
104,"Aaron Williams, Nebraska (Big Ten)",So.,DB,13,3,0,0,0.2
104,"Chucky Williams, Louisville (ACC)",Jr.,DB,13,3,56,0,0.2
104,"Quincy Wilson, Florida (SEC)",Jr.,DB,13,3,80,1,0.2
149,"Derrick Jones, Ole Miss (SEC)",Sr.,WR,9,2,54,1,0.2
149,"Luke Rubenzer, California (Pac-12)",Jr.,DB,9,2,72,0,0.2
