Rank,Player,Cl,Pos,G,Int,Int Ret Yds,Int Ret TDs,Int PG
1,"Shawun Lurry, NIU (MAC)",So.,DB,14,9,273,1,0.6
2,"Zack Sanchez, Oklahoma (Big 12)",Jr.,DB,11,7,60,1,0.6
3,"Jamar Summers, UConn (AAC)",So.,DB,13,8,102,1,0.6
4,"Dameon Baber, Nevada (Mountain West)",Fr.,DB,10,6,0,0,0.6
5,"Damontae Kazee, San Diego St. (Mountain West)",Jr.,DB,14,8,58,1,0.6
5,"Desmond King, Iowa (Big Ten)",Jr.,DB,14,8,118,1,0.6
7,"Latrell Gibbs, App State (Sun Belt)",So.,DB,13,7,149,2,0.5
8,"Demetrius Monday, Kent St. (MAC)",So.,DB,12,6,108,1,0.5
8,"Kai Nacua, BYU (FBS Independent)",Jr.,DB,12,6,137,2,0.5
8,"Kareem Orr, Arizona St. (Pac-12)",Fr.,DB,12,6,98,1,0.5
8,"Daryl Worley, West Virginia (Big 12)",Jr.,DB,12,6,0,0,0.5
12,"Artie Burns, Miami (FL) (ACC)",Jr.,WR,13,6,34,0,0.5
12,"Antonio Glover, Ga. Southern (Sun Belt)",Sr.,DB,13,6,51,0,0.5
12,"Rocky Hayes, Arkansas St. (Sun Belt)",Sr.,DB,13,6,1,0,0.5
12,"Tanner McEvoy, Wisconsin (Big Ten)",Sr.,WR,13,6,83,0,0.5
12,"Dominick Sanders, Georgia (SEC)",So.,DB,13,6,205,1,0.5
12,"Deandre Scott, Akron ()",Jr.,DB,13,6,14,0,0.5
18,"Dylan Haines, Texas (Big 12)",Jr.,DB,11,5,102,0,0.5
19,"Alfonso Mack, Bowling Green (MAC)",Jr.,DB,14,6,71,0,0.4
20,"Justin Simmons, Boston College (ACC)",Sr.,DB,12,5,28,0,0.4
20,"Jordan Thomas, Oklahoma (Big 12)",So.,DB,12,5,153,1,0.4
20,"Darian Thompson, Boise St. (Mountain West)",Sr.,DB,12,5,46,0,0.4
23,"Donte Deayon, Boise St. (Mountain West)",Sr.,DB,10,4,35,0,0.4
23,"Eddie Jackson, Alabama (SEC)",Jr.,DB,15,6,230,2,0.4
25,"Reggis Ball, Memphis (AAC)",Sr.,LB,13,5,66,1,0.4
25,"Xavien Howard, Baylor (Big 12)",Jr.,DB,13,5,74,0,0.4
25,"William Jackson, III, Houston (AAC)",Sr.,DB,13,5,110,2,0.4
25,"Darius Phillips, Western Mich. (MAC)",So.,DB,13,5,50,1,0.4
25,"Marcus Williams, Utah (Pac-12)",So.,DB,13,5,88,0,0.4
25,"Donovan Wilson, Texas A&M (SEC)",So.,DB,13,5,76,1,0.4
31,"Briean Boddy-Calhoun, Minnesota (Big Ten)",Sr.,DB,11,4,21,1,0.4
31,"Anthony Cioffi, Rutgers (Big Ten)",Jr.,DB,11,4,56,0,0.4
31,"Matthew Harris, Northwestern (Big Ten)",Jr.,DB,11,4,94,1,0.4
31,"Tim Hough, UNLV (Mountain West)",So.,DB,11,4,58,0,0.4
31,"Quentin Poling, Ohio (MAC)",So.,LB,11,4,86,2,0.4
36,"Tyler Matakevich, Temple (AAC)",Sr.,LB,14,5,47,0,0.4
36,"Malik Smith, San Diego St. (Mountain West)",Jr.,DB,14,5,22,0,0.4
36,"Weston Steelhammer, Air Force (Mountain West)",Jr.,DB,14,5,30,0,0.4
39,"Jamal Adams, LSU (SEC)",So.,DB,12,4,30,0,0.3
39,"Adonis Alexander, Virginia Tech (ACC)",Fr.,DB,12,4,-4,0,0.3
39,"Taylor Barton, Illinois (Big Ten)",Jr.,DB,12,4,49,0,0.3
39,"Anthony Brown, Purdue (Big Ten)",Sr.,DB,12,4,4,0,0.3
39,"Brison Burris, Miami (OH) (MAC)",Sr.,DB,12,4,88,1,0.3
39,"Kevin Byard, Middle Tenn. (C-USA)",Sr.,DB,12,4,50,0,0.3
39,"Trey Dudley-Giles, Massachusetts (MAC)",Sr.,DB,12,4,32,0,0.3
39,"Tyquwan Glass, Fresno St. (Mountain West)",Jr.,DB,12,4,76,0,0.3
39,"Dominique Hatfield, Utah (Pac-12)",Jr.,DB,12,4,54,1,0.3
39,"Cre'Von LeBlanc, Fla. Atlantic (C-USA)",Sr.,DB,12,4,27,0,0.3
39,"Fellonte Misher, Old Dominion (C-USA)",Sr.,DB,12,4,82,0,0.3
39,"Skai Moore, South Carolina (SEC)",Jr.,LB,12,4,25,0,0.3
39,"Bennett Okotcha, UTSA (C-USA)",Sr.,DB,12,4,39,0,0.3
39,"M.J. Stewart, North Carolina (ACC)",So.,DB,12,4,21,0,0.3
39,"Cordrea Tankersley, Clemson (ACC)",Jr.,DB,15,5,50,1,0.3
54,"Tarris Batiste, Georgia St. (Sun Belt)",Sr.,DB,13,4,56,0,0.3
54,"Brendon Clements, Navy (AAC)",Jr.,DB,13,4,17,0,0.3
54,"Jonathan Crawford, Indiana (Big Ten)",Fr.,WR,13,4,33,0,0.3
54,"Trae Elston, Ole Miss (SEC)",Sr.,DB,13,4,156,2,0.3
54,"J.J. Gaines, Texas Tech (Big 12)",Sr.,DB,13,4,60,1,0.3
54,"Nathan Gerry, Nebraska (Big Ten)",Jr.,DB,13,4,90,0,0.3
54,"Vernon Hargreaves, Florida (SEC)",Jr.,DB,13,4,152,0,0.3
54,"Cranston Jones, New Mexico (Mountain West)",Sr.,DB,13,4,51,0,0.3
54,"Sidney Jones, Washington (Pac-12)",So.,DB,13,4,125,1,0.3
54,"Shalom Luani, Washington St. (Pac-12)",Jr.,DB,13,4,90,1,0.3
54,"Deatrick Nichols, South Fla. (AAC)",So.,DB,13,4,71,1,0.3
54,"Gionni Paul, Utah (Pac-12)",Sr.,LB,13,4,30,0,0.3
54,"Jalen Tabor, Florida (SEC)",So.,DB,13,4,82,2,0.3
54,"Trumaine Washington, Louisville (ACC)",So.,DB,13,4,57,1,0.3
68,"Nate Gaines, UTSA (C-USA)",So.,DB,10,3,11,0,0.3
68,"Jovon Johnson, Ohio (MAC)",Sr.,LB,10,3,82,1,0.3
68,"Jalen Myrick, Minnesota (Big Ten)",Jr.,DB,10,3,30,1,0.3
71,"Sean Chandler, Temple (AAC)",So.,DB,14,4,120,2,0.3
71,"Prince Charles Iworah, Western Ky. (C-USA)",Sr.,DB,14,4,0,0,0.3
71,"Josey Jewell, Iowa (Big Ten)",So.,LB,14,4,63,1,0.3
71,"Adrian McDonald, Houston (AAC)",Sr.,DB,14,4,24,0,0.3
71,"Kalan Reed, Southern Miss. (C-USA)",Sr.,DL,14,4,116,2,0.3
71,"Trevon Stewart, Houston (AAC)",Sr.,DB,14,4,58,0,0.3
71,"Dernard Turner, Bowling Green (MAC)",Sr.,DB,14,4,123,1,0.3
78,"Kevin King, Washington (Pac-12)",Jr.,DB,11,3,6,0,0.3
78,"Darion Monroe, Tulane (AAC)",Sr.,DB,11,3,14,0,0.3
80,"Savion Brown, Louisiana (Sun Belt)",Jr.,DB,12,3,101,1,0.3
80,"Oren Burks, Vanderbilt (SEC)",So.,DB,12,3,31,1,0.3
80,"Markel Byrd, New Mexico (Mountain West)",Jr.,DB,12,3,25,0,0.3
80,"Terrell Chestnut, West Virginia (Big 12)",Sr.,DB,12,3,32,1,0.3
80,"Jeremy Cutrer, Middle Tenn. (C-USA)",Jr.,DB,12,3,113,0,0.3
80,"Sean Davis, Maryland (Big Ten)",Sr.,DB,12,3,75,0,0.3
80,"Michael Egwuagu, UTSA (C-USA)",Jr.,DB,12,3,83,2,0.3
80,"Lamarcus Farmer, Troy (Sun Belt)",Sr.,DB,12,3,78,1,0.3
80,"Terrill Hanks, New Mexico St. (Sun Belt)",Fr.,DB,12,3,7,0,0.3
80,"J.D. Harmon, Kentucky (SEC)",Jr.,DB,12,3,25,0,0.3
80,"Brandon Jackson, Army West Point (FBS Independent)",Fr.,DB,12,3,62,0,0.3
80,"John Johnson, Boston College (ACC)",Jr.,DB,12,3,0,0,0.3
80,"Jeremiah McKinnon, FIU (C-USA)",Sr.,DB,12,3,31,1,0.3
80,"Sharrod Neasman, Fla. Atlantic (C-USA)",Sr.,DB,12,3,75,0,0.3
80,"Anthony Nixon, Maryland (Big Ten)",Sr.,DB,12,3,11,0,0.3
80,"Cheatham Norrils, Toledo (MAC)",Sr.,DB,12,3,12,0,0.3
80,"Jacob Nwangwa, New Mexico St. (Sun Belt)",So.,DB,12,3,41,1,0.3
80,"Jimmy Pruitt, San Jose St. (Mountain West)",Sr.,DB,12,3,56,1,0.3
80,"Ocie Rose, Fla. Atlantic (C-USA)",Fr.,DB,12,3,155,2,0.3
80,"Eaton Spence, Illinois (Big Ten)",Sr.,DB,12,3,0,0,0.3
80,"Nick VanHoose, Northwestern (Big Ten)",Sr.,DB,12,3,76,1,0.3
80,"Frankie Williams, Purdue (Big Ten)",Sr.,DB,12,3,46,0,0.3
80,"Jalen Young, Fla. Atlantic (C-USA)",Fr.,DB,12,3,90,1,0.3
103,"Bryson Abraham, Louisiana Tech (C-USA)",Sr.,DB,13,3,109,3,0.2
103,"Devin Abraham, South Fla. (AAC)",So.,DB,13,3,83,0,0.2
103,"Andrew Adams, UConn (AAC)",Sr.,DB,13,3,7,0,0.2
103,"Jamar Allah, Arizona (Pac-12)",Sr.,DB,13,3,38,0,0.2
103,"Rodney Allen, Marshall (C-USA)",So.,DB,13,3,40,0,0.2
103,"Bobby Baker, Georgia St. (Sun Belt)",Jr.,DB,13,3,17,0,0.2
103,"Lorentez Barbour, Navy (AAC)",Sr.,DB,13,3,1,0,0.2
103,"Jered Bell, Colorado (Pac-12)",Sr.,DB,13,3,19,0,0.2
103,"Eric Boggs, App State (Sun Belt)",So.,LB,13,3,61,0,0.2
103,"Breon Borders, Duke (ACC)",Jr.,DB,13,3,6,0,0.2
103,"Tony Bridges, Ole Miss (SEC)",Jr.,DB,13,3,46,1,0.2
103,"Cody Brown, Arkansas St. (Sun Belt)",Jr.,DB,13,3,32,1,0.2
103,"Lamarcus Brutus, Florida St. (ACC)",Sr.,DB,13,3,94,0,0.2
103,"Brandon Bryant, Mississippi St. (SEC)",Fr.,DB,13,3,73,1,0.2
103,"Cory Butler-Byrd, Utah (Pac-12)",Jr.,DB,13,3,46,0,0.2
103,"Jamie Byrd, South Fla. (AAC)",Sr.,DB,13,3,38,0,0.2
103,"Devin Centers, Utah St. (Mountain West)",Jr.,DB,13,3,39,0,0.2
103,"Jeremy Clark, Michigan (Big Ten)",Sr.,DB,13,3,20,0,0.2
103,"Carlton Davis, Auburn (SEC)",Fr.,DB,13,3,0,0,0.2
103,"Jalen Davis, Utah St. (Mountain West)",So.,DB,13,3,20,0,0.2
103,"Cam Denson, Arizona (Pac-12)",So.,DB,13,3,31,1,0.2
103,"Zach Edwards, Cincinnati (AAC)",Jr.,DB,13,3,29,0,0.2
103,"Josh Harvey-Clemons, Louisville (ACC)",Jr.,DB,13,3,7,0,0.2
103,"Money Hunter, Arkansas St. (Sun Belt)",Jr.,DB,13,3,128,2,0.2
103,"Rayshawn Jenkins, Miami (FL) (ACC)",Sr.,DB,13,3,40,0,0.2
103,"Joshua Kalu, Nebraska (Big Ten)",So.,DB,13,3,41,1,0.2
103,"Todd Kelly Jr., Tennessee (SEC)",So.,DB,13,3,5,0,0.2
103,"Nick Kwiatkoski, West Virginia (Big 12)",Sr.,LB,13,3,0,0,0.2
103,"Elijah Lee, Kansas St. (Big 12)",So.,LB,13,3,2,0,0.2
103,"Taj Letman, Marshall (C-USA)",Sr.,DB,13,3,23,0,0.2
103,"Avonte Maddox, Pittsburgh (ACC)",So.,DB,13,3,30,1,0.2
103,"Marcellus Pippins, Washington St. (Pac-12)",So.,DB,13,3,77,0,0.2
103,"Tyvis Powell, Ohio St. (Big Ten)",Jr.,DB,13,3,29,0,0.2
103,"Ryan Reid, Baylor (Big 12)",Jr.,DB,13,3,-1,0,0.2
103,"Tyree Robinson, Oregon (Pac-12)",So.,DB,13,3,61,1,0.2
103,"Ahmad Thomas, Oklahoma (Big 12)",Jr.,DB,13,3,33,0,0.2
103,"Justin Thomas, Utah (Pac-12)",Jr.,DB,13,3,59,1,0.2
103,"Tedric Thompson, Colorado (Pac-12)",Jr.,DB,13,3,112,0,0.2
103,"Cleveland Wallace III, San Jose St. (Mountain West)",Jr.,DB,13,3,72,1,0.2
103,"Ben Weaver, Boise St. (Mountain West)",Jr.,LB,13,3,0,0,0.2
103,"Darius White, California (Pac-12)",Sr.,DB,13,3,21,0,0.2
103,"Jhavon Williams, UConn (AAC)",Jr.,DB,13,3,36,0,0.2
103,"Caleb Williams, Ga. Southern (Sun Belt)",Sr.,DB,13,3,35,0,0.2
103,"Chucky Williams, Louisville (ACC)",Jr.,DB,13,3,79,0,0.2
103,"Xavier Woods, Louisiana Tech (C-USA)",Jr.,DB,13,3,50,0,0.2
148,"Tyree Holder, Ball St. (MAC)",Jr.,DB,9,2,0,0,0.2
148,"Randall Jette, Massachusetts (MAC)",Sr.,DB,9,2,48,0,0.2
150,"Demetrious Cox, Michigan St. (Big Ten)",Jr.,DB,14,3,14,0,0.2
150,"Nick Holt, Western Ky. (C-USA)",Sr.,LB,14,3,23,0,0.2
150,"Roland Ladipo, Air Force (Mountain West)",Jr.,DB,14,3,61,1,0.2
150,"Iman Marshall, Southern California (Pac-12)",Fr.,DB,14,3,15,0,0.2
150,"Brandon Mayes, NIU (MAC)",So.,DB,14,3,28,0,0.2
150,"Quenton Meeks, Stanford (Pac-12)",Fr.,DB,14,3,83,1,0.2
150,"Montae Nicholson, Michigan St. (Big Ten)",So.,DB,14,3,60,0,0.2
150,"J.J. Whittaker, San Diego St. (Mountain West)",Sr.,DB,14,3,30,0,0.2
