Rank,Player,Cl,Pos,G,Int,Int Ret Yds,Int Ret TDs,Int PG
1,"Zach Adler, Marist (Pioneer)",Sr.,DB,11,7,26,0,0.6
1,"Jarrett Dieudonne, Wagner (NEC)",Sr.,DB,11,7,245,3,0.6
3,"Donald Mattocks, N.C. A&T (MEAC)",Sr.,DB,12,7,114,0,0.6
4,"Jacob Hagen, Liberty (Big South)",Sr.,DB,14,8,121,0,0.6
5,"Dallas Jackson, Jacksonville (Pioneer)",Jr.,DB,10,5,109,1,0.5
5,"Trey Morgan, Western Caro. (SoCon)",So.,DB,12,6,0,0,0.5
7,"Steven Cristobal, Gardner-Webb (Big South)",Sr.,DB,11,5,24,0,0.5
7,"Zach Elias, Dayton (Pioneer)",Sr.,DB,11,5,78,0,0.5
7,"Daquan Minter, Saint Francis (PA) (NEC)",Jr.,DB,11,5,95,1,0.5
7,"Kevin Rucker, Ark.-Pine Bluff (SWAC)",Jr.,DB,11,5,111,0,0.5
11,"Najee Bright, Alabama St. (SWAC)",Jr.,DB,9,4,67,0,0.4
11,"Jermaine Hough, Jacksonville St. (OVC)",Jr.,DB,9,4,33,1,0.4
13,"Matt Hermanson, Montana (Big Sky)",Sr.,DB,14,6,89,0,0.4
13,"Lucas Webb, Chattanooga (SoCon)",Fr.,DB,14,6,82,1,0.4
15,"Chris Atkins, Stetson (Pioneer)",So.,DB,12,5,51,0,0.4
15,"Tyree Hollins, Grambling (SWAC)",Sr.,DB,12,5,101,0,0.4
15,"Michael Jones, N.C. Central (MEAC)",So.,DB,12,5,-5,0,0.4
15,"Adam Jones, Northwestern St. (Southland)",So.,DB,12,5,28,0,0.4
15,"Tony McRae, N.C. A&T (MEAC)",Jr.,DL,12,5,84,0,0.4
15,"Dexter Reese, Alabama A&M (SWAC)",So.,DB,12,5,-2,0,0.4
15,"J.D. Roussel, Sacred Heart (NEC)",Sr.,DB,12,5,35,0,0.4
15,"De'Ante Saunders, Tennessee St. (OVC)",Sr.,DB,12,5,49,1,0.4
23,"Troy Donahue, Dartmouth (Ivy League)",Sr.,DB,10,4,45,0,0.4
23,"Nick Gesualdi, Cornell (Ivy League)",Fr.,DB,10,4,23,0,0.4
25,"Devon Francois, Alcorn (SWAC)",Sr.,DB,13,5,87,1,0.4
26,"Jamal Agnew, San Diego (Pioneer)",So.,DB,11,4,4,0,0.4
26,"Mike Basile, Monmouth (Big South)",Fr.,DB,11,4,67,0,0.4
26,"Imoan Claiborne, Northwestern St. (Southland)",Sr.,DB,11,4,-2,0,0.4
26,"Clayton Ewell, Bucknell (Patriot)",Jr.,DB,11,4,60,0,0.4
26,"Kyle Griffin, Northern Colo. (Big Sky)",Sr.,DB,11,4,114,1,0.4
26,"Joe Johnson, Monmouth (Big South)",Jr.,DB,11,4,83,1,0.4
26,"Brandon Roe, Jacksonville (Pioneer)",---,,11,4,34,0,0.4
26,"Ettian Scott, Georgetown (Patriot)",Jr.,DB,11,4,2,0,0.4
26,"Brent Spikes, McNeese (Southland)",Jr.,DB,11,4,156,1,0.4
26,"David Taylor, Robert Morris (NEC)",Jr.,DB,11,4,39,0,0.4
36,"Jason Ceneus, Villanova (CAA)",So.,DB,14,5,71,0,0.4
36,"Deiondre' Hall, UNI (MVFC)",Jr.,DB,14,5,75,1,0.4
38,"Davonte Anderson, Stony Brook (CAA)",Sr.,DB,12,4,52,0,0.3
38,"Mike Armiento, Colgate (Patriot)",Sr.,DB,12,4,84,0,0.3
38,"Mitch Beckstead, Idaho St. (Big Sky)",Sr.,LB,12,4,60,0,0.3
38,"Erik Collins, Idaho St. (Big Sky)",---,,9,3,-1,0,0.3
38,"Terrick Colston, Delaware St. (MEAC)",Jr.,DB,12,4,39,1,0.3
38,"Thomas Finnie, Bethune-Cookman (MEAC)",Sr.,DB,12,4,0,0,0.3
38,"Deandre Houston-Carson, William & Mary (CAA)",Jr.,DB,9,3,12,0,0.3
38,"Malcolm Jackson, Charleston So. (Big South)",Jr.,DB,12,4,20,0,0.3
38,"Marty Jones, Tennessee Tech (OVC)",Sr.,DB,12,4,15,0,0.3
38,"Breon Key, Hampton (MEAC)",Jr.,DB,9,3,5,0,0.3
38,"Troy McGowens, Charleston So. (Big South)",So.,DB,12,4,2,0,0.3
38,"Debarriaus Miller, Jacksonville St. (OVC)",---,SS,12,4,47,0,0.3
38,"Brandon Mobley, Campbell (Pioneer)",Jr.,DB,12,4,133,3,0.3
38,"Julius Moore, Elon (CAA)",Jr.,DB,12,4,67,0,0.3
38,"Donald Payne, Stetson (Pioneer)",So.,DB,12,4,0,0,0.3
38,"Vai Peko, Idaho St. (Big Sky)",Sr.,DB,12,4,0,0,0.3
38,"Ryan Powers, Stetson (Pioneer)",So.,DB,12,4,67,0,0.3
38,"Kyle Sakowski, UAlbany (CAA)",Jr.,DB,12,4,48,0,0.3
38,"Malik Shegog, Duquesne (NEC)",Fr.,DB,12,4,82,1,0.3
38,"Jourdan Wickliffe, Eastern Ill. (OVC)",Jr.,DB,12,4,49,0,0.3
58,"Stanley Absanon, Eastern Ky. (OVC)",Jr.,DB,13,4,82,1,0.3
58,"Isiah Corbett, Southeastern La. (Southland)",Sr.,LB,13,4,110,1,0.3
58,"Dean Marlowe, James Madison (CAA)",Sr.,DB,13,4,41,0,0.3
58,"Taylor Reynolds, James Madison (CAA)",So.,DB,13,4,127,2,0.3
58,"Brandon Stanley, Eastern Ky. (OVC)",Sr.,DB,13,4,41,0,0.3
58,"Denzel Thompson, Southeastern La. (Southland)",Jr.,DB,13,4,51,0,0.3
64,"Trevor Bell, Columbia (Ivy League)",Jr.,DB,10,3,36,0,0.3
64,"Marcus Berg, Alabama St. (SWAC)",Sr.,DB,10,3,31,0,0.3
64,"Brandon Dagnesses, Bryant (NEC)",Jr.,DB,10,3,27,0,0.3
64,"Anthony Gaffney, Princeton (Ivy League)",Jr.,WR,10,3,25,0,0.3
64,"Cabrinni Goncalves, Maine (CAA)",Jr.,LB,10,3,15,0,0.3
64,"Airek Green, William & Mary (CAA)",Sr.,LB,10,3,59,0,0.3
64,"Vernon Harris, Dartmouth (Ivy League)",Jr.,DB,10,3,29,0,0.3
64,"Jack Madden, Penn (Ivy League)",Jr.,DL,10,3,18,0,0.3
64,"Ryan Schwenke, Dayton (Pioneer)",Jr.,LB,10,3,6,0,0.3
64,"Connor Sheehan, Harvard (Ivy League)",Sr.,LB,10,3,187,3,0.3
74,"Tim Kilfoy, UNI (MVFC)",Jr.,DB,14,4,87,2,0.3
74,"Joe Sarnese, Villanova (CAA)",Sr.,DB,14,4,84,1,0.3
74,"Mark Sewall, Indiana St. (MVFC)",Jr.,DB,14,4,48,1,0.3
74,"Travis Starks, Indiana St. (MVFC)",Jr.,DB,14,4,85,0,0.3
74,"Pernell Williams, Coastal Carolina (Big South)",Sr.,DB,14,4,48,1,0.3
74,"Ian Williams, Fordham (Patriot)",Sr.,DB,14,4,5,0,0.3
80,"Marcus Alford, Northern Ariz. (Big Sky)",Jr.,DB,11,3,88,1,0.3
80,"Brion Anderson, Wofford (SoCon)",Jr.,DB,11,3,20,0,0.3
80,"Nathan Ayers, Morgan St. (MEAC)",Sr.,DB,11,3,3,0,0.3
80,"Trevor Bates, Maine (CAA)",Jr.,DL,11,3,37,1,0.3
80,"Ed Britt, Presbyterian (Big South)",Jr.,DB,11,3,47,1,0.3
80,"Jojo Ciancio, Butler (Pioneer)",Sr.,DB,11,3,26,0,0.3
80,"Deon'Tae Florence, Weber St. (Big Sky)",Sr.,DB,11,3,29,0,0.3
80,"Lorenzo Jerome, Saint Francis (PA) (NEC)",So.,DB,11,3,80,1,0.3
80,"Josh Kimberlin, Samford (SoCon)",Jr.,DB,11,3,34,0,0.3
80,"Brandon Leaks, Lehigh (Patriot)",So.,DB,11,3,90,1,0.3
80,"Lee Marvel, Bucknell (Patriot)",Sr.,LB,11,3,57,0,0.3
80,"Harlan Miller, Southeastern La. (Southland)",Jr.,DB,11,3,0,0,0.3
80,"Payton Minnich, Monmouth (Big South)",So.,LB,11,3,21,0,0.3
80,"Phillip Parham, Lafayette (Patriot)",Fr.,DB,11,3,35,1,0.3
80,"Garrett Powers, Georgetown (Patriot)",Jr.,DB,11,3,24,0,0.3
80,"Taylor Risner, Northern Colo. (Big Sky)",So.,DB,11,3,42,0,0.3
80,"Bobby Rutland, Bryant (NEC)",Sr.,DB,11,3,6,0,0.3
80,"Aaron Sam, McNeese (Southland)",Sr.,DB,11,3,102,1,0.3
80,"Andy Smigiera, Robert Morris (NEC)",So.,DB,11,3,0,0,0.3
80,"Louis Taglianetti, Bucknell (Patriot)",Jr.,DB,11,3,1,0,0.3
80,"Taylor Thompson, Houston Christian (Southland)",Fr.,DB,11,3,69,1,0.3
80,"Tray Walker, Texas Southern (SWAC)",Sr.,DB,11,3,16,0,0.3
102,"Davion Anderson, Charleston So. (Big South)",Fr.,DB,12,3,59,1,0.3
102,"Alfred Ansley, Savannah St. (MEAC)",Jr.,DB,12,3,33,0,0.3
102,"Alex Avant, Mercer (SoCon)",Jr.,DB,12,3,20,0,0.3
102,"Josh Burton, Weber St. (Big Sky)",So.,DB,12,3,20,0,0.3
102,"Connor Candito, Sacred Heart (NEC)",Sr.,LB,12,3,19,0,0.3
102,"Karlton Dennis, Cal Poly (Big Sky)",Jr.,DB,12,3,7,0,0.3
102,"Kyle Diener, Colgate (Patriot)",So.,LB,12,3,77,0,0.3
102,"Ian Dobbins, Penn (Ivy League)",Jr.,DB,8,2,53,0,0.3
102,"Christian Dudzik, North Dakota St. (MVFC)",Sr.,DB,16,4,59,0,0.3
102,"Jevon Elmore, Central Conn. St. (NEC)",So.,DB,12,3,24,0,0.3
102,"Walter Evans, UT Martin (OVC)",Jr.,DB,12,3,16,1,0.3
102,"Mikell Everette, Sam Houston (Southland)",Jr.,DB,16,4,22,0,0.3
102,"Warren Gatewood, Alcorn (SWAC)",Jr.,DB,12,3,25,0,0.3
102,"D'Vonte Grant, N.C. A&T (MEAC)",Sr.,LB,12,3,56,0,0.3
102,"Kamu Grugier-Hill, Eastern Ill. (OVC)",Jr.,LB,12,3,9,0,0.3
102,"Antonio Hamilton, South Carolina St. (MEAC)",Jr.,DB,12,3,-1,0,0.3
102,"Jaylen Hill, Jacksonville St. (OVC)",So.,DB,12,3,16,0,0.3
102,"Eddie Horn, Northern Ariz. (Big Sky)",Jr.,DB,12,3,45,0,0.3
102,"Mike Jackson, Morehead St. (Pioneer)",Sr.,DB,12,3,14,0,0.3
102,"Mario Jenkins, Idaho St. (Big Sky)",Fr.,LB,12,3,21,0,0.3
102,"Miles Killebrew, Southern Utah (Big Sky)",Jr.,DB,12,3,105,1,0.3
102,"Keenan Lambert, Norfolk St. (MEAC)",Sr.,DB,12,3,28,0,0.3
102,"Theo Livingston, N.C. Central (MEAC)",Jr.,DB,12,3,20,0,0.3
102,"Adrian McClendon, Elon (CAA)",So.,DB,12,3,87,1,0.3
102,"Tre' Moore, Youngstown St. (MVFC)",Jr.,DB,12,3,11,0,0.3
102,"Eriq Moore, Southeast Mo. St. (OVC)",So.,DB,12,3,7,0,0.3
102,"Trenier Orr, Sam Houston (Southland)",So.,DB,16,4,89,1,0.3
102,"Roderick Owens, Austin Peay (OVC)",So.,DB,12,3,39,0,0.3
102,"Eric Phillips, Missouri St. (MVFC)",Fr.,DB,12,3,0,0,0.3
102,"Greg Sanders, VMI (SoCon)",Fr.,DB,12,3,72,0,0.3
102,"Josh Smith, Southern Utah (Big Sky)",Jr.,DB,12,3,19,0,0.3
102,"Tremon Smith, Central Ark. (Southland)",Fr.,DB,12,3,0,0,0.3
102,"Anthony Standifer, Eastern Ill. (OVC)",Jr.,DB,12,3,0,0,0.3
102,"Bobby Watkins, Central Ark. (Southland)",So.,DB,12,3,2,0,0.3
102,"Jordan Williams, Cal Poly (Big Sky)",Sr.,DB,12,3,0,0,0.3
137,"Max Busher, UNI (MVFC)",Sr.,LB,13,3,24,0,0.2
137,"Danny Johnson, Southern U. (SWAC)",Fr.,DB,13,3,75,0,0.2
137,"J. Moreland, James Madison (CAA)",---,,13,3,81,2,0.2
137,"Kenny Scott, Liberty (Big South)",Sr.,DB,13,3,0,0,0.2
137,"Melvin Taveras, South Dakota St. (MVFC)",Sr.,DB,13,3,15,0,0.2
137,"Anthony Williams Jr., Alcorn (SWAC)",Jr.,DB,13,3,4,0,0.2
143,"Jason Alessi, Yale (Ivy League)",Fr.,DB,9,2,43,0,0.2
143,"Dwight Amphy, Grambling (SWAC)",Jr.,WR,9,2,23,0,0.2
143,"David Burke, Butler (Pioneer)",Sr.,DB,9,2,24,1,0.2
143,"Jalen Bush, Savannah St. (MEAC)",Fr.,DB,9,2,4,0,0.2
143,"Dondre Dobbins, Texas Southern (SWAC)",Fr.,DL,9,2,72,0,0.2
143,"David McDaniel, Western Ill. (MVFC)",Sr.,DB,9,2,7,0,0.2
143,"Will McNamara, Dartmouth (Ivy League)",Jr.,LB,9,2,38,0,0.2
143,"Randy Samuels, Maine (CAA)",Jr.,LB,9,2,1,0,0.2
143,"David Starkey, Butler (Pioneer)",So.,LB,9,2,10,0,0.2
143,"Trey Watkins, Morehead St. (Pioneer)",Jr.,DB,9,2,4,0,0.2
