Rank,Player,Cl,Pos,G,Int,Int Ret Yds,Int Ret TDs,Int PG
1,"Justin Grier, Morehead St. (Pioneer)",Sr.,DB,11,9,101,0,0.8
2,"Patrick Onwuasor, Portland St. (Big Sky)",Sr.,DB,12,9,157,0,0.8
3,"David Jones, Richmond (CAA)",Jr.,DB,14,9,170,1,0.6
4,"Marquis Green, Mississippi Val. (SWAC)",Fr.,DB,11,7,82,0,0.6
5,"Cameron Stubbs, Dayton (Pioneer)",Sr.,DB,12,7,7,0,0.6
6,"Jourdan Wickliffe, Eastern Ill. (OVC)",Sr.,DB,9,5,89,0,0.6
7,"Isaak Newhouse, Butler (Pioneer)",So.,DB,11,6,115,1,0.5
8,"David Caldwell, Dartmouth (Ivy League)",Sr.,DB,10,5,124,1,0.5
9,"Devyn Bryant, San Diego (Pioneer)",Jr.,DB,11,5,10,0,0.5
9,"Mike Ford, Southeast Mo. St. (OVC)",So.,DB,11,5,21,1,0.5
9,"Travon Hunt, Howard (MEAC)",Jr.,DB,11,5,39,0,0.5
9,"Dallas Jackson, Jacksonville (Pioneer)",Sr.,DB,11,5,47,0,0.5
9,"Eric Martin, Stetson (Pioneer)",So.,DB,11,5,53,1,0.5
9,"Tremon Smith, Central Ark. (Southland)",So.,DB,11,5,43,0,0.5
9,"Bobby Watkins, Central Ark. (Southland)",Jr.,DB,11,5,42,0,0.5
16,"Kellan Hughes, Valparaiso (Pioneer)",So.,DB,9,4,0,0,0.4
16,"Danny Leach, Dayton (Pioneer)",Sr.,DB,9,4,112,1,0.4
16,"Will McNamara, Dartmouth (Ivy League)",Sr.,LB,9,4,39,1,0.4
19,"Deiondre' Hall, UNI (MVFC)",Sr.,DB,14,6,100,2,0.4
20,"Xavier Coleman, Portland St. (Big Sky)",Jr.,DB,12,5,33,0,0.4
20,"Christian Searles, Dayton (Pioneer)",So.,DB,12,5,124,1,0.4
22,"Jamal Agnew, San Diego (Pioneer)",Jr.,DB,10,4,0,0,0.4
22,"Kyle Hannemann, Southern Utah (Big Sky)",So.,DB,10,4,68,0,0.4
22,"Sam Philippi, Penn (Ivy League)",Fr.,DB,10,4,12,0,0.4
22,"Trey Robinson, Furman (SoCon)",Jr.,DB,10,4,1,0,0.4
22,"Spencer Rymiszewski, Yale (Ivy League)",Jr.,DB,10,4,74,1,0.4
22,"Trey Watkins, Morehead St. (Pioneer)",Sr.,DB,10,4,59,0,0.4
28,"Devonta Delaney, The Citadel (SoCon)",So.,DB,13,5,108,1,0.4
29,"Leroy Alexander, Youngstown St. (MVFC)",Jr.,DB,11,4,58,1,0.4
29,"Ed Britt, Presbyterian (Big South)",Sr.,DB,11,4,79,0,0.4
29,"William Curran, Davidson (Pioneer)",Sr.,DB,11,4,0,0,0.4
29,"Tyson Graham, Jr., South Dakota (MVFC)",Jr.,WR,11,4,0,0,0.4
29,"Taylor Henkle, Kennesaw St. (Big South)",Fr.,DB,11,4,1,0,0.4
29,"Eddie Horn, Northern Ariz. (Big Sky)",Sr.,DB,11,4,76,1,0.4
29,"Bryan Marine, Bucknell (Patriot)",Fr.,DB,11,4,30,0,0.4
29,"Jamal Merritt, UAlbany (CAA)",Sr.,DB,11,4,69,0,0.4
29,"Harlan Miller, Southeastern La. (Southland)",Sr.,DB,11,4,76,0,0.4
29,"Eriq Moore, Southeast Mo. St. (OVC)",Jr.,DB,11,4,20,0,0.4
29,"Armani Sampson, Jacksonville (Pioneer)",Jr.,DB,11,4,77,1,0.4
29,"Farrean Toney, Mississippi Val. (SWAC)",So.,TE,11,4,62,1,0.4
29,"Chris Turner, Liberty (Big South)",Fr.,DB,11,4,0,0,0.4
42,"Dylan Chatman, Eastern Ill. (OVC)",Sr.,DB,12,4,0,0,0.3
42,"Bradley Dewberry, Eastern Ill. (OVC)",So.,DB,12,4,9,0,0.3
42,"Ian Dobbins, Penn (Ivy League)",Sr.,DB,9,3,40,0,0.3
42,"Stephen Houzah, Mercer (SoCon)",Fr.,DB,9,3,29,0,0.3
42,"Christian Kuntz, Duquesne (NEC)",Sr.,LB,12,4,61,2,0.3
42,"Rodney Randle, Lamar University (Southland)",Fr.,DL,9,3,49,0,0.3
42,"Dominique Weaver, Prairie View (SWAC)",---,,9,3,0,0,0.3
49,"Warren Gatewood, Alcorn (SWAC)",Sr.,DB,13,4,27,1,0.3
49,"Deandre Houston-Carson, William & Mary (CAA)",Sr.,DB,13,4,124,1,0.3
49,"CJ Smith, North Dakota St. (MVFC)",Sr.,DB,13,4,58,1,0.3
49,"Timothy Smith, Western Ill. (MVFC)",Fr.,DB,13,4,37,0,0.3
53,"Delondo Boyd, Saint Francis (PA) (NEC)",So.,DB,10,3,35,1,0.3
53,"Justin Brown, Alabama A&M (SWAC)",Fr.,,10,3,49,1,0.3
53,"Joey Diaz-Martinez, Valparaiso (Pioneer)",Fr.,DB,10,3,9,0,0.3
53,"Vernon Harris, Dartmouth (Ivy League)",Sr.,DB,10,3,29,0,0.3
53,"Chris Hutton, Sacred Heart (NEC)",Sr.,DB,10,3,65,0,0.3
53,"Lorenzo Jerome, Saint Francis (PA) (NEC)",Jr.,DB,10,3,115,0,0.3
53,"Quentin Jones, Lehigh (Patriot)",So.,DB,10,3,37,0,0.3
53,"Alec Kocour, Illinois St. (MVFC)",So.,DB,10,3,0,0,0.3
53,"Chris Pauling, South Carolina St. (MEAC)",Fr.,SS,10,3,44,1,0.3
53,"Travis Reim, Columbia (Ivy League)",Sr.,DB,10,3,17,0,0.3
53,"Quintin Rizek, Brown (Ivy League)",Sr.,WR,10,3,0,0,0.3
64,"Ayo Ogunniyi, Richmond (CAA)",Sr.,DB,14,4,29,1,0.3
65,"Marcus Alford, Northern Ariz. (Big Sky)",Sr.,DB,11,3,80,1,0.3
65,"Brion Anderson, Wofford (SoCon)",Sr.,DB,11,3,16,0,0.3
65,"Chris Beaty, Campbell (Pioneer)",Jr.,DB,11,3,74,1,0.3
65,"Jamerson Blount, Samford (SoCon)",Jr.,DB,11,3,17,0,0.3
65,"Najae Brown, Central Conn. St. (NEC)",So.,DB,11,3,50,1,0.3
65,"Rayshan Clark, UAlbany (CAA)",Jr.,DB,11,3,47,0,0.3
65,"Brandon Dagnesses, Bryant (NEC)",Sr.,DB,11,3,35,0,0.3
65,"Marquis Drayton, Bethune-Cookman (MEAC)",Sr.,DB,11,3,30,1,0.3
65,"Luke Ford, Holy Cross (Patriot)",Jr.,DB,11,3,40,0,0.3
65,"Caleb Ham, Fordham (Patriot)",So.,DL,11,3,33,0,0.3
65,"Deangelo James, Wagner (NEC)",Sr.,DB,11,3,48,0,0.3
65,"Joe Johnson, Monmouth (Big South)",Sr.,DB,11,3,76,0,0.3
65,"Danny Johnson, Southern U. (SWAC)",So.,DB,11,3,0,0,0.3
65,"Ahmani Martin, Nicholls (Southland)",Fr.,DB,11,3,64,0,0.3
65,"Cameron McCurry, Villanova (CAA)",Sr.,DB,11,3,16,0,0.3
65,"Patrick Mensah, New Hampshire (CAA)",So.,DB,11,3,15,0,0.3
65,"B.J. Nard, Cal Poly (Big Sky)",Jr.,DB,11,3,40,0,0.3
65,"Kiante Northington, Eastern Ky. (OVC)",Jr.,DB,11,3,0,0,0.3
65,"Roderick Owens, Austin Peay (OVC)",Jr.,DB,11,3,32,0,0.3
65,"Anthony Payne, Sacramento St. (Big Sky)",Jr.,DB,11,3,23,0,0.3
65,"Ryan Powers, Stetson (Pioneer)",Jr.,DB,11,3,24,0,0.3
65,"Zachary Quarles, Marist (Pioneer)",Sr.,DB,11,3,18,0,0.3
65,"Ryan Richards Jr., Robert Morris (NEC)",So.,DB,11,3,27,0,0.3
65,"Andy Smigiera, Robert Morris (NEC)",Jr.,DB,11,3,0,0,0.3
65,"Guy Stallworth, Grambling (SWAC)",---,,11,3,38,0,0.3
65,"Travis Starks, Indiana St. (MVFC)",Sr.,DB,11,3,100,1,0.3
65,"Reggie Thomas, Furman (SoCon)",Sr.,DB,11,3,35,0,0.3
65,"Jacob Warner, South Dakota (MVFC)",Jr.,DB,11,3,23,0,0.3
65,"Tyler Williams, Central Ark. (Southland)",Jr.,DB,11,3,11,0,0.3
94,"Jaylen Hill, Jacksonville St. (OVC)",Jr.,DB,15,4,59,0,0.3
95,"JQ Bowers, Fordham (Patriot)",Sr.,DB,12,3,28,0,0.3
95,"Eric Foster, Alcorn (SWAC)",Jr.,DB,12,3,13,0,0.3
95,"Stephen Hodge, Fordham (Patriot)",Sr.,DB,12,3,55,1,0.3
95,"Matt Holley, Southern Utah (Big Sky)",Sr.,LB,12,3,20,0,0.3
95,"Tony McRae, N.C. A&T (MEAC)",Sr.,DL,12,3,21,0,0.3
95,"Daquan Minter, Saint Francis (PA) (NEC)",Sr.,DB,8,2,25,0,0.3
95,"Mike Needham, Southern Utah (Big Sky)",Sr.,LB,12,3,28,1,0.3
95,"Nicholas Peoples, Grambling (SWAC)",Sr.,DB,12,3,47,0,0.3
95,"Taylor Reynolds, James Madison (CAA)",Jr.,DB,12,3,23,0,0.3
104,"Dondray Copeland, The Citadel (SoCon)",Jr.,DB,13,3,52,0,0.2
104,"Tevin Floyd, The Citadel (SoCon)",Jr.,LB,13,3,132,2,0.2
104,"David Griffith, Western Ill. (MVFC)",So.,DB,13,3,27,0,0.2
104,"Trey Reed, William & Mary (CAA)",Jr.,DB,13,3,0,0,0.2
104,"Lucas Webb, Chattanooga (SoCon)",So.,DB,13,3,112,2,0.2
109,"Khamal Brown, Princeton (Ivy League)",Sr.,DB,9,2,24,0,0.2
109,"Coan Calabrese, Holy Cross (Patriot)",Sr.,DB,9,2,2,0,0.2
109,"Homer Causey, Texas Southern (SWAC)",Sr.,QB,9,2,34,0,0.2
109,"Trenton Coles, Duquesne (NEC)",Jr.,DB,9,2,22,0,0.2
109,"Chris Cooper, Stony Brook (CAA)",Jr.,DB,9,2,44,0,0.2
109,"Asante Gibson, Harvard (Ivy League)",Sr.,DB,9,2,29,0,0.2
109,"Nolan Harmotto, Dayton (Pioneer)",Jr.,DB,9,2,3,0,0.2
109,"DJ Howard, Jacksonville (Pioneer)",Sr.,LB,9,2,0,0,0.2
109,"Justin Jemison, Jackson St. (SWAC)",Jr.,DB,9,2,-6,0,0.2
109,"Colin Jonov, Bucknell (Patriot)",So.,DB,9,2,52,0,0.2
109,"Adrian McClendon, Elon (CAA)",Jr.,DB,9,2,3,0,0.2
109,"Archie Rice, Texas Southern (SWAC)",So.,DB,9,2,71,0,0.2
121,"Mikell Everette, Sam Houston (Southland)",Sr.,DB,14,3,89,0,0.2
121,"Tim Kilfoy, UNI (MVFC)",Sr.,DB,14,3,119,1,0.2
121,"Ty McCollum, Colgate (Patriot)",Sr.,DB,14,3,33,0,0.2
124,"Alfonso Augustus, Towson (CAA)",So.,DB,10,2,1,0,0.2
124,"Sherrod Baltimore, Maine (CAA)",Sr.,DB,10,2,0,0,0.2
124,"Isiah Bennett, Savannah St. (MEAC)",Fr.,DB,10,2,4,0,0.2
124,"Javon Brandon, Tennessee St. (OVC)",So.,DB,10,2,34,0,0.2
124,"Rashod Byers, Jacksonville St. (OVC)",Sr.,DB,15,3,32,0,0.2
124,"Brendan Cole, Hampton (MEAC)",Jr.,DB,10,2,32,1,0.2
124,"Tre Dempsey, North Dakota St. (MVFC)",So.,DB,15,3,1,0,0.2
124,"Aaron Diggs, Western Ill. (MVFC)",So.,DB,10,2,95,1,0.2
124,"Dondre Dobbins, Texas Southern (SWAC)",So.,DL,10,2,16,0,0.2
124,"Tyler Drake, Penn (Ivy League)",Sr.,DL,10,2,5,0,0.2
124,"Jordan Ferguson, Brown (Ivy League)",Jr.,DB,10,2,33,1,0.2
124,"Mike Galantini, Holy Cross (Patriot)",Sr.,DL,10,2,3,0,0.2
124,"La'Travien Gee, Houston Christian (Southland)",So.,DB,10,2,0,0,0.2
124,"Jaston George, Hampton (MEAC)",Sr.,DB,10,2,23,0,0.2
124,"Connor Golden, Bucknell (Patriot)",So.,DB,10,2,0,0,0.2
124,"Simba Gwashavanhu, Delaware (CAA)",Jr.,DB,10,2,0,0,0.2
124,"Phillip Henry, South Carolina St. (MEAC)",Jr.,DB,10,2,0,0,0.2
124,"Jamal Hundley, Ark.-Pine Bluff (SWAC)",Sr.,DB,10,2,90,0,0.2
124,"Zach Jackson, Mercer (SoCon)",Jr.,DB,10,2,8,0,0.2
124,"Kenny James, Southern Ill. (MVFC)",So.,DB,10,2,111,2,0.2
124,"Darius Johnson, Morgan St. (MEAC)",Fr.,DB,10,2,15,0,0.2
124,"Breon Key, Hampton (MEAC)",Sr.,DB,10,2,36,0,0.2
124,"Shayne Lawless, Stony Brook (CAA)",Fr.,LB,10,2,12,0,0.2
124,"Brandon Mills, Penn (Ivy League)",So.,LB,10,2,20,0,0.2
124,"Dylan Muscat, Penn (Ivy League)",Sr.,DB,10,2,0,0,0.2
124,"Leonardo Myers, Savannah St. (MEAC)",Sr.,LB,10,2,32,1,0.2
124,"Dallas Nichols, Western Ill. (MVFC)",Sr.,DB,10,2,-8,0,0.2
124,"Marquice O'Leary, Prairie View (SWAC)",---,DB,10,2,9,0,0.2
124,"RJ Paige, Princeton (Ivy League)",Jr.,LB,10,2,44,1,0.2
124,"Will Quigley, Brown (Ivy League)",Sr.,LB,10,2,0,0,0.2
124,"Ezra Robinson, Tennessee St. (OVC)",Jr.,DB,10,2,72,0,0.2
124,"Sean Scullen, Cornell (Ivy League)",So.,DB,10,2,41,0,0.2
124,"Trevon Smith, SFA (Southland)",Fr.,DB,10,2,66,1,0.2
124,"Ryan Smith, N.C. Central (MEAC)",Sr.,DB,10,2,16,0,0.2
124,"Leandre Vaughn, Northern Ariz. (Big Sky)",Jr.,LB,10,2,0,0,0.2
124,"Dawson Wells, Jacksonville St. (OVC)",Sr.,LB,15,3,83,2,0.2
124,"Jelani Williamson, Georgetown (Patriot)",So.,DB,10,2,59,1,0.2
124,"Marquis Willis, N.C. A&T (MEAC)",---,,10,2,32,1,0.2
