Rank,Player,Cl,Pos,G,Int,Int Ret Yds,Int Ret TDs,Int PG
1,"Luq Barcoo, San Diego St. (Mountain West)",Sr.,DB,13,9,5,0,0.7
1,"Meiko Dotson, Fla. Atlantic (C-USA)",Sr.,DB,13,9,108,0,0.7
3,"Douglas Coleman, Texas Tech (Big 12)",Sr.,DB,12,8,79,0,0.7
4,"Andre Cisco, Syracuse (ACC)",So.,DB,9,5,67,1,0.6
5,"Antoine Winfield, Minnesota (Big Ten)",So.,DB,13,7,111,1,0.5
6,"Grayland Arnold, Baylor (Big 12)",Sr.,DB,13,6,118,0,0.5
7,"Paulson Adebo, Stanford (Pac-12)",Jr.,DB,9,4,4,0,0.4
8,"Travion Banks, Miami (OH) (MAC)",Sr.,DB,12,5,26,0,0.4
8,"Kolby Harvell-Peel, Oklahoma St. (Big 12)",So.,DB,12,5,45,0,0.4
8,"Chandler Kryst, Coastal Carolina (Sun Belt)",Sr.,DB,12,5,32,0,0.4
8,"Amik Robertson, Louisiana Tech (C-USA)",Jr.,DB,12,5,97,2,0.4
8,"Corey Straughter, ULM (Sun Belt)",Jr.,DB,12,5,118,1,0.4
8,"Amechi Uzodinma, Ball St. (MAC)",So.,DB,12,5,66,0,0.4
8,"Ar'Darius Washington, TCU (Big 12)",Fr.,DB,12,5,22,0,0.4
15,"Daniel Brown, Nevada (Mountain West)",Sr.,DB,10,4,24,0,0.4
15,"Derek  Stingley Jr., LSU (SEC)",Fr.,DB,15,6,17,0,0.4
17,"Caleb Farley, Virginia Tech (ACC)",So.,DB,11,4,14,1,0.4
17,"Mikial Onu, Colorado (Pac-12)",Sr.,DB,11,4,8,0,0.4
17,"Antonio Phillips, Ball St. (MAC)",Jr.,DB,11,4,0,0,0.4
17,"Will Sunderland, Troy (Sun Belt)",Sr.,DB,11,4,34,1,0.4
21,"Ja'von Hicks, Cincinnati (AAC)",So.,DB,14,5,107,0,0.4
21,"Shaun Jolly, App State (Sun Belt)",So.,DB,14,5,54,2,0.4
23,"Larry Brooks, Tulane (AAC)",So.,DB,12,4,64,0,0.3
23,"Lorenzo Burns, Arizona (Pac-12)",Jr.,DB,12,4,29,0,0.3
23,"Brandon Ezell, San Jose St. (Mountain West)",Sr.,DB,12,4,10,0,0.3
23,"Jericho Flowers, UNLV (Mountain West)",Sr.,DB,12,4,45,0,0.3
23,"Jared Mayden, Alabama (SEC)",Sr.,DB,12,4,54,0,0.3
23,"Trevon Moehrig, TCU (Big 12)",So.,DB,12,4,70,0,0.3
23,"Israel Mukuamu, South Carolina (SEC)",So.,DB,12,4,53,1,0.3
23,"Reggie Robinson II, Tulsa (AAC)",Sr.,DB,12,4,37,0,0.3
23,"Isaiah Rodgers, Massachusetts (FBS Independent)",Sr.,DB,12,4,58,1,0.3
32,"Julian Blackmon, Utah (Pac-12)",Sr.,DB,13,4,39,1,0.3
32,"Rodney Clemons, SMU (AAC)",Sr.,DB,13,4,4,0,0.3
32,"Antwan Collier, UCF (AAC)",Jr.,DB,13,4,80,0,0.3
32,"Rishard Dames, FIU (C-USA)",Jr.,DB,13,4,90,1,0.3
32,"Kyle Hamilton, Notre Dame (FBS Independent)",Fr.,DB,13,4,66,1,0.3
32,"Amari Henderson, Wake Forest (ACC)",Sr.,DB,13,4,3,0,0.3
32,"Brody Hoying, Eastern Mich. (MAC)",Sr.,DB,13,4,94,0,0.3
32,"Elijah Molden, Washington (Pac-12)",Jr.,DB,13,4,45,0,0.3
32,"Isaiah Pola-Mao, Southern California (Pac-12)",So.,DB,13,4,38,0,0.3
32,"Donovan Stiner, Florida (SEC)",Jr.,DB,13,4,33,0,0.3
32,"Skyler Thomas, Washington St. (Pac-12)",Jr.,DB,13,4,72,0,0.3
32,"Tariq Thompson, San Diego St. (Mountain West)",Jr.,DB,13,4,5,0,0.3
32,"Nigel Warrior, Tennessee (SEC)",Sr.,DB,13,4,102,0,0.3
32,"Logan Wilson, Wyoming (Mountain West)",Sr.,LB,13,4,47,1,0.3
46,"Tae Daley, Vanderbilt (SEC)",Jr.,DB,10,3,20,0,0.3
46,"Damarcus Fields, Texas Tech (Big 12)",Jr.,DB,10,3,60,0,0.3
46,"Bryce Thompson, Tennessee (SEC)",So.,DB,10,3,28,0,0.3
46,"Keith Washington, West Virginia (Big 12)",Sr.,DB,10,3,41,0,0.3
46,"Bejour Wilson, Liberty (FBS Independent)",Sr.,DB,10,3,-1,0,0.3
51,"Jevon Holland, Oregon (Pac-12)",So.,DB,14,4,64,1,0.3
51,"Richard LeCounte, Georgia (SEC)",Jr.,DB,14,4,76,0,0.3
51,"Verone McKinley III, Oregon (Pac-12)",Fr.,DB,14,4,84,0,0.3
54,"Sydney Brown, Illinois (Big Ten)",So.,DB,11,3,84,1,0.3
54,"Bobby Brown, II, San Jose St. (Mountain West)",Jr.,DB,11,3,46,0,0.3
54,"Derrion Rakestraw, Colorado (Pac-12)",Jr.,DB,11,3,1,0,0.3
54,"Cam Taylor-Britt, Nebraska (Big Ten)",So.,DB,11,3,95,1,0.3
54,"Cory Trice, Purdue (Big Ten)",Fr.,DB,11,3,49,1,0.3
59,"Tanner Muse, Clemson (ACC)",Sr.,DB,15,4,13,0,0.3
59,"Kary Vincent Jr., LSU (SEC)",Jr.,DB,15,4,45,0,0.3
61,"Milton  Bugg III, Air Force (Mountain West)",Jr.,DB,12,3,99,1,0.3
61,"Shawn Davis, Florida (SEC)",Jr.,DB,12,3,111,0,0.3
61,"Trevon Diggs, Alabama (SEC)",Sr.,DB,12,3,79,1,0.3
61,"Christopher Fredrick, Syracuse (ACC)",Sr.,DB,12,3,42,0,0.3
61,"Blake Gallagher, Northwestern (Big Ten)",Jr.,LB,12,3,40,0,0.3
61,"Harrison Hand, Temple (AAC)",Jr.,DB,12,3,8,0,0.3
61,"Lavert Hill, Michigan (Big Ten)",Sr.,DB,12,3,25,0,0.3
61,"DJ Ivey, Miami (FL) (ACC)",So.,DB,12,3,28,0,0.3
61,"Lamar Jackson, Nebraska (Big Ten)",Sr.,DB,12,3,12,0,0.3
61,"Dedrick Mackey, Purdue (Big Ten)",So.,LB,12,3,55,0,0.3
61,"Carlton Martial, Troy (Sun Belt)",So.,LB,12,3,78,1,0.3
61,"Alonzo McCoy, Central Mich. (MAC)",Jr.,DB,12,3,16,0,0.3
61,"Ja'Quan McMillian, East Carolina (AAC)",Fr.,DB,12,3,52,0,0.3
61,"Jovante Moffatt, Middle Tenn. (C-USA)",Sr.,DB,12,3,30,0,0.3
61,"Michael Ojemudia, Iowa (Big Ten)",Sr.,DB,12,3,12,0,0.3
61,"Travis Reed, South Alabama (Sun Belt)",Sr.,DB,12,3,16,0,0.3
61,"Kahlil Robinson, Toledo (MAC)",Sr.,DB,12,3,49,0,0.3
61,"Davondre Robinson, East Carolina (AAC)",Jr.,DB,12,3,3,0,0.3
61,"K.J. Sails, South Fla. (AAC)",Jr.,DB,12,3,68,0,0.3
61,"Nehemiah Shelton, San Jose St. (Mountain West)",So.,DB,12,3,14,0,0.3
61,"Javin White, UNLV (Mountain West)",Sr.,DB,12,3,43,0,0.3
61,"Jace Whittaker, Arizona (Pac-12)",Sr.,DB,12,3,17,0,0.3
61,"Cameron Williams, Washington (Pac-12)",Fr.,DB,12,3,33,0,0.3
61,"Nahshon Wright, Oregon St. (Pac-12)",So.,DB,12,3,14,0,0.3
85,"Kyle Bailey, Western Ky. (C-USA)",Jr.,LB,13,3,14,0,0.2
85,"Joey Banks, Buffalo (MAC)",Sr.,DB,13,3,70,1,0.2
85,"Shaq Bond, Utah St. (Mountain West)",Jr.,DB,13,3,82,1,0.2
85,"Myles Bryant, Washington (Pac-12)",Sr.,DB,13,3,32,0,0.2
85,"Kaiir Elam, Florida (SEC)",Fr.,DB,13,3,0,0,0.2
85,"Paris Ford, Pittsburgh (ACC)",So.,DB,13,3,69,1,0.2
85,"Dele Harding, Illinois (Big Ten)",Sr.,LB,13,3,94,2,0.2
85,"Jaylinn Hawkins, California (Pac-12)",Sr.,DB,13,3,29,0,0.2
85,"Dax Hollifield, Virginia Tech (ACC)",So.,LB,13,3,6,0,0.2
85,"D'Shawn Jamison, Texas (Big 12)",So.,DB,13,3,9,0,0.2
85,"Jack Jones, Arizona St. (Pac-12)",So.,DB,13,3,22,0,0.2
85,"Kai Kaneshiro, Hawaii (Mountain West)",So.,DB,13,3,59,1,0.2
85,"Akileis Leroy, Fla. Atlantic (C-USA)",Jr.,LB,13,3,43,0,0.2
85,"Sage Lewis, FIU (C-USA)",Sr.,LB,13,3,21,0,0.2
85,"Patrick  Lupro, Western Mich. (MAC)",So.,DB,13,3,53,0,0.2
85,"Xavier McKinney, Alabama (SEC)",Jr.,DB,13,3,78,1,0.2
85,"Kekoa Nawahine, Boise St. (Mountain West)",Sr.,DB,13,3,0,0,0.2
85,"Marquill Osborne, Charlotte (C-USA)",Sr.,DB,13,3,22,0,0.2
85,"Jamal Parker, Kent St. (MAC)",Sr.,DB,13,3,21,0,0.2
85,"James Pierre, Fla. Atlantic (C-USA)",Jr.,DB,13,3,33,0,0.2
85,"Elijah Riley, Army West Point (FBS Independent)",Sr.,DB,13,3,79,0,0.2
85,"Aaron Robinson, UCF (AAC)",Fr.,DB,13,3,40,0,0.2
85,"Michael Sam, Louisiana Tech (C-USA)",Sr.,DB,13,3,18,0,0.2
85,"Josiah Scott, Michigan St. (Big Ten)",Jr.,DB,13,3,34,0,0.2
85,"Keith Sherald Jr., Kent St. (MAC)",Jr.,DB,13,3,0,0,0.2
85,"Jeremy Smith, Arkansas St. (Sun Belt)",Sr.,DB,13,3,56,1,0.2
85,"L'Jarius Sneed, Louisiana Tech (C-USA)",Sr.,DB,13,3,68,1,0.2
85,"DQ Thomas, Southern Miss. (C-USA)",Sr.,DB,13,3,55,1,0.2
85,"Ambry Thomas, Michigan (Big Ten)",Jr.,DB,13,3,6,0,0.2
85,"Jermaine Waller, Virginia Tech (ACC)",So.,DB,13,3,23,0,0.2
85,"Payton Wilgar, BYU (FBS Independent)",Fr.,LB,13,3,26,0,0.2
85,"Marco Wilson, Florida (SEC)",So.,DB,13,3,0,0,0.2
117,"Ifeatu Melifonwu, Syracuse (ACC)",So.,DB,9,2,0,0,0.2
117,"Ykili  Ross, UTEP (C-USA)",Sr.,DB,9,2,0,0,0.2
119,"Joey Blount, Virginia (ACC)",Jr.,DB,14,3,66,0,0.2
119,"Mike Brown, Miami (OH) (MAC)",Jr.,DB,14,3,104,2,0.2
119,"Troy Brown, Central Mich. (MAC)",So.,LB,14,3,0,0,0.2
119,"Eric Burrell, Wisconsin (Big Ten)",Jr.,DB,14,3,14,0,0.2
119,"Darrick Forrest, Cincinnati (AAC)",Jr.,DB,14,3,51,0,0.2
119,"Ahmad Gardner, Cincinnati (AAC)",Fr.,DB,14,3,78,2,0.2
119,"Ikem Okeke, Hawaii (Mountain West)",Sr.,LB,14,3,62,0,0.2
119,"Jeff Okudah, Ohio St. (Big Ten)",Jr.,DB,14,3,0,0,0.2
119,"Jack Sanborn, Wisconsin (Big Ten)",So.,LB,14,3,50,0,0.2
119,"Rashad Smith, Fla. Atlantic (C-USA)",Sr.,LB,14,3,22,0,0.2
119,"Asjlin Washington, Louisiana (Sun Belt)",So.,DB,14,3,0,0,0.2
119,"Jordan Williams, Baylor (Big 12)",Sr.,LB,14,3,21,0,0.2
131,"Matt Hankins, Iowa (Big Ten)",Jr.,DB,10,2,0,0,0.2
131,"Darnay Holmes, UCLA (Pac-12)",Jr.,DB,10,2,0,0,0.2
131,"Marcus Lewis, Maryland (Big Ten)",Sr.,DB,10,2,40,0,0.2
131,"Austin Perkins, New Mexico St. (FBS Independent)",Sr.,DB,10,2,20,0,0.2
131,"Isaiah Simmons, Clemson (ACC)",Jr.,LB,15,3,42,0,0.2
131,"Jacoby Stevens, LSU (SEC)",Jr.,DB,15,3,9,0,0.2
131,"Quavian White, Georgia St. (Sun Belt)",So.,DB,10,2,52,0,0.2
131,"Marquis Wilson, Penn St. (Big Ten)",Fr.,DB,10,2,13,0,0.2
131,"Kadofi Wright, Buffalo (MAC)",Jr.,LB,10,2,40,1,0.2
140,"Tony Adams, Illinois (Big Ten)",Jr.,DB,11,2,13,1,0.2
140,"Kameron Burton, Coastal Carolina (Sun Belt)",So.,DB,11,2,13,0,0.2
140,"Nevelle Clarke, UCF (AAC)",Sr.,DB,11,2,48,1,0.2
140,"Kamren Curl, Arkansas (SEC)",Jr.,DB,11,2,22,0,0.2
140,"Ashtyn Davis, California (Pac-12)",Sr.,DB,11,2,31,0,0.2
140,"Chase Day, ULM (Sun Belt)",Sr.,LB,11,2,14,0,0.2
140,"Ceneca Espinoza, Jr., Liberty (FBS Independent)",Jr.,DB,11,2,45,1,0.2
140,"Wylan Free, Fresno St. (Mountain West)",So.,DB,11,2,104,1,0.2
140,"Cassius Grady, UTSA (C-USA)",Sr.,DB,11,2,-3,0,0.2
140,"Greg Johnson, Southern California (Pac-12)",So.,DB,11,2,32,0,0.2
140,"Andre Neal, Colorado St. (Mountain West)",Sr.,DB,11,2,61,1,0.2
140,"Kaleb Oliver, Georgia Tech (ACC)",So.,DB,11,2,-2,0,0.2
140,"Mike Palmer, Boston College (ACC)",Jr.,DB,11,2,0,0,0.2
140,"Brandon Perce, Bowling Green (MAC)",Sr.,LB,11,2,1,0,0.2
140,"Kindle Vildor, Ga. Southern (Sun Belt)",Sr.,DB,11,2,0,0,0.2
