Rank,Player,Cl,Pos,G,Int,Int Ret Yds,Int Ret TDs,Int PG
1,"Hamp Cheevers, Boston College (ACC)",Jr.,DB,12,7,135,1,0.6
2,"Ky'el Hemby, Southern Miss. (C-USA)",Jr.,DB,11,6,86,0,0.5
3,"Andre Cisco, Syracuse (ACC)",Fr.,DB,13,7,47,0,0.5
4,"Juwan Foggie, Charlotte (C-USA)",Sr.,LB,12,6,186,2,0.5
5,"Nate Brooks, North Texas (C-USA)",Sr.,DB,13,6,15,0,0.5
5,"Wesley Bush, Middle Tenn. (C-USA)",Sr.,DB,13,6,149,2,0.5
5,"Richie Grant, UCF (AAC)",So.,DB,13,6,40,0,0.5
5,"Jaylinn Hawkins, California (Pac-12)",Jr.,DB,13,6,39,0,0.5
5,"Juan Thornhill, Virginia (ACC)",Sr.,DB,13,6,141,0,0.5
10,"Kemon Hall, North Texas (C-USA)",Sr.,DB,11,5,60,2,0.5
11,"Adrian Frye, Texas Tech (Big 12)",Fr.,DB,12,5,55,1,0.4
11,"Cedarius Rookard, Troy (Sun Belt)",Sr.,DB,12,5,105,0,0.4
11,"Tre Watson, Maryland (Big Ten)",Sr.,LB,12,5,51,1,0.4
14,"Grant Delpit, LSU (SEC)",So.,DB,13,5,1,0,0.4
14,"Jevon Holland, Oregon (Pac-12)",Fr.,DB,13,5,8,0,0.4
16,"Alvin Davis, Akron (MAC)",Jr.,DB,11,4,149,2,0.4
17,"Vaughnte Dorsey, Texas Tech (Big 12)",Sr.,DB,12,4,123,0,0.3
17,"Cooper Edmiston, Tulsa (AAC)",Jr.,LB,12,4,34,0,0.3
17,"Cassius Grady, UTSA (C-USA)",Jr.,DB,12,4,36,0,0.3
17,"Dakari Monroe, San Jose St. (Mountain West)",Sr.,DB,12,4,88,1,0.3
17,"Del'Shawn Phillips, Illinois (Big Ten)",Sr.,LB,12,4,36,0,0.3
17,"Kenny Robinson Jr., West Virginia (Big 12)",So.,DB,12,4,58,0,0.3
17,"Stanford Samuels III, Florida St. (ACC)",So.,DB,12,4,23,0,0.3
17,"Darnell Savage, Maryland (Big Ten)",Sr.,DB,12,4,30,1,0.3
17,"Rashad Smith, Fla. Atlantic (C-USA)",Jr.,LB,12,4,22,0,0.3
17,"Javin White, UNLV (Mountain West)",Jr.,DB,12,4,30,0,0.3
27,"Paulson Adebo, Stanford (Pac-12)",So.,DB,13,4,45,0,0.3
27,"Reed Blankenship, Middle Tenn. (C-USA)",So.,DB,13,4,122,1,0.3
27,"Prudy Calderon, Rice (C-USA)",Fr.,DB,13,4,67,0,0.3
27,"Aashari Crosswell, Arizona St. (Pac-12)",Fr.,DB,13,4,127,0,0.3
27,"Ashtyn Davis, California (Pac-12)",Jr.,DB,13,4,59,1,0.3
27,"Jalen Elliott, Notre Dame (FBS Independent)",Jr.,DB,13,4,66,0,0.3
27,"Desmond Franklin, App State (Sun Belt)",Jr.,DB,13,4,113,1,0.3
27,"Chauncey Gardner-Johnson, Florida (SEC)",Jr.,DB,13,4,110,2,0.3
27,"Jake Gervase, Iowa (Big Ten)",Sr.,DB,13,4,50,0,0.3
27,"Tae Hayes, App State (Sun Belt)",Sr.,DB,13,4,102,0,0.3
27,"Amani Hooker, Iowa (Big Ten)",Jr.,DB,13,4,60,0,0.3
27,"Jerry Jacobs, Arkansas St. (Sun Belt)",So.,DB,13,4,19,0,0.3
27,"Khairi Muhammad, North Texas (C-USA)",Jr.,DB,13,4,52,0,0.3
27,"Delvon Randall, Temple (AAC)",Sr.,DB,13,4,52,1,0.3
27,"Amik Robertson, Louisiana Tech (C-USA)",So.,DB,13,4,27,0,0.3
27,"Caden Sterns, Texas (Big 12)",Fr.,DB,13,4,33,0,0.3
27,"Geno Stone, Iowa (Big Ten)",So.,DB,13,4,24,1,0.3
27,"Josh Thomas, App State (Sun Belt)",Jr.,DB,13,4,28,0,0.3
27,"Kindle Vildor, Ga. Southern (Sun Belt)",Jr.,DB,13,4,36,0,0.3
27,"Aaron Wade, Utah St. (Mountain West)",Sr.,DB,13,4,96,1,0.3
27,"James Wiggins, Cincinnati (AAC)",So.,DB,13,4,83,1,0.3
27,"DJ Williams, Utah St. (Mountain West)",Jr.,DB,13,4,31,0,0.3
27,"Joejuan Williams, Vanderbilt (SEC)",Jr.,DB,13,4,8,0,0.3
50,"John Battle, LSU (SEC)",Sr.,DB,10,3,29,0,0.3
50,"Jartavius Martin, Illinois (Big Ten)",Fr.,DB,10,3,0,0,0.3
50,"Scottie Young Jr., Arizona (Pac-12)",So.,DB,10,3,63,1,0.3
53,"Juju Hughes, Fresno St. (Mountain West)",Jr.,DB,14,4,65,0,0.3
53,"Jaylon Johnson, Utah (Pac-12)",So.,DB,14,4,126,1,0.3
53,"Anthoula Kelly, Fresno St. (Mountain West)",Sr.,DB,14,4,153,2,0.3
53,"Byron Murphy, Washington (Pac-12)",So.,DB,14,4,78,1,0.3
53,"JR Pace, Northwestern (Big Ten)",So.,DB,14,4,26,0,0.3
58,"V.J. Banks, Colorado St. (Mountain West)",Sr.,DB,11,3,0,0,0.3
58,"Brice McAllister, Massachusetts (FBS Independent)",Sr.,DB,11,3,64,1,0.3
58,"Rachuan Mitchell, Southern Miss. (C-USA)",So.,DB,11,3,86,1,0.3
58,"Ryan Pulley, Arkansas (SEC)",Jr.,DB,11,3,0,0,0.3
58,"Mike Reynolds, Army West Point (FBS Independent)",Sr.,DB,11,3,0,0,0.3
58,"Ty Williams, Southern Miss. (C-USA)",Jr.,DB,11,3,102,0,0.3
64,"Ta'Corian Darden, Western Ky. (C-USA)",Jr.,DB,12,3,32,0,0.3
64,"Ravon Davis, Maryland (Big Ten)",Sr.,DB,12,3,37,1,0.3
64,"Hasan Defense, Kansas (Big 12)",Jr.,DB,12,3,125,0,0.3
64,"B.J. Edmonds, Arkansas St. (Sun Belt)",Jr.,DB,12,3,5,0,0.3
64,"Jeremy Fejedelem, Air Force (Mountain West)",Jr.,DB,12,3,0,0,0.3
64,"Bryant Fitzgerald, Indiana (Big Ten)",Fr.,DB,12,3,10,0,0.3
64,"Saquan Hampton, Rutgers (Big Ten)",Sr.,DB,12,3,3,0,0.3
64,"Darnay Holmes, UCLA (Pac-12)",So.,DB,12,3,31,1,0.3
64,"Devon Key, Western Ky. (C-USA)",So.,DB,12,3,49,1,0.3
64,"Brad Koenig, Miami (OH) (MAC)",Sr.,DB,12,3,13,0,0.3
64,"Cameron Lewis, Buffalo (MAC)",Sr.,DB,12,3,37,0,0.3
64,"Kenneth Major, Purdue (Big Ten)",Fr.,DB,12,3,11,0,0.3
64,"Josh Metellus, Michigan (Big Ten)",Jr.,DB,12,3,104,1,0.3
64,"Marcus Milton, Bowling Green (MAC)",Sr.,DB,12,3,20,0,0.3
64,"Lee Moses, Massachusetts (FBS Independent)",Sr.,DB,12,3,13,0,0.3
64,"Shakial Taylor, Kansas (Big 12)",Sr.,DB,12,3,68,1,0.3
64,"Jalen Thompson, South Alabama (Sun Belt)",Jr.,DB,12,3,84,1,0.3
64,"Bryce Thompson, Tennessee (SEC)",Fr.,DB,12,3,45,0,0.3
64,"Taj-Amir Torres, Boston College (ACC)",Sr.,DB,12,3,69,0,0.3
64,"Benny Walls, Temple (AAC)",Jr.,DB,12,3,9,0,0.3
64,"Keith Washington, West Virginia (Big 12)",Jr.,DB,12,3,52,1,0.3
85,"Demarkus Acy, Missouri (SEC)",Jr.,DB,13,3,73,0,0.2
85,"Ugochukwu Amadi, Oregon (Pac-12)",Sr.,DB,13,3,70,2,0.2
85,"Dameon Baber, Nevada (Mountain West)",Sr.,DB,13,3,29,0,0.2
85,"Trajan Bandy, Miami (FL) (ACC)",So.,DB,13,3,13,0,0.2
85,"Traveon Beck, California (Pac-12)",Jr.,DB,13,3,23,0,0.2
85,"Vince Calhoun, Eastern Mich. (MAC)",Jr.,DB,13,3,85,0,0.2
85,"Frank Coppet, Vanderbilt (SEC)",So.,DB,13,3,15,0,0.2
85,"Linwood Crump, Temple (AAC)",Jr.,DB,13,3,0,0,0.2
85,"Richard Dames, FIU (C-USA)",So.,DB,13,3,11,0,0.2
85,"Jhavonte Dean, Miami (FL) (ACC)",Sr.,DB,13,3,46,0,0.2
85,"T.J. Edwards, Wisconsin (Big Ten)",Sr.,LB,13,3,31,0,0.2
85,"Rashad Fenton, South Carolina (SEC)",Sr.,DB,13,3,16,0,0.2
85,"Christopher Fredrick, Syracuse (ACC)",Jr.,DB,13,3,-2,0,0.2
85,"Thomas Graham Jr., Oregon (Pac-12)",So.,DB,13,3,38,1,0.2
85,"Dorian Hall, FIU (C-USA)",Fr.,DB,13,3,14,0,0.2
85,"Cam Hilton, Missouri (SEC)",Sr.,DB,13,3,2,0,0.2
85,"Kekaula Kaniho, Boise St. (Mountain West)",So.,DB,13,3,15,0,0.2
85,"Deommodore Lenoir, Oregon (Pac-12)",So.,DB,13,3,14,0,0.2
85,"Braxton Lewis, Iowa St. (Big 12)",Jr.,DB,13,3,0,0,0.2
85,"Donnie Lewis Jr., Tulane (AAC)",Sr.,DB,13,3,49,1,0.2
85,"Chase Lucas, Arizona St. (Pac-12)",So.,DB,13,3,22,0,0.2
85,"Kevin McGill, Eastern Mich. (MAC)",Jr.,DB,13,3,33,0,0.2
85,"Jarius Morehead, NC State (ACC)",Jr.,DB,13,3,84,1,0.2
85,"Tyler Murray, Troy (Sun Belt)",So.,DB,13,3,57,0,0.2
85,"Michael Ojemudia, Iowa (Big Ten)",Jr.,DB,13,3,38,0,0.2
85,"Amani Oruwariye, Penn St. (Big Ten)",Sr.,DB,13,3,-2,0,0.2
85,"Sheldrick Redwine, Miami (FL) (ACC)",Sr.,DB,13,3,14,0,0.2
85,"Nick Roberts, South Fla. (AAC)",Fr.,DB,13,3,91,0,0.2
85,"Jontrell Rocquemore, Utah St. (Mountain West)",Sr.,DB,13,3,52,1,0.2
85,"Jarid Ryan, Navy (AAC)",Sr.,DB,13,3,4,0,0.2
85,"Nick Scott, Penn St. (Big Ten)",Sr.,RB,13,3,16,0,0.2
85,"L'Jarius Sneed, Louisiana Tech (C-USA)",Jr.,DB,13,3,43,1,0.2
85,"Gleson Sprewell, Houston (AAC)",So.,DB,13,3,71,1,0.2
85,"Marcus Strong, Washington St. (Pac-12)",Jr.,DB,13,3,66,0,0.2
85,"Garrett Taylor, Penn St. (Big Ten)",Jr.,DB,13,3,84,0,0.2
85,"Brandon Watson, Michigan (Big Ten)",Sr.,DB,13,3,127,2,0.2
85,"Darius West, Kentucky (SEC)",Sr.,DB,13,3,51,0,0.2
122,"C.J. Avery, Louisville (ACC)",So.,DB,9,2,28,0,0.2
122,"Dre Greenlaw, Arkansas (SEC)",Sr.,LB,9,2,5,0,0.2
124,"Mike Bell, Fresno St. (Mountain West)",Jr.,DB,14,3,1,0,0.2
124,"Parnell Motley, Oklahoma (Big 12)",Jr.,DB,14,3,17,0,0.2
124,"Shaun Wade, Ohio St. (Big Ten)",So.,DB,14,3,12,0,0.2
124,"Brandon Williams, Buffalo (MAC)",Sr.,DB,14,3,18,0,0.2
128,"Chandler Kryst, Coastal Carolina (Sun Belt)",Jr.,DB,10,2,-3,0,0.2
128,"Patrick Nelson, SMU (AAC)",Jr.,DB,10,2,23,0,0.2
128,"Marquill Osborne, Tennessee (SEC)",Jr.,DB,10,2,13,0,0.2
128,"Antonio Phillips, Ball St. (MAC)",So.,DB,10,2,-1,0,0.2
128,"Isaiah Rodgers, Massachusetts (FBS Independent)",Jr.,DB,10,2,89,1,0.2
128,"Savion Smith, Alabama (SEC)",Jr.,DB,15,3,71,1,0.2
128,"A.J. Terrell, Clemson (ACC)",So.,DB,15,3,95,1,0.2
128,"Ken Webster, Ole Miss (SEC)",Sr.,DB,10,2,30,0,0.2
136,"Toyous Avery, West Virginia (Big 12)",Sr.,DB,11,2,53,0,0.2
136,"Joey Blount, Virginia (ACC)",So.,DB,11,2,31,0,0.2
136,"Jordan Fogal, Colorado St. (Mountain West)",Sr.,DB,11,2,0,0,0.2
136,"Deante Fortenberry, Utah St. (Mountain West)",Sr.,DB,11,2,76,1,0.2
136,"Geronda Hall Jr., Old Dominion (C-USA)",Fr.,DB,11,2,27,0,0.2
136,"Marcus Hayes, New Mexico (Mountain West)",Fr.,DB,11,2,68,1,0.2
136,"Keanu Hill, Tulsa (AAC)",Sr.,DB,11,2,0,0,0.2
136,"Isaiah Johnson, Houston (AAC)",Sr.,DB,11,2,45,0,0.2
136,"Kevin Johnson, SMU (AAC)",Jr.,DB,11,2,43,0,0.2
136,"Jaquan Johnson, Miami (FL) (ACC)",Sr.,DB,11,2,9,0,0.2
136,"Marcus Jones, Troy (Sun Belt)",So.,DB,11,2,0,0,0.2
136,"Isaiah Kaufusi, BYU (FBS Independent)",So.,LB,11,2,18,0,0.2
136,"Nick McCloud, NC State (ACC)",Jr.,DB,11,2,23,0,0.2
136,"Kevion McGee, Kansas St. (Big 12)",Jr.,DB,11,2,18,0,0.2
136,"Darian Mills, South Alabama (Sun Belt)",Sr.,DB,11,2,0,0,0.2
136,"Alameen Murphy, Stanford (Pac-12)",Sr.,DB,11,2,32,0,0.2
136,"Oneil ROBINSON, UConn (AAC)",Fr.,,11,2,0,0,0.2
136,"Antonio Reed, Nebraska (Big Ten)",Sr.,DB,11,2,0,0,0.2
136,"John Reid, Penn St. (Big Ten)",Jr.,DB,11,2,44,0,0.2
136,"Patrice Rene, North Carolina (ACC)",Jr.,DB,11,2,2,0,0.2
136,"Kordell Rodgers, Texas St. (Sun Belt)",So.,DB,11,2,51,1,0.2
136,"Ocie Rose, Fla. Atlantic (C-USA)",Sr.,DB,11,2,-1,0,0.2
136,"Brad Stewart, Florida (SEC)",So.,DB,11,2,25,1,0.2
