Rank,Player,Cl,Pos,G,Int,Int Ret Yds,Int Ret TDs,Int PG
1,"Gerod Holliman, Louisville (ACC)",Jr.,DB,13,14,245,1,1.1
2,"Senquez Golson, Ole Miss ()",Sr.,DB,13,10,162,1,0.8
3,"Quinten Rollins, Miami (OH) (MAC)",Sr.,DB,12,7,35,1,0.6
4,"Jacoby Glenn, UCF (AAC)",So.,DB,13,7,29,0,0.5
4,"Chris Hackett, TCU (Big 12)",Jr.,DB,13,7,131,0,0.5
4,"Darian Thompson, Boise St. (Mountain West)",Jr.,DB,13,7,53,1,0.5
7,"Kevin Byard, Middle Tenn. (C-USA)",Jr.,DB,12,6,1,0,0.5
7,"Donte Deayon, Boise St. (Mountain West)",Jr.,DB,12,6,70,2,0.5
7,"Montres Kitchens, Troy (Sun Belt)",Jr.,DB,12,6,80,1,0.5
7,"Parry Nickerson, Tulane (AAC)",Fr.,DB,12,6,24,0,0.5
7,"Frankie Sutera, Utah St. (Mountain West)",Sr.,DB,14,7,96,0,0.5
12,"Erick Dargan, Oregon (Pac-12)",Sr.,DB,15,7,110,0,0.5
13,"Jonathan Jones, Auburn (SEC)",Jr.,DB,13,6,6,0,0.5
13,"William Likely, Maryland (Big Ten)",So.,DB,13,6,170,2,0.5
13,"Zack Sanchez, Oklahoma (Big 12)",So.,DB,13,6,43,1,0.5
13,"Weston Steelhammer, Air Force (Mountain West)",So.,DB,13,6,10,0,0.5
17,"Germod Williams, Texas St. (Sun Belt)",So.,DB,9,4,27,0,0.4
18,"Xaiver Woods, Louisiana Tech (C-USA)",So.,DB,14,6,230,2,0.4
19,"Landon Feichter, Purdue (Big Ten)",Sr.,DB,12,5,59,0,0.4
19,"Richard Leonard, FIU (C-USA)",Sr.,DB,12,5,144,2,0.4
19,"David Mims, Texas St. (Sun Belt)",So.,DB,12,5,129,1,0.4
19,"Winston Rose, New Mexico St. (Sun Belt)",Sr.,DB,12,5,6,0,0.4
23,"Vonn Bell, Ohio St. (Big Ten)",So.,DB,15,6,29,0,0.4
24,"Briean Boddy-Calhoun, Minnesota (Big Ten)",Jr.,DB,13,5,59,0,0.4
24,"Nathan Gerry, Nebraska (Big Ten)",So.,DB,13,5,92,0,0.4
24,"Joshua Hawkins, East Carolina (AAC)",Jr.,DB,13,5,11,0,0.4
24,"Bobby McCain, Memphis (AAC)",Sr.,DB,13,5,59,1,0.4
24,"Adrian McDonald, Houston (AAC)",Jr.,DB,13,5,145,0,0.4
29,"Clint Stephens, Bowling Green (MAC)",Fr.,DB,11,4,40,0,0.4
30,"Adairius Barnes, Louisiana Tech (C-USA)",Jr.,DB,14,5,26,0,0.4
30,"Nick Johnson, Bowling Green (MAC)",Fr.,DB,14,5,63,0,0.4
32,"Andrew Adams, UConn (AAC)",Jr.,DB,12,4,104,0,0.3
32,"Doran Grant, Ohio St. (Big Ten)",Sr.,DB,15,5,106,0,0.3
32,"Josh Jenkins, Army West Point (FBS Independent)",So.,DB,12,4,46,0,0.3
32,"Randall Jette, Massachusetts (MAC)",Jr.,DB,12,4,49,0,0.3
32,"Josh Jones, NC State (ACC)",Fr.,DB,12,4,37,0,0.3
32,"A.J. Leggett, Marshall (C-USA)",So.,DB,12,4,54,0,0.3
32,"Eric Patterson, Ball St. (MAC)",Sr.,DB,9,3,86,0,0.3
32,"Brian Poole, Florida (SEC)",Jr.,DB,12,4,86,1,0.3
32,"Sam E. Richardson, Iowa St. (Big 12)",Jr.,DB,12,4,22,0,0.3
32,"A.J. Stamps, Kentucky (SEC)",Jr.,DB,12,4,103,0,0.3
32,"Damian Swann, Georgia (SEC)",Sr.,DB,12,4,18,0,0.3
32,"Triston Wade, UTSA (C-USA)",Sr.,DB,12,4,-6,0,0.3
32,"Tavon Young, Temple (AAC)",Jr.,DB,12,4,153,1,0.3
45,"Artez Brown, Arkansas St. (Sun Belt)",Sr.,DB,13,4,58,1,0.3
45,"Sam Carter, TCU (Big 12)",Sr.,DB,13,4,35,0,0.3
45,"Donald Celiscar, Western Mich. (MAC)",Sr.,DB,13,4,3,0,0.3
45,"Justin Coleman, Tennessee (SEC)",Sr.,DB,13,4,83,0,0.3
45,"Paul Dawson, TCU (Big 12)",Sr.,LB,13,4,48,1,0.3
45,"Kurtis Drummond, Michigan St. (Big Ten)",Sr.,DB,13,4,52,0,0.3
45,"Randall Evans, Kansas St. (Big 12)",Sr.,DB,13,4,21,0,0.3
45,"Matthias Farley, Notre Dame (FBS Independent)",Sr.,DB,13,4,87,0,0.3
45,"Dylan Haines, Texas (Big 12)",So.,DB,13,4,98,1,0.3
45,"Xavien Howard, Baylor (Big 12)",So.,DB,13,4,40,0,0.3
45,"Derrick Kindred, TCU (Big 12)",Jr.,DB,13,4,80,1,0.3
45,"Qushaun Lee, Arkansas St. (Sun Belt)",Sr.,LB,13,4,69,0,0.3
45,"Branden Leston, Western Ky. (C-USA)",So.,DB,13,4,29,0,0.3
45,"Cole Luke, Notre Dame (FBS Independent)",So.,DB,13,4,13,0,0.3
45,"Quincy Mauger, Georgia (SEC)",So.,DB,13,4,21,0,0.3
45,"Calvin Munson, San Diego St. (Mountain West)",So.,LB,13,4,146,1,0.3
45,"J. Sample, Louisville (ACC)",---,FS,13,4,36,0,0.3
45,"Orion Stewart, Baylor (Big 12)",So.,DB,13,4,68,0,0.3
45,"Brison Williams, South Carolina (SEC)",Sr.,DB,13,4,75,2,0.3
45,"Ronald Zamort, Western Mich. (MAC)",Jr.,DB,13,4,97,0,0.3
65,"Jordan Haden, Toledo (MAC)",Sr.,DB,10,3,50,0,0.3
65,"Keanu Neal, Florida (SEC)",So.,DB,10,3,-5,0,0.3
67,"Dechane Durante, NIU (MAC)",Sr.,DB,14,4,40,0,0.3
67,"Jamal Golden, Georgia Tech (ACC)",Sr.,DB,14,4,87,1,0.3
67,"Taj Letman, Marshall (C-USA)",Jr.,DB,14,4,31,0,0.3
67,"Braylon Webb, Missouri (SEC)",Sr.,DB,14,4,89,0,0.3
67,"D.J. White, Georgia Tech (ACC)",Jr.,DB,14,4,38,1,0.3
72,"Godwin Igwebuike, Northwestern (Big Ten)",Fr.,DB,11,3,11,0,0.3
72,"Jordan Italiano, Kent St. (MAC)",Jr.,DB,11,3,0,0,0.3
72,"Cranston Jones, New Mexico (Mountain West)",Jr.,DB,11,3,22,1,0.3
72,"Jimmy Pruitt, San Jose St. (Mountain West)",Jr.,DB,11,3,26,0,0.3
72,"Nigel Tribune, Iowa St. (Big 12)",So.,DB,11,3,17,0,0.3
72,"Brian Walker, North Carolina (ACC)",So.,DB,11,3,149,1,0.3
72,"Frankie Williams, Purdue (Big Ten)",Jr.,DB,11,3,119,1,0.3
72,"Daryl Worley, West Virginia (Big 12)",So.,DB,11,3,13,0,0.3
80,"Tyvis Powell, Ohio St. (Big Ten)",So.,DB,15,4,49,0,0.3
81,"Khary Bailey-Smith, Massachusetts (MAC)",Jr.,DB,12,3,39,0,0.3
81,"Quin Blanding, Virginia (ACC)",Fr.,DB,12,3,6,0,0.3
81,"Morgan Burns, Kansas St. (Big 12)",Jr.,DB,12,3,-9,0,0.3
81,"Maurice Canady, Virginia (ACC)",Jr.,DB,12,3,69,1,0.3
81,"Chris Carnegie, Army West Point (FBS Independent)",Jr.,DB,12,3,129,1,0.3
81,"Michael Doctor, Oregon St. (Pac-12)",Sr.,LB,12,3,53,1,0.3
81,"Lorenzo Doss, Tulane (AAC)",Jr.,DB,12,3,7,0,0.3
81,"Martel Durant, Akron (MAC)",Sr.,DB,12,3,1,0,0.3
81,"Chase Dutra, Indiana (Big Ten)",So.,DB,12,3,39,0,0.3
81,"Vernon Hargreaves, Florida (SEC)",So.,DB,12,3,0,0,0.3
81,"James Jones, North Texas (C-USA)",Sr.,DB,12,3,33,1,0.3
81,"Mitch Lane, ULM (Sun Belt)",Jr.,DB,12,3,38,1,0.3
81,"Craig Mager, Texas St. (Sun Belt)",Sr.,DB,12,3,21,0,0.3
81,"Marcus McWilson, Kentucky (SEC)",So.,DB,12,3,47,1,0.3
81,"Skai Moore, South Carolina (SEC)",So.,LB,12,3,93,0,0.3
81,"Merrill Noel, Wake Forest (ACC)",Sr.,DB,12,3,30,0,0.3
81,"Femi Odaibo, Troy (Sun Belt)",Sr.,DB,12,3,14,0,0.3
81,"Terrell Pinson, Louisiana Tech (C-USA)",Sr.,DB,12,3,34,0,0.3
81,"Quentin Poling, Ohio (MAC)",So.,LB,12,3,77,0,0.3
81,"Brandon Reddish, Syracuse (ACC)",Sr.,DB,12,3,0,0,0.3
81,"Will Redmond, Mississippi St. (SEC)",Jr.,DB,12,3,5,0,0.3
81,"Trovon Reed, Auburn (SEC)",Sr.,DB,12,3,6,0,0.3
81,"Tegray Scales, Indiana (Big Ten)",Fr.,LB,12,3,3,0,0.3
81,"Sam Scofield, Tulane (AAC)",Sr.,DB,12,3,30,0,0.3
81,"Jacorey Shepherd, Kansas (Big 12)",Sr.,DB,12,3,0,0,0.3
81,"Tyree Simmons, Colorado St. (Mountain West)",So.,DB,12,3,76,0,0.3
81,"Jeremy Timpf, Army West Point (FBS Independent)",So.,LB,12,3,62,1,0.3
81,"Ryland Ward, Bowling Green (MAC)",Sr.,DB,12,3,32,0,0.3
81,"Duran Workman, Nevada (Mountain West)",Jr.,DB,12,3,19,0,0.3
81,"Tyrequek Zimmerman, Oregon St. (Pac-12)",Sr.,DB,12,3,30,0,0.3
111,"Brandon Alexander, UCF (AAC)",Sr.,DB,13,3,21,0,0.2
111,"Adrian Amos, Penn St. (Big Ten)",Sr.,DB,13,3,35,0,0.2
111,"Tony Annese, Central Mich. (MAC)",Jr.,DB,13,3,0,0,0.2
111,"Dante Barnett, Kansas St. (Big 12)",Jr.,DB,13,3,3,0,0.2
111,"Breon Borders, Duke (ACC)",So.,DB,13,3,15,0,0.2
111,"Richie Brown, Mississippi St. (SEC)",So.,LB,13,3,54,0,0.2
111,"Kweishi Brown, Arizona St. (Pac-12)",Jr.,DB,13,3,6,0,0.2
111,"James Burgess, Louisville (ACC)",Jr.,LB,13,3,8,0,0.2
111,"Su'A Cravens, Southern California (Pac-12)",So.,DB,13,3,47,1,0.2
111,"Quandre Diggs, Texas (Big 12)",Sr.,DB,13,3,14,0,0.2
111,"K.J. Dillon, West Virginia (Big 12)",Jr.,DB,13,3,35,1,0.2
111,"Fritz Etienne, Memphis (AAC)",Sr.,DB,13,3,17,1,0.2
111,"Johnathan Ford, Auburn (SEC)",So.,DB,13,3,18,0,0.2
111,"Parrish Gaines, Navy (FBS Independent)",Sr.,DB,13,3,39,1,0.2
111,"Andrew Gaines, Memphis (AAC)",Sr.,DB,13,3,10,0,0.2
111,"Daniel Gonzales, Navy (FBS Independent)",So.,LB,13,3,134,0,0.2
111,"Brandon Greer, Central Mich. (MAC)",Jr.,DB,13,3,57,1,0.2
111,"Nigel Haikins, Nevada (Mountain West)",Sr.,DB,13,3,35,1,0.2
111,"Mike Hilton, Ole Miss ()",Jr.,DB,13,3,0,0,0.2
111,"George Jamison, Navy (FBS Independent)",Sr.,DB,13,3,47,0,0.2
111,"Kyshoen Jarrett, Virginia Tech (ACC)",Sr.,DB,13,3,35,0,0.2
111,"Todd Kelly Jr., Tennessee (SEC)",Fr.,DB,13,3,21,0,0.2
111,"Eric Kendricks, UCLA (Pac-12)",Sr.,LB,13,3,58,1,0.2
111,"Desmond King, Iowa (Big Ten)",So.,DB,13,3,72,1,0.2
111,"John Lowdermilk, Iowa (Big Ten)",Sr.,DB,13,3,48,1,0.2
111,"Blake Martinez, Stanford (Pac-12)",Jr.,LB,13,3,2,0,0.2
111,"Trent Matthews, Colorado St. (Mountain West)",Jr.,DB,13,3,25,0,0.2
111,"Jordan Ozerities, UCF (AAC)",Sr.,DB,13,3,8,0,0.2
111,"Aarion Penton, Missouri (SEC)",So.,DB,13,3,38,0,0.2
111,"Cody Prewitt, Ole Miss ()",Sr.,DB,13,3,98,1,0.2
111,"Damarious Randall, Arizona St. (Pac-12)",Sr.,DB,13,3,89,1,0.2
111,"Jordan Richards, Stanford (Pac-12)",Sr.,DB,13,3,0,0,0.2
111,"Ramon Richards, Oklahoma St. (Big 12)",Fr.,DB,13,3,38,1,0.2
111,"Dominick Sanders, Georgia (SEC)",Fr.,DB,13,3,64,0,0.2
111,"Malik Smith, San Diego St. (Mountain West)",So.,DB,13,3,4,0,0.2
111,"Trevon Stewart, Houston (AAC)",Jr.,DB,13,3,29,1,0.2
111,"Cameron Sutton, Tennessee (SEC)",So.,DB,13,3,-1,0,0.2
111,"Duke Thomas, Texas (Big 12)",Jr.,DB,13,3,24,0,0.2
111,"Armani Watts, Texas A&M (SEC)",---,S,13,3,36,0,0.2
111,"Trae Waynes, Michigan St. (Big Ten)",Jr.,DB,13,3,0,0,0.2
111,"Rj Williamson, Michigan St. (Big Ten)",Sr.,DB,13,3,60,2,0.2
111,"Howard Wilson, Houston (AAC)",Fr.,DB,13,3,0,0,0.2
111,"Anthony Zettel, Penn St. (Big Ten)",Jr.,DL,13,3,52,1,0.2
