Rank,Player,Cl,Pos,G,Int,Int Ret Yds,Int Ret TDs,Int PG
1,"Joshua Jackson, Iowa (Big Ten)",Jr.,DB,13,8,168,2,0.6
2,"Lukas Denis, Boston College (ACC)",Jr.,DB,13,7,185,0,0.5
3,"Deshon Elliott, Texas (Big 12)",Jr.,DB,12,6,127,2,0.5
3,"Demetrius Monday, Kent St. (MAC)",Sr.,DB,10,5,33,0,0.5
3,"Parry Nickerson, Tulane (AAC)",Sr.,DB,12,6,8,0,0.5
3,"Jalen Young, Fla. Atlantic (C-USA)",Jr.,DB,14,7,121,0,0.5
7,"Josh Cox, Central Mich. (MAC)",Sr.,DB,13,6,118,0,0.5
7,"Clifton Duck, App State (Sun Belt)",Fr.,DB,13,6,98,0,0.5
7,"Mark Gilbert, Duke (ACC)",So.,DB,13,6,7,0,0.5
7,"Mark McLaurin, Mississippi St. (SEC)",Jr.,DB,13,6,85,0,0.5
7,"Andraez Williams, LSU (SEC)",Fr.,DB,13,6,32,0,0.5
12,"Devin Abraham, South Fla. (AAC)",Sr.,DB,12,5,85,0,0.4
12,"Monquavion Brinson, Ga. Southern (Sun Belt)",So.,DB,12,5,57,0,0.4
12,"Blace Brown, Troy (Sun Belt)",Jr.,DB,12,5,93,1,0.4
15,"Sean Bunting, Central Mich. (MAC)",So.,DB,13,5,19,0,0.4
15,"Lorenzo Burns, Arizona (Pac-12)",Fr.,DB,13,5,58,0,0.4
15,"TJ Carter, Memphis (AAC)",Fr.,DB,13,5,74,0,0.4
15,"Jalen Davis, Utah St. (Mountain West)",Sr.,DB,13,5,120,3,0.4
15,"David Dowell, Michigan St. (Big Ten)",So.,DB,13,5,78,0,0.4
15,"Jawuan Johnson, NIU (MAC)",Sr.,DB,13,5,85,2,0.4
15,"Kyle Queiro, Northwestern (Big Ten)",Sr.,DB,13,5,85,1,0.4
15,"Amik Robertson, Louisiana Tech (C-USA)",Fr.,DB,13,5,141,1,0.4
15,"Tariq Thompson, San Diego St. (Mountain West)",Fr.,DB,13,5,83,1,0.4
15,"Darious Williams, UAB (C-USA)",Sr.,DB,13,5,80,1,0.4
15,"Andrew Wingard, Wyoming (Mountain West)",Jr.,DB,13,5,54,0,0.4
26,"Duke Dawson, Florida (SEC)",Sr.,DB,11,4,54,1,0.4
26,"Nate Gaines, UTSA (C-USA)",Sr.,DB,11,4,52,0,0.4
26,"CJ Henderson, Florida (SEC)",Fr.,DB,11,4,82,2,0.4
26,"Shamad Lomax, New Mexico St. (Independent)",So.,DB,11,4,19,1,0.4
26,"Lee Moses, Massachusetts (FBS Independent)",Jr.,DB,11,4,88,1,0.4
26,"Amani Oruwariye, Penn St. (Big Ten)",Jr.,DB,11,4,17,0,0.4
26,"D.J. Reed, Kansas St. (Big 12)",Jr.,DB,11,4,32,0,0.4
26,"Jordan Wyatt, SMU (AAC)",Jr.,DB,11,4,165,2,0.4
34,"Jordan George, Akron (MAC)",Jr.,DB,14,5,58,0,0.4
34,"Justin Reid, Stanford (Pac-12)",Jr.,DB,14,5,1,0,0.4
34,"Damon Webb, Ohio St. (Big Ten)",Sr.,DB,14,5,74,1,0.4
37,"Garrett Davis, Houston (AAC)",Jr.,DB,12,4,94,0,0.3
37,"Clint Stephens, Bowling Green (MAC)",Jr.,DB,9,3,0,0,0.3
37,"Juan Thornhill, Virginia (ACC)",Jr.,DB,12,4,4,0,0.3
37,"Bryan Williams, Georgia St. (Sun Belt)",Sr.,DB,12,4,42,0,0.3
37,"Terrell Williams, Houston (AAC)",Sr.,DB,12,4,62,0,0.3
37,"Mack Wilson, Alabama (SEC)",So.,LB,12,4,39,1,0.3
43,"Julian Blackmon, Utah (Pac-12)",So.,DB,13,4,41,0,0.3
43,"Quin Blanding, Virginia (ACC)",Sr.,DB,13,4,72,1,0.3
43,"Mike Edwards, Kentucky (SEC)",Jr.,DB,13,4,1,0,0.3
43,"Marcus Epps, Wyoming (Mountain West)",Jr.,DB,13,4,90,0,0.3
43,"Rico Gafford, Wyoming (Mountain West)",Sr.,DB,13,4,45,1,0.3
43,"Kyle Gibson, UCF (AAC)",Jr.,DB,13,4,26,0,0.3
43,"A.J. Green, Oklahoma St. (Big 12)",So.,DB,13,4,65,0,0.3
43,"Tae Hayes, App State (Sun Belt)",Jr.,DL,13,4,75,0,0.3
43,"Mike Hughes, UCF (AAC)",Jr.,,13,4,92,1,0.3
43,"Michael Jackson, Miami (FL) (ACC)",Jr.,DB,13,4,0,0,0.3
43,"Jaquan Johnson, Miami (FL) (ACC)",Jr.,DB,13,4,57,1,0.3
43,"Dallin Leavitt, Utah St. (Mountain West)",Sr.,DB,13,4,46,0,0.3
43,"Darryl Lewis, Louisiana Tech (C-USA)",So.,DB,13,4,93,2,0.3
43,"Brad Muhammad, FIU (C-USA)",Sr.,,13,4,25,1,0.3
43,"Brenton Nelson, Virginia (ACC)",Fr.,DB,13,4,31,0,0.3
43,"Justus Parker, Texas Tech (Big 12)",So.,DB,13,4,114,0,0.3
43,"Delvon Randall, Temple (AAC)",Jr.,DB,13,4,16,0,0.3
43,"Greg Stroman, Virginia Tech (ACC)",Sr.,DB,13,4,47,1,0.3
43,"Jalen Thompson, Washington St. (Pac-12)",So.,DB,13,4,0,0,0.3
43,"Trumaine Washington, Louisville (ACC)",Sr.,DB,13,4,81,1,0.3
43,"Armani Watts, Texas A&M (SEC)",Sr.,DB,13,4,15,0,0.3
64,"Kendall Adams, Kansas St. (Big 12)",Jr.,DB,10,3,51,1,0.3
64,"Steven Montac, South Carolina (SEC)",Jr.,DB,10,3,12,0,0.3
66,"Jaron Bryant, Fresno St. (Mountain West)",So.,DB,14,4,64,2,0.3
66,"T.J. Edwards, Wisconsin (Big Ten)",Jr.,LB,14,4,63,1,0.3
66,"Joe Ferguson, Wisconsin (Big Ten)",Sr.,DB,14,4,136,1,0.3
66,"Jack Jones, Southern California (Pac-12)",So.,DB,14,4,17,0,0.3
66,"Shelton Lewis, Fla. Atlantic (C-USA)",Jr.,DB,14,4,28,0,0.3
66,"Kahlil Robinson, Toledo (MAC)",So.,DB,14,4,40,0,0.3
66,"Chris Tooley, Fla. Atlantic (C-USA)",So.,DB,14,4,14,0,0.3
73,"Amari Coleman, Central Mich. (MAC)",Sr.,DB,11,3,33,1,0.3
73,"Kamari Cotton-Moya, Iowa St. (Big 12)",Sr.,DB,11,3,54,1,0.3
73,"Jawuan Harris, Rutgers (Big Ten)",So.,WR,11,3,29,0,0.3
73,"Kiy Hester, Rutgers (Big Ten)",Jr.,DB,11,3,95,2,0.3
73,"Jeremy McDuffie, Duke (ACC)",Jr.,DB,11,3,78,1,0.3
73,"C.J. Moore, Ole Miss (SEC)",Sr.,DB,11,3,63,0,0.3
73,"Bennett Williams, Illinois (Big Ten)",Fr.,DB,11,3,55,0,0.3
80,"Dominick Sanders, Georgia (SEC)",Sr.,DB,15,4,85,0,0.3
81,"Joshua Allen, Miami (OH) (MAC)",Jr.,DB,12,3,49,1,0.3
81,"Dameon Baber, Nevada (Mountain West)",Jr.,DB,12,3,139,2,0.3
81,"Sean Carter, Old Dominion (C-USA)",Jr.,DB,12,3,32,0,0.3
81,"Secdrick Cooper, Louisiana Tech (C-USA)",Sr.,DB,12,3,32,0,0.3
81,"Tyrel Dodson, Texas A&M (SEC)",So.,LB,12,3,41,1,0.3
81,"B.J. Edmonds, Arkansas St. (Sun Belt)",So.,DB,12,3,19,0,0.3
81,"Ed Hall, Idaho (Sun Belt)",Jr.,LB,12,3,27,0,0.3
81,"Javien Hamilton, Ole Miss (SEC)",Jr.,DB,12,3,26,0,0.3
81,"Jacob Huff, Minnesota (Big Ten)",Jr.,DB,12,3,67,1,0.3
81,"Chris Jackson, Marshall (C-USA)",So.,DB,12,3,108,1,0.3
81,"JC Jackson, Maryland (Big Ten)",Jr.,DB,12,3,0,0,0.3
81,"Donnie Lewis Jr., Tulane (AAC)",Jr.,DB,12,3,16,0,0.3
81,"Solomon Matautia, Hawaii (Mountain West)",So.,LB,12,3,60,1,0.3
81,"Marcus Milton, Bowling Green (MAC)",Jr.,DB,12,3,47,0,0.3
81,"Chad Moore, Ohio (MAC)",Sr.,LB,12,3,46,0,0.3
81,"Deatrick Nichols, South Fla. (AAC)",Sr.,DB,12,3,14,0,0.3
81,"Darius Phillips, Western Mich. (MAC)",Sr.,DB,12,3,63,1,0.3
81,"Jeremy Reaves, South Alabama (Sun Belt)",Sr.,DB,12,3,7,0,0.3
81,"Kevin Richardson II, Arkansas (SEC)",Sr.,DB,12,3,7,0,0.3
81,"Isaiah Rodgers, Massachusetts (FBS Independent)",So.,DB,12,3,59,1,0.3
81,"Darnell Savage, Maryland (Big Ten)",Jr.,DB,12,3,93,1,0.3
81,"Micah Thomas, Navy (AAC)",Sr.,LB,12,3,55,0,0.3
81,"Henre' Toliver, Arkansas (SEC)",Sr.,DB,12,3,66,0,0.3
81,"Kindle Vildor, Ga. Southern (Sun Belt)",So.,DB,12,3,0,0,0.3
81,"Mazzi Wilkins, South Fla. (AAC)",Jr.,DB,12,3,21,0,0.3
81,"Ryan Williamson, Buffalo (MAC)",Sr.,DB,12,3,18,0,0.3
81,"Evan Worthingon, Colorado (Pac-12)",Jr.,DB,12,3,44,0,0.3
108,"Ugochukwu Amadi, Oregon (Pac-12)",Jr.,DB,13,3,21,0,0.2
108,"Joe Bachie, Michigan St. (Big Ten)",So.,LB,13,3,15,0,0.2
108,"Essang Bassey, Wake Forest (ACC)",So.,DB,13,3,30,1,0.2
108,"Shawn Boone, NC State (ACC)",Sr.,DB,13,3,47,1,0.2
108,"Alex Briones, Central Mich. (MAC)",Jr.,LB,13,3,2,0,0.2
108,"Sean Chandler, Temple (AAC)",Sr.,DB,13,3,92,0,0.2
108,"Dane Cruikshank, Arizona (Pac-12)",Sr.,DB,13,3,65,0,0.2
108,"Bryon Fields, Duke (ACC)",Sr.,DB,13,3,81,2,0.2
108,"Demetrius Flannigan-Fowles, Arizona (Pac-12)",Jr.,DB,13,3,5,0,0.2
108,"Reggie Floyd, Virginia Tech (ACC)",So.,DB,13,3,106,1,0.2
108,"Desmond Franklin, App State (Sun Belt)",So.,DB,13,3,72,0,0.2
108,"Jake Gervase, Iowa (Big Ten)",Jr.,DB,13,3,29,0,0.2
108,"Thomas Graham Jr., Oregon (Pac-12)",Fr.,DB,13,3,48,0,0.2
108,"Austin Hall, Memphis (AAC)",So.,LB,13,3,29,0,0.2
108,"Montre Hartage, Northwestern (Big Ten)",Jr.,DB,13,3,0,0,0.2
108,"Anthony Hawkins, Colorado St. (Mountain West)",So.,DB,13,3,18,0,0.2
108,"Darnay Holmes, UCLA (Pac-12)",Fr.,DB,13,3,30,1,0.2
108,"Kameron Kelly, San Diego St. (Mountain West)",Sr.,DB,13,3,44,0,0.2
108,"Ron LaForce, New Mexico St. (Independent)",Jr.,DB,13,3,29,0,0.2
108,"Julian Love, Notre Dame (FBS Independent)",So.,DB,13,3,153,2,0.2
108,"Dakari Monroe, San Jose St. (Mountain West)",Jr.,DB,13,3,39,0,0.2
108,"Airius Moore, NC State (ACC)",Sr.,LB,13,3,4,0,0.2
108,"Tarvarius Moore, Southern Miss. (C-USA)",Sr.,DB,13,3,54,0,0.2
108,"Skai Moore, South Carolina (SEC)",Sr.,LB,13,3,52,1,0.2
108,"Trayvon Mullen, Clemson (ACC)",So.,DB,13,3,0,0,0.2
108,"Tre Neal, UCF (AAC)",Jr.,DB,13,3,79,1,0.2
108,"Kenny Robinson, West Virginia (Big 12)",Fr.,DB,13,3,170,2,0.2
108,"Justin Strnad, Wake Forest (ACC)",So.,LB,13,3,44,0,0.2
108,"Robert Taylor, Washington St. (Pac-12)",Sr.,DB,13,3,-1,0,0.2
108,"Kyzir White, West Virginia (Big 12)",Sr.,DB,13,3,2,0,0.2
108,"Jace Whittaker, Arizona (Pac-12)",Jr.,DB,13,3,70,1,0.2
108,"Chucky Williams, Louisville (ACC)",Sr.,DB,13,3,3,0,0.2
140,"Vosean Crumbie, Nevada (Mountain West)",Jr.,DB,9,2,1,0,0.2
140,"Joshua Kalu, Nebraska (Big Ten)",Sr.,DB,9,2,32,0,0.2
140,"Jordan Kunaszyk, California (Pac-12)",Jr.,LB,9,2,53,0,0.2
143,"Frank Buncom, Stanford (Pac-12)",Jr.,DB,14,3,37,0,0.2
143,"Ryan Carter, Clemson (ACC)",Sr.,DB,14,3,12,1,0.2
143,"Ulysees Gilbert, Akron (MAC)",Jr.,LB,14,3,69,1,0.2
143,"Ajene Harris, Southern California (Pac-12)",Jr.,DB,14,3,31,1,0.2
143,"Ronnie Harrison, Alabama (SEC)",Jr.,DB,14,3,7,0,0.2
143,"Trevon Mathis, Toledo (MAC)",Sr.,DB,14,3,8,0,0.2
143,"Kekoa Nawahine, Boise St. (Mountain West)",So.,DB,14,3,64,0,0.2
143,"Nick Orr, TCU (Big 12)",Sr.,DB,14,3,34,0,0.2
143,"Marvell Tell, Southern California (Pac-12)",Jr.,DB,14,3,64,1,0.2
143,"Leighton Vander Esch, Boise St. (Mountain West)",Jr.,LB,14,3,47,0,0.2
143,"Levi Wallace, Alabama (SEC)",Sr.,DB,14,3,66,1,0.2
