Rank,Player,Cl,Pos,G,Int,Int Ret Yds,Int Ret TDs,Int PG
1,"Greg Liggs Jr., Elon (CAA)",Sr.,DB,11,8,89,1,0.7
2,"Brandon Easterling, Dayton (Pioneer)",Jr.,DB,11,6,172,1,0.5
2,"Joseph McWilliams, Grambling (SWAC)",Sr.,DB,11,6,243,3,0.5
4,"Ferlando Jordan, Southeastern La. (Southland)",So.,DB,10,5,255,3,0.5
4,"David Tolbert, San Diego (Pioneer)",Sr.,DB,12,6,66,1,0.5
6,"Kordell Jackson, Austin Peay (OVC)",Jr.,DB,15,7,159,2,0.5
7,"Dexter Lawson, Central Conn. St. (NEC)",So.,DB,13,6,75,1,0.5
8,"Michael Lawson, Lamar University (Southland)",Jr.,DB,11,5,101,1,0.5
8,"Momodou Mbye, Rhode Island (CAA)",Sr.,DB,11,5,8,0,0.5
10,"Shemar Bartholomew, Northwestern St. (Southland)",So.,DB,9,4,96,1,0.4
11,"Michael Tutsie, North Dakota St. (MVFC)",So.,DB,16,7,122,0,0.4
12,"Anthony Adams, Portland St. (Big Sky)",So.,DB,12,5,16,0,0.4
12,"Jamari Booker, Valparaiso (Pioneer)",Sr.,DB,12,5,58,0,0.4
12,"Devyn Coles, Norfolk St. (MEAC)",Fr.,DB,12,5,29,0,0.4
12,"Darion Dunn, McNeese (Southland)",Jr.,DB,12,5,12,0,0.4
12,"Bryan Mills, N.C. Central (MEAC)",Jr.,DB,12,5,61,0,0.4
12,"Keon Paye, Towson (CAA)",Sr.,LB,12,5,122,1,0.4
12,"Artevius Smith, ETSU (SoCon)",Sr.,DB,12,5,63,0,0.4
12,"Coby Tippett, Towson (CAA)",Jr.,DB,12,5,67,0,0.4
20,"Omar Brown, UNI (MVFC)",Fr.,DB,15,6,27,0,0.4
20,"Jeremy Chinn, Southern Ill. (MVFC)",Sr.,DB,10,4,33,0,0.4
20,"Jaylen Harris, Prairie View (SWAC)",Sr.,DB,10,4,48,1,0.4
20,"Reid Harrison-Ducros, Duquesne (NEC)",Jr.,DB,10,4,9,0,0.4
20,"Jaylon Jimmerson, UIW (Southland)",Fr.,DB,10,4,76,0,0.4
25,"Qwynnterrio Cole, Alcorn (SWAC)",Jr.,DB,13,5,61,0,0.4
25,"Chris Riley, Holy Cross (Patriot)",Sr.,DB,13,5,49,0,0.4
25,"Robert Rochell, Central Ark. (Southland)",Jr.,DB,13,5,34,0,0.4
25,"Tamaurice Smith, Southern U. (SWAC)",So.,,13,5,2,0,0.4
29,"Adam Smith, James Madison (CAA)",Sr.,DB,16,6,64,0,0.4
30,"Jaquan Amos, Villanova (CAA)",Jr.,DB,11,4,76,2,0.4
30,"Marquese Bell, Florida A&M (MEAC)",So.,DB,11,4,39,0,0.4
30,"Evan Horn, New Hampshire (CAA)",Jr.,DB,11,4,53,1,0.4
30,"Will Warner, Drake (Pioneer)",Sr.,DB,11,4,17,0,0.4
34,"Anthony Budd, Monmouth (Big South)",Jr.,DB,14,5,-4,0,0.4
35,"Calin Criner, Eastern Wash. (Big Sky)",Jr.,DB,12,4,0,0,0.3
35,"Michael Griffin II, South Dakota St. (MVFC)",Jr.,DB,12,4,64,0,0.3
35,"James Hendricks, North Dakota St. (MVFC)",Sr.,DB,15,5,100,0,0.3
35,"Dathan Hickey, Yale (Ivy League)",So.,DB,9,3,5,0,0.3
35,"Zyon McCollum, Sam Houston (Southland)",Jr.,DB,9,3,26,1,0.3
35,"JJ Ross, Eastern Ill. (OVC)",Fr.,DB,12,4,55,0,0.3
35,"Gio Vonne Sanders, Saint Francis (PA) (NEC)",So.,DB,12,4,89,0,0.3
35,"D'Carrious Stephens, UT Martin (OVC)",Jr.,LB,9,3,28,1,0.3
35,"Devin Taylor, Illinois St. (MVFC)",Jr.,DB,15,5,47,0,0.3
35,"Michael Walker, Northern Colo. (Big Sky)",Sr.,DB,12,4,43,1,0.3
45,"Logan Backhaus, South Dakota St. (MVFC)",Jr.,LB,13,4,0,0,0.3
45,"Taurence Wilson, Alcorn (SWAC)",Sr.,DB,13,4,88,1,0.3
47,"Christian Angulo, Hampton (Big South)",Jr.,DB,10,3,0,0,0.3
47,"Kyle Ellis, Yale (Ivy League)",So.,DB,10,3,30,1,0.3
47,"Rod Haygood, Presbyterian (Big South)",Jr.,DB,10,3,28,0,0.3
47,"Kevin Howell, Cal Poly (Big Sky)",Jr.,DB,10,3,58,1,0.3
47,"Max Jones, Harvard (Ivy League)",Jr.,DB,10,3,0,0,0.3
47,"Dwight Lawrence, Stetson (Pioneer)",So.,DB,10,3,24,0,0.3
47,"Tyler Lovelace, Missouri St. (MVFC)",Jr.,LB,10,3,67,0,0.3
47,"Devanir Martin, Grambling (SWAC)",So.,DB,10,3,77,0,0.3
47,"Cory McCoy, McNeese (Southland)",Jr.,DB,10,3,3,0,0.3
47,"Brian O'Neill, Penn (Ivy League)",Jr.,LB,10,3,29,0,0.3
47,"Sultaan Shabazz, Princeton (Ivy League)",Jr.,DB,10,3,0,0,0.3
47,"Darrin Smalls, Charleston So. (Big South)",Sr.,DB,10,3,38,0,0.3
47,"Jelani Taylor, Cornell (Ivy League)",Sr.,DB,10,3,0,0,0.3
47,"Daniel Tolbert, San Diego (Pioneer)",Sr.,DB,10,3,8,0,0.3
61,"Alex Gubner, Montana (Big Sky)",Fr.,DL,14,4,22,0,0.3
61,"Josh Wynn, UAlbany (CAA)",Sr.,DB,14,4,19,0,0.3
63,"Drake Cheatum, Prairie View (SWAC)",So.,,11,3,79,0,0.3
63,"Naytron Culpepper, Alabama St. (SWAC)",So.,DB,11,3,59,0,0.3
63,"Decobie DURANT, South Carolina St. (MEAC)",So.,FC,11,3,0,0,0.3
63,"Miles Hayes, William & Mary (CAA)",Sr.,DB,11,3,38,0,0.3
63,"Jonathan Honore, Georgetown (Patriot)",Jr.,DB,11,3,48,0,0.3
63,"Rashad Jenkins, Jackson St. (SWAC)",Jr.,DB,11,3,0,0,0.3
63,"Jonathan Jones, Mississippi Val. (SWAC)",Sr.,DB,11,3,35,0,0.3
63,"Synceir Malone, Stony Brook (CAA)",Sr.,DB,11,3,49,1,0.3
63,"Trevor Merritt, Bethune-Cookman (MEAC)",Sr.,DB,11,3,94,2,0.3
63,"Ashotn Preston, UIW (Southland)",Sr.,DB,11,3,21,0,0.3
63,"Noah Provenzano, Sacred Heart (NEC)",Sr.,DB,11,3,59,1,0.3
63,"Daniel Reid-Bennett, Elon (CAA)",Sr.,DB,11,3,25,0,0.3
63,"Collin Seymour, Drake (Pioneer)",Sr.,DB,11,3,13,0,0.3
63,"A.J. Smith, VMI (SoCon)",Jr.,DB,11,3,39,0,0.3
63,"Prince Smith, Jr., New Hampshire (CAA)",Sr.,DB,11,3,50,0,0.3
63,"Shawn Steele, Ark.-Pine Bluff (SWAC)",Jr.,DB,11,3,47,0,0.3
63,"Ryan Webb, Marist (Pioneer)",Jr.,DB,11,3,43,1,0.3
80,"Christian Jegen, UNI (MVFC)",Sr.,WR,15,4,92,0,0.3
80,"Charles Woods, Illinois St. (MVFC)",So.,DB,15,4,61,0,0.3
82,"Andre Brackett, Bryant (NEC)",Jr.,DB,12,3,61,0,0.3
82,"John Brannon III, Western Caro. (SoCon)",Sr.,DB,12,3,23,1,0.3
82,"Seth Carlisle, Tennessee Tech (OVC)",So.,LB,12,3,22,0,0.3
82,"Kendrick Catis, Murray St. (OVC)",Sr.,LB,12,3,67,1,0.3
82,"Kendall Coles, Central Conn. St. (NEC)",Jr.,DB,12,3,30,1,0.3
82,"Rodney Dennard, Howard (MEAC)",So.,DB,12,3,21,0,0.3
82,"Daulson Fitzpatrick, Eastern Ky. (OVC)",So.,DB,12,3,38,0,0.3
82,"Desmond Fletcher, Alabama A&M (SWAC)",Sr.,DB,12,3,38,0,0.3
82,"Ja'Kobe Harris, Weber St. (Big Sky)",Fr.,DB,12,3,44,0,0.3
82,"Tavin Harville, Robert Morris (NEC)",Jr.,WR,12,3,50,0,0.3
82,"Collin Heard, Colgate (Patriot)",So.,DB,12,3,16,0,0.3
82,"Justin Jackson, McNeese (Southland)",Sr.,DB,12,3,34,0,0.3
82,"Cassius Johnson, San Diego (Pioneer)",Jr.,DB,12,3,0,0,0.3
82,"Carlton Johnson, Southern Utah (Big Sky)",So.,DB,12,3,72,1,0.3
82,"Zaire Jones, Youngstown St. (MVFC)",Jr.,DB,12,3,30,1,0.3
82,"Devon King, UC Davis (Big Sky)",So.,DB,12,3,12,0,0.3
82,"Isaiah Laster, William & Mary (CAA)",Sr.,DB,12,3,0,0,0.3
82,"Rayshawn McCall, Davidson (Pioneer)",Sr.,DB,12,3,62,1,0.3
82,"Markeith Montgomery, Kennesaw St. (Big South)",So.,DB,12,3,20,0,0.3
82,"Chris  Moseley, N.C. A&T (MEAC)",Sr.,DB,12,3,8,0,0.3
82,"Jerick Pitre, UIW (Southland)",Jr.,LB,12,3,69,1,0.3
82,"Adrian Portlock, Alabama A&M (SWAC)",Jr.,DB,12,3,53,0,0.3
82,"Evan Powell, Monmouth (Big South)",Sr.,LB,12,3,28,0,0.3
82,"Nhyre Quinerly, Norfolk St. (MEAC)",Sr.,DB,12,3,79,1,0.3
82,"Shawn Ramcheran, Sacred Heart (NEC)",Sr.,DB,12,3,41,1,0.3
82,"Willie Roberts, SFA (Southland)",Fr.,DB,12,3,40,0,0.3
82,"Beau Snuggs, Butler (Pioneer)",So.,DB,12,3,49,1,0.3
82,"Ryan Stapp, Abilene Christian (Southland)",Fr.,DB,12,3,55,0,0.3
82,"Jaylen Thomas, Sam Houston (Southland)",Jr.,DB,12,3,-1,0,0.3
82,"Elijah Trent, Villanova (CAA)",So.,DB,12,3,68,1,0.3
82,"Traco Williams, Jacksonville St. (OVC)",Sr.,DB,12,3,40,0,0.3
113,"Jacob Dobbs, Holy Cross (Patriot)",Fr.,LB,13,3,62,1,0.2
113,"Bydarrius Knighten, Southeast Mo. St. (OVC)",Jr.,DB,13,3,0,0,0.2
113,"Xavier Lewis, Southeastern La. (Southland)",Sr.,DB,13,3,29,0,0.2
113,"Jakoby Pappillion, Southern U. (SWAC)",Jr.,DB,13,3,22,0,0.2
113,"John Smith, Holy Cross (Patriot)",So.,DB,13,3,42,1,0.2
113,"Shawntrez Spates, Southeastern La. (Southland)",Sr.,DB,13,3,21,0,0.2
119,"Andrew Hines, Florida A&M (MEAC)",Sr.,DB,9,2,41,0,0.2
119,"Rodney Thomas, Yale (Ivy League)",Jr.,DB,9,2,52,1,0.2
119,"Marquis Wilson, Lehigh (Patriot)",Sr.,DB,9,2,58,0,0.2
122,"Rashad Robinson, James Madison (CAA)",Sr.,DB,14,3,3,0,0.2
122,"Damien Washington, Montana St. (Big Sky)",Sr.,DB,14,3,51,0,0.2
124,"Matt Clifford, Dayton (Pioneer)",Sr.,DB,10,2,61,0,0.2
124,"Reid Cortez, Florida A&M (MEAC)",Fr.,DB,10,2,18,0,0.2
124,"BJ DAVIS, South Carolina St. (MEAC)",Fr.,,10,2,90,1,0.2
124,"Byron Edward, Texas Southern (SWAC)",Sr.,DB,10,2,24,0,0.2
124,"TJ Floyd, Princeton (Ivy League)",Sr.,DB,10,2,26,0,0.2
124,"Eddie Heckard, Weber St. (Big Sky)",So.,DB,15,3,36,0,0.2
124,"JJ Henderson, Stetson (Pioneer)",Jr.,DB,10,2,-2,0,0.2
124,"David Jones, Cornell (Ivy League)",Sr.,DB,10,2,6,0,0.2
124,"Brayden Konkol, Montana St. (Big Sky)",Sr.,DB,15,3,6,0,0.2
124,"Destin Mack, The Citadel (SoCon)",So.,LB,10,2,18,0,0.2
124,"Ben Mathiasmeier, Columbia (Ivy League)",Jr.,DB,10,2,0,0,0.2
124,"Jack McGowan, Harvard (Ivy League)",Jr.,LB,10,2,-9,0,0.2
124,"Jason Medeiros, Brown (Ivy League)",So.,RB,10,2,29,0,0.2
124,"Kam Prewitt, Campbell (Big South)",Sr.,DB,10,2,77,1,0.2
124,"Jacob Roberts, N.C. A&T (MEAC)",Fr.,LB,10,2,40,0,0.2
124,"Melvin Rouse II, Yale (Ivy League)",Jr.,DB,10,2,-5,0,0.2
124,"Jalon Scott, Stetson (Pioneer)",Sr.,DB,10,2,26,0,0.2
124,"Delon Smith, Houston Christian (Southland)",Jr.,DB,10,2,0,0,0.2
124,"Jack Traynor, Dartmouth (Ivy League)",Sr.,LB,10,2,93,1,0.2
124,"Kaleb Tucker, VMI (SoCon)",Sr.,DB,10,2,21,0,0.2
144,"CJ Austin, Morehead St. (Pioneer)",Jr.,DB,11,2,3,0,0.2
144,"Ja'Corey Benjamin, Texas Southern (SWAC)",Fr.,DB,11,2,8,0,0.2
144,"James Biggs-Frazier, Fordham (Patriot)",Sr.,DB,11,2,5,0,0.2
144,"Keenan Black, Delaware St. (MEAC)",Sr.,QB,11,2,0,0,0.2
144,"D'Andre Blue-Eli, Delaware St. (MEAC)",So.,DB,11,2,4,0,0.2
144,"Jace Bobo, Northern Colo. (Big Sky)",So.,LB,11,2,9,0,0.2
144,"Justin  Brown , Hampton (Big South)",Sr.,DB,11,2,2,0,0.2
144,"Terray Bryant, Youngstown St. (MVFC)",Jr.,LB,11,2,7,0,0.2
144,"Shamere Collins, Sacred Heart (NEC)",So.,DB,11,2,31,0,0.2
144,"Blake Conner, Ark.-Pine Bluff (SWAC)",Sr.,DB,11,2,5,0,0.2
144,"Jamieson Craske, Stetson (Pioneer)",Sr.,LB,11,2,43,0,0.2
144,"Jaylen Evans, South Carolina St. (MEAC)",Jr.,,11,2,60,0,0.2
144,"Kyle Fleitman, Marist (Pioneer)",So.,DB,11,2,0,0,0.2
144,"Justin Fonteneaux, Georgetown (Patriot)",So.,LB,11,2,13,0,0.2
144,"Josh Green, Tennessee St. (OVC)",Fr.,DB,11,2,0,0,0.2
144,"Pete Haffner, Lehigh (Patriot)",Jr.,LB,11,2,11,0,0.2
144,"Madre Harper, Southern Ill. (MVFC)",Sr.,DB,11,2,3,0,0.2
144,"Josh Hayes, Eastern Ky. (OVC)",Jr.,DB,11,2,0,0,0.2
144,"Dervin Hylton, Fordham (Patriot)",Jr.,DB,11,2,0,0,0.2
144,"Alfred King, Houston Christian (Southland)",Sr.,DB,11,2,26,0,0.2
144,"Derrick Mayweather, Florida A&M (MEAC)",Jr.,LB,11,2,6,0,0.2
144,"Rick Mottram, Bucknell (Patriot)",Jr.,LB,11,2,11,0,0.2
144,"Ke'Shon Murray, Sam Houston (Southland)",So.,DB,11,2,0,0,0.2
144,"Louis Otis, UIW (Southland)",So.,DB,11,2,33,0,0.2
144,"Charles Peeler, Delaware St. (MEAC)",Jr.,WR,11,2,43,0,0.2
144,"Tydarius Peters, Bethune-Cookman (MEAC)",Sr.,DB,11,2,25,1,0.2
144,"Phillip Powell, South Dakota (MVFC)",Jr.,DB,11,2,0,0,0.2
144,"Nick Rinella, Saint Francis (PA) (NEC)",Sr.,DB,11,2,34,0,0.2
144,"Demarcus Robinson, Prairie View (SWAC)",Sr.,,11,2,0,0,0.2
144,"Kobe Rodgers, Gardner-Webb (Big South)",Jr.,DB,11,2,0,0,0.2
144,"Conner Romango, Bucknell (Patriot)",Jr.,DB,11,2,25,0,0.2
144,"Zach Rumpke, Dayton (Pioneer)",Fr.,DB,11,2,9,0,0.2
144,"Delano Salgado, Georgetown (Patriot)",So.,DB,11,2,0,0,0.2
144,"Matt Shotwell, Cal Poly (Big Sky)",Jr.,LB,11,2,3,0,0.2
144,"Noah Suber, Presbyterian (Big South)",So.,DB,11,2,0,0,0.2
144,"Khalid Taylor, Southern Utah (Big Sky)",Jr.,DB,11,2,34,0,0.2
144,"Quinaz Turner, Murray St. (OVC)",So.,DB,11,2,0,0,0.2
144,"Donniel Ward-Magee, Southeastern La. (Southland)",So.,DB,11,2,29,0,0.2
144,"Cedric Wilcox III, Jacksonville (Pioneer)",Jr.,LB,11,2,6,0,0.2
144,"Drew Wiley, Villanova (CAA)",Sr.,LB,11,2,7,0,0.2
144,"Keith Woetzel, Lehigh (Patriot)",Sr.,LB,11,2,40,0,0.2
144,"Brennan Young, Houston Christian (Southland)",So.,LB,11,2,49,0,0.2
