Rank,Player,Cl,Pos,G,Int,Int Ret Yds,Int Ret TDs,Int PG
1,"Justin Ford, Montana (Big Sky)",Jr.,CB,13,9,88,2,0.7
2,"Johnathon Edwards, Austin Peay (OVC)",Sr.,DB,11,7,54,0,0.6
3,"Malachi Buckner, Gardner-Webb (Big South)",Jr.,DB,9,5,53,0,0.6
4,"Jordan Jones, Rhode Island (CAA)",Jr.,DB,11,6,140,1,0.5
5,"Christian Benford, Villanova (CAA)",Sr.,DB,13,7,66,1,0.5
6,"Clayborne Fields III, Marist (Pioneer)",Jr.,S,10,5,96,0,0.5
6,"Omari Hill-Robinson, Bethune-Cookman (SWAC)",Jr.,DB,10,5,38,0,0.5
8,"Zy Alexander, Southeastern La. (Southland)",Fr.,DB,13,6,43,0,0.5
9,"Travis Blackshear, Furman (SoCon)",Jr.,DB,11,5,71,0,0.5
9,"Brandon Dowdell, Chattanooga (SoCon)",Sr.,DB,11,5,37,0,0.5
9,"Jerrell Lawson, Chattanooga (SoCon)",Sr.,DB,11,5,44,1,0.5
9,"Destin Mack, The Citadel (SoCon)",Sr.,LB,11,5,142,0,0.5
9,"Morgan Vest, Northern Ariz. (Big Sky)",Jr.,DB,11,5,71,0,0.5
14,"Drake Cheatum, Prairie View (SWAC)",Jr.,S,12,5,108,1,0.4
15,"Rassie Littlejohn, Stetson (Pioneer)",So.,DB,10,4,71,0,0.4
15,"Ben Mathiasmeier, Columbia (Ivy League)",Sr.,DB,10,4,86,0,0.4
15,"Alex Washington, Harvard (Ivy League)",So.,CB,10,4,0,0,0.4
15,"Teddy Wright, Marist (Pioneer)",Sr.,S,10,4,7,0,0.4
19,"Tyree Robinson, ETSU (SoCon)",Sr.,DB,13,5,129,0,0.4
19,"John Smith, Holy Cross (Patriot)",Sr.,DB,13,5,40,0,0.4
21,"Jordan White, Youngstown St. (MVFC)",So.,DB,8,3,13,0,0.4
22,"Esaias Guthrie, Delaware St. (MEAC)",Fr.,DB,11,4,95,1,0.4
22,"Gage Herdman, William & Mary (CAA)",Sr.,DB,11,4,111,1,0.4
22,"Trai Hodges, Southeast Mo. St. (OVC)",Sr.,DB,11,4,10,0,0.4
22,"Khiyree Keith, Morehead St. (Pioneer)",Sr.,DB,11,4,1,0,0.4
22,"Michael Lawson, Western Ill. (MVFC)",Sr.,DB,11,4,75,1,0.4
22,"Shamari Simmons, Austin Peay (OVC)",Jr.,DB,11,4,41,0,0.4
28,"BJ Bohler, Florida A&M (SWAC)",Jr.,DB,12,4,106,0,0.3
28,"Montrae Braswell, Missouri St. (MVFC)",Jr.,CB,12,4,46,1,0.3
28,"Myles Brooks, SFA (WAC)",Jr.,DB,12,4,14,1,0.3
28,"Jack Cochrane, South Dakota (MVFC)",Sr.,LB,12,4,30,0,0.3
28,"Greg Filer III, Sacramento St. (Big Sky)",Sr.,DB,12,4,58,1,0.3
28,"Clayton Isbell, Illinois St. (MVFC)",Jr.,DB,9,3,52,1,0.3
28,"Marte Mapu, Sacramento St. (Big Sky)",Jr.,DB,12,4,107,0,0.3
28,"Benny Sapp, UNI (MVFC)",Sr.,DB,12,4,43,0,0.3
28,"Khalid Thomas, Harvard (Ivy League)",Sr.,DB,9,3,31,0,0.3
28,"Jeremiah Walker, SFA (WAC)",So.,CB,12,4,69,1,0.3
28,"Lance Wise, Mercer (SoCon)",So.,DB,9,3,90,1,0.3
39,"Oshae Baker, UT Martin (OVC)",Fr.,DB,13,4,47,0,0.3
39,"Elliott Davison, UIW (Southland)",So.,DB,13,4,18,0,0.3
39,"John Ford, UT Martin (OVC)",Sr.,LB,13,4,163,1,0.3
39,"Shilo Sanders, Jackson St. (SWAC)",So.,DB,13,4,99,0,0.3
43,"Tyler Dressler, Richmond (CAA)",Sr.,LB,10,3,65,1,0.3
43,"James Herring, Harvard (Ivy League)",Jr.,S,10,3,7,0,0.3
43,"Hombre Kennedy, Charleston So. (Big South)",Sr.,DB,10,3,57,0,0.3
43,"Jason McCleod, Penn (Ivy League)",Sr.,DB,10,3,0,0,0.3
43,"Justin Toler, Norfolk St. (MEAC)",So.,DB,10,3,68,0,0.3
43,"Jarrius Wallace, McNeese (Southland)",Sr.,DB,10,3,47,0,0.3
49,"Greg Ross, James Madison (CAA)",Sr.,CB,14,4,43,0,0.3
49,"Diamonte Tucker-Dorsey, James Madison (CAA)",Jr.,LB,14,4,55,1,0.3
49,"Simeon Woodard, Montana St. (Big Sky)",Fr.,DB,14,4,19,0,0.3
52,"Anthony Adams, Portland St. (Big Sky)",Sr.,DB,11,3,11,0,0.3
52,"Joe Andreessen, Bryant (NEC)",Sr.,LB,11,3,-1,0,0.3
52,"Cameron Barrett, Morehead St. (Pioneer)",Sr.,LB,11,3,33,0,0.3
52,"Jace Bobo, Northern Colo. (Big Sky)",Jr.,LB,11,3,12,0,0.3
52,"Kahzir Brown, Maine (CAA)",Fr.,LB,11,3,16,0,0.3
52,"Austin Chilton, Valparaiso (Pioneer)",So.,DB,11,3,38,0,0.3
52,"Dimarcus Clay, Furman (SoCon)",Sr.,DB,11,3,44,0,0.3
52,"Keonte' Daniels, Mississippi Val. (SWAC)",Sr.,DB,11,3,42,0,0.3
52,"Irshaad Davis, Alabama St. (SWAC)",Jr.,DB,11,3,35,0,0.3
52,"Chris Edmonds, Samford (SoCon)",Jr.,WR,11,3,25,0,0.3
52,"Chase Foster, Southern U. (SWAC)",Sr.,DB,11,3,36,0,0.3
52,"Andre Fuller, Ark.-Pine Bluff (SWAC)",So.,DB,11,3,151,1,0.3
52,"Jawain Granger, Delaware St. (MEAC)",Sr.,DB,11,3,0,0,0.3
52,"Romell Harris-Freeman, Delaware St. (MEAC)",So.,DB,11,3,49,0,0.3
52,"JJ Henderson, Indiana St. (MVFC)",Sr.,DB,11,3,26,0,0.3
52,"Jarrell Jackson, Illinois St. (MVFC)",Sr.,DB,11,3,96,1,0.3
52,"Lemondre Joe, Missouri St. (MVFC)",Fr.,CB,11,3,45,1,0.3
52,"Marlon Jones Jr., Eastern Wash. (Big Sky)",So.,DB,11,3,3,0,0.3
52,"Andreas Keaton, Western Caro. (SoCon)",Fr.,S,11,3,27,0,0.3
52,"Zafir Kelly, South Carolina St. (MEAC)",Sr.,DB,11,3,45,0,0.3
52,"Quincy Mitchell, Grambling (SWAC)",Jr.,DB,11,3,87,1,0.3
52,"Eddie Morales III, Monmouth (Big South)",Sr.,DB,11,3,94,0,0.3
52,"Javan Morgan, Florida A&M (SWAC)",So.,DB,11,3,-3,0,0.3
52,"Hunter Nichols, San Diego (Pioneer)",Sr.,DB,11,3,44,0,0.3
52,"Tyler Noble, Morehead St. (Pioneer)",Sr.,DB,11,3,0,0,0.3
52,"Randy Pringle, Stony Brook (CAA)",Jr.,DB,11,3,6,0,0.3
52,"Connor Reid, Butler (Pioneer)",Jr.,DB,11,3,36,0,0.3
52,"Davion Ross, Eastern Ky. (ASUN)",So.,DB,11,3,83,3,0.3
52,"Brandon Savage, Norfolk St. (MEAC)",Jr.,DB,11,3,0,0,0.3
52,"Joseph Sayles, Eastern Ky. (ASUN)",Jr.,DB,11,3,37,0,0.3
52,"Kobe Singleton, Southern Utah (Big Sky)",Fr.,CB,11,3,66,1,0.3
52,"Noah Stansbury, New Hampshire (CAA)",So.,S,11,3,22,0,0.3
52,"Jaylen Thomas, Sam Houston (WAC)",Sr.,DB,11,3,51,1,0.3
85,"Dalys Beanum, South Dakota St. (MVFC)",So.,CB,15,4,96,2,0.3
85,"Jeffrey Manning, Montana St. (Big Sky)",Jr.,DB,15,4,49,0,0.3
85,"Dawson Weber, North Dakota St. (MVFC)",Sr.,S,15,4,11,0,0.3
88,"Shamere Collins, Sacred Heart (NEC)",Sr.,DB,12,3,41,0,0.2
88,"Decobie DURANT, South Carolina St. (MEAC)",Sr.,FC,12,3,0,0,0.2
88,"Eric Diggs, Cornell (Ivy League)",Sr.,S,8,2,9,0,0.2
88,"Austin Evans, UNI (MVFC)",Sr.,DB,12,3,76,1,0.2
88,"Marcus Hawkins, Sacramento St. (Big Sky)",Sr.,LB,12,3,0,0,0.2
88,"Salaam Horne, Sacred Heart (NEC)",Sr.,DB,12,3,44,0,0.2
88,"Zyon McCollum, Sam Houston (WAC)",Sr.,DB,12,3,24,0,0.2
88,"David Miller, Southern Ill. (MVFC)",Fr.,CB,12,3,22,0,0.2
88,"Cam'Ron Silmon-Craig, Jackson St. (SWAC)",Fr.,DB,12,3,11,0,0.2
88,"Kamron Smith, Charleston So. (Big South)",Fr.,DB,8,2,14,0,0.2
88,"Alex Villas, Stetson (Pioneer)",Fr.,DB,8,2,28,1,0.2
88,"Jaylin White, UC Davis (Big Sky)",Sr.,DB,12,3,31,0,0.2
88,"Tylar Wiltz, Missouri St. (MVFC)",Sr.,LB,12,3,87,1,0.2
101,"Liam Anderson, Holy Cross (Patriot)",Sr.,LB,13,3,41,1,0.2
101,"Qua Brown, Southern Ill. (MVFC)",Sr.,DB,13,3,51,0,0.2
101,"Clayton Bush, Southern Ill. (MVFC)",Jr.,DB,13,3,38,0,0.2
101,"Demetrius Crosby Jr., Eastern Wash. (Big Sky)",Jr.,DB,13,3,0,0,0.2
101,"Rashon Davis, UIW (Southland)",Sr.,DB,13,3,31,0,0.2
101,"Alijah Huzzie, ETSU (SoCon)",Fr.,DB,13,3,61,0,0.2
101,"Walter Reynolds, Holy Cross (Patriot)",Sr.,DB,13,3,0,0,0.2
101,"Marcus Welnel, Montana (Big Sky)",Jr.,LB,13,3,6,0,0.2
109,"Shemar Bartholomew, Northwestern St. (Southland)",Jr.,CB,9,2,0,0,0.2
109,"Andrew Bloodsaw, Jr., Mississippi Val. (SWAC)",So.,DB,9,2,0,0,0.2
109,"Caleb Brown, Hampton (Big South)",Sr.,DB,9,2,0,0,0.2
109,"Kaleb Coleman, Morgan St. (MEAC)",Fr.,S,9,2,44,0,0.2
109,"Mark Collins, Towson (CAA)",Sr.,DB,9,2,83,1,0.2
109,"Raymond Crittenden, Saint Francis (PA) (NEC)",Sr.,S,9,2,7,1,0.2
109,"Rod Gattison, Western Caro. (SoCon)",So.,DB,9,2,25,0,0.2
109,"Kaiyon Gunn, Central Conn. St. (NEC)",Fr.,DB,9,2,0,0,0.2
109,"Nicario Harper, Jacksonville St. (ASUN)",So.,DB,9,2,37,0,0.2
109,"PJ Herrington, Northwestern St. (Southland)",Jr.,S,9,2,7,0,0.2
109,"Colby Humphrey, Northern Ariz. (Big Sky)",Fr.,DB,9,2,62,0,0.2
109,"Jeremiah Josephs, Duquesne (NEC)",So.,DB,9,2,91,0,0.2
109,"Rudy Silvera, LIU (NEC)",Jr.,WR,9,2,16,0,0.2
109,"Darion Slade, Campbell (Big South)",Sr.,DB,9,2,29,0,0.2
109,"Luke Ward, Mercer (SoCon)",Sr.,DB,9,2,19,0,0.2
109,"Dameon Williams, Gardner-Webb (Big South)",Sr.,DB,9,2,24,0,0.2
125,"Jasir Cox, North Dakota St. (MVFC)",Sr.,LB,14,3,55,0,0.2
125,"Malik Lofton, South Dakota St. (MVFC)",Sr.,CB,14,3,-2,0,0.2
127,"Daniel Abraham, Harvard (Ivy League)",Sr.,RB,10,2,19,0,0.2
127,"Devin Aguilar, Butler (Pioneer)",Sr.,DB,10,2,14,0,0.2
127,"Will Allen, Columbia (Ivy League)",Sr.,DB,10,2,47,0,0.2
127,"Ty Apana-Purcell, Portland St. (Big Sky)",Sr.,DB,10,2,11,0,0.2
127,"Daniel Beard, Princeton (Ivy League)",Sr.,LB,10,2,9,0,0.2
127,"Jerome Brooks III, LIU (NEC)",Sr.,DB,10,2,0,0,0.2
127,"Christian Brown, Princeton (Ivy League)",Sr.,DB,10,2,42,0,0.2
127,"Glenn Brown III, Southern U. (SWAC)",Sr.,DB,10,2,14,0,0.2
127,"Joe Bubonics, Dayton (Pioneer)",Sr.,DB,10,2,39,0,0.2
127,"Jonathan Cabral-Martin, Central Conn. St. (NEC)",Fr.,S,10,2,63,0,0.2
127,"Nick Cagnetto, Drake (Pioneer)",Jr.,DB,10,2,40,0,0.2
127,"Jordan Colbert, Columbia (Ivy League)",Sr.,DB,10,2,21,0,0.2
127,"Elijah Coleman, Howard (MEAC)",Jr.,DB,10,2,39,0,0.2
127,"Tarik Cooper, Texas Southern (SWAC)",Jr.,LB,10,2,23,0,0.2
127,"Russell Dandy, Eastern Ill. (OVC)",Sr.,DB,10,2,0,0,0.2
127,"Leandro DeBrito, Duquesne (NEC)",Sr.,DB,10,2,1,0,0.2
127,"Grant Dixon, Youngstown St. (MVFC)",Sr.,LB,10,2,16,0,0.2
127,"Markel Gladney, Mississippi Val. (SWAC)",Sr.,DB,10,2,0,0,0.2
127,"Elijah Glover, Villanova (CAA)",Jr.,DB,10,2,52,0,0.2
127,"Eddie Graham, Tennessee St. (OVC)",Sr.,DB,10,2,10,0,0.2
127,"Isaiah Hamilton, Texas Southern (SWAC)",Fr.,CB,10,2,0,0,0.2
127,"Aaron Harris, Northern Colo. (Big Sky)",Jr.,DB,10,2,34,1,0.2
127,"Tavin Harville, Robert Morris (Big South)",Sr.,DB,10,2,12,0,0.2
127,"RodneyThomas II, Yale (Ivy League)",Sr.,SS,10,2,4,0,0.2
127,"Kole Jones, N.C. Central (MEAC)",Fr.,DB,10,2,0,0,0.2
127,"Ahmad Lyons, Wagner (NEC)",Sr.,DB,10,2,26,0,0.2
127,"Davion Maxwell, Stetson (Pioneer)",So.,DB,10,2,13,0,0.2
127,"Jack McGowan, Harvard (Ivy League)",Sr.,LB,10,2,1,0,0.2
127,"DaVontae McKee, Murray St. (OVC)",So.,CB,10,2,21,0,0.2
127,"Kaelub Newman, Indiana St. (MVFC)",Sr.,DB,10,2,0,0,0.2
127,"Chris Panko, Davidson (Pioneer)",Jr.,DB,10,2,11,0,0.2
127,"Clayton Perrin, Brown (Ivy League)",Sr.,DB,10,2,0,0,0.2
127,"Arthur Pinckney, Marist (Pioneer)",Jr.,LB,10,2,13,0,0.2
127,"Jeran Proctor, Drake (Pioneer)",Sr.,DB,10,2,41,0,0.2
127,"Colby Richardson, McNeese (Southland)",Sr.,DB,10,2,37,0,0.2
127,"Lawrence Richardson, Morgan St. (MEAC)",Jr.,LB,10,2,13,0,0.2
127,"Gavin Robertson, Montana (Big Sky)",Sr.,S,10,2,0,0,0.2
127,"Alex Rogers, Drake (Pioneer)",Sr.,DB,10,2,31,0,0.2
127,"Anthony Ruffin, Lamar University (WAC)",So.,DB,10,2,39,0,0.2
127,"Zach Rumpke, Dayton (Pioneer)",Jr.,DB,10,2,59,1,0.2
127,"Michael Ruttlen Jr., Princeton (Ivy League)",Jr.,DB,10,2,28,0,0.2
127,"Garrett Sayegh, Charleston So. (Big South)",Sr.,LB,10,2,30,0,0.2
127,"Elijah Smith, Dayton (Pioneer)",Fr.,DB,10,2,62,0,0.2
127,"Tariq Snead, LIU (NEC)",Sr.,DB,10,2,32,0,0.2
127,"Destin Talbert, North Dakota St. (MVFC)",Sr.,CB,15,3,2,0,0.2
127,"Quinaz Turner, Murray St. (OVC)",Jr.,CB,10,2,28,0,0.2
127,"Zamir Wallace, San Diego (Pioneer)",Jr.,DB,10,2,61,1,0.2
127,"Matthew Williams, Charleston So. (Big South)",So.,DB,10,2,42,0,0.2
