Rank,Player,Cl,Pos,G,Int,Int Ret Yds,Int Ret TDs,Int PG
1,"Danny Johnson, Southern U. (SWAC)",Jr.,DB,11,7,99,1,0.6
2,"Nick Gesualdi, Cornell (Ivy League)",Jr.,DB,10,6,49,0,0.6
2,"Lorenzo Jerome, Saint Francis (PA) (NEC)",Sr.,DB,10,6,57,0,0.6
2,"Mason Williams, Penn (Ivy League)",So.,DB,10,6,1,0,0.6
5,"Wesley Beans, Marist (Pioneer)",Jr.,DB,11,6,28,0,0.5
5,"Dante' Blackmon, Kennesaw St. (Big South)",Sr.,DB,11,6,122,1,0.5
5,"Phillip Henry, South Carolina St. (MEAC)",Sr.,DB,11,6,112,0,0.5
5,"Brendan Langley, Lamar University (Southland)",Sr.,DB,11,6,49,0,0.5
9,"Rob Rolle, Villanova (CAA)",Jr.,DB,13,7,160,1,0.5
10,"Dee Delaney, The Citadel (SoCon)",Jr.,DB,12,6,103,0,0.5
10,"Jaylen Hill, Jacksonville St. (OVC)",Sr.,DB,12,6,181,1,0.5
12,"Sandy Chapman, Norfolk St. (MEAC)",Sr.,DB,11,5,23,0,0.5
12,"Rayshan Clark, UAlbany (CAA)",Sr.,DB,11,5,87,2,0.5
12,"Josmar Diaz-Martinez, Valparaiso (Pioneer)",So.,DB,11,5,81,1,0.5
12,"Jaylan Foster, Gardner-Webb (Big South)",Fr.,DB,11,5,74,1,0.5
12,"Tim Hayes, Wagner (NEC)",Sr.,DB,11,5,45,0,0.5
12,"Tyrin Holloway, Liberty (Big South)",Jr.,DB,11,5,81,0,0.5
12,"David Leisring, Dayton (Pioneer)",So.,DB,11,5,0,0,0.5
12,"Mike Needham, Southern Utah (Big Sky)",---,LB,11,5,60,0,0.5
12,"Ezra Robinson, Tennessee St. (OVC)",Sr.,DB,11,5,149,2,0.5
12,"Christian Searles, Dayton (Pioneer)",Jr.,DB,11,5,17,0,0.5
22,"Tre Dempsey, North Dakota St. (MVFC)",Jr.,DB,14,6,19,0,0.4
23,"Deion Harris, North Dakota (Big Sky)",Jr.,DB,12,5,134,3,0.4
24,"Chris Atkins, Stetson (Pioneer)",Sr.,DB,10,4,66,0,0.4
24,"Hayden Carlson, Yale (Ivy League)",Jr.,DB,10,4,84,0,0.4
24,"Raven Greene, James Madison (CAA)",Sr.,DB,15,6,113,1,0.4
24,"Terry Jefferson, Florida A&M (MEAC)",So.,DB,10,4,99,0,0.4
24,"Tanner Lee, Harvard (Ivy League)",Jr.,DB,10,4,23,0,0.4
24,"Diquan Richardson, Bethune-Cookman (MEAC)",Jr.,DB,10,4,71,1,0.4
24,"William Twyman, Brown (Ivy League)",Sr.,LB,10,4,47,1,0.4
31,"Prince Smith, Jr., New Hampshire (CAA)",Fr.,DB,13,5,73,2,0.4
32,"Bret Berg, Bucknell (Patriot)",Sr.,DB,11,4,68,1,0.4
32,"Tyrice Beverette, Stony Brook (CAA)",Jr.,DB,11,4,65,0,0.4
32,"Jacques Bryant, Florida A&M (MEAC)",Sr.,DB,11,4,104,0,0.4
32,"Tyler Collet, Southern Utah (Big Sky)",Jr.,DB,11,4,28,0,0.4
32,"Jesse Flaherty, Wagner (NEC)",Jr.,DB,11,4,48,0,0.4
32,"Mason Gray, UAlbany (CAA)",So.,DB,11,4,25,0,0.4
32,"Jeff Hall, Nicholls (Southland)",Sr.,DB,11,4,146,0,0.4
32,"Tim Johnson, Sacred Heart (NEC)",Sr.,DB,11,4,20,0,0.4
32,"Marquise Jones, South Carolina St. (MEAC)",Sr.,DB,11,4,56,0,0.4
32,"Troy McGowens, Charleston So. (Big South)",Sr.,DB,11,4,28,0,0.4
32,"Orlando McKinley, Florida A&M (MEAC)",So.,DB,11,4,137,1,0.4
32,", Dayton (Pioneer)",-,,11,4,43,0,0.4
32,"Aaron Swinton, William & Mary (CAA)",Jr.,DB,11,4,90,1,0.4
32,"Farrean Toney, Mississippi Val. (SWAC)",Jr.,TE,11,4,0,0,0.4
32,"Terry Wallen, Drake (Pioneer)",Jr.,DB,11,4,58,0,0.4
32,"Jelani Williamson, Georgetown (Patriot)",Jr.,DB,11,4,39,0,0.4
48,"Jaleel Green, Wofford (SoCon)",Sr.,DB,14,5,48,0,0.4
48,"Robbie Grimsley, North Dakota St. (MVFC)",So.,DB,14,5,60,0,0.4
50,"Jermaine Antoine, McNeese (Southland)",Jr.,DB,9,3,168,2,0.3
50,"Marlon Bridges, Jacksonville St. (OVC)",Fr.,DB,12,4,9,0,0.3
50,"Tyler Castillo, Colgate (Patriot)",So.,DB,9,3,31,0,0.3
50,"Harry Freeman, Norfolk St. (MEAC)",Jr.,DB,9,3,54,0,0.3
50,"Khalid Hagens, UT Martin (OVC)",Jr.,DB,12,4,81,1,0.3
50,"Reggie Hunter, N.C. Central (MEAC)",Sr.,LB,12,4,31,1,0.3
50,"Jameel Jackson, Grambling (SWAC)",Sr.,DB,12,4,-6,0,0.3
50,"Craig James, Southern Ill. (MVFC)",Jr.,DB,9,3,43,1,0.3
50,"Everett Nicholas, Mississippi Val. (SWAC)",---,CB,9,3,20,0,0.3
50,"Jeremy Taylor, N.C. A&T (MEAC)",Jr.,LB,12,4,24,1,0.3
50,"Omari Williams, Samford (SoCon)",Jr.,DB,12,4,59,0,0.3
61,"Tyler Williams, Central Ark. (Southland)",Sr.,DB,13,4,56,1,0.3
62,"Chris Beaty, Campbell (Pioneer)",Sr.,DB,10,3,-5,0,0.3
62,"Jabari Butler, Drake (Pioneer)",Jr.,DB,10,3,34,0,0.3
62,"David Crowley, Savannah St. (MEAC)",Jr.,DB,10,3,0,0,0.3
62,"Mitch Dalley, Southern Utah (Big Sky)",Jr.,DB,10,3,2,0,0.3
62,"James Gales, Princeton (Ivy League)",Sr.,DB,10,3,37,0,0.3
62,"Brock Kenyon, Columbia (Ivy League)",Sr.,DB,10,3,27,0,0.3
62,"J'Wan Lewis, Campbell (Pioneer)",Sr.,DB,10,3,28,0,0.3
62,"T.C. Livingston, Norfolk St. (MEAC)",Jr.,LB,10,3,40,1,0.3
62,"Teddie Martinez, Monmouth (Big South)",Sr.,DB,10,3,19,0,0.3
62,"Jamar Mitchell, Southern U. (SWAC)",Sr.,DB,10,3,57,0,0.3
62,"Danny Rambo, South Dakota (MVFC)",So.,DB,10,3,26,0,0.3
62,"Cole Reyes, North Dakota (Big Sky)",Jr.,DB,10,3,57,1,0.3
62,"Terrence Singleton, Prairie View (SWAC)",---,,10,3,63,1,0.3
62,"Justin Solomon, Cornell (Ivy League)",Sr.,DB,10,3,3,0,0.3
62,"Justin Strong, Montana (Big Sky)",Jr.,DB,10,3,86,1,0.3
62,"Jacob Warner, South Dakota (MVFC)",Sr.,DB,10,3,28,0,0.3
62,"DJ Woullard, Cornell (Ivy League)",So.,DB,10,3,27,0,0.3
79,"Leroy Alexander, Youngstown St. (MVFC)",Sr.,DB,14,4,38,0,0.3
79,"Jalen Allison, North Dakota St. (MVFC)",So.,DB,14,4,14,0,0.3
79,"Mitch Fettig, Eastern Wash. (Big Sky)",So.,DB,14,4,2,0,0.3
82,"Glenn Adesoji, Stetson (Pioneer)",Sr.,DB,11,3,41,0,0.3
82,"Xavier Bethany, Lamar University (Southland)",Sr.,DB,11,3,82,0,0.3
82,"Terrell Bonds, Tennessee St. (OVC)",Jr.,DB,11,3,22,0,0.3
82,"Christian Boutte, Nicholls (Southland)",Jr.,DB,11,3,30,0,0.3
82,"Dallas Brown, South Dakota St. (MVFC)",Sr.,LB,11,3,29,1,0.3
82,"Elijah Campbell, UNI (MVFC)",So.,DB,11,3,70,1,0.3
82,"Braylyn Cook, Morehead St. (Pioneer)",Jr.,DB,11,3,0,0,0.3
82,"George Dawson, Fordham (Patriot)",Sr.,LB,11,3,59,0,0.3
82,"Dondre Dobbins, Texas Southern (SWAC)",Jr.,DL,11,3,49,0,0.3
82,"Duncan Ferch, UNI (MVFC)",So.,LB,11,3,57,2,0.3
82,"Cameron Gibson, Marist (Pioneer)",Sr.,DB,11,3,52,0,0.3
82,"Caleb Ham, Fordham (Patriot)",Jr.,DL,11,3,85,1,0.3
82,"Darrius Hart, Maine (CAA)",Jr.,DB,11,3,30,0,0.3
82,"Tymir Hinton, Central Conn. St. (NEC)",So.,DB,11,3,76,2,0.3
82,"Danny Hughes, Bryant (NEC)",So.,DB,11,3,49,0,0.3
82,"Draeland James, Lafayette (Patriot)",Sr.,DB,11,3,36,0,0.3
82,"Jordyn Jean-Felix, Marist (Pioneer)",Jr.,DB,11,3,4,0,0.3
82,"Arthur Lockett, Prairie View (SWAC)",So.,,11,3,50,1,0.3
82,"Mike Marston, Marist (Pioneer)",Sr.,DB,11,3,40,1,0.3
82,"Joe Martin, Idaho St. (Big Sky)",So.,DB,11,3,27,0,0.3
82,"Sam McCloskey, Lehigh (Patriot)",So.,DB,11,3,31,0,0.3
82,"Jaylen Mize, Davidson (Pioneer)",Sr.,DB,11,3,0,0,0.3
82,"Michael Nicastro, UAlbany (CAA)",Sr.,LB,11,3,134,1,0.3
82,"Corey Parker, William & Mary (CAA)",Fr.,DB,11,3,76,0,0.3
82,"Xavier Rowe, Western Ill. (MVFC)",So.,DB,11,3,31,0,0.3
82,"Ronnie Scott, Alabama St. (SWAC)",Jr.,DB,11,3,0,0,0.3
82,"Devonte King, Alabama A&M (SWAC)",Jr.,DB,11,3,36,1,0.3
82,"Josh Thornton, Southern Utah (Big Sky)",Sr.,DB,11,3,47,0,0.3
82,"Riuq Trotman, VMI (SoCon)",So.,DB,11,3,78,0,0.3
82,"Chris Turner, Liberty (Big South)",So.,DB,11,3,25,0,0.3
82,"D'Montre Wade, Murray St. (OVC)",Jr.,DB,11,3,17,0,0.3
82,"John Walker, Montana St. (Big Sky)",Sr.,DB,11,3,3,0,0.3
114,"Zach Arnell, North Dakota (Big Sky)",Sr.,DB,12,3,0,0,0.3
114,"Quinlen Dean, New Hampshire (CAA)",Fr.,LB,12,3,77,0,0.3
114,"Joseph Este, UT Martin (OVC)",---,DB,12,3,18,0,0.3
114,"Drashane Glass, Illinois St. (MVFC)",Jr.,DB,12,3,18,0,0.3
114,"Evan Harvey, Lehigh (Patriot)",Sr.,LB,12,3,31,0,0.3
114,"Torrey Hunt, North Dakota (Big Sky)",Fr.,DB,12,3,67,0,0.3
114,"Deaumante Johnson, Grambling (SWAC)",So.,DB,12,3,28,0,0.3
114,"Rasaan Stewart, Villanova (CAA)",Jr.,DB,12,3,8,0,0.3
114,"Devin Watson, Wofford (SoCon)",So.,DB,12,3,112,1,0.3
114,"Jalen Wells, Saint Francis (PA) (NEC)",Jr.,DB,12,3,118,2,0.3
114,"Marquis Willis, N.C. A&T (MEAC)",So.,DB,12,3,35,1,0.3
114,"Trevor Wright, Chattanooga (SoCon)",Jr.,WR,12,3,46,1,0.3
126,"Casey DeAndrade, New Hampshire (CAA)",Sr.,DB,13,3,55,1,0.2
126,"Jaylon Lofton, Central Ark. (Southland)",Jr.,DB,13,3,112,1,0.2
128,"Sebastian Dovi, Brown (Ivy League)",So.,DB,9,2,0,0,0.2
128,"Byron Johnson, Furman (SoCon)",Sr.,LB,9,2,3,0,0.2
128,"Bryan Marine, Bucknell (Patriot)",So.,DB,9,2,57,0,0.2
128,"Charlie Miller, Dartmouth (Ivy League)",Sr.,DB,9,2,17,0,0.2
128,"Tre' Moore, Eastern Ky. (OVC)",So.,DB,9,2,4,0,0.2
128,"Damion Morgan, McNeese (Southland)",Sr.,DB,9,2,22,0,0.2
128,"Nick O'Brien, Bucknell (Patriot)",Sr.,DB,9,2,0,0,0.2
128,"OJ O'Neal, Alcorn (SWAC)",So.,DB,9,2,0,0,0.2
128,"Bobby Price, Norfolk St. (MEAC)",Fr.,DB,9,2,0,0,0.2
128,"Terrell Smith, Brown (Ivy League)",Jr.,DB,9,2,22,0,0.2
128,"Isiah Swann, Dartmouth (Ivy League)",Fr.,DB,9,2,0,0,0.2
128,"Chris Williams-Hall, UT Martin (OVC)",So.,DB,9,2,24,0,0.2
140,"Zach Bruce, Eastern Wash. (Big Sky)",Sr.,DB,14,3,50,0,0.2
140,"Tafon Mainsah, Richmond (CAA)",Jr.,DB,14,3,0,0,0.2
142,"Landon Baty, Columbia (Ivy League)",Jr.,DB,10,2,24,0,0.2
142,"Adam Bridgeforth, Colgate (Patriot)",Sr.,DB,10,2,11,0,0.2
142,"Kolbi Brown, Harvard (Ivy League)",Sr.,DB,10,2,25,0,0.2
142,"Anthony Camargo, Harvard (Ivy League)",So.,LB,10,2,20,0,0.2
142,"Christian Campbell, Valparaiso (Pioneer)",So.,DB,10,2,29,0,0.2
142,"Greg Cunningham, Campbell (Pioneer)",Sr.,DB,10,2,22,0,0.2
142,"Lashaun Ealey, Alcorn (SWAC)",So.,DB,10,2,12,0,0.2
142,"Joe Figueroa, Colgate (Patriot)",Sr.,DB,10,2,6,0,0.2
142,"Jordan Ford, Campbell (Pioneer)",Sr.,DB,10,2,0,0,0.2
142,"Carl Garnes, Morgan St. (MEAC)",So.,DB,10,2,73,0,0.2
142,"Rohan Hylton, Princeton (Ivy League)",Sr.,LB,10,2,30,0,0.2
142,"Justin Jemison, Jackson St. (SWAC)",Sr.,DB,10,2,91,1,0.2
142,"KJ Jenkins, Jacksonville (Pioneer)",Sr.,DB,10,2,0,0,0.2
142,"Mario Jenkins, Idaho St. (Big Sky)",Jr.,LB,10,2,25,0,0.2
142,"CJ Lewis, Jacksonville (Pioneer)",Fr.,WR,10,2,16,0,0.2
142,"Eric Martin, Stetson (Pioneer)",Jr.,DB,10,2,5,0,0.2
142,"Ahmani Martin, Nicholls (Southland)",So.,DB,10,2,0,0,0.2
142,"Ryan McKinley, Montana (Big Sky)",Jr.,DB,10,2,2,0,0.2
142,"Price Miller, SFA (Southland)",Sr.,LB,10,2,8,0,0.2
142,"Tarri Mitchell, SFA (Southland)",---,CB,10,2,9,0,0.2
142,"Khalil Moore, Elon (CAA)",Fr.,DB,10,2,0,0,0.2
142,"Myron Morris, Wagner (NEC)",Fr.,DB,10,2,19,0,0.2
142,"Nick Newman, Liberty (Big South)",Sr.,LB,10,2,11,0,0.2
142,"Roderick Owens, Austin Peay (OVC)",Sr.,DB,10,2,0,0,0.2
142,"Fred Payne, Western Caro. (SoCon)",Sr.,DB,10,2,42,1,0.2
142,"Justice Pettus-Dixon, Towson (CAA)",Fr.,DB,10,2,23,0,0.2
142,"Sam Philippi, Penn (Ivy League)",So.,DB,10,2,0,0,0.2
142,"Therron Presley, Alabama St. (SWAC)",Sr.,DB,10,2,83,0,0.2
142,"Travon Reid-Segure, Stony Brook (CAA)",Jr.,DB,10,2,38,1,0.2
142,"Chris Seisay, Portland St. (Big Sky)",---,,10,2,2,0,0.2
142,"Dorian Williams, Princeton (Ivy League)",Sr.,DB,10,2,24,0,0.2
