Rank,Player,Cl,Pos,G,Int,Int Ret Yds,Int Ret TDs,Int PG
1,"Emory Polley, Brown (Ivy League)",Sr.,DB,10,6,67,0,0.6
2,"Daniel Fitzpatrick, Tennessee St. (OVC)",Jr.,DB,14,8,140,3,0.6
2,"Taylor Thompson, Houston Christian (FCS Independent)",Fr.,DB,7,4,114,1,0.6
4,"Chris Atkins, Stetson (Pioneer)",Fr.,DB,11,6,119,1,0.5
4,"Avery Boykin, Mississippi Val. (SWAC)",Jr.,DB,11,6,77,1,0.5
4,"Lorenzo Jerome, Saint Francis (PA) (NEC)",Fr.,DB,11,6,144,1,0.5
4,"Daquan Minter, Saint Francis (PA) (NEC)",So.,DB,11,6,158,1,0.5
8,"J.D. Roussel, Sacred Heart (NEC)",Jr.,DB,13,7,117,1,0.5
9,"Mike Armiento, Colgate (Patriot)",Jr.,DB,12,6,148,1,0.5
9,"Jacob Hagen, Liberty (Big South)",Jr.,DB,12,6,121,0,0.5
11,"David Edgerson, Portland St. (Big Sky)",Sr.,DB,11,5,39,0,0.5
11,"Matthew Steinbeck, Bucknell (Patriot)",Jr.,DB,11,5,64,0,0.5
13,"Lawrence Barnett, Alabama A&M (SWAC)",Sr.,DB,12,5,39,0,0.4
13,"Chris Linares, Central Conn. St. (NEC)",Sr.,DB,12,5,27,0,0.4
13,"Darrin Marrow, Norfolk St. (MEAC)",Jr.,DB,12,5,18,0,0.4
13,"Wayne Pettus, Richmond (CAA)",Sr.,DB,12,5,59,0,0.4
13,"Matt Smalley, Lafayette (Patriot)",So.,DB,12,5,17,0,0.4
18,"Sam Chwarzynski, Penn (Ivy League)",Sr.,DB,10,4,115,2,0.4
18,"Christian Dudzik, North Dakota St. (MVFC)",Jr.,DB,15,6,27,0,0.4
18,"Deon'Tae Florence, Weber St. (Big Sky)",Jr.,DB,10,4,16,0,0.4
18,"Derrick Harris, Alabama A&M (SWAC)",Sr.,DB,10,4,32,0,0.4
22,"Nick Addison, Bethune-Cookman (MEAC)",Jr.,DB,13,5,63,1,0.4
23,"Zach Adler, Marist (Pioneer)",Jr.,DB,11,4,0,0,0.4
23,"Michael Jones, N.C. Central (MEAC)",Fr.,DB,11,4,115,0,0.4
23,"Cameron McCurry, Villanova (CAA)",So.,DB,11,4,37,0,0.4
23,"Dennis Regan, Sacred Heart (NEC)",Jr.,DB,11,4,22,0,0.4
23,"Brandon Thomas, Texas Southern (SWAC)",Sr.,DB,11,4,17,0,0.4
23,"Trey Vallier, SFA (Southland)",Jr.,DB,11,4,59,0,0.4
29,"Jordan Chapman, Fordham (Patriot)",Jr.,DB,14,5,82,1,0.4
29,"Levon Williams, Fordham (Patriot)",Jr.,DB,14,5,19,0,0.4
31,"Patrick Aiken, Florida A&M (MEAC)",So.,DB,12,4,143,1,0.3
31,"Justin Blake, Hampton (MEAC)",Sr.,DB,12,4,197,0,0.3
31,"Najee Bright, Alabama St. (SWAC)",So.,DB,12,4,111,0,0.3
31,"Kevin Fogg, Liberty (Big South)",Sr.,DB,12,4,120,1,0.3
31,"Camaren Harris, UT Martin (OVC)",Sr.,DB,12,4,53,0,0.3
31,"Travis Hawkins, Delaware (CAA)",Sr.,DB,12,4,100,0,0.3
31,"Davon Jones, Mississippi Val. (SWAC)",Jr.,DB,9,3,29,0,0.3
31,"Kambrell McGee, Hampton (MEAC)",Jr.,DB,12,4,24,0,0.3
31,"Ray Mitchell, UNI (MVFC)",Jr.,DB,12,4,179,2,0.3
31,"Dale Peterman, Youngstown St. (MVFC)",Sr.,DB,9,3,51,0,0.3
31,"De'Ante Saunders, Tennessee St. (OVC)",Jr.,DB,12,4,118,0,0.3
31,"Caleb Schaffitzel, Missouri St. (MVFC)",Jr.,DB,12,4,43,1,0.3
31,"Michael Turner, Cornell (Ivy League)",Jr.,DB,9,3,0,0,0.3
31,"Pierre Warren, Jacksonville St. (OVC)",Jr.,DB,15,5,105,1,0.3
31,"Keon Williams, Gardner-Webb (Big South)",Sr.,DB,12,4,43,1,0.3
31,"John Wilson, Savannah St. (MEAC)",Sr.,DB,12,4,48,0,0.3
31,"Charles Wingate, Bryant (NEC)",So.,DB,9,3,0,0,0.3
48,"Sean Grady, Butler (Pioneer)",Sr.,DB,13,4,70,0,0.3
48,"Guy Morgan, McNeese (Southland)",Sr.,DB,13,4,143,1,0.3
48,"David Van Dyke, Tennessee St. (OVC)",Sr.,DB,13,4,51,1,0.3
51,"Phillip Bhaya, Princeton (Ivy League)",Sr.,DB,10,3,63,1,0.3
51,"Cole Champion, Yale (Ivy League)",So.,DB,10,3,23,0,0.3
51,"Dustin Davis, Drake (Pioneer)",Sr.,DB,10,3,31,0,0.3
51,"Antwan Eddie, Robert Morris (NEC)",Jr.,DB,10,3,30,0,0.3
51,"Kyle Griffin, Northern Colo. (Big Sky)",Jr.,DB,10,3,0,0,0.3
51,"John Hill, Princeton (Ivy League)",So.,DB,10,3,25,0,0.3
51,"Doug Johnson, Rhode Island (CAA)",Sr.,DB,10,3,1,0,0.3
51,"Nick Kaszei, Marist (Pioneer)",Sr.,DB,10,3,88,0,0.3
51,"Deshaun Summer, Morgan St. (MEAC)",So.,DB,10,3,72,0,0.3
51,"Kwe'Shon Williams, James Madison (CAA)",Fr.,DB,10,3,47,0,0.3
61,"Je Ryan Butler, South Dakota St. (MVFC)",So.,DB,14,4,40,1,0.3
61,"Christian Carpenter, Towson (CAA)",So.,DB,14,4,74,1,0.3
61,"Harlan Miller, Southeastern La. (Southland)",So.,DB,14,4,124,1,0.3
61,"Marice Sutton, Southeastern La. (Southland)",Jr.,DB,14,4,112,2,0.3
61,"Steven Thames, New Hampshire (CAA)",Jr.,DB,14,4,57,2,0.3
61,"Ian Williams, Fordham (Patriot)",Sr.,DB,14,4,0,0,0.3
61,"Winston Wright, South Dakota St. (MVFC)",Sr.,DB,14,4,82,1,0.3
68,"Chris Armfield, Wofford (SoCon)",Fr.,DB,11,3,34,0,0.3
68,"Joe Boyd, Delaware St. (MEAC)",Jr.,DB,11,3,39,0,0.3
68,"A.J. Coney, Weber St. (Big Sky)",Fr.,DB,11,3,7,0,0.3
68,"Brad Duwe, Drake (Pioneer)",Jr.,DB,11,3,31,0,0.3
68,"D'Vonte Grant, N.C. A&T (MEAC)",Sr.,LB,11,3,82,1,0.3
68,"Ryan Griffin, Jackson St. (SWAC)",Jr.,LB,11,3,123,1,0.3
68,"Yogi Hale, San Diego (Pioneer)",Jr.,DB,11,3,134,1,0.3
68,"Tyree Hollins, Grambling (SWAC)",Jr.,DB,11,3,33,0,0.3
68,"Troi Hughes, Norfolk St. (MEAC)",So.,DB,11,3,19,0,0.3
68,"Antonio McRae, Jacksonville (Pioneer)",So.,DB,11,3,67,1,0.3
68,"Nicholas Peoples, Grambling (SWAC)",So.,DB,11,3,29,0,0.3
68,"Jonathan Pillow, Florida A&M (MEAC)",Sr.,QB,11,3,28,0,0.3
68,"Michael Ratelle, Drake (Pioneer)",Sr.,DB,11,3,37,1,0.3
68,"Jared Roberts, Lafayette (Patriot)",Jr.,DB,11,3,32,0,0.3
68,"Ronald Robinson, Delaware St. (MEAC)",So.,DB,11,3,13,0,0.3
68,"Ryan Schwenke, Dayton (Pioneer)",So.,LB,11,3,28,0,0.3
68,"Naquan Smith, Grambling (SWAC)",Sr.,DB,11,3,20,0,0.3
68,"Tajh Turner, Bucknell (Patriot)",Sr.,DB,11,3,23,0,0.3
68,"Nick Weston, Dayton (Pioneer)",Sr.,DB,11,3,41,1,0.3
68,"Terrance Winchester, Charlotte (FCS Independent)",Fr.,DB,11,3,0,0,0.3
88,"Quinn Backus, Coastal Carolina (Big South)",Jr.,LB,15,4,127,1,0.3
88,"Ronald Baines, Eastern Wash. (Big Sky)",Sr.,DB,15,4,5,0,0.3
90,"Walt Aikens, Liberty (Big South)",Sr.,DB,12,3,44,0,0.3
90,"Cameron Alston, Howard (MEAC)",Sr.,DB,12,3,39,0,0.3
90,"Anthony Balancier, Southern U. (SWAC)",Sr.,LB,12,3,28,1,0.3
90,"Robert Beale, Sacramento St. (Big Sky)",Sr.,DB,12,3,37,1,0.3
90,"Mitch Beckstead, Idaho St. (Big Sky)",Jr.,LB,12,3,17,0,0.3
90,"Tevrin Brandon, Monmouth (FCS Independent)",Sr.,DB,12,3,0,0,0.3
90,"Craig Brodsky, Delaware (CAA)",So.,DB,12,3,6,0,0.3
90,"Martinez Davis, Western Ill. (MVFC)",Jr.,DB,12,3,43,1,0.3
90,"Lucky Dozier, Northern Ariz. (Big Sky)",Sr.,DB,12,3,85,1,0.3
90,"Paul Eatman, Morgan St. (MEAC)",Jr.,DB,12,3,34,0,0.3
90,"Charles Elmore, South Dakota St. (MVFC)",So.,LB,12,3,114,1,0.3
90,"Collin Frazer, Norfolk St. (MEAC)",Jr.,DB,12,3,0,0,0.3
90,"Justin Grant, Richmond (CAA)",Jr.,DB,12,3,5,0,0.3
90,"Mike Gray, Mercer (Pioneer)",Fr.,DB,12,3,38,1,0.3
90,"Airek Green, William & Mary (CAA)",Jr.,LB,12,3,58,1,0.3
90,"Mason Harris, South Carolina St. (MEAC)",Sr.,DB,12,3,22,0,0.3
90,"Austin Hasquet, Northern Ariz. (Big Sky)",Jr.,LB,12,3,58,1,0.3
90,"Michael Jackson, Morehead St. (Pioneer)",Jr.,DB,12,3,37,0,0.3
90,"Devonte Johnson, Florida A&M (MEAC)",Jr.,DB,12,3,59,1,0.3
90,"Carvin Johnson, Hampton (MEAC)",Sr.,DB,12,3,59,0,0.3
90,"Kevin Kintzel, Western Ill. (MVFC)",Jr.,LB,12,3,42,2,0.3
90,"Dyllon Knox, South Dakota (MVFC)",Sr.,DB,12,3,82,0,0.3
90,"Tae Lewis, Samford (SoCon)",Sr.,DB,12,3,9,0,0.3
90,"Donnell Lewis, Towson (CAA)",So.,DB,16,4,38,1,0.3
90,"Josh Manning, Murray St. (OVC)",Sr.,DB,12,3,5,0,0.3
90,"Marvin Mitchell, Central Ark. (Southland)",Jr.,DB,12,3,173,1,0.3
90,"Caleb Nelson, SFA (Southland)",Sr.,DB,12,3,0,0,0.3
90,"Osagie Odiase, Sacramento St. (Big Sky)",Sr.,DB,12,3,77,0,0.3
90,"Alex Ofori, Maine (CAA)",Jr.,DB,12,3,50,0,0.3
90,"Ademola Olatunji, Howard (MEAC)",Jr.,DB,12,3,23,0,0.3
90,"Joe Rankin, Morgan St. (MEAC)",Sr.,DB,12,3,18,0,0.3
90,"Robert Ries, Yale (Ivy League)",Fr.,DB,8,2,2,0,0.3
90,"Kenny Scott, Liberty (Big South)",Jr.,DB,12,3,16,0,0.3
90,"Mark Sewall, Indiana St. (MVFC)",So.,DB,12,3,-1,0,0.3
90,"Alex Singleton, Montana St. (Big Sky)",Jr.,LB,12,3,25,1,0.3
90,"Darrell Smith, Murray St. (OVC)",Sr.,DB,12,3,17,1,0.3
90,"Devon Taverna, South Dakota (MVFC)",Sr.,DB,12,3,9,0,0.3
90,"Fred Thomas, Northwestern St. (Southland)",Jr.,DB,12,3,30,0,0.3
90,"Anthony Williams Jr., Alcorn (SWAC)",So.,DB,12,3,104,0,0.3
90,"Chandler Wrightenberry, Elon (SoCon)",Sr.,DB,12,3,45,1,0.3
130,"Tim Burke, Bethune-Cookman (MEAC)",Sr.,DB,13,3,184,1,0.2
130,"Tommy Collett, Southern Utah (Big Sky)",Sr.,DB,13,3,21,0,0.2
130,"Omar Cook, Southern U. (SWAC)",Jr.,DB,13,3,0,0,0.2
130,"Nate Harris, Montana (Big Sky)",So.,DB,13,3,60,0,0.2
130,"Josh Kimberlin, Samford (SoCon)",So.,DB,13,3,67,0,0.2
130,"Deantrey Loche, Sam Houston (Southland)",Jr.,DB,13,3,99,3,0.2
130,"Leshaun Sims, Southern Utah (Big Sky)",So.,DB,13,3,20,0,0.2
130,"Jordan Tripp, Montana (Big Sky)",Sr.,LB,13,3,14,0,0.2
130,"Bo Tully, Montana (Big Sky)",Sr.,DB,13,3,11,0,0.2
130,"Marcus Williams, North Dakota St. (MVFC)",Sr.,DB,13,3,94,2,0.2
140,"Stephen Dazzo, Dartmouth (Ivy League)",Jr.,DB,9,2,31,0,0.2
140,"Adam Johnson, Gardner-Webb (Big South)",So.,DB,9,2,1,0,0.2
140,"Will McNamara, Dartmouth (Ivy League)",So.,LB,9,2,75,2,0.2
140,"David Metcalf, Prairie View (SWAC)",Jr.,DB,9,2,24,0,0.2
140,"Brandon Small, Saint Francis (PA) (NEC)",So.,LB,9,2,4,0,0.2
140,"Dustin Wharton, Georgetown (Patriot)",Sr.,DB,9,2,24,1,0.2
146,"Casey DeAndrade, New Hampshire (CAA)",Fr.,DB,14,3,18,0,0.2
146,"Jairus Hollman, Furman (SoCon)",So.,DB,14,3,47,1,0.2
146,"Alex McNulty, Eastern Ill. (OVC)",Sr.,DB,14,3,88,0,0.2
146,"Jourdan Wickliffe, Eastern Ill. (OVC)",Jr.,DB,14,3,4,0,0.2
150,"Eric Armagost, Brown (Ivy League)",Jr.,DB,10,2,12,0,0.2
150,"Myles Atkins, Davidson (Pioneer)",So.,DB,10,2,38,0,0.2
150,"Brian East, Columbia (Ivy League)",Sr.,LB,10,2,29,1,0.2
150,"Jevon Elmore, Central Conn. St. (NEC)",Fr.,DB,10,2,22,0,0.2
150,"Ed Foley, Jacksonville (Pioneer)",Sr.,DB,10,2,46,0,0.2
150,"Anthony Gaffney, Princeton (Ivy League)",So.,WR,10,2,8,0,0.2
150,"Collin Garrett, SFA (Southland)",Jr.,LB,10,2,-2,0,0.2
150,"Daniel Giovacchini, Brown (Ivy League)",Jr.,LB,10,2,26,0,0.2
150,"Melvin Graham III, Valparaiso (Pioneer)",So.,DB,10,2,34,0,0.2
150,"Norman Hayes, Harvard (Ivy League)",Jr.,DB,10,2,8,0,0.2
150,"Johnnie Houston, Coastal Carolina (Big South)",Sr.,DB,15,3,18,0,0.2
150,"Corbin Jackson, Charleston So. (Big South)",So.,DB,10,2,41,0,0.2
150,"Evan Jackson, Penn (Ivy League)",Sr.,DB,10,2,8,0,0.2
150,"Demetrius Johnson, Texas Southern (SWAC)",Fr.,DB,10,2,17,0,0.2
150,"Ryan Kelsay, Butler (Pioneer)",So.,DB,10,2,45,1,0.2
150,"Eric Lowry, Robert Morris (NEC)",Sr.,DB,10,2,38,1,0.2
150,"Gunner Miller, Chattanooga (SoCon)",Sr.,LB,10,2,31,1,0.2
150,"Jordan Monette, Howard (MEAC)",So.,DB,10,2,47,0,0.2
150,"D.J. Monroe, Harvard (Ivy League)",---,CB,10,2,9,0,0.2
150,"C.J. Moore, N.C. Central (MEAC)",Jr.,DB,10,2,0,0,0.2
150,"Taylor Reynolds, James Madison (CAA)",Fr.,DB,10,2,51,1,0.2
150,"David Rivers, Youngstown St. (MVFC)",Fr.,DB,10,2,43,1,0.2
150,"Joe Sarnese, Villanova (CAA)",Jr.,DB,10,2,0,0,0.2
150,"Jeff Schmittgens, Yale (Ivy League)",Jr.,DL,10,2,17,0,0.2
150,"Bo Schuetzle, Eastern Wash. (Big Sky)",Sr.,DB,15,3,-3,0,0.2
150,"CJ Smith, North Dakota St. (MVFC)",So.,DB,15,3,65,0,0.2
150,"Deandre' Smith, James Madison (CAA)",Jr.,WR,10,2,86,1,0.2
150,"Chris Splinter, Harvard (Ivy League)",Sr.,DB,10,2,68,0,0.2
150,"Stephan Thomas, Sacred Heart (NEC)",Jr.,DB,10,2,0,0,0.2
150,"Jaron Wilson, Harvard (Ivy League)",Sr.,DB,10,2,51,1,0.2
180,"Tevin Allen, Illinois St. (MVFC)",Jr.,DB,11,2,7,0,0.2
180,"Mike Banks, Illinois St. (MVFC)",Jr.,DB,11,2,24,0,0.2
180,"Robbie Beathard, San Diego (Pioneer)",Sr.,DB,11,2,20,0,0.2
180,"Rique Bentley, Missouri St. (MVFC)",Fr.,LB,11,2,81,2,0.2
180,"Anthony Brown, Eastern Ky. (OVC)",Sr.,LB,11,2,9,0,0.2
180,"DJ Bush, Weber St. (Big Sky)",Jr.,DB,11,2,96,2,0.2
180,"Myles Carelock, Southern Utah (Big Sky)",So.,DB,11,2,5,0,0.2
180,"Brandon Cheaton, Missouri St. (MVFC)",Jr.,DB,11,2,48,0,0.2
180,"Imoan Claiborne, Northwestern St. (Southland)",Jr.,DB,11,2,48,1,0.2
180,"Mike Cook, Robert Morris (NEC)",Sr.,LB,11,2,57,0,0.2
180,"Chris Davis, Southern Ill. (MVFC)",Jr.,DB,11,2,22,0,0.2
180,"Jarrett Dieudonne, Wagner (NEC)",Jr.,DB,11,2,36,0,0.2
180,"Clayton Ewell, Bucknell (Patriot)",So.,DB,11,2,0,0,0.2
180,"Chad Geter, Gardner-Webb (Big South)",So.,LB,11,2,13,0,0.2
180,"D'Vonte Graham, N.C. A&T (MEAC)",Sr.,DB,11,2,51,0,0.2
180,"Alex Grask, Valparaiso (Pioneer)",Sr.,DB,11,2,-1,0,0.2
180,"Mark Hogan, Charlotte (FCS Independent)",Sr.,LB,11,2,49,1,0.2
180,"Bryan Houston, N.C. A&T (MEAC)",Sr.,LB,11,2,54,2,0.2
180,"Terrance Hudson, Mississippi Val. (SWAC)",So.,WR,11,2,24,0,0.2
180,"Michael Johnson, Bryant (NEC)",Jr.,DB,11,2,0,0,0.2
180,"Le'Trey Jones, Mississippi Val. (SWAC)",So.,DB,11,2,5,0,0.2
180,"Cameren Judge, Delaware St. (MEAC)",Sr.,DB,11,2,0,0,0.2
180,"Tsali Lough, Indiana St. (MVFC)",Fr.,DL,11,2,56,0,0.2
180,"Chavon Mackey, North Dakota (Big Sky)",Sr.,DB,11,2,0,0,0.2
180,"Martay Mattox, Charlotte (FCS Independent)",Jr.,DB,11,2,53,0,0.2
180,"Troy McClelland, San Diego (Pioneer)",Jr.,DB,11,2,0,0,0.2
180,"Colin Monnier, Dayton (Pioneer)",Sr.,LB,11,2,65,1,0.2
180,"Luke Mueller, Robert Morris (NEC)",Jr.,LB,11,2,36,0,0.2
180,"Ayodeji Olatoye, N.C. A&T (MEAC)",Sr.,DB,11,2,31,0,0.2
180,"Michael Paen, Marist (Pioneer)",Jr.,LB,11,2,25,0,0.2
180,"Donald Payne, Stetson (Pioneer)",Fr.,DB,11,2,7,0,0.2
180,"Rich Piekarski, Duquesne (NEC)",Jr.,DB,11,2,25,0,0.2
180,"Ryan Powers, Stetson (Pioneer)",Fr.,DB,11,2,23,0,0.2
180,"Zachary Quarles, Marist (Pioneer)",So.,DB,11,2,30,1,0.2
180,"Howard Scarborough, Missouri St. (MVFC)",Sr.,DB,11,2,20,0,0.2
180,"Jimmy Schwabe, Butler (Pioneer)",Jr.,DB,11,2,20,0,0.2
180,"Hakiem Swann, N.C. Central (MEAC)",Fr.,DB,11,2,35,0,0.2
180,"Hendrick Taylor, Alcorn (SWAC)",Jr.,DB,11,2,10,0,0.2
180,"John Therrell, Murray St. (OVC)",Sr.,DB,11,2,17,0,0.2
180,"Tyler Ward, Lehigh (Patriot)",Sr.,DB,11,2,27,0,0.2
180,"Jordan Williams, Cal Poly (Big Sky)",Jr.,DB,11,2,0,0,0.2
180,"Jeremy Woodson, Bryant (NEC)",Sr.,DB,11,2,46,1,0.2
222,"Sebastian Amedee, Bryant (NEC)",Jr.,DB,12,2,6,0,0.2
222,"Cantrell Andrews, Southeast Mo. St. (OVC)",Sr.,DB,12,2,36,0,0.2
222,"Alex Avant, Mercer (Pioneer)",So.,DB,12,2,36,1,0.2
222,"Reggie Barnette, Richmond (CAA)",Jr.,DB,12,2,0,0,0.2
222,"Anders Battle, Northern Ariz. (Big Sky)",Sr.,DB,12,2,49,1,0.2
222,"Chris Bermond, Nicholls (Southland)",Sr.,LB,12,2,12,0,0.2
222,"Sybhrian Berry, Missouri St. (MVFC)",Sr.,DB,12,2,73,1,0.2
222,"Matt Bhaya, Holy Cross (Patriot)",So.,DB,12,2,26,0,0.2
222,"J'Vontez Blackmon, UT Martin (OVC)",Sr.,DB,12,2,61,0,0.2
222,"Allen Brown, Eastern Wash. (Big Sky)",Sr.,DB,12,2,4,0,0.2
222,"Jarrid Bryant, South Dakota (MVFC)",Sr.,DB,12,2,19,0,0.2
222,"Edward Burns, Elon (SoCon)",Sr.,DB,12,2,0,0,0.2
222,"Devon Butler, Western Ill. (MVFC)",Sr.,LB,12,2,11,0,0.2
222,"Patrick Callaway, Delaware (CAA)",Jr.,LB,12,2,28,0,0.2
222,"D.J. Cameron, Southern Ill. (MVFC)",So.,DB,12,2,53,0,0.2
222,"Quinton Cantue, Alcorn (SWAC)",So.,DB,12,2,-7,1,0.2
222,"Clark Coe, Monmouth (FCS Independent)",Sr.,DB,12,2,9,0,0.2
222,"Ben Coffaro, Holy Cross (Patriot)",Jr.,DB,12,2,42,0,0.2
222,"Todd Davis, Sacramento St. (Big Sky)",Sr.,LB,12,2,34,0,0.2
222,"Deoliver Davis, Lafayette (Patriot)",Sr.,DB,12,2,4,0,0.2
222,"Nashon Davis, Lamar University (Southland)",Sr.,DB,12,2,28,0,0.2
222,"Virgin Dee, Chattanooga (SoCon)",Fr.,DB,12,2,0,0,0.2
222,"Karlton Dennis, Cal Poly (Big Sky)",So.,DB,12,2,6,0,0.2
222,"Bill Dillard, Tennessee Tech (OVC)",So.,DB,12,2,0,0,0.2
222,"Wes Dothard, Chattanooga (SoCon)",Sr.,LB,12,2,85,1,0.2
222,"Dean Faddis, Portland St. (Big Sky)",Sr.,DB,12,2,19,0,0.2
222,"Tevin Floyd, The Citadel (SoCon)",Fr.,LB,12,2,26,0,0.2
222,"Devon Francois, Alcorn (SWAC)",Jr.,DB,12,2,34,0,0.2
222,"James Fruehan, VMI (Big South)",Jr.,RB,12,2,5,0,0.2
222,"Anthony Goodwin, Montana (Big Sky)",Sr.,DB,12,2,9,0,0.2
222,"Randy Hale, Northern Ariz. (Big Sky)",Jr.,DB,12,2,51,1,0.2
222,"Deiondre' Hall, UNI (MVFC)",So.,DB,12,2,68,1,0.2
222,"Bill Hill, Morgan St. (MEAC)",So.,LB,12,2,0,0,0.2
222,"Tyler Horn, Eastern Ky. (OVC)",Sr.,LB,12,2,0,0,0.2
222,"Deandre Houston-Carson, William & Mary (CAA)",So.,DB,12,2,14,0,0.2
222,"Alex Hubbard, Cal Poly (Big Sky)",Sr.,DB,12,2,37,0,0.2
222,"Ortavious Hypolite, SFA (Southland)",Sr.,LB,12,2,31,1,0.2
222,"Draeland James, Lafayette (Patriot)",Fr.,DB,12,2,11,0,0.2
222,"Reggie Jennings, Southeast Mo. St. (OVC)",Jr.,DB,12,2,0,0,0.2
222,"Kevin Johnson, Lamar University (Southland)",Jr.,WR,12,2,7,0,0.2
222,"Lonnie Johnson, Gardner-Webb (Big South)",Sr.,DB,12,2,2,0,0.2
222,"Marty Jones, Tennessee Tech (OVC)",Jr.,DB,12,2,25,0,0.2
222,"Aaryn Jones, UC Davis (Big Sky)",Sr.,DB,12,2,27,0,0.2
222,"Johnny Joseph, Eastern Ky. (OVC)",So.,DB,12,2,29,0,0.2
222,"Keyen Lage, South Dakota (MVFC)",So.,LB,12,2,0,0,0.2
222,"Brandon McCladdie, The Citadel (SoCon)",Sr.,DB,12,2,94,1,0.2
222,"David McDaniel, Western Ill. (MVFC)",Jr.,DB,12,2,17,0,0.2
222,"Tyrus McGlothen, Lamar University (Southland)",Sr.,DB,12,2,121,2,0.2
222,"Cole Moore, Montana St. (Big Sky)",Jr.,LB,12,2,9,0,0.2
222,"CJ Morgan, Alcorn (SWAC)",Jr.,DB,12,2,50,1,0.2
222,"Aaron Nichols, Campbell (Pioneer)",So.,DB,12,2,43,0,0.2
222,"Chuck Obi, Prairie View (SWAC)",Sr.,LB,12,2,1,0,0.2
222,"Tate Omli, UNI (MVFC)",Jr.,DB,12,2,27,0,0.2
222,"Darren Parker, Florida A&M (MEAC)",Fr.,DB,12,2,0,0,0.2
222,"Keith Parkinson, New Hampshire (CAA)",So.,DB,12,2,0,0,0.2
222,"Marcus Peters, Central Ark. (Southland)",Sr.,DB,12,2,52,1,0.2
222,"Darius Reed, Central Ark. (Southland)",So.,DB,12,2,6,0,0.2
222,"Jonathon Rollins, Western Ill. (MVFC)",Jr.,DB,12,2,1,0,0.2
222,"Kenneth Russ, Howard (MEAC)",Fr.,DB,12,2,0,0,0.2
222,"Bobby Rutland, Bryant (NEC)",Jr.,DB,12,2,6,0,0.2
222,"Sam Sammons, Bryant (NEC)",Jr.,LB,12,2,14,0,0.2
222,"Bijon Samoodi, Cal Poly (Big Sky)",Sr.,DB,12,2,-8,0,0.2
222,"Preston Sanford, Sacred Heart (NEC)",Jr.,DB,12,2,29,0,0.2
222,"Andre Scott, Rhode Island (CAA)",Sr.,DB,12,2,0,0,0.2
222,"Tremaine Shepherd, Alabama A&M (SWAC)",Sr.,DB,12,2,6,0,0.2
222,"Curtis Simmons, Howard (MEAC)",Sr.,DB,12,2,-4,0,0.2
222,"Ryan Smith, N.C. Central (MEAC)",So.,DB,12,2,1,0,0.2
222,"Conor Sparacio, Northern Colo. (Big Sky)",Sr.,LB,12,2,32,0,0.2
222,"Jeremy Springer, Missouri St. (MVFC)",Jr.,LB,12,2,85,1,0.2
222,"Brandon Swayze, Gardner-Webb (Big South)",So.,DB,12,2,32,1,0.2
222,"Aaron Swift, South Dakota (MVFC)",Sr.,DB,12,2,72,1,0.2
222,"Austin Tallant, Tennessee Tech (OVC)",Jr.,DB,12,2,12,0,0.2
222,"Branden Thomas, Lamar University (Southland)",Sr.,DB,12,2,53,0,0.2
222,"Anthony Thompson, Southern Ill. (MVFC)",So.,DB,12,2,33,0,0.2
222,"Lynden Trail, Norfolk St. (MEAC)",Jr.,LB,12,2,7,0,0.2
222,"James Washington, Lamar University (Southland)",Sr.,LB,12,2,0,0,0.2
222,"Bobby Watkins, Central Ark. (Southland)",So.,DB,12,2,37,0,0.2
222,"Brandon Wicks, Murray St. (OVC)",Sr.,DB,12,2,48,0,0.2
222,"Thad Williams, UT Martin (OVC)",Sr.,DB,12,2,37,0,0.2
222,"Tyler Zeoli, Holy Cross (Patriot)",Jr.,LB,12,2,4,0,0.2
