Rank,Player,Cl,Pos,G,Int,Int Ret Yds,Int Ret TDs,Int PG
1,"Anthony Harris, Virginia (ACC)",Jr.,DB,12,8,42,0,0.7
1,"Bobby McCain, Memphis (AAC)",Jr.,DB,9,6,108,2,0.7
3,"D'Joun Smith, Fla. Atlantic (C-USA)",Jr.,DB,12,7,112,1,0.6
4,"Lorenzo Doss, Tulane (C-USA)",So.,DB,13,7,185,2,0.5
4,"Justin Gilbert, Oklahoma St. (Big 12)",Sr.,DB,13,7,123,2,0.5
4,"Derron Smith, Fresno St. (Mountain West)",Jr.,DB,13,7,135,1,0.5
7,"Ricardo Allen, Purdue (Big Ten)",Sr.,DB,12,6,42,0,0.5
7,"Jimmie Ward, NIU (MAC)",Sr.,DB,14,7,102,1,0.5
9,"Deone Bucannon, Washington St. (Pac-12)",Sr.,DB,13,6,110,0,0.5
9,"Blake Countess, Michigan (Big Ten)",So.,DB,13,6,169,1,0.5
9,"Donte Deayon, Boise St. (Mountain West)",So.,DB,13,6,15,0,0.5
9,"Kendall Fuller, Virginia Tech (ACC)",Fr.,DB,13,6,1,0,0.5
9,"Adrian McDonald, Houston (AAC)",So.,DB,13,6,76,0,0.5
9,"Steven Nelson, Oregon St. (Pac-12)",Jr.,DB,13,6,26,1,0.5
9,"Cody Prewitt, Ole Miss (SEC)",Jr.,DB,13,6,52,0,0.5
9,"Rashaad Reynolds, Oregon St. (Pac-12)",Sr.,DB,13,6,69,0,0.5
17,"Bene Benwikere, San Jose St. (Mountain West)",Sr.,DB,11,5,33,0,0.5
17,"Nickoe Whitley, Mississippi St. (SEC)",Sr.,DB,11,5,42,0,0.5
19,"Robert Nelson, Arizona St. (Pac-12)",Sr.,DB,14,6,41,1,0.4
20,"Sam Carter, TCU (Big 12)",Jr.,DB,12,5,112,1,0.4
20,"Brandon Facyson, Virginia Tech (ACC)",Fr.,DB,12,5,0,0,0.4
20,"E.J. Gaines, Missouri (SEC)",Sr.,DB,12,5,17,0,0.4
20,"Shawn Jackson, Tulsa (C-USA)",Sr.,LB,12,5,38,0,0.4
20,"Isaiah Johnson, Kansas (Big 12)",So.,DB,12,5,45,0,0.4
20,"Cam Thomas, Western Ky. (Sun Belt)",Jr.,LB,12,5,61,0,0.4
26,"Frank Crawford, UNLV (Mountain West)",Sr.,DB,10,4,45,0,0.4
26,"David Mayo, Texas St. (Sun Belt)",Fr.,DB,10,4,35,0,0.4
28,"Tre Boston, North Carolina (ACC)",Sr.,DB,13,5,19,0,0.4
28,"Kevin Byard, Middle Tenn. (C-USA)",So.,DB,13,5,159,2,0.4
28,"Charles Gaines, Louisville (AAC)",So.,DB,13,5,106,1,0.4
28,"Jeffrey Garrett, Ball St. (MAC)",Sr.,DB,13,5,94,0,0.4
28,"Damante Horton, Washington St. (Pac-12)",Sr.,DB,13,5,168,3,0.4
28,"Kenny Ladler, Vanderbilt (SEC)",Sr.,DB,13,5,61,0,0.4
28,"Damon Magazu, East Carolina (C-USA)",Sr.,DB,13,5,62,0,0.4
28,"Zach McMillian, Houston (AAC)",Sr.,DB,13,5,65,0,0.4
28,"Terrance Mitchell, Oregon (Pac-12)",Jr.,DB,13,5,72,1,0.4
28,"Marcus Peters, Washington (Pac-12)",So.,DB,13,5,18,0,0.4
28,"Marcus Trice, North Texas (C-USA)",Sr.,DB,13,5,62,0,0.4
39,"Darwin Cook, West Virginia (Big 12)",---,BS,11,4,65,1,0.4
39,"Darnell Walker, Tulsa (C-USA)",Fr.,DB,11,4,17,0,0.4
41,"Dion Bailey, Southern California (Pac-12)",Jr.,DB,14,5,26,0,0.4
41,"Brian Suite, Utah St. (Mountain West)",Jr.,DB,14,5,0,0,0.4
43,"Chi Chi Ariguzo, Northwestern (Big Ten)",Jr.,LB,12,4,26,0,0.3
43,"Adairius Barnes, Louisiana Tech (C-USA)",So.,DB,12,4,70,1,0.3
43,"Tra'Mayne Bondurant, Arizona (Pac-12)",Jr.,DB,12,4,79,2,0.3
43,"Ibraheim Campbell, Northwestern (Big Ten)",Jr.,DB,12,4,22,0,0.3
43,"Durell Eskridge, Syracuse (ACC)",So.,DB,12,4,43,0,0.3
43,"Greg Henderson, Colorado (Pac-12)",Jr.,DB,12,4,82,1,0.3
43,"Jayron Kearse, Clemson (ACC)",Fr.,DB,12,4,62,0,0.3
43,"A.J. Leggett, Marshall (C-USA)",Fr.,DB,12,4,25,0,0.3
43,"Christian Milstead, Fla. Atlantic (C-USA)",Sr.,DB,12,4,76,1,0.3
43,"Isaiah Newsome, ULM (Sun Belt)",Sr.,DB,12,4,175,2,0.3
43,"Brian Randolph, Tennessee (SEC)",So.,DB,12,4,79,0,0.3
43,"Tyree Robinson, Western Ky. (Sun Belt)",Sr.,DB,12,4,39,0,0.3
55,"Ishmael Adams, UCLA (Pac-12)",So.,DB,13,4,52,0,0.3
55,"Dante Barnett, Kansas St. (Big 12)",So.,DB,13,4,109,0,0.3
55,"Bashaud Breeland, Clemson (ACC)",Jr.,DB,13,4,49,0,0.3
55,"Barnett C.J., Ohio St. (Big Ten)",Sr.,DB,13,4,29,0,0.3
55,"Travis Carrie, Ohio (MAC)",Sr.,DB,13,4,103,2,0.3
55,"Su'A Cravens, Southern California (Pac-12)",Fr.,DB,13,4,54,0,0.3
55,"Bryan Douglas, Boise St. (Mountain West)",Jr.,DB,13,4,64,1,0.3
55,"Ciante Evans, Nebraska (Big Ten)",Sr.,DB,13,4,27,1,0.3
55,"Terell Floyd, Louisville (AAC)",Jr.,DB,13,4,15,1,0.3
55,"Phillip Gaines, Rice (C-USA)",Sr.,DB,13,4,2,0,0.3
55,"Tracy Howard, Miami (FL) (ACC)",So.,DB,13,4,55,1,0.3
55,"Xavier Hughes, Ohio (MAC)",Sr.,DB,13,4,1,0,0.3
55,"Stanley Jean-Baptiste, Nebraska (Big Ten)",Sr.,DB,13,4,134,1,0.3
55,"Caleb Lavey, Oklahoma St. (Big 12)",Sr.,LB,13,4,34,0,0.3
55,"Gabe Lynn, Oklahoma (Big 12)",Sr.,DB,13,4,46,0,0.3
55,"Skai Moore, South Carolina (SEC)",Fr.,LB,13,4,4,0,0.3
55,"James Morris, Iowa (Big Ten)",Sr.,LB,13,4,29,0,0.3
55,"Sean Parker, Washington (Pac-12)",Sr.,DB,13,4,31,0,0.3
55,"Sojourn Shelton, Wisconsin (Big Ten)",Fr.,DB,13,4,10,0,0.3
55,"Trevon Stewart, Houston (AAC)",So.,DB,13,4,16,0,0.3
55,"Raymon Taylor, Michigan (Big Ten)",Jr.,DB,13,4,75,0,0.3
55,"Darian Thompson, Boise St. (Mountain West)",So.,DB,13,4,0,0,0.3
77,"Ben Heeney, Kansas (Big 12)",Jr.,LB,10,3,34,0,0.3
77,"Nick Kwiatkoski, West Virginia (Big 12)",Jr.,DB,10,3,13,0,0.3
77,"Craig Loston, LSU (SEC)",Sr.,DB,10,3,38,0,0.3
77,"Taylor Mack, UConn (AAC)",Sr.,DB,10,3,20,0,0.3
77,"Julian Whigham, Syracuse (ACC)",So.,DB,10,3,21,0,0.3
82,"Nate Andrews, Florida St. (ACC)",Fr.,DB,14,4,91,1,0.3
82,"Breon Borders, Duke (ACC)",Fr.,DB,14,4,51,0,0.3
82,"Jeremy Cash, Duke (ACC)",So.,DB,14,4,18,0,0.3
82,"Alden Darby, Arizona St. (Pac-12)",Sr.,DB,14,4,59,1,0.3
82,"Darqueze Dennard, Michigan St. (Big Ten)",Sr.,DB,14,4,38,0,0.3
82,"Kurtis Drummond, Michigan St. (Big Ten)",Jr.,DB,14,4,55,1,0.3
82,"Nevin Lawson, Utah St. (Mountain West)",Sr.,DB,14,4,65,1,0.3
82,"Trent Matthews, Colorado St. (Mountain West)",So.,DB,14,4,25,0,0.3
82,"Josh Shaw, Southern California (Pac-12)",Jr.,DB,14,4,51,1,0.3
82,"Robenson Therezie, Auburn (SEC)",Jr.,DB,14,4,99,1,0.3
92,"Demetri Goodson, Baylor (Big 12)",Sr.,DB,11,3,63,0,0.3
92,"Heath Harding, Miami (OH) (MAC)",Fr.,DB,11,3,0,0,0.3
92,"Trayvon Henderson, Hawaii (Mountain West)",Fr.,DB,11,3,23,0,0.3
92,"Ryan Keiser, Penn St. (Big Ten)",Jr.,DB,11,3,2,0,0.3
92,"Jamerson Love, Mississippi St. (SEC)",Jr.,DB,11,3,78,1,0.3
92,"Merrill Noel, Wake Forest (ACC)",Jr.,DB,11,3,60,0,0.3
92,"Trey Williams, Idaho (FBS Independent)",Sr.,DB,11,3,45,0,0.3
92,"Ty Zimmerman, Kansas St. (Big 12)",Sr.,DB,11,3,75,2,0.3
100,"Bryson Abraham, Louisiana Tech (C-USA)",So.,DB,12,3,0,0,0.3
100,"Kenneth Acker, SMU (AAC)",Sr.,DB,12,3,27,0,0.3
100,"Jered Bell, Colorado (Pac-12)",Sr.,DB,12,3,109,1,0.3
100,"Taveze Calhoun, Mississippi St. (SEC)",So.,DB,12,3,101,0,0.3
100,"Donald Celiscar, Western Mich. (MAC)",Jr.,DB,12,3,0,0,0.3
100,"Justin Currie, Western Mich. (MAC)",Jr.,DB,12,3,5,0,0.3
100,"Jonathan Dowling, Western Ky. (Sun Belt)",Jr.,DB,12,3,21,0,0.3
100,"Deven Drane, Cincinnati (AAC)",Sr.,DB,12,3,85,0,0.3
100,"Collin Ellis, Northwestern (Big Ten)",Jr.,LB,12,3,96,2,0.3
100,"Kavon Frazier, Central Mich. (MAC)",So.,DB,12,3,30,0,0.3
100,"Malachi Freeman, Akron (MAC)",Sr.,DB,12,3,10,0,0.3
100,"Montell Garner, South Alabama (Sun Belt)",Jr.,DB,12,3,49,0,0.3
100,"Thomas Gordon, Michigan (Big Ten)",Sr.,DB,12,3,41,0,0.3
100,"Ladarius Gunter, Miami (FL) (ACC)",Jr.,DB,12,3,118,1,0.3
100,"Chris Hackett, TCU (Big 12)",So.,DB,12,3,0,0,0.3
100,"Andre Hal, Vanderbilt (SEC)",Sr.,DB,12,3,61,0,0.3
100,"Justin Halley, FIU (C-USA)",Jr.,DB,12,3,31,0,0.3
100,"Vernon Hargreaves, Florida (SEC)",Fr.,DB,12,3,39,0,0.3
100,"Greg Heban, Indiana (Big Ten)",Sr.,DB,12,3,24,0,0.3
100,"Thad Ingol, Ohio (MAC)",Jr.,DB,12,3,34,0,0.3
100,"Justin Iwuji, Texas St. (Sun Belt)",Sr.,DB,12,3,80,1,0.3
100,"Dontae Johnson, NC State (ACC)",Sr.,DB,12,3,21,0,0.3
100,"Kevin Johnson, Wake Forest (ACC)",Jr.,DB,12,3,45,0,0.3
100,"Byron Jones, UConn (AAC)",Jr.,DB,12,3,7,0,0.3
100,"Hunter Kissinger, ULM (Sun Belt)",So.,LB,12,3,23,0,0.3
100,"Jordan Lucas, Penn St. (Big Ten)",So.,DB,12,3,37,0,0.3
100,"Justin March, Akron (MAC)",Jr.,LB,12,3,34,1,0.3
100,"Thomas McDonald, Louisiana Tech (C-USA)",Jr.,DB,12,3,20,0,0.3
100,"K.J. Morton, Baylor (Big 12)",Sr.,DB,12,3,61,0,0.3
100,"Malcom Pannell, Kent St. (MAC)",Sr.,DB,12,3,70,0,0.3
100,"Calvin Pryor, Louisville (AAC)",Jr.,DB,12,3,26,0,0.3
100,"Damarious Randall, Arizona St. (Pac-12)",Jr.,DB,12,3,90,1,0.3
100,"Bradley Roby, Ohio St. (Big Ten)",Jr.,DB,12,3,120,1,0.3
100,"Markus Smith, Nevada (Mountain West)",Sr.,DB,12,3,17,0,0.3
100,"Kevin White, TCU (Big 12)",Jr.,DB,12,3,32,0,0.3
100,"Jason Wilson, Central Mich. (MAC)",Jr.,DB,12,3,88,0,0.3
136,"Brandon Alexander, UCF (AAC)",Jr.,DB,13,3,0,0,0.2
136,"Nate Askew, Texas A&M (SEC)",Sr.,LB,13,3,44,1,0.2
136,"T.T. Barber, Middle Tenn. (C-USA)",So.,LB,13,3,55,1,0.2
136,"Kenny Buyers, North Texas (C-USA)",So.,DB,13,3,33,0,0.2
136,"Brendon Clements, Navy (FBS Independent)",Fr.,DB,13,3,0,0,0.2
136,"Ross Cockrell, Duke (ACC)",Sr.,DB,13,3,19,0,0.2
136,"Austin Collinsworth, Notre Dame (FBS Independent)",Sr.,DB,13,3,6,0,0.2
136,"Ifo Ekpre-Olomu, Oregon (Pac-12)",Jr.,DB,13,3,0,0,0.2
136,"Parrish Gaines, Navy (FBS Independent)",Jr.,DB,13,3,33,0,0.2
136,"Randall Goforth, UCLA (Pac-12)",So.,DB,13,3,62,0,0.2
136,"Dominique Green, North Carolina (ACC)",Fr.,DB,13,3,62,1,0.2
136,"Victor Hampton, South Carolina (SEC)",Jr.,DB,13,3,26,0,0.2
136,"Rocky Hayes, Arkansas St. (Sun Belt)",So.,DB,13,3,43,0,0.2
136,"Paris Head, Vanderbilt (SEC)",Fr.,DB,13,3,9,0,0.2
136,"T.J. Holloman, South Carolina (SEC)",Fr.,LB,13,3,36,0,0.2
136,"Rayshawn Jenkins, Miami (FL) (ACC)",So.,DB,13,3,22,0,0.2
136,"Najja Johnson, Buffalo (MAC)",Sr.,DB,13,3,39,1,0.2
136,"Chris Johnson, Navy (FBS Independent)",Jr.,LB,13,3,39,0,0.2
136,"Eddie Lackey, Baylor (Big 12)",Sr.,LB,13,3,54,1,0.2
136,"Lairamie Lee, North Texas (C-USA)",Jr.,DB,13,3,27,1,0.2
136,"Jimmy Legree, South Carolina (SEC)",Sr.,DB,13,3,29,0,0.2
136,"Cortney Lester, Buffalo (MAC)",Jr.,DB,13,3,38,0,0.2
136,"Shaun Lewis, Oklahoma St. (Big 12)",Sr.,LB,13,3,44,0,0.2
136,"B.J. Lowery, Iowa (Big Ten)",Sr.,DB,13,3,48,2,0.2
136,"Khalil Mack, Buffalo (MAC)",Sr.,LB,13,3,125,2,0.2
136,"Howard Matthews, Texas A&M (SEC)",Jr.,DB,13,3,58,1,0.2
136,"Tanner Miller, Iowa (Big Ten)",Sr.,DB,13,3,8,0,0.2
136,"Jalen Mills, LSU (SEC)",So.,DB,13,3,-6,0,0.2
136,"Ryan Murphy, Oregon St. (Pac-12)",Jr.,DB,13,3,78,1,0.2
136,"Avery Patterson, Oregon (Pac-12)",Sr.,DB,13,3,89,1,0.2
136,"Shaquille Richardson, Arizona (Pac-12)",Sr.,DB,13,3,34,0,0.2
136,"Dorrian Roberts, Kansas St. (Big 12)",Sr.,DB,13,3,73,0,0.2
136,"Darius Robinson, Clemson (ACC)",Sr.,DB,13,3,35,1,0.2
136,"Hakeem Smith, Louisville (AAC)",Sr.,DB,13,3,5,0,0.2
136,"Derrick Strozier, Tulane (C-USA)",Sr.,DB,13,3,131,1,0.2
136,"Jordan Sullen, Tulane (C-USA)",Sr.,DB,13,3,0,0,0.2
136,"Sean Thomas, Louisiana (Sun Belt)",Jr.,DB,13,3,34,0,0.2
136,"Duke Thomas, Texas (Big 12)",So.,DB,13,3,19,0,0.2
136,"Ray Vinopal, Pittsburgh (ACC)",Jr.,DB,13,3,60,0,0.2
136,"Zac Whitfield, North Texas (C-USA)",So.,DB,13,3,98,1,0.2
136,"J.J. Whittaker, San Diego St. (Mountain West)",Jr.,DB,13,3,29,1,0.2
136,"P.J. Williams, Florida St. (ACC)",So.,DB,13,3,24,1,0.2
136,"Julian Wilson, Oklahoma (Big 12)",Jr.,DB,13,3,0,0,0.2
179,"Khary Bailey-Smith, Massachusetts (MAC)",So.,WR,9,2,25,0,0.2
180,"Kentrell Brothers, Missouri (SEC)",So.,LB,14,3,30,0,0.2
180,"Bryce Callahan, Rice (C-USA)",Jr.,DB,14,3,22,0,0.2
180,"Dechane Durante, NIU (MAC)",Jr.,DB,14,3,72,0,0.2
180,"Devon Edwards, Duke (ACC)",Fr.,DB,14,3,78,2,0.2
180,"Doran Grant, Ohio St. (Big Ten)",Jr.,DB,14,3,40,1,0.2
180,"Malcolm Hill, Rice (C-USA)",Jr.,DB,14,3,0,0,0.2
180,"Osahon Irabor, Arizona St. (Pac-12)",Sr.,DB,14,3,48,1,0.2
180,"Jordan Richards, Stanford (Pac-12)",Jr.,DB,14,3,55,1,0.2
180,"Telvin Smith, Florida St. (ACC)",Sr.,LB,14,3,147,2,0.2
180,"Ryan Smith, Auburn (SEC)",Sr.,DB,14,3,4,0,0.2
180,"Trae Waynes, Michigan St. (Big Ten)",So.,DB,14,3,11,0,0.2
180,"Braylon Webb, Missouri (SEC)",Jr.,DB,14,3,10,0,0.2
192,"Davis Cazares, New Mexico St. (FBS Independent)",Sr.,DB,10,2,25,0,0.2
192,"Mark Joyce, South Fla. (AAC)",Sr.,DB,10,2,15,0,0.2
192,"Jamal Merrell, Rutgers (AAC)",Sr.,LB,10,2,3,0,0.2
192,"Sam Miller, FIU (C-USA)",Sr.,DB,10,2,0,0,0.2
192,"Justin Trimble, Army West Point (FBS Independent)",Sr.,LB,10,2,0,0,0.2
197,"Haha Clinton-Dix, Alabama (SEC)",Jr.,DB,11,2,24,0,0.2
197,"Chrishawn Dupuy, Miami (OH) (MAC)",Jr.,DB,11,2,0,0,0.2
197,"Steve Edmond, Texas (Big 12)",Jr.,LB,11,2,6,0,0.2
197,"Dylan Farrington, Kent St. (MAC)",Jr.,DB,11,2,-4,0,0.2
197,"Cyrus Jones, Alabama (SEC)",So.,DB,11,2,1,0,0.2
197,"Dean Lowry, Northwestern (Big Ten)",So.,DL,11,2,35,1,0.2
197,"Brian Poole, Florida (SEC)",So.,DB,11,2,30,0,0.2
197,"Loucheiz Purifoy, Florida (SEC)",Jr.,DB,11,2,42,1,0.2
197,"Johnny Robinson, Akron (MAC)",Jr.,DB,11,2,45,0,0.2
197,"Tommy Sanders, Texas A&M (SEC)",Jr.,LB,11,2,2,0,0.2
197,"Dashone Smith, UTEP (C-USA)",Fr.,DB,11,2,0,0,0.2
197,"Jason Verrett, TCU (Big 12)",Sr.,DB,11,2,0,0,0.2
209,"Tony Annese, Central Mich. (MAC)",So.,DB,12,2,68,2,0.2
209,"Justin Backus, ULM (Sun Belt)",Fr.,DB,12,2,0,0,0.2
209,"Ishmael Banks, West Virginia (Big 12)",Jr.,DB,12,2,58,1,0.2
209,"Will Barrow, Tulsa (C-USA)",Fr.,DB,12,2,76,0,0.2
209,"Devin Bass, Ohio (MAC)",So.,DB,12,2,0,0,0.2
209,"Craig Bills, BYU (FBS Independent)",Jr.,DB,12,2,0,0,0.2
209,"Brent Brewer, Tennessee (SEC)",Sr.,DB,12,2,0,0,0.2
209,"Devin Brown, Massachusetts (MAC)",Sr.,DB,12,2,15,0,0.2
209,"Daquawn Brown, Washington St. (Pac-12)",Fr.,DB,12,2,13,0,0.2
209,"Kenneth Crawley, Colorado (Pac-12)",So.,DB,12,2,0,0,0.2
209,"IK Enemkpali, Louisiana Tech (C-USA)",Sr.,DL,12,2,22,0,0.2
209,"Beau Fitte, Louisiana Tech (C-USA)",So.,LB,12,2,6,0,0.2
209,"Qudarius Ford, South Alabama (Sun Belt)",Jr.,DB,12,2,42,1,0.2
209,"Jeremiah George, Iowa St. (Big 12)",Sr.,LB,12,2,11,0,0.2
209,"Jacoby Glenn, UCF (AAC)",Fr.,DB,12,2,35,0,0.2
209,"Senquez Golson, Ole Miss (SEC)",Jr.,DB,12,2,1,0,0.2
209,"D.J. Green, NC State (ACC)",Sr.,LB,12,2,42,1,0.2
209,"Brandon Greer, Central Mich. (MAC)",So.,DB,12,2,34,0,0.2
209,"Anthony Holmes, Akron (MAC)",Sr.,DB,12,2,22,0,0.2
209,"Camren Hudson, Troy (Sun Belt)",Sr.,DB,12,2,65,1,0.2
209,"Marqueston Huff, Wyoming (Mountain West)",Sr.,DB,12,2,0,0,0.2
209,"Jimmy Jean, UAB (C-USA)",Jr.,DB,12,2,0,0,0.2
209,"Josh Jenkins, Army West Point (FBS Independent)",Fr.,DB,12,2,0,0,0.2
209,"Kawe Johnson, New Mexico St. (FBS Independent)",Fr.,DB,12,2,25,0,0.2
209,"Hakim Jones, NC State (ACC)",So.,DB,12,2,26,0,0.2
209,"Derrick Kindred, TCU (Big 12)",So.,DB,12,2,0,0,0.2
209,"Sean Kurtz, Eastern Mich. (MAC)",Sr.,LB,12,2,35,1,0.2
209,"Mitch Lane, ULM (Sun Belt)",So.,DB,12,2,-4,0,0.2
209,"Kaiwan Lewis, South Carolina (SEC)",So.,LB,12,2,-3,0,0.2
209,"Dexter McDonald, Kansas (Big 12)",Jr.,DB,12,2,-4,0,0.2
209,"Obi Melifonwu, UConn (AAC)",Fr.,DB,12,2,15,0,0.2
209,"Kevin Peterson, Oklahoma St. (Big 12)",So.,DB,12,2,30,0,0.2
209,"Ne'Quan Phillips, Hawaii (Mountain West)",So.,DB,12,2,0,0,0.2
209,"Tyler Scott, Northwestern (Big Ten)",Sr.,DL,12,2,33,0,0.2
209,"Jay Scott, SMU (AAC)",Sr.,DB,12,2,3,0,0.2
209,"Jacorey Shepherd, Kansas (Big 12)",Jr.,DB,12,2,32,1,0.2
209,"Ike Spearman, Eastern Mich. (MAC)",So.,LB,12,2,10,0,0.2
209,"Christian Spears, Air Force (Mountain West)",Jr.,DB,12,2,38,0,0.2
209,"Jordan Stanton, Wyoming (Mountain West)",Jr.,LB,12,2,51,1,0.2
209,"Cameron Sutton, Tennessee (SEC)",Fr.,DB,12,2,36,1,0.2
209,"John Timu, Washington (Pac-12)",Jr.,LB,12,2,12,0,0.2
209,"Jack Tocho, NC State (ACC)",Fr.,DB,12,2,50,0,0.2
209,"Alan Turner, Arkansas (SEC)",Jr.,DB,12,2,24,0,0.2
209,"Turon Walker, Houston (AAC)",Jr.,DB,12,2,0,0,0.2
209,"Jacques Washington, Iowa St. (Big 12)",Sr.,DB,12,2,4,0,0.2
209,"Chaz Whittaker, Toledo (MAC)",So.,DB,12,2,3,0,0.2
209,"Korrin Wiggins, Clemson (ACC)",Fr.,DB,12,2,19,0,0.2
209,"Shaq Wiggins, Georgia (SEC)",Fr.,DB,12,2,39,1,0.2
209,"Joe Williams, Baylor (Big 12)",Sr.,DB,12,2,41,1,0.2
209,"Frankie Williams, Purdue (Big Ten)",So.,DB,12,2,0,0,0.2
209,"Trevor Williams, Penn St. (Big Ten)",So.,DB,12,2,33,0,0.2
209,"Andrew Williamson, Vanderbilt (SEC)",So.,DB,12,2,40,0,0.2
209,"Luke Wollet, Kent St. (MAC)",Sr.,DB,12,2,0,0,0.2
