Rank,Player,Cl,Pos,G,Int,Int Ret Yds,Int Ret TDs,Int PG
1,"Ji'Ayir Brown, Penn St. (Big Ten)",Sr.,S,13,6,112,1,0.5
2,"Brandon Sebastian, Boston College (ACC)",Sr.,CB,9,4,0,0,0.4
3,"Verone McKinley III, Oregon (Pac-12)",So.,DB,14,6,-1,0,0.4
3,"JT Woods, Baylor (Big 12)",Sr.,S,14,6,109,1,0.4
5,"Kerby Joseph, Illinois (Big Ten)",Jr.,DB,12,5,12,0,0.4
5,"Ja'Quan McMillian, East Carolina (AAC)",So.,CB,12,5,42,1,0.4
7,"Darrell Luter Jr., South Alabama (Sun Belt)",Jr.,CB,10,4,29,0,0.4
8,"Khoury Bethley, Hawaii (Mountain West)",Sr.,DB,13,5,120,1,0.4
8,"Montaric Brown, Arkansas (SEC)",Sr.,DB,13,5,0,0,0.4
8,"Jaylan Foster, South Carolina (SEC)",Sr.,DB,13,5,39,0,0.4
8,"Marcus Jones, Houston (AAC)",Sr.,CB,13,5,2,0,0.4
8,"Antavious Lane, Georgia St. (Sun Belt)",So.,DB,13,5,73,1,0.4
13,"Riley Moss, Iowa (Big Ten)",Sr.,DB,11,4,85,2,0.4
13,"Jermaine Waller, Virginia Tech (ACC)",Jr.,DB,11,4,67,1,0.4
15,"Dane Belton, Iowa (Big Ten)",Jr.,DB,14,5,0,0,0.4
15,"Steven Jones Jr., App State (Sun Belt)",Sr.,DB,14,5,97,3,0.4
17,"Macon Clark, Tulane (AAC)",Jr.,S,12,4,78,0,0.3
17,"Daiyan Henley, Nevada (Mountain West)",Sr.,LB,12,4,59,1,0.3
17,"TieNeal Martin, Tulsa (AAC)",Sr.,DB,12,4,0,0,0.3
17,"Jammie Robinson, Florida St. (ACC)",So.,DB,12,4,77,0,0.3
17,"Warren Saba, East Carolina (AAC)",Sr.,S,12,4,31,0,0.3
17,"Naeem Smith, Rice (C-USA)",Sr.,S,12,4,22,0,0.3
23,"Cam Allen, Purdue (Big Ten)",Jr.,S,13,4,31,0,0.3
23,"Jaylon Carlies, Missouri (SEC)",So.,DB,13,4,51,0,0.3
23,"Jermari Harris, Iowa (Big Ten)",So.,DB,13,4,0,0,0.3
23,"Cam'Ron Kelly, North Carolina (ACC)",Jr.,DB,13,4,24,0,0.3
23,"Montre Miller, Kent St. (MAC)",Jr.,DB,13,4,3,0,0.3
23,"Jaylin Thomas, Ball St. (MAC)",Sr.,LB,13,4,54,0,0.3
23,"Russ Yeast, Kansas St. (Big 12)",Sr.,DB,13,4,11,0,0.3
30,"Darien Butler, Arizona St. (Pac-12)",Sr.,LB,10,3,0,0,0.3
30,"Samy Johnson, Arkansas St. (Sun Belt)",So.,DB,10,3,23,0,0.3
30,"Max Melton, Rutgers (Big Ten)",Fr.,DB,10,3,46,1,0.3
30,"Delarrin Turner-Yell, Oklahoma (Big 12)",Sr.,S,10,3,0,0,0.3
34,"Devin Lloyd, Utah (Pac-12)",Jr.,LB,14,4,36,2,0.3
34,"Patrick McMorris, San Diego St. (Mountain West)",Jr.,DB,14,4,61,0,0.3
34,"Deshawn Pace, Cincinnati (AAC)",So.,LB,14,4,78,0,0.3
37,"Xavion Alford, Southern California (Pac-12)",Fr.,S,11,3,0,0,0.3
37,"Joey Blount, Virginia (ACC)",Sr.,DB,11,3,60,0,0.3
37,"Andrew Booth Jr., Clemson (ACC)",Jr.,CB,11,3,0,0,0.3
37,"Phillip Hill, UNLV (Mountain West)",Jr.,DB,11,3,35,0,0.3
37,"Dy'vonne Inyang, UTEP (C-USA)",Sr.,DB,11,3,28,0,0.3
37,"Ricky Johnson, UNLV (Mountain West)",So.,DB,11,3,1,0,0.3
37,"Jack Jones, Arizona St. (Pac-12)",Sr.,DB,11,3,-1,0,0.3
37,"Quentin Lake, UCLA (Pac-12)",Sr.,DB,11,3,23,0,0.3
37,"John Saunders Jr., Miami (OH) (MAC)",So.,DB,11,3,66,1,0.3
37,"Cam Smith, South Carolina (SEC)",So.,DB,11,3,10,0,0.3
37,"Collin Wilder, Wisconsin (Big Ten)",Sr.,S,11,3,53,0,0.3
37,"Tyson Williams, Nevada (Mountain West)",Sr.,DB,11,3,67,1,0.3
37,"BeeJay Williamson, Louisiana Tech (C-USA)",So.,DB,11,3,62,1,0.3
50,"Derion Kendrick, Georgia (SEC)",Sr.,CB,15,4,14,0,0.3
51,"Charles Amankwaa, Akron (MAC)",Jr.,DB,12,3,38,0,0.2
51,"Jordan Anderson, Bowling Green (MAC)",Jr.,DB,12,3,26,0,0.2
51,"Ethan Barr, Vanderbilt (SEC)",So.,LB,12,3,17,0,0.2
51,"Jakorian Bennett, Maryland (Big Ten)",Sr.,DB,12,3,-1,0,0.2
51,"DJ Brown, Notre Dame (FBS Independent)",Sr.,S,12,3,31,0,0.2
51,"Darian Chestnut, Syracuse (ACC)",Fr.,DB,12,3,28,0,0.2
51,"Tariq Drake, Ohio (MAC)",Sr.,DB,12,3,23,0,0.2
51,"BJ Foster, Texas (Big 12)",Sr.,DB,12,3,40,0,0.2
51,"Elijah Hicks, California (Pac-12)",Sr.,S,12,3,2,0,0.2
51,"Dashaun Jerkins, Vanderbilt (SEC)",Sr.,DB,12,3,-1,0,0.2
51,"Anthony Johnson, Virginia (ACC)",Jr.,DB,12,3,0,0,0.2
51,"Brandon Joseph, Northwestern (Big Ten)",Jr.,DB,12,3,26,0,0.2
51,"Dedrick Mackey, Purdue (Big Ten)",Sr.,CB,12,3,19,0,0.2
51,"Armani Marsh, Washington St. (Pac-12)",Sr.,DB,12,3,44,1,0.2
51,"D.J. McCullough, New Mexico St. (FBS Independent)",Jr.,CB,12,3,69,0,0.2
51,"Mark Perry, Colorado (Pac-12)",Jr.,DB,12,3,55,0,0.2
51,"Merlin Robertson, Arizona St. (Pac-12)",Sr.,LB,12,3,98,1,0.2
51,"Berdale Robins, Nevada (Mountain West)",Sr.,DB,12,3,87,1,0.2
51,"Jakob Robinson, BYU (FBS Independent)",Fr.,CB,12,3,7,0,0.2
51,"Daniel Scott, California (Pac-12)",Sr.,S,12,3,6,1,0.2
51,"Jay Shaw, UCLA (Pac-12)",Sr.,DB,12,3,21,0,0.2
51,"Korel Smith, Fla. Atlantic (C-USA)",Sr.,S,12,3,-3,0,0.2
51,"Christopher Smith, Georgia (SEC)",Sr.,DB,12,3,94,1,0.2
51,"Gabe Taylor, Rice (C-USA)",Fr.,DB,12,3,13,0,0.2
51,"Dadrion Taylor-Demerson, Texas Tech (Big 12)",Jr.,DB,12,3,4,0,0.2
51,"Drake Thomas, NC State (ACC)",So.,LB,12,3,38,1,0.2
51,"Al Walcott, Baylor (Big 12)",Jr.,CB,12,3,101,1,0.2
51,"Teja Young, Fla. Atlantic (C-USA)",So.,S,12,3,84,2,0.2
51,"Tre Young, South Alabama (Sun Belt)",Sr.,S,12,3,40,0,0.2
80,"Kris Abrams-Draine, Missouri (SEC)",So.,DB,13,3,0,0,0.2
80,"Beanie Bishop, Western Ky. (C-USA)",So.,DB,13,3,72,1,0.2
80,"Shaq Bond, Utah St. (Mountain West)",Sr.,S,13,3,0,0,0.2
80,"Arquon Bush, Cincinnati (AAC)",Jr.,DB,13,3,7,0,0.2
80,"Ajani Carter, Utah St. (Mountain West)",Jr.,LB,13,3,45,0,0.2
80,"Grayson Cash, UAB (C-USA)",Jr.,S,13,3,105,1,0.2
80,"Nick Cross, Maryland (Big Ten)",Jr.,DB,13,3,55,0,0.2
80,"A.J. Finley, Ole Miss (SEC)",Jr.,DB,13,3,71,1,0.2
80,"Emmanuel Forbes, Mississippi St. (SEC)",So.,DB,13,3,33,0,0.2
80,"Travon Fuller, Tulsa (AAC)",Sr.,DB,13,3,60,0,0.2
80,"Steven Gilmore, Marshall (C-USA)",Jr.,DB,13,3,38,0,0.2
80,"Gregory Grate, Middle Tenn. (C-USA)",Jr.,S,13,3,3,0,0.2
80,"Jaylen McCollough, Tennessee (SEC)",Jr.,DB,13,3,45,0,0.2
80,"Malik Moore, BYU (FBS Independent)",Jr.,DB,13,3,23,0,0.2
80,"Chad Muma, Wyoming (Mountain West)",Sr.,LB,13,3,68,2,0.2
80,"Tyler Nubin, Minnesota (Big Ten)",Jr.,DB,13,3,42,0,0.2
80,"Keith Sherald Jr., Kent St. (MAC)",Sr.,DB,13,3,5,0,0.2
80,"Corvan Taylor, Air Force (Mountain West)",Sr.,DB,13,3,21,0,0.2
80,"John Torchio, Wisconsin (Big Ten)",Jr.,S,13,3,68,0,0.2
80,"Rashad Torrence II, Florida (SEC)",So.,DB,13,3,1,0,0.2
80,"Evan Williams, Fresno St. (Mountain West)",Jr.,DB,13,3,64,0,0.2
80,"Caesar Williams, Wisconsin (Big Ten)",Sr.,CB,13,3,49,1,0.2
102,"Jon Alexander, Charlotte (C-USA)",Sr.,DB,9,2,41,1,0.2
102,"Kenneth Harris, Arkansas St. (Sun Belt)",Fr.,DB,9,2,29,0,0.2
102,"Jeremy Lucien, UConn (FBS Independent)",Sr.,DB,9,2,0,0,0.2
102,"Isaiah Nwokobia, SMU (AAC)",Fr.,S,9,2,19,0,0.2
106,"Omari Alexander, Western Ky. (C-USA)",Sr.,DB,14,3,0,0,0.2
106,"Coby Bryant, Cincinnati (AAC)",Sr.,DB,14,3,95,1,0.2
106,"Trey Cobb, App State (Sun Belt)",Sr.,LB,14,3,110,1,0.2
106,"Ahmad Gardner, Cincinnati (AAC)",Jr.,DB,14,3,7,0,0.2
106,"Erick Hallett, Pittsburgh (ACC)",Jr.,DB,14,3,19,1,0.2
106,"Kolby Harvell-Peel, Oklahoma St. (Big 12)",Sr.,S,14,3,21,0,0.2
106,"Elvis Hines, Kent St. (MAC)",Sr.,CB,14,3,51,0,0.2
106,"John Petrishen, Pittsburgh (ACC)",Sr.,LB,14,3,35,1,0.2
106,"Traveon Redd, Wake Forest (ACC)",Sr.,DB,14,3,83,1,0.2
106,"Justin Rice, Utah St. (Mountain West)",Sr.,LB,14,3,54,0,0.2
106,"Trenton Thompson, San Diego St. (Mountain West)",Sr.,DB,14,3,1,0,0.2
117,"Tyler Baker-Williams, NC State (ACC)",Jr.,DB,10,2,7,0,0.2
117,"Jordan Battle, Alabama (SEC)",Jr.,DB,15,3,111,2,0.2
117,"Josh DeBerry, Boston College (ACC)",Jr.,CB,10,2,-7,0,0.2
117,"JoJo Domann, Nebraska (Big Ten)",Sr.,LB,10,2,0,0,0.2
117,"DeMarcco Hellams, Alabama (SEC)",Jr.,DB,15,3,9,0,0.2
117,"Travis Jay, Florida St. (ACC)",Fr.,DB,10,2,5,0,0.2
117,"Nazeeh Johnson, Marshall (C-USA)",Sr.,S,10,2,0,0,0.2
117,"Kaonohi Kaniho, Boise St. (Mountain West)",Fr.,CB,10,2,0,0,0.2
117,"Cameron Lockridge, Hawaii (Mountain West)",Jr.,DB,10,2,88,1,0.2
117,"Romain Mungin, Fla. Atlantic (C-USA)",So.,DB,10,2,40,0,0.2
117,"Nehemiah Shelton, San Jose St. (Mountain West)",Sr.,DB,10,2,13,0,0.2
117,"Asa Turner, Washington (Pac-12)",So.,DB,10,2,26,0,0.2
117,"Jalen Ware, Temple (AAC)",Sr.,S,10,2,20,0,0.2
117,"Payton Wilgar, BYU (FBS Independent)",So.,LB,10,2,24,0,0.2
117,"James Williams, Miami (FL) (ACC)",Fr.,DB,10,2,0,0,0.2
117,"Ronald Wilson, New Mexico (Mountain West)",Fr.,DB,10,2,0,0,0.2
133,"Luke Brockermeyer, Texas (Big 12)",Jr.,LB,11,2,24,0,0.2
133,"Jacobee Bryant, Kansas (Big 12)",Fr.,CB,11,2,31,1,0.2
133,"Jaiden Cole, Louisiana Tech (C-USA)",Jr.,DB,11,2,57,0,0.2
133,"Tavian Combs, New Mexico (Mountain West)",So.,DB,11,2,1,0,0.2
133,"Ja'Qurious Conley, North Carolina (ACC)",So.,DB,11,2,0,0,0.2
133,"TJ Harris, Troy (Sun Belt)",Jr.,S,11,2,36,0,0.2
133,"Richard Jibunor, Troy (Sun Belt)",So.,DE,11,2,25,0,0.2
133,"Cameron Jones, Army West Point (FBS Independent)",Jr.,CB,11,2,45,0,0.2
133,"Kyu Blu Kelly, Stanford (Pac-12)",Jr.,CB,11,2,31,1,0.2
133,"Mekhi LaPointe, South Fla. (AAC)",Jr.,DB,11,2,50,0,0.2
133,"Jeremiah Lewis, Duke (ACC)",Jr.,DB,11,2,35,0,0.2
133,"Kirk Lockhart, Rice (C-USA)",So.,S,11,2,10,0,0.2
133,"Roman Parodie, Ohio (MAC)",Fr.,CB,11,2,-4,0,0.2
133,"Fred Peters, Mississippi St. (SEC)",Sr.,S,11,2,12,0,0.2
133,"Eldrick Robinson II, Ga. Southern (Sun Belt)",Fr.,LB,11,2,31,0,0.2
133,"Myles Slusher, Arkansas (SEC)",So.,DB,11,2,11,0,0.2
133,"Chris Steele, Southern California (Pac-12)",Jr.,CB,11,2,0,0,0.2
133,"Keilos Swinney, ULM (Sun Belt)",Sr.,S,11,2,8,0,0.2
133,"Jay Ward, LSU (SEC)",Jr.,DB,11,2,33,0,0.2
133,"Ryan Watts, Ohio St. (Big Ten)",So.,DB,11,2,18,0,0.2
133,"Charles Woods, West Virginia (Big 12)",Jr.,S,11,2,32,0,0.2
