Rank,Player,Cl,Pos,G,FG,FGA,Pct
1,"Eric Medina, Texas Southern (SWAC)",Sr.,K,11,15,16,0.938
2,"Oren Milstein, Columbia (Ivy League)",Fr.,K,9,12,13,0.923
3,"Paul Schumacher, Gardner-Webb (Big South)",Jr.,K,11,10,11,0.909
4,"Javier Arce-Ramirez, Jacksonville (Pioneer)",Fr.,K,10,9,10,0.9
5,"Griffin Trau, Richmond (CAA)",So.,P,13,23,26,0.885
6,"Ruan Albuquerque, Southern U. (SWAC)",Jr.,K,11,13,15,0.867
7,"Drew Bevelhimer, Butler (Pioneer)",Fr.,K,11,12,14,0.857
7,"John Gallagher, Elon (CAA)",Sr.,K,11,12,14,0.857
9,"Jonah Bowman, Colgate (Patriot)",Sr.,K,10,11,13,0.846
9,"Cameron Marouf, Norfolk St. (MEAC)",Sr.,K,11,11,13,0.846
11,"Jerry Nunez, Indiana St. (MVFC)",Fr.,K,11,15,18,0.833
12,"Aidan O'Neill, Towson (CAA)",Fr.,K,11,18,22,0.818
13,"Nick Carden, Alabama A&M (SWAC)",Jr.,P,11,13,16,0.813
13,"Nick Madonia, Tennessee Tech (OVC)",So.,K,11,13,16,0.813
13,"Griffin Roehler, Northern Ariz. (Big Sky)",Fr.,K,11,13,16,0.813
13,"Tim Semenza, Montana (Big Sky)",Fr.,K,10,13,16,0.813
17,"James Cooper, Wagner (NEC)",Sr.,K,11,16,20,0.8
17,"Sean Slattery, Illinois St. (MVFC)",Jr.,K,12,16,20,0.8
17,"Henrique Ribeiro, Chattanooga (SoCon)",Sr.,K,13,12,15,0.8
17,"Alex Galland, Yale (Ivy League)",So.,K,10,8,10,0.8
17,"Jake McIntytre, Harvard (Ivy League)",Fr.,K,10,8,10,0.8
17,"Ricky Perez, Bryant (NEC)",Sr.,K,10,8,10,0.8
23,"Alex Probert, Liberty (Big South)",Fr.,K,11,15,19,0.789
24,"Henry Darmstadter, Georgetown (Patriot)",Sr.,K,11,11,14,0.786
25,"Miles Bergner, South Dakota (MVFC)",Sr.,K,11,14,18,0.778
25,"William Will, Dayton (Pioneer)",Sr.,K,11,14,18,0.778
27,"Storm Ruiz, SFA (Southland)",Fr.,K,11,13,17,0.765
28,"Ed Groth, Central Conn. St. (NEC)",Sr.,K,11,12,16,0.75
28,"JJ Jerman, ETSU (SoCon)",So.,K,11,12,16,0.75
28,"Logan Howard, Western Caro. (SoCon)",So.,K,10,9,12,0.75
31,"Connor Mitchell, Murray St. (OVC)",Sr.,K,11,20,27,0.741
32,"David Marvin, Wofford (SoCon)",Jr.,K,14,17,23,0.739
33,"Eric Piccione, Northwestern St. (Southland)",Jr.,K,11,11,15,0.733
34,"Jacob Bissell, Lafayette (Patriot)",So.,K,10,8,11,0.727
34,"Frank Raggo, Delaware (CAA)",So.,K,11,8,11,0.727
34,"Matt White, Monmouth (Big South)",Jr.,K,11,8,11,0.727
37,"Austin Crimmins, Duquesne (NEC)",Sr.,K,11,13,18,0.722
38,"Brandon McLaren, N.C. Central (MEAC)",Sr.,K,12,10,14,0.714
39,"Reece Everett, Samford (SoCon)",Jr.,K,12,12,17,0.706
40,"Cole Fisher, Mercer (SoCon)",So.,K,11,16,23,0.696
41,"Ryan McCrum, Southeast Mo. St. (OVC)",Sr.,K,11,18,26,0.692
41,"Cody Jones, N.C. A&T (MEAC)",Sr.,K,12,9,13,0.692
41,"Gabe Peppenger, Montana St. (Big Sky)",Fr.,K,11,9,13,0.692
41,"Jonathan Tatum, Southeastern La. (Southland)",So.,K,11,9,13,0.692
45,"Matt Blair, UC Davis (Big Sky)",---,,11,11,16,0.688
45,"Makay Redd, Fordham (Patriot)",Sr.,K,11,11,16,0.688
47,"Lane Clark, Tennessee St. (OVC)",Jr.,K,11,17,25,0.68
48,"Tyler Gray, James Madison (CAA)",So.,K,15,14,21,0.667
49,"Zak Kennedy, Youngstown St. (MVFC)",So.,K,14,19,29,0.655
50,"Cam Pedersen, North Dakota St. (MVFC)",So.,K,14,15,23,0.652
51,"Cody Clark, The Citadel (SoCon)",Sr.,K,12,13,20,0.65
51,"Mike Maccarone, Marist (Pioneer)",Sr.,K,11,13,20,0.65
53,"Chase Vinatieri, South Dakota St. (MVFC)",Fr.,K,13,11,17,0.647
54,"Patrick Murray, San Diego (Pioneer)",Jr.,K,12,9,14,0.643
55,"Alec Chadwick, Houston Christian (Southland)",So.,K,11,16,25,0.64
55,"Reid Taubenheim, North Dakota (Big Sky)",Jr.,K,12,16,25,0.64
57,"Zach Drake, Missouri St. (MVFC)",Fr.,K,11,7,11,0.636
57,"Austin Errthum, UNI (MVFC)",So.,K,9,7,11,0.636
59,"Nathan Knuffman, Western Ill. (MVFC)",Sr.,K,11,12,19,0.632
59,"Cade Stinnett, Jacksonville St. (OVC)",So.,K,12,12,19,0.632
61,"Matt Cummins, Central Ark. (Southland)",So.,K,13,13,21,0.619
61,"Ethan Stark, UAlbany (CAA)",So.,K,11,13,21,0.619
63,"Lance Geesey, Saint Francis (PA) (NEC)",Sr.,K,12,12,20,0.6
63,"Roldan Alcobendas, Eastern Wash. (Big Sky)",Jr.,K,14,9,15,0.6
63,"Mitch Mersman, UT Martin (OVC)",Jr.,K,12,9,15,0.6
63,"Mitchell Brown, Campbell (Pioneer)",Jr.,K,10,6,10,0.6
63,"Uriel Hernandez, Bethune-Cookman (MEAC)",So.,K,10,6,10,0.6
68,"David Smith, Dartmouth (Ivy League)",Jr.,K,10,7,12,0.583
69,"Nick Bruno, Eastern Ill. (OVC)",Jr.,P,11,7,13,0.538
69,"Brett Norton, Presbyterian (Big South)",So.,K,11,7,13,0.538
69,"Lucas Williams, Eastern Ky. (OVC)",Fr.,OL,10,7,13,0.538
72,"Zane Wasp, Holy Cross (Patriot)",Sr.,K,11,8,15,0.533
73,"Christian Jacquemin, Jackson St. (SWAC)",So.,K,11,9,18,0.5
73,"David McKey, Nicholls (Southland)",Jr.,K,11,9,18,0.5
73,"Trevor Smith, Davidson (Pioneer)",Jr.,K,11,8,16,0.5
73,"Connor Shennan, Robert Morris (NEC)",Sr.,K,11,7,14,0.5
77,"Grant Amick, Stetson (Pioneer)",Sr.,K,11,8,17,0.471
78,"Jon Croft Hollingsworth, Furman (SoCon)",Jr.,K,11,7,15,0.467
79,"Tavish Rice, Princeton (Ivy League)",Fr.,K,10,6,13,0.462
80,"Keita Calhoun, Southern Utah (Big Sky)",Jr.,K,11,5,11,0.455
81,"Tyler Scandrett, South Carolina St. (MEAC)",So.,,11,7,16,0.438
82,"Jamie Gillan, Ark.-Pine Bluff (SWAC)",So.,K,11,5,12,0.417
83,"Taylor Hintze, Weber St. (Big Sky)",So.,K,12,7,18,0.389
84,"Alex Raya, Morgan St. (MEAC)",So.,K,11,6,16,0.375
85,"Dillon Christopher, VMI (SoCon)",Sr.,K,10,2,11,0.182
