Rank,Player,Cl,Pos,G,FG,FGA,Pct
1,"Lance Geesey, Saint Francis (PA) (NEC)",Jr.,K,10,16,17,0.941
2,"Ryan Hawkins, Northern Ariz. (Big Sky)",Sr.,K,11,11,12,0.917
3,"Jace Denker, Central Ark. (Southland)",Sr.,K,11,15,17,0.882
4,"Anthony Pistelli, Samford (SoCon)",Sr.,K,11,20,23,0.87
5,"Marc Orozco, Grambling (SWAC)",So.,K,12,13,15,0.867
6,"Logan Howard, Western Caro. (SoCon)",Fr.,K,11,12,14,0.857
6,"Ryan Maglio, James Madison (CAA)",Sr.,K,12,12,14,0.857
8,"Sam Hurwitz, Towson (CAA)",Sr.,K,11,11,13,0.846
9,"Chris Moore, Northwestern St. (Southland)",Sr.,K,11,16,19,0.842
10,"Nick Dorka, William & Mary (CAA)",So.,K,13,21,25,0.84
11,"Zak Kennedy, Youngstown St. (MVFC)",Fr.,K,11,19,23,0.826
12,"Brady Stuart, UC Davis (Big Sky)",Sr.,K,11,14,17,0.824
13,"John Arnold, Tennessee Tech (OVC)",So.,K,11,9,11,0.818
14,"Jonathan Gonzales, Portland St. (Big Sky)",Jr.,K,12,13,16,0.813
15,"Henrique Ribeiro, Chattanooga (SoCon)",Jr.,K,13,17,21,0.81
16,"Ryan Granger, Coastal Carolina (Big South)",Jr.,K,12,16,20,0.8
16,"Nolan Bieck, Princeton (Ivy League)",Sr.,K,10,12,15,0.8
18,"Dillon Christopher, VMI (SoCon)",Jr.,K,11,11,14,0.786
18,"Lucas Williams, Eastern Ky. (OVC)",So.,K,9,11,14,0.786
20,"Daniel Sullivan, Montana (Big Sky)",Sr.,K,13,20,26,0.769
20,"Alex Ball, Lamar University (Southland)",Jr.,K,11,10,13,0.769
20,"David Marvin, Wofford (SoCon)",So.,K,11,10,13,0.769
23,"Reid Taubenheim, North Dakota (Big Sky)",So.,K,11,13,17,0.765
23,"Peter Yoder, Richmond (CAA)",Jr.,K,12,13,17,0.765
25,"Austin Crimmins, Duquesne (NEC)",Jr.,K,12,16,21,0.762
25,"Ryan Deising, Jackson St. (SWAC)",Sr.,K,11,16,21,0.762
25,"Eric Goins, The Citadel (SoCon)",Jr.,K,13,16,21,0.762
28,"Jon Croft Hollingsworth, Furman (SoCon)",So.,K,11,9,12,0.75
28,"Ed Mish, Lehigh (Patriot)",Fr.,K,11,9,12,0.75
30,"William Will, Dayton (Pioneer)",Jr.,K,12,17,23,0.739
31,"Michael Schmadeke, UNI (MVFC)",Sr.,K,14,16,22,0.727
31,"Mason Juhl, SFA (Southland)",Sr.,K,9,8,11,0.727
33,"Jackson Redditt, UT Martin (OVC)",Sr.,K,11,12,17,0.706
33,"Justin Thompson, Kennesaw St. (Big South)",Fr.,K,10,12,17,0.706
35,"Henry Darmstadter, Georgetown (Patriot)",Jr.,K,11,9,13,0.692
35,"Cody Jones, N.C. A&T (MEAC)",Jr.,K,11,9,13,0.692
35,"Justin Rohrwasser, Rhode Island (CAA)",Fr.,K,10,9,13,0.692
38,"Shavi Bash, Morehead St. (Pioneer)",So.,P,11,13,19,0.684
39,"Jay Carlson, South Dakota St. (MVFC)",Sr.,K,12,15,22,0.682
40,"Nigel Macauley, N.C. Central (MEAC)",Fr.,K,10,18,27,0.667
40,"Bryan Holmes, Yale (Ivy League)",Jr.,P,10,12,18,0.667
40,"Keita Calhoun, Southern Utah (Big Sky)",So.,K,12,10,15,0.667
40,"Tyler Scandrett, South Carolina St. (MEAC)",Fr.,,11,10,15,0.667
40,"Jamie Gillan, Ark.-Pine Bluff (SWAC)",Fr.,K,10,8,12,0.667
40,"Cameron Marouf, Norfolk St. (MEAC)",Jr.,K,11,8,12,0.667
40,"Makay Redd, Fordham (Patriot)",Jr.,K,10,8,12,0.667
40,"Christian Breda, New Hampshire (CAA)",Sr.,K,9,6,9,0.667
48,"John Barron, Savannah St. (MEAC)",Jr.,K,10,11,17,0.647
49,"Bryan Maley, Wagner (NEC)",Sr.,K,11,9,14,0.643
49,"Ricky Perez, Bryant (NEC)",Jr.,K,11,9,14,0.643
51,"Miles Bergner, South Dakota (MVFC)",Jr.,K,11,14,22,0.636
51,"Austin Johnson, Southern Ill. (MVFC)",Jr.,K,11,14,22,0.636
51,"Francisco Condado, Nicholls (Southland)",Sr.,K,11,7,11,0.636
51,"T. Tekac, Charleston So. (Big South)",---,,10,7,11,0.636
55,"Connor Rouleau, Jacksonville St. (OVC)",So.,K,15,17,27,0.63
56,"Nick Bruno, Eastern Ill. (OVC)",So.,P,11,10,16,0.625
56,"Frank Raggo, Delaware (CAA)",Fr.,K,10,10,16,0.625
58,"John Fleck, Howard (MEAC)",Sr.,K,11,8,13,0.615
58,"JJ Jerman, ETSU (FCS Independent)",Fr.,K,11,8,13,0.615
58,"Grant Senne, Brown (Ivy League)",Sr.,P,10,8,13,0.615
61,"Sean Decloux, Maine (CAA)",Sr.,K,9,11,18,0.611
61,"Jagger Lieb, Mercer (SoCon)",So.,K,11,11,18,0.611
63,"Brandon Behr, Jacksonville (Pioneer)",Jr.,K,11,14,23,0.609
63,"Josh Kealamakia, Weber St. (Big Sky)",Sr.,P,11,14,23,0.609
65,"Connor Fitzgerald, Holy Cross (Patriot)",Sr.,K,11,9,15,0.6
65,"Brett Norton, Presbyterian (Big South)",Fr.,K,10,6,10,0.6
67,"Josh Lee, Drake (Pioneer)",Jr.,K,11,10,17,0.588
68,"Colby Blanton, Florida A&M (MEAC)",Jr.,K,11,7,12,0.583
68,"John Gallagher, Elon (CAA)",Jr.,K,11,7,12,0.583
68,"Paul Schumacher, Gardner-Webb (Big South)",So.,K,11,7,12,0.583
68,"Trevor Smith, Davidson (Pioneer)",So.,K,11,7,12,0.583
72,"Nathan Knuffman, Western Ill. (MVFC)",Jr.,K,13,11,19,0.579
73,"Cam Pedersen, North Dakota St. (MVFC)",Fr.,K,14,12,21,0.571
73,"Jacob Bissell, Lafayette (Patriot)",Fr.,K,11,8,14,0.571
73,"Lane Clark, Tennessee St. (OVC)",So.,K,10,8,14,0.571
73,"Cameron Nizialek, Columbia (Ivy League)",Jr.,K,10,8,14,0.571
73,"Matt White, Monmouth (Big South)",So.,K,11,8,14,0.571
78,"Ryan McCrum, Southeast Mo. St. (OVC)",Jr.,K,11,9,16,0.563
79,"Sean Slattery, Illinois St. (MVFC)",So.,K,13,10,18,0.556
79,"Jonathan Treloar, Butler (Pioneer)",Sr.,K,11,10,18,0.556
81,"Jack Flatau, San Diego (Pioneer)",So.,K,9,6,11,0.545
81,"Mike Maccarone, Marist (Pioneer)",Jr.,K,11,6,11,0.545
81,"Przemyslaw Popek, Stony Brook (CAA)",Jr.,K,9,6,11,0.545
81,"Jonathan Tatum, Southeastern La. (Southland)",Fr.,K,10,6,11,0.545
85,"John Lunsford, Liberty (Big South)",Sr.,K,11,13,24,0.542
86,"Brad Cornish, Sacramento St. (Big Sky)",Sr.,K,10,9,18,0.5
87,"Alex Gakenheimer, Dartmouth (Ivy League)",Jr.,K,10,4,11,0.364
88,"Chris Moller, Morgan St. (MEAC)",Jr.,K,10,5,16,0.313
89,"Cesar Ramon, Alabama A&M (SWAC)",Jr.,K,10,3,10,0.3
