Rank,Player,Cl,Pos,G,FG,FGA,Pct
1,"Roldan Alcobendas, Eastern Wash. (Big Sky)",Sr.,K,14,16,16,1
2,"Adam Lippy, N.C. Central (MEAC)",So.,K,10,11,12,0.917
2,"Alex Vega, Cal Poly (Big Sky)",Sr.,K,10,11,12,0.917
4,"Jonny Messina, Stetson (Pioneer)",So.,K,10,10,11,0.909
4,"Josh Nardone, Norfolk St. (MEAC)",So.,K,10,10,11,0.909
6,"Christian Jacquemin, Jackson St. (SWAC)",Sr.,K,10,16,18,0.889
7,"Chris Puzzi, Colgate (Patriot)",Jr.,K,12,15,17,0.882
8,"Ryan Courtright, UT Martin (OVC)",So.,K,11,13,15,0.867
8,"Jake McIntytre, Harvard (Ivy League)",Jr.,DB,10,13,15,0.867
10,"Nick Bruno, Eastern Ill. (OVC)",Sr.,P,11,12,14,0.857
10,"Antonio Zita, Tennessee St. (OVC)",Fr.,K,9,12,14,0.857
12,"Grayson Atkins, Furman (SoCon)",So.,K,10,11,13,0.846
12,"Jacob Godek, The Citadel (SoCon)",Jr.,K,11,11,13,0.846
14,"Chris Alleyne, Columbia (Ivy League)",Sr.,K,10,15,18,0.833
14,"Matt Mosquera, Monmouth (Big South)",Jr.,K,11,10,12,0.833
16,"Austin Errthum, UNI (MVFC)",Sr.,K,13,24,29,0.828
17,"JJ Jerman, ETSU (SoCon)",Sr.,K,12,19,23,0.826
18,"Ethan Stark, UAlbany (CAA)",Sr.,K,11,14,17,0.824
19,"Oscar Hernandez, Abilene Christian (Southland)",So.,K,11,9,11,0.818
20,"Jerry Nunez, Indiana St. (MVFC)",Jr.,K,11,15,19,0.789
20,"Gabriel Vicente, Murray St. (OVC)",Jr.,K,11,15,19,0.789
22,"Cody Williams, Portland St. (Big Sky)",Fr.,K,11,11,14,0.786
23,"Tre Honshtein, Sam Houston (Southland)",Sr.,K,11,14,18,0.778
23,"Jonathan Tatum, Southeastern La. (Southland)",Sr.,K,10,14,18,0.778
23,"Nicolas Ramos, Princeton (Ivy League)",So.,K,9,7,9,0.778
26,"Skyler Davis, Elon (CAA)",Fr.,K,11,17,22,0.773
27,"Eric Silvester, Wagner (NEC)",So.,K,11,10,13,0.769
28,"Matt Cummins, Central Ark. (Southland)",Sr.,K,11,13,17,0.765
28,"Mitchell Fineran, Samford (SoCon)",Fr.,K,11,13,17,0.765
28,"Max O'Rourke, UC Davis (Big Sky)",Jr.,K,13,13,17,0.765
28,"Tim Semenza, Montana (Big Sky)",Jr.,K,11,13,17,0.765
32,"Aidan O'Neill, Towson (CAA)",Jr.,K,12,22,29,0.759
33,"Luke Carter, Wofford (SoCon)",Jr.,K,13,12,16,0.75
33,"Cole Fisher, Mercer (SoCon)",Sr.,K,11,12,16,0.75
33,"Storm Ruiz, SFA (Southland)",Jr.,K,10,9,12,0.75
36,"Will Horton, Western Caro. (SoCon)",So.,K,11,17,23,0.739
37,"Tristan Bailey, Montana St. (Big Sky)",Jr.,K,13,14,19,0.737
38,"Gunnar Raborn, McNeese (Southland)",Sr.,K,11,16,22,0.727
38,"Cade Coffey, Idaho (Big Sky)",So.,K,11,8,11,0.727
38,"Jose Romo-Martinez, Delaware St. (MEAC)",Fr.,K,11,8,11,0.727
41,"Samuel Hayworth, Eastern Ky. (OVC)",Jr.,K,11,15,21,0.714
41,"Sam Crosa, Western Ill. (MVFC)",Jr.,K,11,10,14,0.714
41,"Alex Raya, Morgan St. (MEAC)",Sr.,K,11,10,14,0.714
44,"Eric Bofenkamp, Saint Francis (PA) (NEC)",Sr.,K,11,12,17,0.706
44,"Mason Lorber, South Dakota (MVFC)",So.,K,11,12,17,0.706
44,"Frank Raggo, Delaware (CAA)",Sr.,K,12,12,17,0.706
44,"Griffin Trau, Richmond (CAA)",Sr.,K,10,12,17,0.706
48,"Dylan Brady, Brown (Ivy League)",Fr.,K,10,7,10,0.7
48,"Alex Galland, Yale (Ivy League)",Sr.,K,10,7,10,0.7
48,"Aedan Johnson, San Diego (Pioneer)",Fr.,DB,10,7,10,0.7
51,"Zach Elder, Prairie View (SWAC)",So.,K,10,9,13,0.692
52,"Jamie Gillan, Ark.-Pine Bluff (SWAC)",Sr.,K,11,20,29,0.69
53,"Jack Soslow, Penn (Ivy League)",Sr.,K,10,11,16,0.688
54,"Victor Ulmo, Chattanooga (SoCon)",So.,K,11,13,19,0.684
55,"Yahia Aly, Florida A&M (MEAC)",Fr.,,11,15,22,0.682
55,"Nick Madonia, Tennessee Tech (OVC)",Sr.,K,11,15,22,0.682
57,"Corey McCullough, Alcorn (SWAC)",Jr.,K,13,17,25,0.68
58,"Chase Vinatieri, South Dakota St. (MVFC)",Jr.,K,13,14,21,0.667
58,"Campbell Sheidow, Idaho St. (Big Sky)",Fr.,K,11,12,18,0.667
58,"Tyler Tekac, Charleston So. (Big South)",Sr.,K,11,12,18,0.667
58,"Devon Medeiros, Sacramento St. (Big Sky)",Sr.,K,8,10,15,0.667
58,"Dimitrios Latsonas, Valparaiso (Pioneer)",Jr.,K,11,8,12,0.667
58,"Brady Leach, North Dakota (FCS Independent)",Fr.,K,11,8,12,0.667
64,"Trey Tuttle, Weber St. (Big Sky)",So.,K,13,19,29,0.655
65,"Jeffrey Kordenbrock, Lafayette (Patriot)",So.,K,10,7,11,0.636
66,"Cade Stinnett, Jacksonville St. (OVC)",Sr.,K,13,10,16,0.625
67,"Lorran Fonseca, Nicholls (Southland)",Sr.,K,13,16,26,0.615
67,"Manny Berz, Southern Utah (Big Sky)",So.,K,11,8,13,0.615
67,"Elvin Martinez, Lamar University (Southland)",So.,K,12,8,13,0.615
70,"Kenny Doak, Maine (CAA)",So.,K,14,11,18,0.611
71,"Cam Pedersen, North Dakota St. (MVFC)",Sr.,K,15,9,15,0.6
72,"Rhett Marshall, UIW (Southland)",Fr.,K,11,6,11,0.545
73,"Zak Kennedy, Youngstown St. (MVFC)",Sr.,K,11,8,15,0.533
74,"Hunter Hanson, Alabama St. (SWAC)",So.,K,11,8,16,0.5
74,"Kris Hooper, William & Mary (CAA)",Jr.,K,9,6,12,0.5
76,"Connor Davis, Dartmouth (Ivy League)",Fr.,K,10,6,14,0.429
76,"Drew Kresge, Villanova (CAA)",Jr.,K,10,6,14,0.429
78,"Austyn Fendrick, Northwestern St. (Southland)",So.,K,11,5,12,0.417
79,"Giovanni Lugo, Savannah St. (MEAC)",Jr.,K,8,3,10,0.3
80,"Brad Hurst, Georgetown (Patriot)",Jr.,P,11,3,11,0.273
