Rank,Player,Cl,Pos,G,FG,FGA,Pct
1,"David Last, San Diego (Pioneer)",Jr.,K,12,12,12,1
1,"Tyler McNannay, Eastern Wash. (Big Sky)",Jr.,K,11,11,11,1
3,"Justin Syrovatka, South Dakota St. (MVFC)",Sr.,K,14,19,20,0.95
4,"Miles Bergner, South Dakota (MVFC)",So.,K,12,16,17,0.941
5,"Michael Schmadeke, UNI (MVFC)",Jr.,K,14,27,29,0.931
6,"Nolan Bieck, Princeton (Ivy League)",Jr.,K,10,13,14,0.929
7,"Nathan Knuffman, Western Ill. (MVFC)",So.,K,12,11,12,0.917
8,"Ryan Adams, Southeastern La. (Southland)",Sr.,K,13,16,18,0.889
9,"Christopher Barrick, Prairie View (SWAC)",Sr.,K,10,15,17,0.882
10,"Jonah Bowman, Colgate (Patriot)",So.,K,12,14,16,0.875
10,"Nick Bruno, Eastern Ill. (OVC)",Fr.,P,12,14,16,0.875
12,"Luc Swimberghe, Sam Houston (Southland)",So.,K,16,18,21,0.857
13,"Adam Keller, North Dakota St. (MVFC)",Sr.,K,16,29,34,0.853
14,"Sean Decloux, Maine (CAA)",Jr.,K,11,10,12,0.833
15,"Joey Cejudo, Youngstown St. (MVFC)",Sr.,K,12,14,17,0.824
15,"Brad Cornish, Sacramento St. (Big Sky)",Jr.,K,12,14,17,0.824
15,"Cea Diaz-Ramon, Alabama A&M (SWAC)",---,,12,14,17,0.824
18,"Lance Geesey, Saint Francis (PA) (NEC)",So.,K,11,18,22,0.818
19,"Alex Gakenheimer, Dartmouth (Ivy League)",So.,K,10,12,15,0.8
19,"Jacob Newman, Valparaiso (Pioneer)",So.,K,12,12,15,0.8
19,"Jackson Redditt, UT Martin (OVC)",Jr.,K,12,12,15,0.8
19,"Grant Senne, Brown (Ivy League)",Jr.,P,10,12,15,0.8
19,"Alex Kjellsten, McNeese (Southland)",---,,10,8,10,0.8
24,"John Lunsford, Liberty (Big South)",Jr.,K,12,19,24,0.792
25,"Cody Jones, N.C. A&T (MEAC)",So.,K,12,15,19,0.789
26,"Derek Maurer, Bucknell (Patriot)",Sr.,K,11,11,14,0.786
26,"Daniel Sullivan, Montana (Big Sky)",Jr.,K,12,11,14,0.786
28,"John Carpenter, William & Mary (CAA)",Sr.,K,10,18,23,0.783
28,"Ryan Deising, Jackson St. (SWAC)",Jr.,K,12,18,23,0.783
28,"Ryan McCrum, Southeast Mo. St. (OVC)",So.,K,12,18,23,0.783
31,"Michael Marando, Fordham (Patriot)",Sr.,K,14,21,27,0.778
31,"Kyle Cazzetta, Yale (Ivy League)",Sr.,K,10,14,18,0.778
31,"Eric Medina, Texas Southern (SWAC)",Jr.,K,11,14,18,0.778
34,"Andrew Lloyd, Eastern Ky. (OVC)",Sr.,K,13,17,22,0.773
35,"Chris Rogers, Sacred Heart (NEC)",Sr.,K,12,13,17,0.765
36,"Reid Taubenheim, North Dakota (Big Sky)",Fr.,K,12,16,21,0.762
37,"Ryan Hawkins, Northern Ariz. (Big Sky)",Jr.,K,12,12,16,0.75
37,"Chase Varnadore, Florida A&M (MEAC)",Sr.,K,12,12,16,0.75
37,"Mitchell Brown, Campbell (Pioneer)",Fr.,K,11,9,12,0.75
40,"Nick Aussieker, Illinois St. (MVFC)",Sr.,K,14,14,19,0.737
40,"Zak Johnson, Idaho St. (Big Sky)",Fr.,K,12,14,19,0.737
40,"William Will, Dayton (Pioneer)",So.,K,11,14,19,0.737
43,"Henrique Ribeiro, Chattanooga (SoCon)",So.,K,14,16,22,0.727
44,"Brandon Behr, Jacksonville (Pioneer)",So.,K,11,13,18,0.722
45,"Preston Clark, Alabama St. (SWAC)",Fr.,K,11,15,21,0.714
45,"Jordan Wiggs, SFA ()",Sr.,K,13,10,14,0.714
47,"Jonathan Gonzales, Portland St. (Big Sky)",So.,K,12,17,24,0.708
47,"Eric Heidorn, Indiana St. (MVFC)",So.,K,14,17,24,0.708
49,"Marcelo Bonani, Missouri St. (MVFC)",Jr.,K,12,12,17,0.706
49,"Josh Kealamakia, Weber St. (Big Sky)",Jr.,P,12,12,17,0.706
49,"Marc Orozco, Grambling (SWAC)",Fr.,K,12,12,17,0.706
52,"Peter Yoder, Richmond (CAA)",So.,K,14,19,27,0.704
53,"Henry Darmstadter, Georgetown (Patriot)",So.,K,9,7,10,0.7
53,"Andrew Flesher, Harvard (Ivy League)",Sr.,K,9,7,10,0.7
55,"Trevor Smith, Davidson (Pioneer)",Fr.,K,12,9,13,0.692
56,"John Arnold, Tennessee Tech (OVC)",Fr.,K,12,11,16,0.688
56,"Jimmy Gammill, Penn (Ivy League)",Jr.,K,10,11,16,0.688
56,"Carson Greifenkamp, Murray St. (OVC)",Jr.,K,12,11,16,0.688
59,"Luke Daly, Montana St. (Big Sky)",Fr.,K,13,13,19,0.684
60,"Patrick Toole, UAlbany (CAA)",Jr.,K,12,12,18,0.667
60,"Cameron Marouf, Norfolk St. (MEAC)",So.,K,9,10,15,0.667
60,"Seth Czapenski, Northern Colo. (Big Sky)",Fr.,K,11,8,12,0.667
63,"Austin Crimmins, Duquesne (NEC)",So.,K,12,13,20,0.65
64,"Connor Fitzgerald, Holy Cross (Patriot)",Jr.,K,10,11,17,0.647
64,"Greg Pittman, Southern U. (SWAC)",Jr.,K,10,11,17,0.647
64,"Connor Rouleau, Jacksonville St. (OVC)",So.,K,12,11,17,0.647
67,"Eric Goins, The Citadel (SoCon)",So.,K,12,9,14,0.643
67,"Ryan Pandy, Lehigh (Patriot)",So.,K,11,9,14,0.643
69,"Ed Groth, Central Conn. St. (NEC)",So.,K,12,10,16,0.625
70,"Chris Moore, Northwestern St. (Southland)",Jr.,K,12,16,26,0.615
70,"Eric Fenton, N.C. Central (MEAC)",Fr.,P,9,8,13,0.615
72,"D. Kennedy, Charleston So. (Big South)",---,,12,11,18,0.611
73,"Alex Catron, Coastal Carolina (Big South)",Sr.,K,14,15,25,0.6
74,"Lucas Santangelo, Monmouth (Big South)",Jr.,K,11,10,17,0.588
75,"John Gallagher, Elon (CAA)",So.,K,12,15,26,0.577
76,"Bryan Maley, Wagner (NEC)",Sr.,K,11,12,21,0.571
77,"Garrett Greenway, Delaware (CAA)",Jr.,K,11,6,11,0.545
77,"Travis Shinn, Houston Christian (Southland)",Jr.,K,11,6,11,0.545
79,"Dillon Christopher, VMI (SoCon)",So.,K,12,7,13,0.538
80,"Lane Clark, Tennessee St. (OVC)",Fr.,K,12,8,15,0.533
81,"Jon Croft Hollingsworth, Furman (SoCon)",Fr.,K,12,9,17,0.529
82,"Thomas Kinney, Southern Ill. (MVFC)",Sr.,K,12,10,19,0.526
83,"Anthony Prevost, Hampton (MEAC)",So.,K,12,9,18,0.5
83,"John Fleck, Howard (MEAC)",Jr.,K,12,6,12,0.5
83,"Tyler Scandrett, South Carolina St. (MEAC)",---,,12,6,12,0.5
83,"Warren Handrahan, Samford (SoCon)",So.,K,10,5,10,0.5
87,"Paul Schumacher, Gardner-Webb (Big South)",Fr.,K,11,8,17,0.471
88,"Chris Moller, Morgan St. (MEAC)",So.,K,13,7,15,0.467
89,"Brady Stuart, UC Davis (Big Sky)",Jr.,K,10,5,11,0.455
90,"Tyler Strickland, Ark.-Pine Bluff (SWAC)",Sr.,K,11,9,20,0.45
91,"Tervor McGirr, Southern Utah (Big Sky)",So.,K,12,6,14,0.429
92,"Tom Alberti, Bryant (NEC)",Sr.,K,11,5,14,0.357
