Rank,Player,Cl,Pos,G,FG,FGA,Pct
1,"Gabe Brkic, Oklahoma (Big 12)",Fr.,K,14,17,17,1
1,"Jake Koehnke, Air Force (Mountain West)",Sr.,DB,13,13,13,1
3,"Nick Sciba, Wake Forest (ACC)",So.,K,13,24,25,0.96
4,"Jonathan Song, TCU (Big 12)",Sr.,K,12,23,24,0.958
5,"Blake Mazza, Washington St. (Pac-12)",So.,K,13,20,21,0.952
6,"Riley Patterson, Memphis (AAC)",Jr.,K,14,23,25,0.92
7,"Trey Wolff, Texas Tech (Big 12)",Fr.,K,12,20,22,0.909
8,"Peyton Henry, Washington (Pac-12)",So.,K,13,19,21,0.905
8,"Blake Lynch, Kansas St. (Big 12)",Jr.,K,13,19,21,0.905
10,"Evan McPherson, Florida (SEC)",So.,K,13,17,19,0.895
11,"Dylan Barnas, UCF (AAC)",Sr.,K,13,15,17,0.882
12,"Christopher Dunn, NC State (ACC)",So.,K,12,21,24,0.875
12,"Dominik Eberle, Utah St. (Mountain West)",Sr.,K,13,21,24,0.875
14,"Sam Sloman, Miami (OH) (MAC)",Sr.,K,14,26,30,0.867
14,"Blake Haubeil, Ohio St. (Big Ten)",Jr.,K,14,13,15,0.867
16,"Blake Grupe, Arkansas St. (Sun Belt)",So.,K,13,19,22,0.864
17,"Justin Rohrwasser, Marshall (C-USA)",Sr.,K,13,18,21,0.857
18,"Keith Duncan, Iowa (Big Ten)",Jr.,K,13,29,34,0.853
18,"Matthew Trickett, Kent St. (MAC)",So.,K,13,29,34,0.853
20,"Brent Cimaglia, Tennessee (SEC)",Jr.,K,13,23,27,0.852
20,"Christian Zendejas, Arizona St. (Pac-12)",So.,K,13,23,27,0.852
22,"Jonathan Doerer, Notre Dame (FBS Independent)",Jr.,K,13,17,20,0.85
22,"Andre Szmyt, Syracuse (ACC)",So.,K,12,17,20,0.85
24,"Matt Araiza, San Diego St. (Mountain West)",Fr.,K,13,22,26,0.846
25,"John Mayers, Baylor (Big 12)",Fr.,K,14,16,19,0.842
26,"Brandon Talton, Nevada (Mountain West)",Fr.,K,13,21,25,0.84
27,"Brian Delaney, Virginia (ACC)",Jr.,K,14,20,24,0.833
27,"Matt Mercurio, San Jose St. (Mountain West)",Fr.,K,12,20,24,0.833
27,"Dalton Witherspoon, Houston (AAC)",Jr.,K,12,20,24,0.833
27,"Bailey Hale, Louisiana Tech (C-USA)",Sr.,K,13,15,18,0.833
27,"AJ Reed, Duke (ACC)",Jr.,K,12,15,18,0.833
32,"Jake Verity, East Carolina (AAC)",Jr.,K,12,24,29,0.828
33,"Brian Johnson, Virginia Tech (ACC)",Jr.,K,13,19,23,0.826
33,"Nick Vogel, UAB (C-USA)",Sr.,K,14,19,23,0.826
35,"Chase McGrath, Southern California (Pac-12)",So.,K,13,14,17,0.824
35,"Eric Sachse, Boise St. (Mountain West)",Sr.,K,14,14,17,0.824
37,"Rodrigo Blankenship, Georgia (SEC)",Sr.,K,14,27,33,0.818
37,"Andrew Stein, Southern Miss. (C-USA)",Fr.,K,13,18,22,0.818
37,"Parker White, South Carolina (SEC)",Jr.,K,12,18,22,0.818
37,"Ryley Guay, Vanderbilt (SEC)",Sr.,K,11,9,11,0.818
41,"Gavin Baechle, UTEP (C-USA)",So.,K,12,13,16,0.813
41,"J.D. Dellinger, Purdue (Big Ten)",Jr.,K,12,13,16,0.813
43,"Logan Justus, Indiana (Big Ten)",Sr.,K,13,17,21,0.81
44,"Ethan Mooney, North Texas (C-USA)",So.,K,12,16,20,0.8
44,"Louie Zervos, Ohio (MAC)",Sr.,K,13,16,20,0.8
46,"Connor Assalley, Iowa St. (Big 12)",Jr.,K,13,15,19,0.789
47,"Daniel Gutierrez, UNLV (Mountain West)",Jr.,P,12,11,14,0.786
47,"Crews Holt, Middle Tenn. (C-USA)",Jr.,K,12,11,14,0.786
47,"Will Mobley, Temple (AAC)",So.,K,13,11,14,0.786
50,"Seth Small, Texas A&M (SEC)",So.,K,13,18,23,0.783
51,"Cade  York, LSU (SEC)",Fr.,K,15,21,27,0.778
51,"Cameron Dicker, Texas (Big 12)",So.,K,13,14,18,0.778
51,"John Richardson, NIU (MAC)",So.,K,12,14,18,0.778
51,"Tyler Sumpter, Troy (Sun Belt)",Jr.,P,12,14,18,0.778
55,"Matt Ammendola, Oklahoma St. (Big 12)",Sr.,K,13,20,26,0.769
55,"Jonathan Cruz, Charlotte (C-USA)",So.,K,13,10,13,0.769
55,"Quinn Nordin, Michigan (Big Ten)",Sr.,K,11,10,13,0.769
55,"Kevin Robledo, SMU (AAC)",Sr.,K,11,10,13,0.769
59,"Merek Glover, Tulane (AAC)",Jr.,K,13,13,17,0.765
60,"Massimo Biscardi, Coastal Carolina (Sun Belt)",So.,K,12,15,20,0.75
60,"Nick Rice, Old Dominion (C-USA)",Jr.,K,12,15,20,0.75
60,"Andrew Shelley, New Mexico (Mountain West)",So.,K,12,12,16,0.75
63,"Sam Crosa, Cincinnati (AAC)",Sr.,K,14,14,19,0.737
63,"Connor Limpert, Arkansas (SEC)",Sr.,K,12,14,19,0.737
63,"Chad  Ryland, Eastern Mich. (MAC)",So.,K,13,14,19,0.737
66,"Justin Davidovicz, Rutgers (Big Ten)",Jr.,K,12,11,15,0.733
67,"Stevie Artigue, Louisiana (Sun Belt)",Sr.,K,14,16,22,0.727
67,"Tucker McCann, Missouri (SEC)",Sr.,K,12,16,22,0.727
67,"Joseph Bulovas, Alabama (SEC)",So.,K,11,8,11,0.727
67,"Michael Lantz, Minnesota (Big Ten)",Fr.,K,11,8,11,0.727
71,"Jose Borregales, FIU (C-USA)",Jr.,K,13,21,29,0.724
72,"Joshua Rowland, Texas St. (Sun Belt)",Sr.,K,12,13,18,0.722
73,"Anders Carlson, Auburn (SEC)",So.,K,13,18,25,0.72
74,"Tyler Bass, Ga. Southern (Sun Belt)",Sr.,K,13,20,28,0.714
74,"Charlie Kuhbander, Northwestern (Big Ten)",Jr.,K,12,10,14,0.714
76,"Alex Kessman, Pittsburgh (ACC)",Jr.,K,13,22,31,0.71
77,"Bijan Nichols, Navy (AAC)",Fr.,K,13,12,17,0.706
77,"James Stefanou, Colorado (Pac-12)",Jr.,K,9,12,17,0.706
79,"Noah Ruggles, North Carolina (ACC)",So.,K,13,19,27,0.704
80,"Matt Coghlin, Michigan St. (Big Ten)",Jr.,K,12,22,32,0.688
80,"Chandler Staton, App State (Sun Belt)",Jr.,K,14,11,16,0.688
82,"James McCourt, Illinois (Big Ten)",Jr.,K,13,13,19,0.684
82,"Alex Probert, Liberty (FBS Independent)",Jr.,K,13,13,19,0.684
84,"Ryan Rimmler, Ball St. (MAC)",Sr.,K,12,15,22,0.682
84,"Cooper Rothe, Wyoming (Mountain West)",Sr.,K,13,15,22,0.682
86,"Vladimir Rivas, Fla. Atlantic (C-USA)",Jr.,K,14,17,25,0.68
87,"Jake Oldroyd, BYU (FBS Independent)",Fr.,K,13,16,24,0.667
87,"Aaron Boumerhi, Boston College (ACC)",Sr.,K,13,12,18,0.667
87,"Collin Larsh, Wisconsin (Big Ten)",So.,K,12,12,18,0.667
87,"Brandon Wright, Georgia St. (Sun Belt)",Sr.,K,13,12,18,0.667
87,"Thiago Kapps, Western Mich. (MAC)",Jr.,K,13,10,15,0.667
87,"Alex McNulty, Buffalo (MAC)",So.,K,13,10,15,0.667
93,"Jacob Rainey, Tulsa (AAC)",Fr.,K,12,15,23,0.652
94,"Evan Staley, West Virginia (Big 12)",Jr.,K,9,11,17,0.647
94,"Greg Thomas, California (Pac-12)",Sr.,K,12,11,17,0.647
96,"Camden Lewis, Oregon (Pac-12)",Fr.,K,14,9,14,0.643
97,"Dylan Brown, New Mexico St. (FBS Independent)",Sr.,K,12,10,16,0.625
97,"Clayton Harris, UConn (AAC)",Fr.,K,12,10,16,0.625
99,"B.T. Potter, Clemson (ACC)",So.,K,15,13,21,0.619
99,"Ryan Tice, Central Mich. (MAC)",Sr.,K,13,13,21,0.619
101,"Evan Davis, Toledo (MAC)",Fr.,K,11,8,13,0.615
102,"Liam Jones, Kansas (Big 12)",Jr.,K,12,11,18,0.611
103,"Cory Munson, Western Ky. (C-USA)",Fr.,K,13,17,28,0.607
104,"Lucas Havrisik, Arizona (Pac-12)",Jr.,K,12,10,17,0.588
104,"Ryan Meskell, Hawaii (Mountain West)",Sr.,K,15,10,17,0.588
106,"Frankie Onate, South Alabama (Sun Belt)",So.,K,11,7,12,0.583
106,"Jared Porter, ULM (Sun Belt)",So.,P,12,7,12,0.583
108,"Luke Logan, Ole Miss (SEC)",Jr.,K,12,11,19,0.579
109,"Cesar Silva, Fresno St. (Mountain West)",Jr.,K,12,12,21,0.571
109,"JJ Molson, UCLA (Pac-12)",Sr.,K,12,8,14,0.571
111,"Ricky Aguayo, Florida St. (ACC)",Sr.,K,12,7,14,0.5
