Rank,Player,Cl,Pos,G,FG,FGA,Pct
1,"Seth Harrison, Eastern Wash. (Big Sky)",Fr.,K,11,12,12,1
2,"Hayden Ray, Central Ark. (Southland)",Jr.,K,13,15,17,0.882
3,"Luis Aguilar, Northern Ariz. (Big Sky)",Jr.,K,12,22,25,0.88
4,"Grayson Atkins, Furman (SoCon)",Jr.,K,13,13,15,0.867
5,"Noel Ruiz, N.C. A&T (MEAC)",Jr.,K,12,23,27,0.852
6,"Antonio Zita, Tennessee St. (OVC)",So.,K,12,20,24,0.833
6,"Drew Bevelhimer, Butler (Pioneer)",Sr.,K,10,10,12,0.833
6,"Luke Carter, Wofford (SoCon)",Sr.,K,12,10,12,0.833
6,"Nick Courtney, Stony Brook (CAA)",Jr.,K,12,10,12,0.833
6,"Colin Gary, Campbell (Big South)",Sr.,K,10,10,12,0.833
11,"Jason Hughes, New Hampshire (CAA)",Jr.,K,11,14,17,0.824
12,"Samuel Hayworth, Eastern Ky. (OVC)",Sr.,K,12,18,22,0.818
13,"Sam Fenlason, Illinois St. (MVFC)",Sr.,K,15,17,21,0.81
14,"Storm Ruiz, SFA (Southland)",Sr.,K,12,21,26,0.808
15,"Kevin Ryan, Idaho St. (Big Sky)",So.,K,11,12,15,0.8
16,"Ethan Ratke, James Madison (CAA)",Jr.,K,16,27,34,0.794
17,"Trey Tuttle, Weber St. (Big Sky)",Jr.,K,15,23,29,0.793
18,"Matthew Cook, UNI (MVFC)",Fr.,K,15,19,24,0.792
19,"C.J. Carrick, Rhode Island (CAA)",Jr.,K,12,15,19,0.789
19,"Jonny Messina, Stetson (Pioneer)",Jr.,K,11,15,19,0.789
21,"Richard Garcia III, Texas Southern (SWAC)",Fr.,K,9,11,14,0.786
21,"Jeffrey Kordenbrock, Lafayette (Patriot)",Jr.,K,12,11,14,0.786
21,"Max O'Rourke, UC Davis (Big Sky)",Sr.,K,12,11,14,0.786
21,"Luke Paladino, Marist (Pioneer)",Fr.,K,11,11,14,0.786
21,"Brandon Purdy, Montana (Big Sky)",Jr.,K,14,11,14,0.786
21,"Jose Romo-Martinez, Delaware St. (MEAC)",So.,K,11,11,14,0.786
21,"Luke Samperi, Bryant (NEC)",Jr.,K,12,11,14,0.786
28,"Austin Henning, Lehigh (Patriot)",Sr.,P,11,14,18,0.778
28,"Tyler Keltner, ETSU (SoCon)",Fr.,K,12,14,18,0.778
28,"Sam Tuckerman, Yale (Ivy League)",Sr.,K,10,14,18,0.778
31,"Jake Larson, Richmond (CAA)",Fr.,K,12,17,22,0.773
32,"Ryan Courtright, UT Martin (OVC)",Jr.,K,12,10,13,0.769
32,"Adrian Olivo, N.C. Central (MEAC)",Fr.,K,12,10,13,0.769
34,"Caleb Dowden, Mercer (SoCon)",Fr.,K,12,13,17,0.765
35,"Alex Usry, Charleston So. (Big South)",So.,K,10,19,25,0.76
36,"Bailey Giffen, Lamar University (Southland)",Jr.,K,12,21,28,0.75
36,"Andrew Mevis, Fordham (Patriot)",Jr.,K,12,15,20,0.75
36,"Matt Mosquera, Monmouth (Big South)",Sr.,K,14,15,20,0.75
36,"Nick Bisceglia, Robert Morris (NEC)",Jr.,K,12,12,16,0.75
36,"Brady Leach, North Dakota (FCS Independent)",So.,K,12,12,16,0.75
36,"Haidar Zaidan, Tennessee Tech (OVC)",Sr.,K,9,12,16,0.75
42,"Dillon Bredesen, South Carolina St. (MEAC)",So.,K,11,11,15,0.733
42,"Griffin Crosa, North Dakota St. (MVFC)",Fr.,K,14,11,15,0.733
44,"Kendrick Tiller, Southeast Mo. St. (OVC)",Jr.,K,12,16,22,0.727
44,"Julian Pletz, Western Caro. (SoCon)",Fr.,K,10,8,11,0.727
46,"Nicolas O'Shea, Morgan St. (MEAC)",So.,K,12,13,18,0.722
47,"Mitchell Fineran, Samford (SoCon)",So.,K,12,15,21,0.714
47,"Nathan Robertson, Kennesaw St. (Big South)",So.,K,14,10,14,0.714
49,"Jerry Nunez, Indiana St. (MVFC)",Sr.,K,12,14,20,0.7
49,"Dawson Goepferich, Brown (Ivy League)",Sr.,K,10,7,10,0.7
51,"Gino Garcia, Houston Baptist (Southland)",Fr.,K,12,18,26,0.692
51,"Jacob Godek, The Citadel (SoCon)",Sr.,K,12,9,13,0.692
51,"Mason Lorber, South Dakota (MVFC)",Jr.,K,12,9,13,0.692
51,"Mitch MacZura, Duquesne (NEC)",Sr.,K,11,9,13,0.692
55,"Derek Ng, Holy Cross (Patriot)",So.,K,13,11,16,0.688
56,"Grant Clemons, VMI (SoCon)",Sr.,K,12,15,22,0.682
56,"Cody Williams, Portland St. (Big Sky)",So.,K,12,15,22,0.682
58,"Kenny Doak, Maine (CAA)",Jr.,K,12,14,21,0.667
58,"Skyler Davis, Elon (CAA)",So.,K,11,10,15,0.667
60,"Victor Ulmo, Chattanooga (SoCon)",Jr.,K,11,11,17,0.647
61,"Alex Felkins, Columbia (Ivy League)",Fr.,K,10,9,14,0.643
61,"Parker Lacina, Missouri St. (MVFC)",So.,K,9,9,14,0.643
63,"Logan Birchfield, Austin Peay (OVC)",Sr.,K,15,12,19,0.632
63,"Trevor Thompson, Saint Francis (PA) (NEC)",So.,K,12,12,19,0.632
63,"Blair Zepeda, Abilene Christian (Southland)",So.,K,12,12,19,0.632
66,"Dylan Burns, UAlbany (CAA)",Sr.,K,14,10,16,0.625
66,"Adrian Salazar, Jackson St. (SWAC)",Sr.,P,11,10,16,0.625
68,"Dane Borges, Sacred Heart (NEC)",Sr.,K,12,8,13,0.615
69,"Aidan O'Neill, Towson (CAA)",Sr.,K,12,11,18,0.611
70,"Jake Roth, Delaware (CAA)",Sr.,K,12,12,20,0.6
70,"Jake McIntytre, Harvard (Ivy League)",Sr.,DB,10,9,15,0.6
72,"Carson Mohr, UIW (Southland)",Fr.,DB,12,10,17,0.588
73,"Tristan Bailey, Montana St. (Big Sky)",Sr.,K,15,14,24,0.583
73,"Nathan Erickson, Western Ill. (MVFC)",Sr.,K,12,7,12,0.583
73,"Jake Johnston, William & Mary (CAA)",So.,K,9,7,12,0.583
76,"Corey McCullough, Alcorn (SWAC)",Sr.,K,13,11,19,0.579
77,"Hunter Hanson, Alabama St. (SWAC)",Jr.,K,11,8,14,0.571
78,"Cade Coffey, Idaho (Big Sky)",Jr.,K,12,9,16,0.563
79,"Colton Theaker, Cal Poly (Big Sky)",Fr.,K,11,7,13,0.538
80,"Yahia Aly, Florida A&M (MEAC)",So.,,11,8,15,0.533
80,"Devon Medeiros, Sacramento St. (Big Sky)",Sr.,K,13,8,15,0.533
80,"Miguel Mendez, Grambling (SWAC)",Sr.,K,11,8,15,0.533
83,"Chase Vinatieri, South Dakota St. (MVFC)",Sr.,K,13,9,18,0.5
84,"Dimitrios Latsonas, Valparaiso (Pioneer)",Sr.,K,12,9,19,0.474
85,"Drew Kresge, Villanova (CAA)",Sr.,K,13,7,15,0.467
86,"Armaury Martinez, Prairie View (SWAC)",Sr.,K,9,4,9,0.444
87,"Zaden Webber, Murray St. (OVC)",Fr.,K,11,6,17,0.353
