Rank,Player,Cl,Pos,G,FG,FGA,Pct
1,"Brad Craddock, Maryland (Big Ten)",Jr.,K,13,18,19,0.947
1,"Matthew McCrane, Kansas St. (Big 12)",Fr.,K,12,18,19,0.947
3,"Will Conant, Air Force (Mountain West)",Sr.,K,13,19,21,0.905
3,"Ross Martin, Duke (ACC)",Jr.,K,13,19,21,0.905
5,"Roberto Aguayo, Florida St. (ACC)",So.,K,14,27,30,0.9
6,"Trevor Moore, North Texas (C-USA)",Fr.,K,12,15,17,0.882
7,"Josh Lambo, Texas A&M (SEC)",Sr.,K,12,13,15,0.867
8,"Rafeal Gaglianone, Wisconsin (Big Ten)",Fr.,K,13,19,22,0.864
9,"Trevor Samson, BYU (FBS Independent)",Sr.,K,13,12,14,0.857
9,"Evan Sobiesk, Mississippi St. (SEC)",So.,K,13,12,14,0.857
9,"Francisco Velez, Florida (SEC)",Sr.,K,10,12,14,0.857
12,"Scott Secor, Ball St. (MAC)",Sr.,K,12,25,30,0.833
12,"Justin Manton, ULM (Sun Belt)",Sr.,K,12,20,24,0.833
12,"Cameron Van Winkle, Washington (Pac-12)",So.,K,14,20,24,0.833
12,"Aleem Sunanon, South Alabama (Sun Belt)",So.,K,13,15,18,0.833
16,"Sam Ficken, Penn St. (Big Ten)",Sr.,K,13,24,29,0.828
17,"Andrew Haldeman, Western Mich. (MAC)",Jr.,K,13,14,17,0.824
18,"Andy Phillips, Utah (Pac-12)",So.,K,13,23,28,0.821
19,"Ka'Imi Fairbairn, UCLA (Pac-12)",Jr.,K,13,18,22,0.818
19,"Hunter Stover, Louisiana (Sun Belt)",Sr.,K,13,18,22,0.818
19,"Andre Heidari, Southern California (Pac-12)",Sr.,K,11,9,11,0.818
22,"Ian Frye, Virginia (ACC)",Jr.,K,12,22,27,0.815
22,"Zane Gonzalez, Arizona St. (Pac-12)",So.,K,12,22,27,0.815
22,"Jaden Oberkrom, TCU (Big 12)",Jr.,K,13,22,27,0.815
25,"Jay Mattox, UTEP (C-USA)",So.,K,13,13,16,0.813
25,"Cole Murphy, Syracuse (ACC)",Fr.,K,12,13,16,0.813
25,"Robert Stein, Akron (MAC)",Jr.,K,12,13,16,0.813
28,"Justin Haig, Marshall (C-USA)",Sr.,K,14,17,21,0.81
28,"Sean Ianno, UTSA (C-USA)",Sr.,K,11,17,21,0.81
30,"Donald Hageman, San Diego St. (Mountain West)",Jr.,K,13,20,25,0.8
30,"Andrew Gantz, Cincinnati (AAC)",So.,K,13,16,20,0.8
30,"Paul Griggs, Purdue (Big Ten)",Jr.,K,12,16,20,0.8
33,"Tyler Tate, Bowling Green (MAC)",Jr.,K,14,23,29,0.793
34,"John Wallace, Louisville (ACC)",Jr.,K,13,15,19,0.789
34,"Mike Weaver, Wake Forest (ACC)",So.,K,12,15,19,0.789
36,"Ben Grogan, Oklahoma St. (Big 12)",So.,K,13,22,28,0.786
36,"Cole Netten, Iowa St. (Big 12)",So.,K,12,11,14,0.786
38,"Tyler Hadden, Hawaii (Mountain West)",Sr.,K,13,18,23,0.783
39,"Austin MacGinnis, Kentucky (SEC)",Fr.,K,12,21,27,0.778
39,"Michael Badgley, Miami (FL) (ACC)",Fr.,K,11,14,18,0.778
39,"Jack Mitchell, Northwestern (Big Ten)",So.,K,12,14,18,0.778
39,"Brent Zuzo, Nevada (Mountain West)",So.,K,13,14,18,0.778
43,"Jeremiah Detmer, Toledo (MAC)",Sr.,K,13,17,22,0.773
44,"Josh Lambert, West Virginia (Big 12)",So.,K,13,30,39,0.769
44,"Aaron Medley, Tennessee (SEC)",Fr.,K,13,20,26,0.769
46,"Marvin Kloss, South Fla. (AAC)",Sr.,K,12,13,17,0.765
46,"Ty Long, UAB (C-USA)",Sr.,K,12,13,17,0.765
48,"Chris Blewitt, Pittsburgh ()",So.,K,13,16,21,0.762
48,"Kyle Federico, Rutgers (Big Ten)",Jr.,K,13,16,21,0.762
48,"Dan Goodale, Boise St. (Mountain West)",Sr.,K,14,16,21,0.762
48,"Marshall Morgan, Georgia (SEC)",Jr.,K,13,16,21,0.762
48,"Will Oliver, Colorado (Pac-12)",Sr.,K,12,16,21,0.762
48,"Garrett Schwettman, Western Ky. (C-USA)",Jr.,K,13,16,21,0.762
54,"Corey Acosta, Southern Miss. (C-USA)",Sr.,K,12,19,25,0.76
55,"Ammon Lakip, Clemson (ACC)",Jr.,K,13,21,28,0.75
55,"Daniel Carlson, Auburn (SEC)",Fr.,K,13,18,24,0.75
55,"Marshall Koehn, Iowa (Big Ten)",Jr.,K,13,12,16,0.75
55,"Quentin Breshars, Washington St. (Pac-12)",Jr.,K,11,9,12,0.75
59,"Shawn Moffitt, UCF (AAC)",Sr.,K,12,17,23,0.739
60,"Colby Delahoussaye, LSU (SEC)",So.,K,12,11,15,0.733
60,"Will Johnson, Texas St. (Sun Belt)",Sr.,K,12,11,15,0.733
62,"Kyle Bullard, Houston (AAC)",Jr.,K,13,16,22,0.727
62,"Tommy Openshaw, Vanderbilt (SEC)",Fr.,P,11,8,11,0.727
64,"Mike Hunnicutt, Oklahoma (Big 12)",Sr.,K,13,13,18,0.722
64,"Griffin Oakes, Indiana (Big Ten)",So.,K,10,13,18,0.722
66,"Andrew Baggett, Missouri (SEC)",Jr.,K,14,18,25,0.72
66,"Elliott Fry, South Carolina (SEC)",So.,K,13,18,25,0.72
68,"Casey Skowron, Arizona (Pac-12)",Jr.,K,14,20,28,0.714
68,"Joey Slye, Virginia Tech (ACC)",Fr.,K,13,20,28,0.714
68,"Austin Taylor, FIU (C-USA)",So.,K,12,15,21,0.714
68,"Matt Wile, Michigan (Big Ten)",Sr.,K,12,15,21,0.714
68,"Ryan Bustin, Texas Tech (Big 12)",Sr.,K,12,10,14,0.714
68,"Ryan Kay, Troy (Sun Belt)",So.,K,12,10,14,0.714
74,"Jonathan Barnes, Louisiana Tech (C-USA)",Fr.,K,13,12,17,0.706
74,"Nick Diaz, Utah St. (Mountain West)",Sr.,K,14,12,17,0.706
74,"Niklas Sade, NC State (ACC)",Sr.,K,13,12,17,0.706
74,"Stuart Williams, Wyoming (Mountain West)",Sr.,K,12,12,17,0.706
78,"Greg Joseph, Fla. Atlantic (C-USA)",Fr.,K,12,14,20,0.7
78,"Adam McFain, Arkansas (SEC)",So.,K,10,7,10,0.7
80,"Chris Callahan, Baylor (Big 12)",Fr.,K,13,18,26,0.692
80,"Kaleb Patterson, Miami (OH) (MAC)",Jr.,K,12,9,13,0.692
82,"Jordan Williamson, Stanford (Pac-12)",Sr.,K,13,15,22,0.682
83,"Drew Brown, Nebraska (Big Ten)",Fr.,K,13,14,21,0.667
83,"Nick Rose, Texas (Big 12)",Jr.,K,13,14,21,0.667
83,"Carl Salazar, Tulsa (AAC)",Sr.,K,12,12,18,0.667
83,"Ryan Santoso, Minnesota (Big Ten)",Fr.,K,13,12,18,0.667
83,"Dylan Mulder, Eastern Mich. (MAC)",Jr.,K,12,8,12,0.667
88,"Jake Elliott, Memphis (AAC)",So.,K,13,21,32,0.656
89,"Sean Nuernberger, Ohio St. (Big Ten)",Fr.,K,15,13,20,0.65
90,"James Langford, California (Pac-12)",Sr.,K,12,11,17,0.647
90,"Jonathan Leiva, UNLV (Mountain West)",Jr.,K,13,11,17,0.647
92,"Kody Kroening, Fresno St. (Mountain West)",Fr.,P,13,9,14,0.643
92,"Bobby Puyol, UConn (AAC)",So.,K,12,9,14,0.643
94,"Josiah Yazdani, Ohio (MAC)",Jr.,K,11,16,25,0.64
95,"Michael Geiger, Michigan St. (Big Ten)",So.,K,13,14,22,0.636
95,"Warren Harvey, East Carolina (AAC)",Sr.,K,13,14,22,0.636
97,"Adam Griffith, Alabama (SEC)",So.,K,13,12,19,0.632
98,"Harrison Butker, Georgia Tech (ACC)",So.,K,14,11,18,0.611
99,"Jared Roberts, Colorado St. (Mountain West)",Sr.,K,13,12,20,0.6
99,"Cody Clark, Middle Tenn. (C-USA)",So.,K,12,9,15,0.6
99,"Matthew Wyman, Kansas (Big 12)",So.,K,11,9,15,0.6
102,"Austin Jones, Temple (AAC)",Fr.,K,12,13,22,0.591
103,"Kyle Brindza, Notre Dame (FBS Independent)",Sr.,K,13,14,24,0.583
103,"Maxwell Johnson, New Mexico St. (Sun Belt)",Sr.,K,12,7,12,0.583
105,"Austin Rehkow, Idaho (Sun Belt)",So.,K,11,11,19,0.579
106,"Anthony Melchiori, Kent St. (MAC)",Jr.,K,11,10,18,0.556
107,"David Reisner, Illinois (Big Ten)",So.,K,10,6,11,0.545
108,"Daniel Grochowski, Army West Point (FBS Independent)",Jr.,K,12,7,13,0.538
109,"Andrew DiRocco, Tulane (AAC)",Fr.,K,12,8,15,0.533
109,"Luke Ferguson, Arkansas St. (Sun Belt)",Jr.,K,13,8,15,0.533
109,"Tyler Wedel, NIU (MAC)",Sr.,K,14,8,15,0.533
112,"Cody Rademacher, SMU (AAC)",Sr.,K,12,9,17,0.529
113,"Austin Lopez, San Jose St. (Mountain West)",Jr.,K,12,12,24,0.5
114,"Patrick Clarke, Buffalo (MAC)",Sr.,K,11,6,14,0.429
