Rank,Player,Cl,Pos,G,FG,FGA,Pct
1,"Ethan Ratke, James Madison (CAA)",Sr.,K,8,14,14,1
1,"Aidan Bresnahan, Illinois St. (MVFC)",Jr.,K,4,5,5,1
1,"Walker Gliarmis, Wofford (SoCon)",So.,K,4,5,5,1
1,"Ethan Torres, Bucknell (Patriot)",Sr.,K,4,5,5,1
1,"Spencer Corey, Alabama A&M (SWAC)",Sr.,K,4,4,4,1
1,"Colton Theaker, Cal Poly (Big Sky)",So.,K,3,3,3,1
1,"Richard Garcia III, Texas Southern (SWAC)",So.,K,2,2,2,1
8,"Luis Aguilar, Northern Ariz. (Big Sky)",Sr.,K,4,9,10,0.9
8,"Cade Coffey, Idaho (Big Sky)",Sr.,K,5,9,10,0.9
8,"Mateo Rengifo, Southeastern La. (Southland)",Jr.,K,7,9,10,0.9
11,"Brian Bartholomew, Valparaiso (Pioneer)",So.,K,6,7,8,0.875
11,"Cole Bunce, Villanova (CAA)",Sr.,K,4,7,8,0.875
13,"Seth Morgan, Sam Houston (Southland)",Fr.,K,10,12,14,0.857
13,"Jose Pizano, Missouri St. (MVFC)",So.,K,10,12,14,0.857
13,"Timmy Bleekrode, Furman (SoCon)",So.,K,7,6,7,0.857
13,"Caden Bonoffski, Davidson (Pioneer)",So.,K,7,6,7,0.857
13,"Gavin Lasseigne, Nicholls (Southland)",So.,K,7,6,7,0.857
18,"Nico Gualdoni, Southern Ill. (MVFC)",Sr.,K,10,11,13,0.846
19,"Mitchell Fineran, Samford (SoCon)",Jr.,K,7,15,18,0.833
19,"Tyler Larco, UT Martin (OVC)",Fr.,K,7,10,12,0.833
21,"Brandon Eickert, San Diego (Pioneer)",So.,K,6,8,10,0.8
21,"Dylan Burns, UAlbany (CAA)",Sr.,K,4,4,5,0.8
21,"Isaiah Gomez, UC Davis (Big Sky)",So.,K,5,4,5,0.8
21,"Jake Larson, Richmond (CAA)",So.,K,4,4,5,0.8
21,"JJ Wadas, Butler (Pioneer)",Fr.,K,5,4,5,0.8
26,"Jerry Rice, VMI (SoCon)",So.,K,8,11,14,0.786
26,"Alexander Woznick, Eastern Ky. (OVC)",Sr.,K,9,11,14,0.786
28,"Skyler Davis, Elon (CAA)",Jr.,K,6,7,9,0.778
29,"Matthew Cook, UNI (MVFC)",So.,K,7,15,20,0.75
29,"Hayden Ray, Central Ark. (Southland)",Sr.,K,8,12,16,0.75
29,"Jacob Abel, McNeese (Southland)",Jr.,K,7,9,12,0.75
29,"Bailey Giffen, Lamar University (Southland)",Sr.,K,6,6,8,0.75
29,"Blair Zepeda, Abilene Christian (Southland)",So.,K,6,6,8,0.75
29,"Nathan De Bruin, Drake (Pioneer)",So.,K,4,3,4,0.75
29,"Jeffrey Kordenbrock, Lafayette (Patriot)",Sr.,K,3,3,4,0.75
29,"Nick Leinenweber, Fordham (Patriot)",Jr.,K,3,3,4,0.75
37,"Alen Karajic, Jacksonville St. (OVC)",Fr.,K,13,14,19,0.737
38,"Stone Galloway, Eastern Ill. (OVC)",So.,P,6,5,7,0.714
38,"Carson Mohr, UIW (Southland)",So.,DB,6,5,7,0.714
38,"Nathan Robertson, Kennesaw St. (Big South)",Jr.,K,5,5,7,0.714
41,"Ryan Coe, Delaware (CAA)",So.,K,8,12,17,0.706
42,"Aaron Baum, Murray St. (OVC)",Sr.,K,7,7,10,0.7
42,"Tyler Keltner, ETSU (SoCon)",So.,K,6,7,10,0.7
44,"Chris Campos, SFA (Southland)",So.,K,10,13,19,0.684
44,"Cole Frahm, South Dakota St. (MVFC)",Jr.,K,10,13,19,0.684
46,"Antonio Zita, Tennessee St. (OVC)",Jr.,K,7,14,21,0.667
46,"Seth Harrison, Eastern Wash. (Big Sky)",So.,K,6,6,9,0.667
46,"Colt McFadden, Youngstown St. (MVFC)",Jr.,K,7,6,9,0.667
46,"Derek Ng, Holy Cross (Patriot)",Jr.,K,4,6,9,0.667
46,"Brian Bruzdewicz, Duquesne (NEC)",So.,K,5,4,6,0.667
46,"Skyler Wilson, Chattanooga (SoCon)",Fr.,K,4,4,6,0.667
46,"Ethan Chang, William & Mary (CAA)",Fr.,K,3,2,3,0.667
46,"Jonny Messina, Maine (CAA)",Sr.,K,3,2,3,0.667
54,"Mason Lorber, South Dakota (MVFC)",Sr.,K,4,5,8,0.625
55,"Kevin Ryan, Idaho St. (Big Sky)",Jr.,K,6,8,13,0.615
56,"Zack Piwniczka, Ark.-Pine Bluff (SWAC)",So.,K,5,3,5,0.6
57,"Hayden Olsen, Tennessee Tech (OVC)",Fr.,K,7,7,12,0.583
58,"Kyle Thompson, Weber St. (Big Sky)",Fr.,K,6,4,7,0.571
59,"Kenny Doak, Southeast Mo. St. (OVC)",Jr.,K,7,5,9,0.556
59,"Mason Laramie, Western Ill. (MVFC)",Jr.,K,6,5,9,0.556
61,"Eddie Godina, Northwestern St. (Southland)",Jr.,K,6,6,12,0.5
61,"Gino Garcia, Houston Christian (Southland)",So.,K,4,5,10,0.5
61,"Kurt Everett, Gardner-Webb (Big South)",Sr.,K,4,3,6,0.5
61,"Jose Romo-Martinez, Delaware St. (MEAC)",Jr.,K,5,3,6,0.5
61,"Luke Samperi, Bryant (NEC)",Sr.,K,4,3,6,0.5
61,"Nathaniel Toole, Charleston So. (Big South)",Jr.,K,4,2,4,0.5
61,"Jack Cooper, Montana (Big Sky)",Jr.,K,2,1,2,0.5
68,"Orlando Fernandez, Mississippi Val. (SWAC)",Jr.,K,3,2,5,0.4
69,"Colby Kintner, The Citadel (SoCon)",Fr.,K,12,5,14,0.357
70,"Nick Bisceglia, Robert Morris (Big South)",Sr.,K,3,1,3,0.333
70,"Jacob Jaworski, Colgate (Patriot)",Fr.,K,2,1,3,0.333
70,"Alex Usry, Charleston So. (Big South)",Jr.,K,3,1,3,0.333
