Rank,Player,Cl,Pos,G,FG,FGA,Pct
1,"Cooper Rothe, Wyoming (Mountain West)",Jr.,K,12,16,17,0.941
2,"Jet Toner, Stanford (Pac-12)",Jr.,K,11,14,15,0.933
3,"Haden Tobola, Rice (C-USA)",Sr.,K,10,10,11,0.909
4,"Tyler Bass, Ga. Southern (Sun Belt)",Jr.,K,13,19,21,0.905
4,"Jake Verity, East Carolina (AAC)",Jr.,K,12,19,21,0.905
6,"Clayton Hatfield, Texas Tech (Big 12)",Sr.,K,12,17,19,0.895
6,"Evan McPherson, Florida (SEC)",Fr.,K,13,17,19,0.895
6,"Austin Seibert, Oklahoma (Big 12)",Sr.,K,14,17,19,0.895
9,"Christopher Dunn, NC State (ACC)",Fr.,K,13,23,26,0.885
10,"Andre Szmyt, Syracuse (ACC)",Fr.,K,13,30,34,0.882
11,"Cole Tracy, LSU (SEC)",Sr.,K,13,29,33,0.879
12,"Blake Lynch, Kansas St. (Big 12)",So.,K,9,14,16,0.875
13,"Cole Hedlund, North Texas (C-USA)",Sr.,K,13,19,22,0.864
13,"Nick Sciba, Wake Forest (ACC)",Fr.,K,13,19,22,0.864
15,"Joseph Petrino, Maryland (Big Ten)",Fr.,K,12,12,14,0.857
15,"Matthew Wright, UCF (AAC)",Sr.,K,13,12,14,0.857
17,"Bennett Moehring, Navy (AAC)",Sr.,K,13,11,13,0.846
18,"Matt Gay, Utah (Pac-12)",Sr.,K,14,26,31,0.839
19,"Logan Justus, Indiana (Big Ten)",Jr.,K,12,15,18,0.833
19,"Ryan Meskell, Hawaii (Mountain West)",Jr.,K,14,15,18,0.833
19,"Kyle Pfau, Louisiana (Sun Belt)",Sr.,K,14,15,18,0.833
19,"Cody Weiss, South Fla. (AAC)",So.,K,12,15,18,0.833
19,"Blanton Creque, Louisville (ACC)",Jr.,K,12,10,12,0.833
19,"Ryan Tice, Central Mich. (MAC)",Jr.,K,12,10,12,0.833
25,"Rodrigo Blankenship, Georgia (SEC)",Jr.,K,14,19,23,0.826
26,"Matthew Trickett, Kent St. (MAC)",Fr.,K,12,14,17,0.824
27,"Matt Coghlin, Michigan St. (Big Ten)",So.,K,13,18,22,0.818
27,"Brandon Ruiz, Arizona St. (Pac-12)",So.,K,13,18,22,0.818
29,"Luke Logan, Ole Miss (SEC)",So.,K,12,22,27,0.815
30,"Massimo Biscardi, Coastal Carolina (Sun Belt)",Fr.,K,12,13,16,0.813
30,"Parker White, South Carolina (SEC)",So.,K,13,13,16,0.813
32,"Justin Yoon, Notre Dame (FBS Independent)",Sr.,K,12,17,21,0.81
33,"Chase McLaughlin, Illinois (Big Ten)",Sr.,K,12,20,25,0.8
33,"Parker Shaunfield, Southern Miss. (C-USA)",Sr.,K,9,16,20,0.8
33,"Evan Staley, West Virginia (Big 12)",So.,K,12,16,20,0.8
36,"Connor Limpert, Arkansas (SEC)",Jr.,K,12,19,24,0.792
37,"Dominik Eberle, Utah St. (Mountain West)",Jr.,K,13,22,28,0.786
37,"Kevin Robledo, SMU (AAC)",Jr.,K,12,11,14,0.786
39,"Spencer Evans, Purdue (Big Ten)",Sr.,K,13,18,23,0.783
40,"Jose Borregales, FIU (C-USA)",So.,K,13,14,18,0.778
40,"Joseph Bulovas, Alabama (SEC)",Fr.,K,15,14,18,0.778
40,"Barret Pickering, Nebraska (Big Ten)",Fr.,K,12,14,18,0.778
40,"Nick Rice, Old Dominion (C-USA)",So.,K,12,14,18,0.778
40,"Michael Brown, Southern California (Pac-12)",So.,K,9,7,9,0.778
45,"John Baron, San Diego St. (Mountain West)",Sr.,K,13,17,22,0.773
45,"Jonathan Cruz, Charlotte (C-USA)",Fr.,K,12,17,22,0.773
45,"Miguel Recinos, Iowa (Big Ten)",Sr.,K,13,17,22,0.773
48,"Brent Cimaglia, Tennessee (SEC)",So.,K,11,10,13,0.769
48,"Merek Glover, Tulane (AAC)",Jr.,K,13,10,13,0.769
48,"Gavin Peddie, Western Mich. (MAC)",Fr.,K,11,10,13,0.769
48,"Sam Sloman, Miami (OH) (MAC)",Jr.,K,12,10,13,0.769
52,"Alex Kessman, Pittsburgh (ACC)",So.,K,14,13,17,0.765
52,"Louie Zervos, Ohio (MAC)",Jr.,K,13,13,17,0.765
54,"Crews Holt, Middle Tenn. (C-USA)",So.,K,14,18,24,0.75
54,"Tyler Sumpter, Troy (Sun Belt)",So.,P,13,18,24,0.75
54,"Ramiz Ahmed, Nevada (Mountain West)",Sr.,K,13,15,20,0.75
54,"Riley Patterson, Memphis (AAC)",So.,K,14,15,20,0.75
54,"Jameson Vest, Toledo (MAC)",Sr.,K,13,15,20,0.75
54,"Jace Christmann, Mississippi St. (SEC)",So.,K,13,12,16,0.75
54,"Brian Delaney, Virginia (ACC)",So.,K,13,12,16,0.75
54,"Chandler Staton, App State (Sun Belt)",So.,K,13,12,16,0.75
54,"Jake Koehnke, Air Force (Mountain West)",Jr.,DB,11,9,12,0.75
54,"Jonathan Song, TCU (Big 12)",Jr.,K,12,9,12,0.75
64,"Emmit Carpenter, Minnesota (Big Ten)",Sr.,K,13,17,23,0.739
65,"Bryce Crawford, San Jose St. (Mountain West)",Sr.,K,12,14,19,0.737
65,"JJ Molson, UCLA (Pac-12)",Jr.,K,12,14,19,0.737
65,"Jared Sackett, UTSA (C-USA)",So.,K,11,14,19,0.737
68,"Will Mobley, Temple (AAC)",Fr.,K,12,11,15,0.733
69,"Tucker McCann, Missouri (SEC)",Jr.,K,13,24,33,0.727
69,"Matt Ammendola, Oklahoma St. (Big 12)",Jr.,K,13,16,22,0.727
69,"Nick Gasser, Akron (MAC)",Sr.,K,12,16,22,0.727
69,"Peyton Henry, Washington (Pac-12)",Fr.,K,14,16,22,0.727
73,"Andrew Gantz, NIU (MAC)",Sr.,K,14,13,18,0.722
74,"Cameron Dicker, Texas (Big 12)",Fr.,K,14,18,25,0.72
75,"Seth Small, Texas A&M (SEC)",Fr.,,11,20,28,0.714
75,"Justin Rohrwasser, Marshall (C-USA)",Jr.,K,13,15,21,0.714
77,"Gabriel Rui, Kansas (Big 12)",Sr.,K,12,12,17,0.706
77,"Greg Thomas, California (Pac-12)",Jr.,K,13,12,17,0.706
79,"Connor Assalley, Iowa St. (Big 12)",So.,K,13,16,23,0.696
80,"Gavin Patterson, South Alabama (Sun Belt)",Sr.,K,12,9,13,0.692
80,"Colin Wareham, Duke (ACC)",Sr.,K,13,9,13,0.692
82,"Morgan Hagee, Ball St. (MAC)",Sr.,K,12,11,16,0.688
82,"Greg Huegel, Clemson (ACC)",Sr.,K,15,11,16,0.688
82,"Quinn Nordin, Michigan (Big Ten)",Jr.,K,11,11,16,0.688
82,"Skyler Southam, BYU (FBS Independent)",Fr.,K,13,11,16,0.688
86,"Bailey Hale, Louisiana Tech (C-USA)",Sr.,K,13,15,22,0.682
87,"Jake Pinegar, Penn St. (Big Ten)",Fr.,K,13,16,24,0.667
87,"Blake Grupe, Arkansas St. (Sun Belt)",So.,K,11,14,21,0.667
87,"Brian Johnson, Virginia Tech (ACC)",So.,K,13,12,18,0.667
87,"Dylan Brown, New Mexico St. (FBS Independent)",Jr.,K,11,10,15,0.667
87,"Blake Mazza, Washington St. (Pac-12)",Fr.,K,13,10,15,0.667
92,"Ricky Aguayo, Florida St. (ACC)",Jr.,K,12,11,17,0.647
93,"Freeman Jones, North Carolina (ACC)",Sr.,K,11,18,28,0.643
93,"Craig Ford, ULM (Sun Belt)",Sr.,K,12,9,14,0.643
93,"Adam Mitcheson, Buffalo (MAC)",Sr.,K,14,9,14,0.643
96,"Asa Fuller, Fresno St. (Mountain West)",Fr.,K,14,14,22,0.636
96,"Miles Butler, Kentucky (SEC)",Sr.,K,11,7,11,0.636
98,"Connor Martin, Baylor (Big 12)",Jr.,K,13,15,24,0.625
98,"Nick Vogel, UAB (C-USA)",Jr.,K,14,15,24,0.625
100,"Wyatt Bryan, Colorado St. (Mountain West)",Sr.,K,12,11,18,0.611
101,"Anders Carlson, Auburn (SEC)",Fr.,K,13,15,25,0.6
101,"Jordan Choukair, Oregon St. (Pac-12)",Jr.,K,12,12,20,0.6
101,"Haden Hoggarth, Boise St. (Mountain West)",Sr.,K,12,12,20,0.6
101,"Chad  Ryland, Eastern Mich. (MAC)",Fr.,K,13,12,20,0.6
101,"Adam Stack, Oregon (Pac-12)",So.,K,10,6,10,0.6
106,"Ryley Guay, Vanderbilt (SEC)",Jr.,K,13,13,22,0.591
107,"Rafeal Gaglianone, Wisconsin (Big Ten)",Sr.,K,13,10,17,0.588
107,"Vladimir Rivas, Fla. Atlantic (C-USA)",So.,K,12,10,17,0.588
109,"Jason Filley, UTEP (C-USA)",Sr.,K,11,7,13,0.538
110,"Cole Smith, Cincinnati (AAC)",Fr.,K,12,5,12,0.417
