Rank,Player,Cl,Pos,G,FG,FGA,Pct
1,"Richard McCollum, Western Caro. (SoCon)",So.,K,10,12,12,1
2,"Adrian Olivo, N.C. Central (MEAC)",Jr.,K,11,11,12,0.917
3,"Axel Perez, Hampton (Big South)",Jr.,K,11,10,11,0.909
4,"Ethan Ratke, James Madison (CAA)",Sr.,K,14,29,32,0.906
5,"Gino Garcia, Houston Christian (Southland)",Jr.,K,10,9,10,0.9
6,"Jerry Rice, VMI (SoCon)",So.,K,11,17,19,0.895
7,"Alex Schmoke, Saint Francis (PA) (NEC)",Fr.,K,11,15,17,0.882
7,"Garrett Urban, Grambling (SWAC)",Jr.,K,11,15,17,0.882
9,"Jose Pizano, Missouri St. (MVFC)",Jr.,K,12,21,24,0.875
10,"Luis Reyes, Prairie View (SWAC)",Jr.,K,12,13,15,0.867
10,"Zach Williams, Samford (SoCon)",Jr.,K,11,13,15,0.867
12,"Matthew Cook, UNI (MVFC)",Jr.,K,12,19,22,0.864
13,"Kevin Macias, Montana (Big Sky)",Sr.,K,13,23,27,0.852
14,"Gavin Lasseigne, Nicholls (Southland)",So.,K,11,11,13,0.846
15,"Kyle Sentkowski, Sacramento St. (Big Sky)",Jr.,K,12,21,25,0.84
16,"Chris Campos, SFA (WAC)",Jr.,K,12,20,24,0.833
16,"Timmy Bleekrode, Furman (SoCon)",So.,K,11,15,18,0.833
16,"Nick Bisceglia, Robert Morris (Big South)",Sr.,K,9,10,12,0.833
16,"Dylan Burns, UAlbany (CAA)",Sr.,K,11,10,12,0.833
16,"Dylan Van Dusen, Lehigh (Patriot)",Jr.,K,10,10,12,0.833
21,"Cole Bunce, Villanova (CAA)",Sr.,K,12,14,17,0.824
21,"Ryan Coe, Delaware (CAA)",Jr.,K,11,14,17,0.824
23,"Mason Lorber, South Dakota (MVFC)",Sr.,K,12,13,16,0.812
24,"Kyle Thompson, Weber St. (Big Sky)",Fr.,K,11,12,15,0.8
25,"Jonah Lipel, Harvard (Ivy League)",Sr.,K,10,15,19,0.789
26,"Nico Gualdoni, Southern Ill. (MVFC)",Sr.,K,13,18,23,0.783
26,"Tyler Keltner, ETSU (SoCon)",So.,K,13,18,23,0.783
28,"Maddux Trujillo, Austin Peay (OVC)",Fr.,K,10,14,18,0.778
29,"Skyler Davis, Elon (CAA)",Jr.,K,11,17,22,0.773
30,"Blake Glessner, Montana St. (Big Sky)",Fr.,K,15,20,26,0.769
30,"Nathan Robertson, Kennesaw St. (Big South)",Sr.,K,13,10,13,0.769
32,"Jonny Messina, Maine (CAA)",Sr.,K,10,13,17,0.765
32,"Blair Zepeda, Abilene Christian (WAC)",Jr.,K,11,13,17,0.765
34,"Jake Reinholz, North Dakota St. (MVFC)",Sr.,K,15,16,21,0.762
35,"Isaiah Gomez, UC Davis (Big Sky)",Jr.,K,12,19,25,0.76
36,"Brian Bartholomew, Valparaiso (Pioneer)",Jr.,K,10,12,16,0.75
36,"Patrick Nations, Eastern Ky. (ASUN)",Fr.,K,11,12,16,0.75
36,"Aaron Sears, Chattanooga (SoCon)",Fr.,K,11,12,16,0.75
36,"Luke Jackson, Southern U. (SWAC)",Fr.,K,10,9,12,0.75
36,"Sam Renzi, Sacred Heart (NEC)",So.,K,9,9,12,0.75
41,"Jake Larson, Richmond (CAA)",Jr.,K,11,11,15,0.733
42,"Daniel Karrash, Penn (Ivy League)",Sr.,K,10,8,11,0.727
42,"Scott Lees, Cornell (Ivy League)",Sr.,K,10,8,11,0.727
42,"Nick Null, Monmouth (Big South)",Sr.,K,11,8,11,0.727
45,"Jose Romo-Martinez, Florida A&M (SWAC)",Sr.,K,12,17,24,0.708
46,"Zack Piwniczka, Ark.-Pine Bluff (SWAC)",Jr.,K,11,12,17,0.706
47,"Brandon Eickert, San Diego (Pioneer)",Jr.,K,11,11,16,0.688
48,"Kenny Doak, Southeast Mo. St. (OVC)",Sr.,K,10,13,19,0.684
48,"Jeffrey Sexton, Princeton (Ivy League)",Fr.,K,10,13,19,0.684
50,"Cole Frahm, South Dakota St. (MVFC)",Sr.,K,15,19,28,0.679
51,"Alex Felkins, Columbia (Ivy League)",Jr.,K,10,16,24,0.667
51,"Aaron Baum, Murray St. (OVC)",Jr.,K,11,12,18,0.667
51,"Micah Pettit, Lafayette (Patriot)",Fr.,K,11,10,15,0.667
51,"Mateo Rengifo, Southeastern La. (Southland)",Sr.,K,13,10,15,0.667
51,"David Allish, Idaho St. (Big Sky)",Sr.,K,11,8,12,0.667
51,"Walker Gliarmis, Wofford (SoCon)",Jr.,K,11,8,12,0.667
51,"Seth Morgan, Sam Houston (WAC)",Fr.,K,10,8,12,0.667
58,"Ethan Chang, William & Mary (CAA)",Fr.,K,11,9,14,0.643
58,"Sam Webster, Dayton (Pioneer)",So.,K,10,9,14,0.643
60,"Jack Bosman, Yale (Ivy League)",Jr.,K,10,7,11,0.636
60,"Christopher Maron, Brown (Ivy League)",Fr.,K,10,7,11,0.636
62,"Andrew Brown, N.C. A&T (Big South)",Fr.,K,11,10,16,0.625
62,"Joseph Zoppi, Central Conn. St. (NEC)",Jr.,K,11,10,16,0.625
64,"Stone Galloway, Eastern Ill. (OVC)",Jr.,K,10,8,13,0.615
65,"C.J. Carrick, Rhode Island (CAA)",Sr.,K,11,11,18,0.611
65,"Orlando Fernandez, Mississippi Val. (SWAC)",Jr.,K,11,11,18,0.611
67,"Andrew Foster, Morehead St. (Pioneer)",Sr.,K,11,12,20,0.6
67,"Richard Garcia III, Texas Southern (SWAC)",So.,K,10,6,10,0.6
67,"Paul Inzerillo, LIU (NEC)",So.,K,10,6,10,0.6
70,"Derek Ng, Holy Cross (Patriot)",Sr.,K,13,10,17,0.588
71,"Conor Hunt, Georgetown (Patriot)",So.,K,10,7,12,0.583
71,"Alen Karajic, Jacksonville St. (ASUN)",Fr.,K,11,7,12,0.583
71,"Luke Paladino, Marist (Pioneer)",Jr.,K,10,7,12,0.583
74,"Ben Raybon, Northern Colo. (Big Sky)",Jr.,K,11,8,14,0.571
75,"Devin Folser, Mercer (SoCon)",Jr.,K,10,10,18,0.556
76,"Luis Aguilar, Northern Ariz. (Big Sky)",Sr.,K,11,9,17,0.529
77,"Sam Babbush, Charleston So. (Big South)",Fr.,K,9,6,12,0.5
77,"Eddie Godina, Northwestern St. (Southland)",Jr.,K,9,5,10,0.5
79,"Tyler Larco, UT Martin (OVC)",Fr.,K,13,7,15,0.467
79,"Josh Nardone, Norfolk St. (MEAC)",Sr.,K,11,7,15,0.467
79,"Antonio Zita, Tennessee St. (OVC)",Jr.,K,10,7,15,0.467
82,"Jaden Ohlsen, Cal Poly (Big Sky)",Fr.,K,9,3,9,0.333
83,"Isaac Riffle, Campbell (Big South)",So.,K,11,3,14,0.214
