Rank,Player,Cl,Pos,G,FG,FGA,Pct
1,"Anthony Prevost, Hampton (MEAC)",Fr.,K,12,17,19,0.895
2,"Seth Sebastian, Southeastern La. (Southland)",Sr.,K,14,16,18,0.889
3,"Alexander Norocea, Brown (Ivy League)",Sr.,K,10,13,15,0.867
4,"David Last, San Diego (Pioneer)",So.,K,11,10,12,0.833
4,"William Will, Dayton (Pioneer)",Fr.,K,11,10,12,0.833
4,"Tyler Zielenske, Mercer (Pioneer)",Fr.,P,11,10,12,0.833
7,"Nick Aussieker, Illinois St. (MVFC)",Jr.,K,11,9,11,0.818
8,"Colton Cook, Southern Utah (Big Sky)",Sr.,K,13,20,25,0.8
8,"Ray Early, Furman (SoCon)",Sr.,K,14,20,25,0.8
8,"Ryan Deising, Jackson St. (SWAC)",So.,K,11,12,15,0.8
8,"Ryan Rome, McNeese (Southland)",Sr.,K,12,12,15,0.8
8,"Andrew Lloyd, Eastern Ky. (OVC)",Jr.,K,10,8,10,0.8
8,"Dylan Smith, Rhode Island (CAA)",Jr.,K,10,8,10,0.8
14,"Warren Handrahan, Samford (SoCon)",So.,K,13,19,24,0.792
15,"Brandon Jordi, Richmond (CAA)",So.,K,12,18,23,0.783
16,"Tyler Sievertsen, UNI (MVFC)",Sr.,K,12,21,27,0.778
16,"Jordan Day, Gardner-Webb (Big South)",Sr.,K,12,14,18,0.778
18,"Richard Sigmon, Western Caro. (SoCon)",Jr.,K,12,10,13,0.769
19,"Sean Decloux, Maine (CAA)",So.,K,13,16,21,0.762
20,"Griffin Thomas, Jacksonville St. (OVC)",Sr.,K,15,24,32,0.75
20,"Brendon Garcia, Idaho St. (Big Sky)",Sr.,K,12,18,24,0.75
20,"Thomas Kinney, Southern Ill. (MVFC)",Jr.,K,12,18,24,0.75
20,"Mike MacArthur, New Hampshire (CAA)",Sr.,K,15,15,20,0.75
20,"Mark Deboy, Charleston So. (Big South)",Jr.,K,11,9,12,0.75
25,"Jordan Wiggs, SFA (Southland)",Jr.,K,12,14,19,0.737
26,"Kyle Cazzetta, Yale (Ivy League)",Jr.,K,10,11,15,0.733
27,"Michael Marando, Fordham (Patriot)",Jr.,K,14,19,26,0.731
28,"Chris Rogers, Sacred Heart (NEC)",Jr.,K,13,16,22,0.727
29,"John Carpenter, William & Mary (CAA)",Jr.,K,12,15,21,0.714
30,"Nick Belcher, South Carolina St. (MEAC)",Sr.,K,13,17,24,0.708
31,"Jackson Redditt, UT Martin (OVC)",So.,K,12,12,17,0.706
31,"Cameron Starke, James Madison (CAA)",Sr.,K,12,12,17,0.706
31,"Bobby Wenzig, Alabama St. (SWAC)",Sr.,P,12,12,17,0.706
34,"Zach Sharp, Tennessee Tech (OVC)",Jr.,K,10,7,10,0.7
35,"Luke Boyd, Morehead St. (Pioneer)",Jr.,K,12,9,13,0.692
35,"Steven Calitri, Central Conn. St. (NEC)",Jr.,K,12,9,13,0.692
35,"Cody Jones, N.C. A&T (MEAC)",Fr.,P,9,9,13,0.692
35,"Derek Maurer, Bucknell (Patriot)",Jr.,K,10,9,13,0.692
39,"Lance Geesey, Saint Francis (PA) (NEC)",Fr.,P,11,11,16,0.688
39,"Tom O'Riordan, UAlbany (CAA)",Jr.,P,12,11,16,0.688
41,"Austin Crimmins, Duquesne (NEC)",Fr.,K,11,15,22,0.682
42,"Brady Stuart, UC Davis (Big Sky)",So.,K,12,17,25,0.68
43,"Haiden McCraney, Alcorn (SWAC)",Fr.,K,12,12,18,0.667
43,"Eric Spillane, Monmouth (FCS Independent)",Sr.,K,12,10,15,0.667
43,"Nolan Bieck, Princeton (Ivy League)",So.,K,10,8,12,0.667
43,"Ryan Pandy, Lehigh (Patriot)",Fr.,K,11,8,12,0.667
43,"Greg Pittman, Southern U. (SWAC)",So.,K,12,8,12,0.667
43,"Thomas Warren, The Citadel (SoCon)",Sr.,K,12,8,12,0.667
49,"Eric Medina, Texas Southern (SWAC)",So.,K,11,13,20,0.65
50,"Zeb Miller, North Dakota (Big Sky)",Sr.,K,11,9,14,0.643
51,"Chris Moller, Morgan St. (MEAC)",Fr.,K,12,10,16,0.625
51,"Andy Wilder, Northern Ariz. (Big Sky)",Sr.,K,12,10,16,0.625
53,"Jamin Godfrey, Tennessee St. (OVC)",Sr.,K,14,18,29,0.621
54,"Cameron Marouf, Norfolk St. (MEAC)",Fr.,P,12,8,13,0.615
55,"Justin Syrovatka, South Dakota St. (MVFC)",Jr.,K,13,12,20,0.6
55,"Blake Brewer, Charlotte (FCS Independent)",Fr.,K,11,9,15,0.6
55,"Tyler Strickland, Ark.-Pine Bluff (SWAC)",Jr.,K,11,9,15,0.6
58,"John Fleck, Howard (MEAC)",So.,K,12,14,24,0.583
59,"Dylan Lynch, Jacksonville (Pioneer)",Sr.,K,11,11,19,0.579
60,"Miles Bergner, South Dakota (MVFC)",Fr.,K,12,12,21,0.571
60,"Eddie Camara, Central Ark. (Southland)",Jr.,K,10,8,14,0.571
60,"Connor Shennan, Robert Morris (NEC)",Fr.,K,11,8,14,0.571
60,"Bobby Zalud, Cal Poly (Big Sky)",Sr.,K,11,8,14,0.571
64,"John Gallagher, Elon (SoCon)",Fr.,K,12,13,23,0.565
64,"Chris Moore, Northwestern St. (Southland)",So.,K,12,13,23,0.565
66,"Dillon Christopher, VMI (Big South)",Fr.,K,12,9,16,0.563
67,"John Barron, Savannah St. (MEAC)",Fr.,K,9,6,11,0.545
68,"Andrew Dolan, Nicholls (Southland)",Sr.,K,12,9,17,0.529
68,"Ben Worst, Montana (Big Sky)",Fr.,K,11,9,17,0.529
70,"Rory Perez, Montana St. (Big Sky)",Sr.,P,12,7,14,0.5
70,"Jordan Benton, Murray St. (OVC)",Jr.,K,10,6,12,0.5
72,"James LaGamma, Stetson (Pioneer)",Fr.,K,11,6,13,0.462
73,"Eric Heidorn, Indiana St. (MVFC)",Fr.,K,9,5,11,0.455
73,"Austin Witmer, Missouri St. (MVFC)",Sr.,K,10,5,11,0.455
75,"Oleg Parent, N.C. Central (MEAC)",Jr.,K,12,9,21,0.429
76,"John Lunsford, Liberty (Big South)",So.,K,12,8,19,0.421
77,"Cesar Ramon, Alabama A&M (SWAC)",Fr.,K,9,5,12,0.417
78,"Cameron Berra, Eastern Ill. (OVC)",Sr.,K,14,7,17,0.412
79,"Christopher Barrick, Prairie View (SWAC)",Jr.,K,12,6,15,0.4
80,"Jesse Aguilar, Sacramento St. (Big Sky)",Jr.,K,10,4,11,0.364
81,"Connor Loftus, Penn (Ivy League)",Jr.,K,10,4,12,0.333
82,"Riley Lyons, Dartmouth (Ivy League)",Jr.,K,10,2,10,0.2
