Rank,Player,Cl,Pos,G,FG,FGA,Pct
1,"Gary Wunderlich, Ole Miss (SEC)",Jr.,K,12,22,23,0.957
2,"Younghoe Koo, Ga. Southern (Sun Belt)",Sr.,K,11,19,20,0.95
3,"Cole Netten, Iowa St. (Big 12)",Sr.,K,12,16,17,0.941
4,"Clayton Hatfield, Texas Tech (Big 12)",So.,K,12,13,14,0.929
4,"Evan Pantels, UNLV (Mountain West)",So.,K,12,13,14,0.929
6,"Jason Sanders, New Mexico (Mountain West)",Jr.,K,13,12,13,0.923
7,"Zane Gonzalez, Arizona St. (Pac-12)",Sr.,K,12,23,25,0.92
8,"Emmit Carpenter, Minnesota (Big Ten)",So.,K,13,22,24,0.917
8,"Tyler Davis, Penn St. (Big Ten)",Jr.,K,14,22,24,0.917
10,"John Baron, San Diego St. (Mountain West)",So.,K,14,21,23,0.913
11,"Austin Rehkow, Idaho (Sun Belt)",Sr.,K,13,26,29,0.897
12,"Bryce Crawford, San Jose St. (Mountain West)",So.,K,12,16,18,0.889
13,"Harrison Butker, Georgia Tech (ACC)",Sr.,K,13,15,17,0.882
13,"Kody Kroening, Fresno St. (Mountain West)",Jr.,K,11,15,17,0.882
15,"Luke Strebel, Air Force (Mountain West)",Jr.,K,13,22,25,0.88
16,"Daniel Carlson, Auburn (SEC)",Jr.,K,13,28,32,0.875
17,"Drew Brown, Nebraska (Big Ten)",Jr.,K,13,12,14,0.857
17,"Mike Knoll, Boston College (ACC)",Jr.,K,13,12,14,0.857
17,"Parker Shaunfield, Southern Miss. (C-USA)",So.,K,10,12,14,0.857
20,"Matt Anderson, California (Pac-12)",Jr.,K,12,22,26,0.846
21,"Blanton Creque, Louisville (ACC)",Fr.,K,13,16,19,0.842
21,"Austin MacGinnis, Kentucky (SEC)",Jr.,K,13,16,19,0.842
21,"Canon Rooker, Middle Tenn. (C-USA)",Jr.,K,13,16,19,0.842
24,"Andy Phillips, Utah (Pac-12)",Sr.,K,13,21,25,0.84
24,"Eddy Pineiro, Florida (SEC)",So.,K,13,21,25,0.84
26,"Louie Zervos, Ohio (MAC)",So.,K,14,29,35,0.829
27,"Kenny Allen, Michigan (Big Ten)",Sr.,K,13,19,23,0.826
28,"Jonathan Barnes, Louisiana Tech (C-USA)",Jr.,K,14,22,27,0.815
28,"Conrad Ukropina, Stanford (Pac-12)",Sr.,K,12,22,27,0.815
30,"Rhett Almond, BYU (FBS Independent)",So.,K,13,17,21,0.81
31,"Michael Badgley, Miami (FL) (ACC)",Jr.,K,13,21,26,0.808
31,"Jake Elliott, Memphis (AAC)",Sr.,K,13,21,26,0.808
31,"Redford Jones, Tulsa (AAC)",Jr.,K,13,21,26,0.808
34,"Ty Cummings, Houston (AAC)",Sr.,K,13,16,20,0.8
34,"Cameron Van Winkle, Washington (Pac-12)",Sr.,K,14,16,20,0.8
36,"Stevie Artigue, Louisiana (Sun Belt)",So.,K,13,19,24,0.792
36,"Paulie Fricano, Eastern Mich. (MAC)",So.,K,13,19,24,0.792
36,"Butch Hampton, Western Mich. (MAC)",---,,14,19,24,0.792
39,"Parker Davidson, New Mexico St. (Sun Belt)",So.,K,12,15,19,0.789
39,"Michael Geiger, Michigan St. (Big Ten)",Sr.,K,12,15,19,0.789
39,"Morgan Hagee, Ball St. (MAC)",So.,K,12,15,19,0.789
39,"Tommy Openshaw, Vanderbilt (SEC)",Jr.,K,13,15,19,0.789
43,"Wyatt Bryan, Colorado St. (Mountain West)",So.,K,13,11,14,0.786
44,"Ryan Kay, Troy (Sun Belt)",Sr.,K,13,18,23,0.783
45,"Mike Weaver, Wake Forest (ACC)",Jr.,K,13,21,27,0.778
45,"Rodrigo Blankenship, Georgia (SEC)",Fr.,K,13,14,18,0.778
47,"Tyler Durbin, Ohio St. (Big Ten)",Sr.,K,13,17,22,0.773
47,"Josh Williams, SMU (AAC)",So.,K,12,17,22,0.773
47,"Matthew Wright, UCF (AAC)",So.,K,13,17,22,0.773
50,"Nick Dowd, Miami (OH) (MAC)",So.,K,12,10,13,0.769
51,"Elliott Fry, South Carolina (SEC)",Sr.,K,13,13,17,0.765
51,"Justin Yoon, Notre Dame (FBS Independent)",So.,K,12,13,17,0.765
53,"Ben Grogan, Oklahoma St. (Big 12)",Sr.,K,13,19,25,0.76
54,"Adam Griffith, Alabama (SEC)",Sr.,K,15,21,28,0.75
54,"Austin Taylor, FIU (C-USA)",Sr.,K,12,12,16,0.75
54,"Aidan Schneider, Oregon (Pac-12)",Jr.,K,12,9,12,0.75
54,"Jake Suder, Bowling Green (MAC)",So.,K,12,9,12,0.75
54,"Brock Warren, Utah St. (Mountain West)",Sr.,K,12,9,12,0.75
59,"Joey Slye, Virginia Tech (ACC)",Jr.,K,14,20,27,0.741
60,"Davis Plowman, East Carolina (AAC)",Sr.,K,11,17,23,0.739
61,"Greg Huegel, Clemson (ACC)",So.,K,15,14,19,0.737
62,"Colby Delahoussaye, LSU (SEC)",Sr.,K,12,11,15,0.733
63,"Ricky Aguayo, Florida St. (ACC)",Fr.,K,13,19,26,0.731
64,"Skyler Simcox, Western Ky. (C-USA)",So.,K,14,16,22,0.727
65,"Bobby Puyol, UConn (AAC)",Sr.,K,12,13,18,0.722
66,"Matt Boermeester, Southern California (Pac-12)",Jr.,K,13,18,25,0.72
67,"Michael Rubino, App State (Sun Belt)",So.,K,13,15,21,0.714
67,"Nick Weiler, North Carolina (ACC)",Sr.,K,13,15,21,0.714
67,"David Bonagura, Rutgers (Big Ten)",Jr.,K,12,10,14,0.714
67,"J.D. Dellinger, Purdue (Big Ten)",Fr.,K,12,10,14,0.714
67,"Greg Joseph, Fla. Atlantic (C-USA)",Jr.,K,12,10,14,0.714
72,"Daniel LaCamera, Texas A&M (SEC)",So.,K,13,17,24,0.708
73,"Victor Falcon, UTSA (C-USA)",So.,P,12,12,17,0.706
73,"Chase McLaughlin, Illinois (Big Ten)",So.,K,11,12,17,0.706
75,"Craig Ford, ULM (Sun Belt)",So.,K,12,9,13,0.692
75,"Trevor Moore, North Texas (C-USA)",Jr.,K,12,9,13,0.692
75,"Tyler Rausa, Boise St. (Mountain West)",Sr.,K,13,9,13,0.692
78,"Aaron Medley, Tennessee (SEC)",Jr.,K,13,11,16,0.688
78,"Austin Seibert, Oklahoma (Big 12)",So.,K,13,11,16,0.688
80,"Andrew Endicott, Wisconsin (Big Ten)",Sr.,K,12,13,19,0.684
80,"Brandon Hatfield, TCU (Big 12)",Jr.,K,11,13,19,0.684
80,"Jameson Vest, Toledo (MAC)",So.,K,13,13,19,0.684
80,"Matthew Wyman, Kansas (Big 12)",Sr.,K,12,13,19,0.684
84,"Trent Domingue, Texas (Big 12)",Sr.,K,12,15,22,0.682
84,"Shane Hynes, Kent St. (MAC)",So.,K,12,15,22,0.682
84,"Mike Molina, West Virginia (Big 12)",Jr.,K,13,15,22,0.682
87,"JD Houston, Arkansas St. (Sun Belt)",Sr.,K,12,12,18,0.667
87,"Chris Callahan, Baylor (Big 12)",Jr.,K,12,10,15,0.667
87,"Chris Graham, Colorado (Pac-12)",Jr.,K,12,10,15,0.667
90,"Cooper Rothe, Wyoming (Mountain West)",Fr.,K,14,13,20,0.65
91,"Josh Pasley, Cincinnati (AAC)",Sr.,K,10,11,17,0.647
92,"Adam Greene, Maryland (Big Ten)",Jr.,K,13,9,14,0.643
92,"Josh Pollack, Arizona (Pac-12)",So.,K,12,9,14,0.643
94,"Haden Tobola, Rice (C-USA)",So.,K,11,7,11,0.636
95,"Andrew DiRocco, Tulane (AAC)",Jr.,K,11,10,16,0.625
95,"Gavin Patterson, South Alabama (Sun Belt)",So.,K,13,10,16,0.625
97,"Griffin Oakes, Indiana (Big Ten)",Jr.,K,13,16,26,0.615
98,"Christian Hagan, NIU (MAC)",Jr.,K,12,11,18,0.611
98,"Adam Mitcheson, Buffalo (MAC)",So.,K,11,11,18,0.611
100,"JJ Molson, UCLA (Pac-12)",Fr.,K,12,12,20,0.6
100,"Erik Powell, Washington St. (Pac-12)",Jr.,K,13,9,15,0.6
102,"Chris Blewitt, Pittsburgh (ACC)",Sr.,K,13,10,17,0.588
102,"Garrett Owens, Oregon St. (Pac-12)",Jr.,K,12,10,17,0.588
104,"Westin Graves, Mississippi St. (SEC)",Jr.,K,13,11,19,0.579
105,"Cole Murphy, Syracuse (ACC)",Jr.,K,12,10,18,0.556
106,"Rogier ten Lohuis, Georgia St. (Sun Belt)",Sr.,K,12,8,15,0.533
107,"Tucker McCann, Missouri (SEC)",Fr.,K,12,6,12,0.5
108,"Brian Eavey, Central Mich. (MAC)",Sr.,K,13,8,17,0.471
