Rank,Player,Cl,Pos,G,FG,FGA,Pct
1,"Ethan Gettman, Bryant (Big South)",Jr.,K,11,14,15,0.933
2,"Alejandro Mata, Jackson St. (SWAC)",Fr.,K,13,12,13,0.923
3,"Stone Galloway, Eastern Ill. (OVC)",Sr.,K,10,11,12,0.917
4,"Garrison Smith, McNeese (Southland)",Fr.,K,11,10,11,0.909
5,"Richard McCollum, Western Caro. (SoCon)",Jr.,K,11,17,19,0.895
6,"Caleb Dowden, Campbell (Big South)",Sr.,K,11,14,16,0.875
7,"Adrian Olivo, N.C. Central (MEAC)",Jr.,K,11,13,15,0.867
8,"Kyle Sentkowski, Sacramento St. (Big Sky)",Sr.,K,13,17,20,0.85
9,"Nick Mazzie, New Hampshire (CAA)",So.,K,13,11,13,0.846
10,"Riley Callaghan, Southeastern La. (Southland)",Fr.,K,10,15,18,0.833
10,"Matthew Mercurio, Villanova (CAA)",Sr.,K,11,10,12,0.833
12,"Matthew Cook, UNI (MVFC)",Sr.,K,11,14,17,0.824
13,"Skyler Davis, Elon (CAA)",Sr.,K,12,18,22,0.818
13,"Alex Schmoke, Saint Francis (PA) (NEC)",So.,K,12,18,22,0.818
13,"Chris Esqueda, Lamar University (Southland)",Sr.,K,11,9,11,0.818
13,"Cameron Gillis, Stetson (Pioneer)",So.,K,9,9,11,0.818
13,"Colby Kintner, The Citadel (SoCon)",Jr.,K,11,9,11,0.818
13,"Hayden Olsen, Tennessee Tech (OVC)",So.,K,9,9,11,0.818
19,"Alen Karajic, Jacksonville St. (ASUN)",So.,K,11,13,16,0.812
19,"Noah Kiani, Alcorn (SWAC)",So.,K,11,13,16,0.812
21,"Blake Glessner, Montana St. (Big Sky)",So.,K,14,24,30,0.8
21,"Luke Paladino, Marist (Pioneer)",Sr.,K,11,12,15,0.8
21,"Luka Zurak, Butler (Pioneer)",Jr.,P,11,12,15,0.8
21,"Jeffrey Sexton, Princeton (Ivy League)",So.,K,10,8,10,0.8
25,"Nico Ramos, Montana (Big Sky)",Sr.,K,12,11,14,0.786
26,"Jose Romo-Martinez, Florida A&M (SWAC)",Sr.,K,11,17,22,0.773
27,"Jack Bosman, Yale (Ivy League)",Sr.,K,10,13,17,0.765
27,"Sam Webster, Dayton (Pioneer)",Sr.,K,10,13,17,0.765
29,"Kyle Thompson, Weber St. (Big Sky)",So.,K,13,19,25,0.76
30,"Chris Campos, SFA (WAC)",Sr.,K,11,18,24,0.75
30,"Ethan Chang, William & Mary (CAA)",So.,K,13,18,24,0.75
30,"Isaiah Gomez, UC Davis (Big Sky)",Sr.,K,11,18,24,0.75
30,"Ricardo Chavez, Idaho (Big Sky)",Jr.,K,12,15,20,0.75
30,"Jose Pizano, Missouri St. (MVFC)",Jr.,K,11,12,16,0.75
30,"Hayden Ray, Central Ark. (ASUN)",Sr.,K,11,12,16,0.75
30,"Graham Gotlieb, Penn (Ivy League)",Jr.,K,10,9,12,0.75
30,"Mason Laramie, Western Ill. (MVFC)",Sr.,K,11,9,12,0.75
38,"Tyler Keltner, ETSU (SoCon)",Jr.,K,11,17,23,0.739
39,"Spencer Biscoe, Colgate (Patriot)",So.,K,11,14,19,0.737
39,"Andrew Brown, N.C. A&T (Big South)",So.,K,11,14,19,0.737
39,"Michael Coney, LIU (NEC)",So.,K,10,14,19,0.737
42,"Jerry Rice, VMI (SoCon)",Jr.,K,11,11,15,0.733
43,"Colt McFadden, Youngstown St. (MVFC)",Sr.,K,11,16,22,0.727
44,"Micah Pettit, Southern Utah (WAC)",So.,K,11,13,18,0.722
45,"Hunter Dustman, South Dakota St. (MVFC)",Jr.,K,15,18,25,0.72
46,"Seth Morgan, Sam Houston (WAC)",So.,K,8,15,21,0.714
46,"Kaleb Mosley, Tennessee St. (OVC)",Sr.,K,11,15,21,0.714
46,"Conor Cummins, Kennesaw St. (ASUN)",So.,K,11,10,14,0.714
46,"Devin Folser, Mercer (SoCon)",Sr.,K,11,10,14,0.714
50,"Brandon Peskin, Fordham (Patriot)",Jr.,K,12,12,17,0.706
51,"Ryan Bloch, Dartmouth (Ivy League)",Sr.,K,10,7,10,0.7
52,"Tyler Larco, UT Martin (OVC)",So.,K,11,9,13,0.692
52,"Brady Stevens, North Dakota (MVFC)",Sr.,K,12,9,13,0.692
52,"Zach Williams, Samford (SoCon)",Sr.,K,13,9,13,0.692
55,"Alex Felkins, Columbia (Ivy League)",Sr.,K,10,11,16,0.688
55,"Nathan Hazlett, Morehead St. (Pioneer)",Sr.,K,9,11,16,0.688
57,"DC Pippin, Southeast Mo. St. (OVC)",Jr.,K,12,16,24,0.667
57,"Patrick Nations, Eastern Ky. (ASUN)",So.,K,12,14,21,0.667
57,"Keegan Vaughan, Towson (CAA)",So.,K,11,12,18,0.667
57,"Brian Bruzdewicz, Duquesne (NEC)",Jr.,K,11,10,15,0.667
57,"Sam Renzi, Sacred Heart (NEC)",Jr.,K,10,10,15,0.667
57,"Sam Babbush, Charleston So. (Big South)",So.,K,10,8,12,0.667
63,"Jake Baumgarte, Southern Ill. (MVFC)",Fr.,K,11,11,17,0.647
64,"Victor Barbosa, Alabama A&M (SWAC)",So.,K,10,9,14,0.643
64,"Jay Billingsley, Gardner-Webb (Big South)",So.,K,13,9,14,0.643
66,"Ian  Hershey, Idaho St. (Big Sky)",Fr.,K,11,7,11,0.636
66,"Jackson Kennedy, Cornell (Ivy League)",Jr.,K,10,7,11,0.636
66,"Eddie Ogamba, South Dakota (MVFC)",Sr.,K,11,7,11,0.636
66,"Dylan Van Dusen, Lehigh (Patriot)",Sr.,K,11,7,11,0.636
70,"Gavin Lasseigne, Nicholls (Southland)",Jr.,K,11,10,16,0.625
70,"Jonah Lipel, Harvard (Ivy League)",Sr.,K,10,10,16,0.625
72,"Aaron Baum, Murray St. (OVC)",Sr.,K,10,8,13,0.615
72,"Aidan Lehman, San Diego (Pioneer)",So.,P,10,8,13,0.615
72,"Axel Perez, Hampton (CAA)",Sr.,K,11,8,13,0.615
75,"Collin Robbins, Northern Ariz. (Big Sky)",So.,K,11,12,20,0.6
75,"Brian Bartholomew, Valparaiso (Pioneer)",Sr.,K,12,9,15,0.6
75,"Luis Reyes, Prairie View (SWAC)",Sr.,K,11,9,15,0.6
75,"Cristofer Thompson, Ark.-Pine Bluff (SWAC)",Sr.,K,11,9,15,0.6
79,"Derek Ng, Holy Cross (Patriot)",Sr.,K,13,13,22,0.591
80,"John Opalko, UAlbany (CAA)",Fr.,K,11,9,16,0.562
80,"Luke Williams, Drake (Pioneer)",Sr.,K,11,9,16,0.562
82,"Maddux Trujillo, Austin Peay (ASUN)",So.,K,11,11,20,0.55
83,"Orlando Fernandez, Mississippi Val. (SWAC)",Jr.,K,11,7,13,0.538
84,"Garrett Urban, Grambling (SWAC)",Sr.,K,11,6,12,0.5
85,"Aaron Bickerton, Howard (MEAC)",Fr.,K,10,4,10,0.4
86,"Blair Zepeda, Abilene Christian (WAC)",Sr.,K,11,8,21,0.381
