Rank,Player,Cl,Pos,G,FG,FGA,Pct
1,"Chase Vinatieri, South Dakota St. (MVFC)",So.,K,14,13,14,0.929
2,"Gunnar Raborn, McNeese (Southland)",Jr.,K,10,12,13,0.923
3,"Brandon Purdy, Montana (Big Sky)",So.,K,11,15,17,0.882
4,"Trey Tuttle, Weber St. (Big Sky)",Fr.,K,14,19,22,0.864
5,"Trevor Smith, Davidson (Pioneer)",Sr.,K,11,12,14,0.857
6,"Zach Elder, Prairie View (SWAC)",Fr.,K,11,10,12,0.833
6,"Jack Soslow, Penn (Ivy League)",Jr.,K,10,10,12,0.833
8,"Lorran Fonseca, Nicholls (Southland)",Jr.,K,12,19,23,0.826
9,"Devon Medeiros, Sacramento St. (Big Sky)",Jr.,K,11,14,17,0.824
10,"Marc Orozco, Grambling (SWAC)",So.,K,13,18,22,0.818
10,"Jake McIntytre, Harvard (Ivy League)",So.,DB,10,9,11,0.818
12,"Tre Honshtein, Sam Houston (Southland)",Jr.,K,14,22,27,0.815
13,"Sam Drysdale, UNI (MVFC)",Fr.,K,12,17,21,0.81
13,"Justin Thompson, Kennesaw St. (Big South)",Jr.,K,14,17,21,0.81
15,"Griffin Trau, Richmond (CAA)",Jr.,P,11,12,15,0.8
15,"Drew Kresge, Villanova (CAA)",So.,K,10,8,10,0.8
17,"Reid Taubenheim, North Dakota (Big Sky)",Sr.,K,11,15,19,0.789
18,"Dimitrios Latsonas, Valparaiso (Pioneer)",So.,K,11,11,14,0.786
18,"Colin Root, Northern Colo. (Big Sky)",Fr.,K,10,11,14,0.786
20,"Manny Berz, Southern Utah (Big Sky)",Fr.,K,12,14,18,0.778
20,"JJ Jerman, ETSU (SoCon)",Jr.,K,11,14,18,0.778
20,"Storm Ruiz, SFA (Southland)",So.,K,11,14,18,0.778
20,"Sean Slattery, Illinois St. (MVFC)",Sr.,K,11,14,18,0.778
20,"Gabriel Vicente, Murray St. (OVC)",Jr.,K,11,14,18,0.778
25,"Josh Freiria, Sacred Heart (NEC)",Sr.,K,11,10,13,0.769
25,"David Smith, Dartmouth (Ivy League)",Sr.,K,10,10,13,0.769
27,"Drew Bevelhimer, Butler (Pioneer)",So.,K,11,16,21,0.762
28,"Chris Puzzi, Colgate (Patriot)",So.,K,11,9,12,0.75
28,"Tavish Rice, Princeton (Ivy League)",So.,K,10,9,12,0.75
28,"Victor Ulmo, Chattanooga (SoCon)",Fr.,K,11,9,12,0.75
31,"Corey McCullough, Alcorn (SWAC)",So.,K,12,17,23,0.739
32,"Danny Donley, Drake (Pioneer)",Jr.,K,11,14,19,0.737
33,"Frank Raggo, Delaware (CAA)",Jr.,K,11,11,15,0.733
33,"Tyler Scandrett, South Carolina St. (MEAC)",Jr.,,10,11,15,0.733
35,"Brandon Briggs, Maine (CAA)",Jr.,K,10,8,11,0.727
35,"Max O'Rourke, UC Davis (Big Sky)",So.,K,11,8,11,0.727
37,"Lane Clark, Tennessee St. (OVC)",Sr.,K,10,13,18,0.722
37,"Matt Cummins, Central Ark. (Southland)",Jr.,K,11,13,18,0.722
37,"Eric Piccione, Northwestern St. (Southland)",Sr.,K,10,13,18,0.722
37,"Cade Stinnett, Jacksonville St. (OVC)",Jr.,K,12,13,18,0.722
41,"John Burdick, Bucknell (Patriot)",Sr.,K,11,14,20,0.7
42,"Grayson Atkins, Furman (SoCon)",Fr.,K,13,9,13,0.692
42,"Dillon Burkhard, Southeastern La. (Southland)",Sr.,K,11,9,13,0.692
42,"Christian Jacquemin, Jackson St. (SWAC)",Jr.,K,11,9,13,0.692
45,"Lucas Williams, Eastern Ky. (OVC)",Sr.,K,11,11,16,0.688
46,"Aidan O'Neill, Towson (CAA)",So.,K,11,13,19,0.684
47,"Uriel Hernandez, Bethune-Cookman (MEAC)",Jr.,K,10,12,18,0.667
47,"Roldan Alcobendas, Eastern Wash. (Big Sky)",Sr.,K,11,10,15,0.667
47,"Patrick Murray, San Diego (Pioneer)",Sr.,K,13,10,15,0.667
47,"Paul Schumacher, Gardner-Webb (Big South)",Sr.,K,11,10,15,0.667
47,"Matt Severino, Eastern Ill. (OVC)",Fr.,K,11,8,12,0.667
52,"Owen Johnson, Elon (CAA)",Fr.,K,12,15,23,0.652
53,"Griffin Roehler, Northern Ariz. (Big Sky)",So.,K,12,13,20,0.65
54,"Ethan Stark, UAlbany (CAA)",Jr.,K,11,11,17,0.647
54,"Jordan Weaver, Samford (SoCon)",Fr.,K,12,11,17,0.647
56,"Aedan Johnson, N.C. Central (MEAC)",Jr.,K,11,9,14,0.643
56,"Nick Madonia, Tennessee Tech (OVC)",Jr.,K,11,9,14,0.643
56,"Jerry Nunez, Indiana St. (MVFC)",So.,K,10,9,14,0.643
56,"Noel Ruiz, N.C. A&T (MEAC)",Fr.,K,12,9,14,0.643
60,"Joe Giglio, Marist (Pioneer)",Sr.,K,11,7,11,0.636
61,"Zach Drake, Missouri St. (MVFC)",So.,K,11,12,19,0.632
61,"Hunter Hanson, Alabama St. (SWAC)",Fr.,K,11,12,19,0.632
63,"Cam Pedersen, North Dakota St. (MVFC)",Jr.,K,15,10,16,0.625
64,"Jamie Gillan, Ark.-Pine Bluff (SWAC)",Jr.,K,11,13,21,0.619
65,"Zak Kennedy, Youngstown St. (MVFC)",Jr.,K,11,8,13,0.615
65,"Oren Milstein, Columbia (Ivy League)",So.,K,10,8,13,0.615
65,"Frankie Palmer, Central Conn. St. (NEC)",Jr.,K,12,8,13,0.615
68,"C.J. Carrick, Rhode Island (CAA)",Fr.,K,11,9,15,0.6
68,"Jonny Messina, Stetson (Pioneer)",Fr.,K,11,9,15,0.6
68,"Alex Galland, Yale (Ivy League)",Jr.,K,10,6,10,0.6
71,"Javier Arce-Ramirez, Jacksonville (Pioneer)",So.,K,11,7,12,0.583
71,"Cole Fisher, Mercer (SoCon)",Jr.,K,11,7,12,0.583
73,"James Cooper, Wagner (NEC)",Sr.,K,11,11,19,0.579
73,"Nik Grau, Abilene Christian (Southland)",Sr.,K,11,11,19,0.579
75,"Giovanni Lugo, Savannah St. (MEAC)",So.,K,11,8,14,0.571
76,"Kris Hooper, William & Mary (CAA)",So.,K,11,9,16,0.563
77,"Grant Clemons, VMI (SoCon)",So.,K,9,6,11,0.545
78,"Mitch Mersman, UT Martin (OVC)",Sr.,K,10,8,15,0.533
78,"Jose Perez, UIW (Southland)",Fr.,K,11,8,15,0.533
80,"Eric Bofenkamp, Saint Francis (PA) (NEC)",Sr.,K,11,10,19,0.526
81,"Alec Chadwick, Houston Christian (Southland)",Jr.,K,11,8,16,0.5
81,"Brown Adam, Hampton (MEAC)",Sr.,,11,6,12,0.5
83,"Dakota Lebofsky, Howard (MEAC)",Sr.,K,11,5,11,0.455
84,"Nicholas Litang, Southeast Mo. St. (OVC)",Jr.,K,11,7,16,0.438
85,"Cesar Barajas, Southern U. (SWAC)",Fr.,K,11,6,14,0.429
85,"Jacob Godek, The Citadel (SoCon)",So.,K,11,6,14,0.429
87,"Jeffrey Kordenbrock, Lafayette (Patriot)",Fr.,K,11,5,12,0.417
88,"Nick Bisceglia, Robert Morris (NEC)",Fr.,K,11,7,17,0.412
