Rank,Player,Cl,Pos,G,FG,FGA,Pct
1,"Nate Freese, Boston College (ACC)",Sr.,K,13,20,20,1
2,"Roberto Aguayo, Florida St. (ACC)",Fr.,K,14,21,22,0.955
3,"Jeremiah Detmer, Toledo (MAC)",Jr.,K,12,19,20,0.95
4,"Travis Coons, Washington (Pac-12)",Sr.,K,13,15,16,0.938
4,"Michael Geiger, Michigan St. (Big Ten)",Fr.,K,11,15,16,0.938
6,"Josiah Yazdani, Ohio (MAC)",So.,K,12,14,15,0.933
7,"Chandler Catanzaro, Clemson (ACC)",Sr.,K,13,13,14,0.929
7,"Colby Delahoussaye, LSU (SEC)",Fr.,K,13,13,14,0.929
9,"Pat Smith, Nebraska (Big Ten)",Sr.,K,13,12,13,0.923
10,"Jeff Budzien, Northwestern (Big Ten)",Sr.,K,12,23,25,0.92
11,"Marshall Morgan, Georgia (SEC)",So.,K,11,22,24,0.917
12,"Shawn Moffitt, UCF (AAC)",Jr.,K,13,21,23,0.913
13,"Anthony Fera, Texas (Big 12)",Sr.,K,13,20,22,0.909
14,"Jason Dann, Texas St. (Sun Belt)",Jr.,K,9,9,10,0.9
15,"Dan Goodale, Boise St. (Mountain West)",Jr.,K,13,17,19,0.895
16,"Mike Hunnicutt, Oklahoma (Big 12)",Jr.,K,13,24,27,0.889
16,"Jake Elliott, Memphis (AAC)",Fr.,K,12,16,18,0.889
18,"Jared Roberts, Colorado St. (Mountain West)",Jr.,K,14,21,24,0.875
19,"Zach Hocker, Arkansas (SEC)",Sr.,K,12,13,15,0.867
20,"Chase Hover, SMU (AAC)",Sr.,K,12,18,21,0.857
20,"Joe Mansour, Kentucky (SEC)",Sr.,K,12,12,14,0.857
22,"Ryan Bustin, Texas Tech (Big 12)",Jr.,K,13,23,27,0.852
23,"Vincenzo D'Amato, California (Pac-12)",Sr.,K,12,17,20,0.85
23,"Andy Phillips, Utah (Pac-12)",Fr.,K,12,17,20,0.85
25,"Jack Cantele, Kansas St. (Big 12)",So.,K,10,11,13,0.846
25,"Will Conant, Air Force (Mountain West)",Jr.,K,11,11,13,0.846
27,"Carl Salazar, Tulsa (C-USA)",Jr.,K,12,16,19,0.842
28,"Brad Craddock, Maryland (ACC)",So.,K,13,21,25,0.84
29,"Zane Gonzalez, Arizona St. (Pac-12)",Fr.,K,14,25,30,0.833
29,"John Wallace, Louisville (AAC)",So.,K,13,20,24,0.833
29,"Brian Davis, Arkansas St. (Sun Belt)",Sr.,K,13,15,18,0.833
29,"Elliott Fry, South Carolina (SEC)",Fr.,K,13,15,18,0.833
29,"Maxwell Johnson, New Mexico St. (FBS Independent)",Jr.,K,12,10,12,0.833
34,"Niklas Sade, NC State (ACC)",Jr.,K,12,19,23,0.826
35,"Michael Palardy, Tennessee (SEC)",Sr.,K,12,14,17,0.824
35,"Brent Zuzo, Nevada (Mountain West)",Fr.,K,12,14,17,0.824
37,"Tyler Tate, Bowling Green (MAC)",So.,K,14,18,22,0.818
37,"Jordan Williamson, Stanford (Pac-12)",Sr.,K,11,18,22,0.818
39,"Austin Lopez, San Jose St. (Mountain West)",So.,K,12,22,27,0.815
40,"Garrett Schwettman, Western Ky. (Sun Belt)",So.,K,12,13,16,0.813
41,"Justin Sorensen, BYU (FBS Independent)",Sr.,K,13,21,26,0.808
42,"Andrew Furney, Washington St. (Pac-12)",Sr.,K,13,16,20,0.8
42,"Andrew Haldeman, Western Mich. (MAC)",So.,K,12,16,20,0.8
42,"Alec Vozenilek, Virginia (ACC)",Jr.,K,12,12,15,0.8
42,"Josh Lambo, Texas A&M (SEC)",Jr.,K,10,8,10,0.8
46,"Scott Secor, Ball St. (MAC)",Sr.,K,13,19,24,0.792
47,"Carey Spear, Vanderbilt (SEC)",Sr.,K,13,15,19,0.789
48,"Nick Sloan, Navy (FBS Independent)",So.,K,13,11,14,0.786
49,"Marvin Kloss, South Fla. (AAC)",Jr.,K,12,18,23,0.783
49,"Aleem Sunanon, South Alabama (Sun Belt)",Fr.,K,12,18,23,0.783
51,"Chris Blewitt, Pittsburgh (ACC)",Fr.,K,13,14,18,0.778
51,"Chris Hawthorne, Minnesota (Big Ten)",Sr.,K,13,14,18,0.778
51,"Jaden Oberkrom, TCU (Big 12)",So.,K,12,14,18,0.778
54,"Kyle Fischer, Louisiana Tech (C-USA)",So.,K,11,17,22,0.773
55,"Kyle Brindza, Notre Dame (FBS Independent)",Jr.,K,13,20,26,0.769
56,"Matt Goudis, Miami (FL) (ACC)",So.,K,13,13,17,0.765
57,"Brendan Gibbons, Michigan (Big Ten)",Sr.,K,11,15,20,0.75
57,"Cody Clark, Middle Tenn. (C-USA)",So.,K,13,12,16,0.75
59,"Nick Diaz, Utah St. (Mountain West)",Jr.,K,14,17,23,0.739
59,"Josh Lambert, West Virginia (Big 12)",---,,11,17,23,0.739
61,"Thomas Moore, North Carolina (ACC)",Jr.,K,13,14,19,0.737
62,"Will Scott, Troy (Sun Belt)",Sr.,K,12,11,15,0.733
63,"Mike Meyer, Iowa (Big Ten)",Sr.,K,13,16,22,0.727
64,"Cole Netten, Iowa St. (Big 12)",Fr.,K,12,13,18,0.722
65,"Andrew Baggett, Missouri (SEC)",So.,K,14,18,25,0.72
66,"Cody Parkey, Auburn (SEC)",Sr.,K,14,15,21,0.714
66,"Harrison Butker, Georgia Tech (ACC)",Fr.,K,13,10,14,0.714
68,"Will Oliver, Colorado (Pac-12)",Jr.,K,12,17,24,0.708
69,"Ron Coluzzi, Central Mich. (MAC)",So.,K,12,12,17,0.706
69,"Cade Foster, Alabama (SEC)",Sr.,K,13,12,17,0.706
69,"Taylor Zalewski, Illinois (Big Ten)",So.,K,12,12,17,0.706
72,"Trevor Romaine, Oregon St. (Pac-12)",Jr.,K,13,14,20,0.7
73,"Cairo Santos, Tulane (C-USA)",Sr.,K,13,16,23,0.696
74,"Justin Haig, Marshall (C-USA)",Jr.,K,14,11,16,0.688
74,"Colin McGuire, Fresno St. (Mountain West)",Fr.,K,13,11,16,0.688
76,"Ross Martin, Duke (ACC)",So.,K,14,13,19,0.684
77,"Andre Heidari, Southern California (Pac-12)",Jr.,K,14,15,22,0.682
78,"Ty Long, UAB (C-USA)",Jr.,K,12,16,24,0.667
78,"Andrew Ritter, Ole Miss (SEC)",Sr.,K,13,16,24,0.667
78,"Chris Boswell, Rice (C-USA)",Sr.,K,14,14,21,0.667
78,"Ka'Imi Fairbairn, UCLA (Pac-12)",So.,K,13,14,21,0.667
78,"Kyle Federico, Rutgers (AAC)",So.,K,13,12,18,0.667
78,"Ryan Norton, Syracuse (ACC)",So.,K,12,10,15,0.667
78,"Zach Paul, North Texas (C-USA)",So.,K,13,10,15,0.667
78,"Justus Adams, New Mexico (Mountain West)",Sr.,K,12,8,12,0.667
78,"Wes Feer, San Diego St. (Mountain West)",Sr.,K,10,8,12,0.667
78,"Chad Hedlund, Wake Forest (ACC)",So.,K,12,8,12,0.667
78,"Austin Taylor, FIU (C-USA)",Fr.,K,10,8,12,0.667
89,"Sam Ficken, Penn St. (Big Ten)",Jr.,K,12,15,23,0.652
90,"Patrick Clarke, Buffalo (MAC)",Jr.,K,13,13,20,0.65
91,"Mitch Anderson, Fla. Atlantic (C-USA)",Sr.,K,12,11,17,0.647
91,"Richie Leone, Houston (AAC)",Sr.,P,13,11,17,0.647
93,"Anthony Melchiori, Kent St. (MAC)",So.,K,9,9,14,0.643
94,"Kaleb Patterson, Miami (OH) (MAC)",So.,K,11,7,11,0.636
95,"Jake Smith, Arizona (Pac-12)",Sr.,K,13,12,19,0.632
96,"Chad Christen, UConn (AAC)",Sr.,K,12,10,16,0.625
97,"Stephen Brauchle, Louisiana (Sun Belt)",So.,K,12,8,13,0.615
98,"Ben Grogan, Oklahoma St. (Big 12)",Fr.,K,13,11,18,0.611
99,"Aaron Jones, Baylor (Big 12)",Sr.,K,13,14,23,0.609
100,"Warren Harvey, East Carolina (C-USA)",Jr.,K,13,15,25,0.6
