Rank,Player,Cl,Pos,G,FG,FGA,Pct
1,"Eddy Pineiro, Florida (SEC)",Jr.,K,11,17,18,0.944
2,"Griffin Oakes, Indiana (Big Ten)",Sr.,K,12,16,17,0.941
3,"Trevor Moore, North Texas (C-USA)",Sr.,K,14,20,22,0.909
4,"Rafeal Gaglianone, Wisconsin (Big Ten)",Jr.,K,14,16,18,0.889
5,"Matt Gay, Utah (Pac-12)",Sr.,K,13,30,34,0.882
5,"Tucker McCann, Missouri (SEC)",So.,K,12,15,17,0.882
7,"Rodrigo Blankenship, Georgia (SEC)",So.,K,15,20,23,0.87
8,"Logan Laurent, Massachusetts (FBS Independent)",Sr.,P,12,13,15,0.867
9,"Jared Sackett, UTSA (C-USA)",Fr.,K,10,19,22,0.864
10,"Ricky Aguayo, Florida St. (ACC)",So.,K,13,18,21,0.857
10,"Daniel LaCamera, Texas A&M (SEC)",Jr.,K,13,18,21,0.857
10,"Drew Brown, Nebraska (Big Ten)",Sr.,K,12,12,14,0.857
10,"Jace Christmann, Mississippi St. (SEC)",Fr.,K,13,12,14,0.857
14,"Blanton Creque, Louisville (ACC)",So.,K,13,17,20,0.85
14,"Gabriel Rui, Kansas (Big 12)",Sr.,K,10,17,20,0.85
14,"Parker Shaunfield, Southern Miss. (C-USA)",Jr.,K,13,17,20,0.85
17,"Miguel Recinos, Iowa (Big Ten)",Jr.,K,13,11,13,0.846
18,"Gavin Patterson, South Alabama (Sun Belt)",Jr.,K,12,16,19,0.842
19,"Emilio Nadelman, South Fla. (AAC)",Sr.,K,12,21,25,0.84
19,"Mike Weaver, Wake Forest (ACC)",Sr.,K,13,21,25,0.84
21,"Jameson Vest, Toledo (MAC)",Jr.,K,14,25,30,0.833
21,"Connor Martin, Baylor (Big 12)",So.,K,12,20,24,0.833
21,"Erik Powell, Washington St. (Pac-12)",Sr.,K,13,20,24,0.833
21,"Jose Borregales, FIU (C-USA)",So.,K,13,15,18,0.833
21,"Wyatt Bryan, Colorado St. (Mountain West)",Jr.,K,13,15,18,0.833
21,"Cooper Rothe, Wyoming (Mountain West)",So.,K,13,15,18,0.833
21,"Louie Zervos, Ohio (MAC)",So.,K,13,15,18,0.833
28,"Bryce Crawford, San Jose St. (Mountain West)",Jr.,K,12,14,17,0.824
28,"Canon Rooker, Middle Tenn. (C-USA)",Sr.,K,13,14,17,0.824
30,"Jake Suder, Bowling Green (MAC)",Jr.,K,12,18,22,0.818
31,"Charlie Kuhbander, Northwestern (Big Ten)",Fr.,K,13,13,16,0.813
32,"JJ Molson, UCLA (Pac-12)",So.,K,13,17,21,0.81
32,"Sean Nuernberger, Ohio St. (Big Ten)",Sr.,K,14,17,21,0.81
32,"Austin Parker, Duke (ACC)",So.,P,12,17,21,0.81
32,"Austin Seibert, Oklahoma (Big 12)",Jr.,K,14,17,21,0.81
32,"Gary Wunderlich, Ole Miss (SEC)",Sr.,K,11,17,21,0.81
37,"Matthew McCrane, Kansas St. (Big 12)",Sr.,K,13,21,26,0.808
37,"Jet Toner, Stanford (Pac-12)",So.,K,14,21,26,0.808
39,"John Baron, San Diego St. (Mountain West)",Jr.,K,13,12,15,0.8
39,"Caden Novikoff, Houston (AAC)",Jr.,K,12,12,15,0.8
41,"Matt Ammendola, Oklahoma St. (Big 12)",So.,K,13,23,29,0.793
42,"Quinn Nordin, Michigan (Big Ten)",So.,K,13,19,24,0.792
43,"Tyler Bass, Ga. Southern (Sun Belt)",So.,K,12,15,19,0.789
43,"Matt Coghlin, Michigan St. (Big Ten)",Fr.,K,13,15,19,0.789
45,"Austin MacGinnis, Kentucky (SEC)",Sr.,K,13,22,28,0.786
46,"Haden Hoggarth, Boise St. (Mountain West)",Jr.,K,14,18,23,0.783
47,"Jimmy Camacho, Fresno St. (Mountain West)",Sr.,K,14,25,32,0.781
48,"Justin Yoon, Notre Dame (FBS Independent)",Jr.,K,12,14,18,0.778
49,"Garrett Owens, Iowa St. (Big 12)",Sr.,K,13,17,22,0.773
49,"Evan Pantels, UNLV (Mountain West)",Jr.,P,9,17,22,0.773
49,"James Stefanou, Colorado (Pac-12)",Fr.,K,11,17,22,0.773
52,"Craig Ford, ULM (Sun Belt)",Jr.,K,12,10,13,0.769
53,"Dylan Brown, New Mexico St. (Independent)",So.,K,13,13,17,0.765
53,"Nick Vogel, UAB (C-USA)",So.,K,13,13,17,0.765
55,"Jonathan Barnes, Louisiana Tech (C-USA)",Sr.,K,13,25,33,0.758
56,"Dominik Eberle, Utah St. (Mountain West)",So.,K,13,18,24,0.75
56,"Nick Rice, Old Dominion (C-USA)",Fr.,K,11,15,20,0.75
56,"Redford Jones, Tulsa (AAC)",Sr.,K,12,12,16,0.75
56,"Sam Sloman, Miami (OH) (MAC)",So.,K,12,12,16,0.75
56,"Luke Strebel, Air Force (Mountain West)",Sr.,K,12,9,12,0.75
61,"Daniel Carlson, Auburn (SEC)",Sr.,K,14,23,31,0.742
62,"Matt Anderson, California (Pac-12)",Sr.,K,12,20,27,0.741
62,"Cole Murphy, Syracuse (ACC)",Sr.,K,12,20,27,0.741
64,"Michael Badgley, Miami (FL) (ACC)",Sr.,K,13,17,23,0.739
65,"Josh Pollack, Arizona (Pac-12)",Jr.,K,13,11,15,0.733
66,"Sawyer Williams, Arkansas St. (Sun Belt)",So.,K,12,16,22,0.727
67,"Matthew Wright, UCF (AAC)",Jr.,K,13,13,18,0.722
68,"Andy Pappanastos, Alabama (SEC)",Sr.,K,13,18,25,0.72
69,"Paulie Fricano, Eastern Mich. (MAC)",So.,K,12,15,21,0.714
69,"Greg Joseph, Fla. Atlantic (C-USA)",Sr.,K,14,15,21,0.714
69,"Stevie Artigue, Louisiana (Sun Belt)",Jr.,K,12,10,14,0.714
72,"Cade Coffey, Idaho (Sun Belt)",Fr.,K,12,12,17,0.706
72,"Chase McGrath, Southern California (Pac-12)",Fr.,K,14,12,17,0.706
72,"Chase McLaughlin, Illinois (Big Ten)",Jr.,K,12,12,17,0.706
75,"Brandon Ruiz, Arizona St. (Pac-12)",Fr.,K,13,19,27,0.704
76,"Emmit Carpenter, Minnesota (Big Ten)",Jr.,K,11,14,20,0.7
76,"Josh Williams, SMU (AAC)",Jr.,K,13,14,20,0.7
78,"J.D. Dellinger, Purdue (Big Ten)",So.,K,12,9,13,0.692
79,"Connor Culp, LSU (SEC)",Fr.,K,10,11,16,0.688
79,"Riley Patterson, Memphis (AAC)",Fr.,K,13,11,16,0.688
81,"Rhett Almond, BYU (FBS Independent)",Jr.,K,12,13,19,0.684
82,"Joey Slye, Virginia Tech (ACC)",Sr.,K,11,15,22,0.682
83,"Michael Tarbutt, UConn (AAC)",Jr.,K,12,12,18,0.667
83,"Jason Sanders, New Mexico (Mountain West)",Sr.,K,12,10,15,0.667
85,"Aaron Boumerhi, Temple (AAC)",So.,K,13,15,23,0.652
85,"Josh Grant, Western Mich. (MAC)",Fr.,K,12,15,23,0.652
87,"Freeman Jones, North Carolina (ACC)",Jr.,K,12,9,14,0.643
87,"Alex Spence, Clemson (ACC)",Jr.,K,12,9,14,0.643
89,"Jake Verity, East Carolina (AAC)",So.,K,12,16,25,0.64
90,"Jordan Choukair, Oregon St. (Pac-12)",Jr.,K,12,12,19,0.632
90,"Tristan Vizcaino, Washington (Pac-12)",Sr.,K,13,12,19,0.632
92,"Adam Mitcheson, Buffalo (MAC)",Jr.,K,12,15,24,0.625
92,"Ryan Nuss, Western Ky. (C-USA)",Jr.,K,13,10,16,0.625
92,"Kaare Vedvik, Marshall (C-USA)",Sr.,K,13,10,16,0.625
95,"Joshua Rowland, Texas (Big 12)",Jr.,K,13,11,18,0.611
96,"Colton Lichtenberg, Boston College (ACC)",Jr.,K,13,12,20,0.6
96,"Shayne Hynes, Kent St. (MAC)",Jr.,K,12,9,15,0.6
96,"Michael Rubino, App State (Sun Belt)",So.,K,13,9,15,0.6
99,"Henry Darmstadter, Maryland (Big Ten)",Fr.,K,11,7,12,0.583
100,"Alex Kessman, Pittsburgh (ACC)",Fr.,K,12,11,19,0.579
101,"Christian Hagan, NIU (MAC)",Sr.,K,13,9,16,0.563
101,"Morgan Hagee, Ball St. (MAC)",Jr.,K,12,9,16,0.563
103,"Parker White, South Carolina (SEC)",Fr.,K,13,14,25,0.56
104,"Bennett Moehring, Navy (AAC)",Jr.,K,11,8,15,0.533
105,"Tyler Davis, Penn St. (Big Ten)",Sr.,K,13,9,17,0.529
106,"Brandon Wright, Georgia St. (Sun Belt)",So.,K,12,12,23,0.522
