Rank,Player,Cl,Pos,G,FG,FGA,Pct
1,"Garrett Schwettman, Western Ky. (C-USA)",Sr.,K,14,15,16,0.938
2,"Aidan Schneider, Oregon (Pac-12)",So.,K,13,22,24,0.917
3,"Conrad Ukropina, Stanford (Pac-12)",Sr.,K,14,18,20,0.9
4,"Brent Zuzo, Nevada (Mountain West)",Jr.,K,13,17,19,0.895
5,"Bobby Puyol, UConn (AAC)",Jr.,K,13,16,18,0.889
6,"Justin Yoon, Notre Dame (FBS Independent)",Fr.,K,13,15,17,0.882
7,"Clayton Hatfield, Texas Tech (Big 12)",Fr.,K,12,14,16,0.875
8,"Nick Weiler, North Carolina (ACC)",Jr.,K,14,20,23,0.87
9,"Ross Martin, Duke (ACC)",Sr.,K,13,26,30,0.867
10,"Matt Anderson, California (Pac-12)",So.,K,13,18,21,0.857
10,"Jack Cantele, Kansas St. (Big 12)",Sr.,K,10,12,14,0.857
10,"Austin Grebe, Navy (AAC)",Sr.,K,13,12,14,0.857
10,"JD Houston, Arkansas St. (Sun Belt)",Fr.,K,12,12,14,0.857
14,"Daniel Carlson, Auburn (SEC)",So.,K,13,23,27,0.852
14,"Andy Phillips, Utah (Pac-12)",Jr.,K,13,23,27,0.852
14,"Austin Rehkow, Idaho (Sun Belt)",Jr.,K,12,23,27,0.852
17,"Jonathan Barnes, Louisiana Tech (C-USA)",So.,K,13,22,26,0.846
18,"Greg Huegel, Clemson (ACC)",Fr.,K,15,27,32,0.844
19,"Aleem Sunanon, South Alabama (Sun Belt)",Jr.,K,12,16,19,0.842
20,"Jaden Oberkrom, TCU (Big 12)",Sr.,K,13,21,25,0.84
21,"Michael Badgley, Miami (FL) (ACC)",So.,K,12,25,30,0.833
21,"Tyler Rausa, Boise St. (Mountain West)",Jr.,K,13,25,30,0.833
21,"Ka'Imi Fairbairn, UCLA (Pac-12)",Sr.,K,13,20,24,0.833
21,"Westin Graves, Mississippi St. (SEC)",So.,K,13,15,18,0.833
21,"Joey Julius, Penn St. (Big Ten)",Fr.,K,11,10,12,0.833
21,"Davis Plowman, East Carolina (AAC)",Jr.,K,11,10,12,0.833
27,"Griffin Oakes, Indiana (Big Ten)",So.,K,13,24,29,0.828
28,"Zach Matics, App State (Sun Belt)",Sr.,P,13,14,17,0.824
28,"Trevor Samson, BYU (FBS Independent)",Sr.,K,12,14,17,0.824
30,"Jake Elliott, Memphis (AAC)",Jr.,K,13,23,28,0.821
30,"Austin Jones, Temple (AAC)",So.,K,14,23,28,0.821
32,"Kenny Allen, Michigan (Big Ten)",Sr.,K,13,18,22,0.818
32,"Casey Skowron, Arizona (Pac-12)",Sr.,K,13,18,22,0.818
34,"Ryan Santoso, Minnesota (Big Ten)",So.,K,13,17,21,0.81
35,"Roberto Aguayo, Florida St. (ACC)",Jr.,K,13,21,26,0.808
36,"Andrew Baggett, Missouri (SEC)",Sr.,K,12,16,20,0.8
36,"Ben Grogan, Oklahoma St. (Big 12)",Jr.,K,13,16,20,0.8
36,"Marshall Koehn, Iowa (Big Ten)",Sr.,K,14,16,20,0.8
36,"Cameron Van Winkle, Washington (Pac-12)",Jr.,K,13,16,20,0.8
36,"Brad Craddock, Maryland (Big Ten)",Sr.,K,9,8,10,0.8
41,"Jay Mattox, UTEP (C-USA)",Jr.,K,12,15,19,0.789
41,"Jed Solomon, Troy (Sun Belt)",Sr.,K,11,15,19,0.789
43,"Stephen Brauchle, Southern Miss. (C-USA)",Jr.,K,14,11,14,0.786
44,"Austin Seibert, Oklahoma (Big 12)",Fr.,K,13,18,23,0.783
45,"Drew Brown, Nebraska (Big Ten)",So.,K,13,21,27,0.778
45,"Andrew Gantz, Cincinnati (AAC)",Jr.,K,13,21,27,0.778
45,"Christian Hagan, NIU (MAC)",So.,K,14,14,18,0.778
48,"Ian Frye, Virginia (ACC)",Sr.,K,12,17,22,0.773
48,"Donny Hageman, San Diego St. (Mountain West)",Sr.,K,14,17,22,0.773
48,"Andrew Haldeman, Western Mich. (MAC)",Sr.,K,13,17,22,0.773
51,"Erik Powell, Washington St. (Pac-12)",So.,K,13,20,26,0.769
52,"Joey Slye, Virginia Tech (ACC)",So.,K,13,23,30,0.767
53,"Zane Gonzalez, Arizona St. (Pac-12)",Jr.,K,13,26,34,0.765
53,"Trent Domingue, LSU (SEC)",Jr.,K,12,13,17,0.765
53,"Austin MacGinnis, Kentucky (SEC)",So.,K,10,13,17,0.765
53,"Nick Rose, Texas (Big 12)",Sr.,K,12,13,17,0.765
53,"Alex Wood, Southern California (Pac-12)",Jr.,K,13,13,17,0.765
53,"Matthew Wright, UCF (AAC)",Fr.,K,12,13,17,0.765
59,"Morgan Hagee, Ball St. (MAC)",Fr.,P,12,16,21,0.762
60,"Gary Wunderlich, Ole Miss (SEC)",So.,K,13,19,25,0.76
61,"Josh Lambert, West Virginia (Big 12)",Jr.,K,13,21,28,0.75
61,"Cody Clark, Middle Tenn. (C-USA)",Jr.,K,13,12,16,0.75
61,"Kyle Federico, Rutgers (Big Ten)",Sr.,K,12,12,16,0.75
64,"Cole Netten, Iowa St. (Big 12)",Jr.,K,12,14,19,0.737
65,"Garrett Owens, Oregon St. (Pac-12)",So.,K,12,11,15,0.733
66,"Wyatt Bryan, Colorado St. (Mountain West)",Fr.,K,13,16,22,0.727
66,"Cole Murphy, Syracuse (ACC)",So.,K,12,16,22,0.727
66,"Josiah Yazdani, Ohio (MAC)",Sr.,K,13,16,22,0.727
69,"Marshall Morgan, Georgia (SEC)",Sr.,K,13,18,25,0.72
69,"Nick Smith, Marshall (C-USA)",So.,K,13,18,25,0.72
71,"Adam Griffith, Alabama (SEC)",Jr.,K,15,23,32,0.719
72,"Elliott Fry, South Carolina (SEC)",Jr.,K,12,20,28,0.714
72,"John Wallace, Louisville (ACC)",Sr.,K,13,15,21,0.714
72,"Austin Taylor, FIU (C-USA)",Jr.,K,12,10,14,0.714
75,"Taylor Bertolet, Texas A&M (SEC)",Sr.,K,13,22,31,0.71
76,"Nicolai Bornand, UNLV (Mountain West)",Jr.,LB,12,12,17,0.706
77,"Jameson Vest, Toledo (MAC)",Fr.,K,12,19,27,0.704
78,"Adam Mitcheson, Buffalo (MAC)",So.,K,12,13,19,0.684
79,"Robert Stein, Akron ()",Sr.,K,13,15,22,0.682
80,"Redford Jones, Tulsa (AAC)",So.,K,13,17,25,0.68
81,"Aaron Medley, Tennessee (SEC)",So.,K,13,21,31,0.677
82,"Rafeal Gaglianone, Wisconsin (Big Ten)",So.,K,13,18,27,0.667
82,"Greg Joseph, Fla. Atlantic (C-USA)",So.,K,12,18,27,0.667
82,"Jack Mitchell, Northwestern (Big Ten)",Jr.,K,13,18,27,0.667
82,"Brian Eavey, Central Mich. (MAC)",Jr.,K,13,16,24,0.667
82,"Logan Laurent, Massachusetts (MAC)",So.,P,12,8,12,0.667
87,"Chris Blewitt, Pittsburgh (ACC)",Jr.,K,13,15,23,0.652
87,"Emilio Nadelman, South Fla. (AAC)",So.,K,13,15,23,0.652
89,"Dylan Mulder, Eastern Mich. (MAC)",Sr.,K,12,11,17,0.647
90,"Craig Ford, ULM (Sun Belt)",Fr.,K,13,9,14,0.643
90,"Trevor Moore, North Texas (C-USA)",So.,K,12,9,14,0.643
92,"Taylor Zalewski, Illinois (Big Ten)",Sr.,K,12,16,25,0.64
93,"Shayne Hynes, Kent St. (MAC)",Fr.,K,10,7,11,0.636
94,"Michael Geiger, Michigan St. (Big Ten)",Jr.,K,13,12,19,0.632
94,"Wil Lutz, Georgia St. (Sun Belt)",Sr.,K,13,12,19,0.632
94,"Tommy Openshaw, Vanderbilt (SEC)",So.,K,12,12,19,0.632
97,"Diego Gonzalez, Colorado (Pac-12)",Jr.,K,13,18,29,0.621
98,"Chris Callahan, Baylor (Big 12)",So.,K,13,8,13,0.615
98,"Hayden Tobola, Rice (C-USA)",Fr.,K,11,8,13,0.615
100,"Mike Weaver, Wake Forest (ACC)",So.,K,12,11,18,0.611
101,"Cole Hedlund, Arkansas (SEC)",Fr.,K,13,9,15,0.6
102,"Parker Davidson, New Mexico St. (Sun Belt)",Fr.,K,12,10,17,0.588
102,"Austin Lopez, San Jose St. (Mountain West)",Sr.,K,12,10,17,0.588
102,"Daniel Portillo, UTSA (C-USA)",So.,K,12,10,17,0.588
105,"Lumi Kaba, Texas St. (Sun Belt)",Jr.,K,12,10,18,0.556
106,"Stevie Artigue, Louisiana (Sun Belt)",Fr.,K,11,8,15,0.533
106,"Tyler Tate, Bowling Green (MAC)",Sr.,K,14,8,15,0.533
108,"Kyle Bambard, NC State (ACC)",Fr.,K,13,7,14,0.5
