Rank,Player,Cl,Pos,G,FG,FGA,Pct
1,"Will Reichard, Alabama (SEC)",So.,K,13,14,14,1
1,"Jake Oldroyd, BYU (FBS Independent)",So.,K,11,13,13,1
1,"Marshall Meeder, Central Mich. (MAC)",Fr.,K,6,8,8,1
1,"Jadon Redding, Utah (Pac-12)",So.,K,5,8,8,1
1,"Blake Mazza, Washington St. (Pac-12)",Jr.,K,4,4,4,1
6,"John Hoyland, Wyoming (Mountain West)",Fr.,K,6,13,14,0.929
6,", Western Ky. (C-USA)",-,,12,13,14,0.929
8,"Matt Quinn, UAB (C-USA)",Fr.,K,9,11,12,0.917
9,"Jose Borregales, Miami (FL) (ACC)",Sr.,K,11,20,22,0.909
9,"Anders Carlson, Auburn (SEC)",Jr.,K,11,20,22,0.909
9,"Charles Campbell, Indiana (Big Ten)",So.,K,8,10,11,0.909
12,"Jonah Dalmas, Boise St. (Mountain West)",Fr.,K,7,7,8,0.875
13,"Connor Culp, Nebraska (Big Ten)",Sr.,K,8,13,15,0.867
13,"Charlie Ham, Duke (ACC)",So.,K,11,13,15,0.867
13,"Jason Turner, Louisville (ACC)",So.,K,11,13,15,0.867
16,"Cade  York, LSU (SEC)",So.,K,10,18,21,0.857
16,"Jacob Barnes, Louisiana Tech (C-USA)",Fr.,K,10,12,14,0.857
16,"Matt Ruffolo, Kentucky (SEC)",Sr.,K,10,12,14,0.857
16,"Nicholas Barr-Mira, UCLA (Pac-12)",Fr.,K,7,6,7,0.857
16,"Lucas Havrisik, Arizona (Pac-12)",Sr.,K,5,6,7,0.857
21,"Hunter Duplessis, UTSA (C-USA)",Sr.,K,12,17,20,0.85
21,"Harrison Mevis, Missouri (SEC)",Fr.,K,10,17,20,0.85
23,"Massimo Biscardi, Coastal Carolina (Sun Belt)",Jr.,K,12,11,13,0.846
23,"Chad  Ryland, Eastern Mich. (MAC)",Jr.,K,6,11,13,0.846
23,"Seth Small, Texas A&M (SEC)",Jr.,K,10,11,13,0.846
26,"Brandon Talton, Nevada (Mountain West)",So.,K,9,15,18,0.833
26,"Brandon Ruiz, Mississippi St. (SEC)",Jr.,K,10,10,12,0.833
26,"Daniel Gutierrez, UNLV (Mountain West)",Jr.,P,6,5,6,0.833
29,"Nick Sciba, Wake Forest (ACC)",Jr.,K,8,14,17,0.824
30,"Matt Mercurio, San Jose St. (Mountain West)",So.,K,8,9,11,0.818
30,"Andre Szmyt, Syracuse (ACC)",Jr.,K,10,9,11,0.818
32,"Jack Podlesny, Georgia (SEC)",So.,K,10,13,16,0.812
32,"Noel Ruiz, Georgia St. (Sun Belt)",Sr.,K,9,13,16,0.812
34,"Chris Naggar, SMU (AAC)",Sr.,K,10,17,21,0.81
35,"Aaron Boumerhi, Boston College (ACC)",Sr.,K,10,16,20,0.8
35,"Zack Long, Tulsa (AAC)",Sr.,K,9,12,15,0.8
35,"Vladimir Rivas, Fla. Atlantic (C-USA)",Jr.,K,9,8,10,0.8
35,"Dalton Witherspoon, Houston (AAC)",Sr.,K,7,8,10,0.8
35,"Dario Longhetto, California (Pac-12)",So.,K,4,4,5,0.8
40,"Alex Kessman, Pittsburgh (ACC)",Sr.,K,11,23,29,0.793
41,"B.T. Potter, Clemson (ACC)",Jr.,K,12,18,23,0.783
42,"Keith Duncan, Iowa (Big Ten)",Sr.,K,8,14,18,0.778
42,"J.D. Dellinger, Purdue (Big Ten)",Sr.,K,6,7,9,0.778
42,"John Richardson, NIU (MAC)",Jr.,K,6,7,9,0.778
45,"Evan McPherson, Florida (SEC)",Jr.,K,11,17,22,0.773
46,"Gabe Brkic, Oklahoma (Big 12)",So.,K,10,20,26,0.769
46,"Brian Johnson, Virginia Tech (ACC)",Sr.,K,11,20,26,0.769
46,"Brian Delaney, Virginia (ACC)",Sr.,K,10,10,13,0.769
49,"Diego Guajardo, South Alabama (Sun Belt)",So.,K,11,13,17,0.765
50,"Briggs Bourgeois, Southern Miss. (C-USA)",Jr.,K,10,12,16,0.75
50,"Matt Coghlin, Michigan St. (Big Ten)",Sr.,K,7,9,12,0.75
50,"Charlie Kuhbander, Northwestern (Big Ten)",Sr.,K,9,9,12,0.75
50,"Collin Riccitelli, Rice (C-USA)",Sr.,K,5,9,12,0.75
50,"Evan Price, Colorado (Pac-12)",So.,K,6,6,8,0.75
50,"Henry Beckett, Miami (OH) (MAC)",Fr.,K,3,3,4,0.75
56,"Alex Raynor, Ga. Southern (Sun Belt)",Fr.,K,13,18,25,0.72
57,"Cameron Dicker, Texas (Big 12)",Jr.,K,10,15,21,0.714
57,"Matt Araiza, San Diego St. (Mountain West)",So.,K,8,10,14,0.714
57,"Everett Hayes, Oregon St. (Pac-12)",So.,K,7,5,7,0.714
57,"Collin Larsh, Wisconsin (Big Ten)",Jr.,K,7,5,7,0.714
57,"Nate Needham, Bowling Green (MAC)",Sr.,K,5,5,7,0.714
62,"Christopher Dunn, NC State (ACC)",Jr.,K,12,12,17,0.706
62,"Griffin Kell, TCU (Big 12)",So.,K,10,12,17,0.706
62,"Blake Lynch, Kansas St. (Big 12)",Sr.,K,9,12,17,0.706
62,"Daniel Obarski, UCF (AAC)",So.,K,10,12,17,0.706
66,"Shane Ciucci, Marshall (C-USA)",So.,K,9,7,10,0.7
66,"Cole Smith, Cincinnati (AAC)",So.,K,10,7,10,0.7
68,"Parker Lewis, Southern California (Pac-12)",Fr.,K,6,9,13,0.692
68,"Jake Pinegar, Penn St. (Big Ten)",Jr.,K,9,9,13,0.692
70,"Connor Assalley, Iowa St. (Big 12)",Sr.,K,12,13,19,0.684
70,"Chandler Staton, App State (Sun Belt)",Sr.,K,12,13,19,0.684
72,"Riley Patterson, Memphis (AAC)",Sr.,K,11,15,22,0.682
73,"Jake Verity, East Carolina (AAC)",Sr.,K,9,14,21,0.667
73,"Grayson Atkins, North Carolina (ACC)",Sr.,K,12,12,18,0.667
73,"John Mayers, Baylor (Big 12)",So.,K,9,10,15,0.667
73,"Jack Knight, Ball St. (MAC)",So.,K,7,8,12,0.667
73,"Jacob Borcila, Kansas (Big 12)",So.,K,9,6,9,0.667
73,"Peyton Henry, Washington (Pac-12)",Jr.,K,4,6,9,0.667
73,"Cory Smigel, Akron (MAC)",So.,K,6,4,6,0.667
73,"Matthew Trickett, Kent St. (MAC)",Jr.,K,3,4,6,0.667
81,"Jonathan Doerer, Notre Dame (ACC)",Sr.,K,12,15,23,0.652
82,"Alex Barbir, Liberty (FBS Independent)",Sr.,K,11,13,20,0.65
83,"AJ Reed, Arkansas (SEC)",Sr.,K,9,7,11,0.636
83,"Jet Toner, Stanford (Pac-12)",Sr.,K,6,7,11,0.636
85,"Evan Legassey, Troy (Sun Belt)",Jr.,K,11,13,21,0.619
86,"Blake Grupe, Arkansas St. (Sun Belt)",Jr.,K,11,11,18,0.611
87,"Merek Glover, Tulane (AAC)",Sr.,K,12,9,15,0.6
87,"Luke Logan, Ole Miss (SEC)",Sr.,K,10,6,10,0.6
87,"James McCourt, Illinois (Big Ten)",Sr.,K,6,6,10,0.6
87,"Bijan Nichols, Navy (AAC)",So.,K,9,6,10,0.6
91,"Parker White, South Carolina (SEC)",Sr.,K,10,11,19,0.579
92,"Matthew Shipley, Hawaii (Mountain West)",Fr.,K,9,8,14,0.571
92,"Jonathan Cruz, Charlotte (C-USA)",Jr.,K,6,4,7,0.571
92,"Thiago Kapps, Western Mich. (MAC)",Sr.,K,5,4,7,0.571
92,"Robert Liss, Colorado St. (Mountain West)",Fr.,K,4,4,7,0.571
92,"Joseph Petrino, Maryland (Big Ten)",Jr.,K,5,4,7,0.571
97,"Gavin Baechle, UTEP (C-USA)",Jr.,K,8,5,9,0.556
97,"Brent Cimaglia, Tennessee (SEC)",Sr.,K,8,5,9,0.556
97,"Tevye Schuettpelz-Rohl, Air Force (Mountain West)",Jr.,K,6,5,9,0.556
100,"Crews Holt, Middle Tenn. (C-USA)",Sr.,K,9,7,13,0.538
101,"Ethan Mooney, North Texas (C-USA)",Jr.,K,9,7,14,0.5
101,"Cristian Zendejas, Arizona St. (Pac-12)",Jr.,K,4,2,4,0.5
103,"Pierson Cooke, Vanderbilt (SEC)",Jr.,P,8,4,9,0.444
104,"Tristian Vandenberg, Ohio (MAC)",So.,K,3,2,6,0.333
