Rank,Player,Cl,Pos,G,FG,FGA,Pct
1,"Joshua Karty, Stanford (Pac-12)",Jr.,K,12,18,18,1
2,"Christopher Dunn, NC State (ACC)",Sr.,K,13,28,29,0.966
3,"Tanner Brown, Oklahoma St. (Big 12)",Sr.,K,12,22,23,0.957
4,"Briggs Bourgeois, Southern Miss. (Sun Belt)",Sr.,K,13,18,19,0.947
4,"Diego Guajardo, South Alabama (Sun Belt)",Jr.,K,13,18,19,0.947
4,"Daniel Gutierrez, UNLV (Mountain West)",Sr.,P,12,18,19,0.947
7,"Dominic Zvada, Arkansas St. (Sun Belt)",Fr.,K,12,17,18,0.944
8,"Colton Boomer, UCF (AAC)",Fr.,K,12,14,15,0.933
8,"Casey Legg, West Virginia (Big 12)",Jr.,K,12,14,15,0.933
10,"Gavin Stewart, Georgia Tech (ACC)",So.,K,10,12,13,0.923
11,"Gavin Baechle, UTEP (C-USA)",Sr.,P,12,22,24,0.917
12,"James Turner, Louisville (ACC)",Jr.,K,13,20,22,0.909
13,"Alex Raynor, Ga. Southern (Sun Belt)",Jr.,K,13,18,20,0.9
14,"Brooks Buce, Troy (Sun Belt)",Sr.,K,14,17,19,0.895
14,"Griffin Kell, TCU (Big 12)",Sr.,K,14,17,19,0.895
16,"Drew Stevens, Iowa (Big Ten)",Fr.,K,13,16,18,0.889
17,"Jonathan Cruz, Ole Miss (SEC)",Sr.,K,13,15,17,0.882
18,"John Hoyland, Wyoming (Mountain West)",So.,K,13,22,25,0.88
19,"Chris Howard, Memphis (AAC)",Sr.,K,13,21,24,0.875
19,"Seth Keller, Texas St. (Sun Belt)",Jr.,K,12,14,16,0.875
19,"Camden Lewis, Oregon (Pac-12)",Jr.,K,13,14,16,0.875
22,"Jack Podlesny, Georgia (SEC)",Sr.,K,14,26,30,0.867
23,"Peyton Henry, Washington (Pac-12)",Sr.,K,13,19,22,0.864
24,"Alex McNulty, Buffalo (MAC)",Sr.,K,13,24,28,0.857
24,"Tyler Loop, Arizona (Pac-12)",So.,K,12,18,21,0.857
24,"Ethan Mooney, North Texas (C-USA)",Sr.,K,14,18,21,0.857
24,"Matthew Dennis, Wake Forest (ACC)",Fr.,K,13,12,14,0.857
28,"Jonah Dalmas, Boise St. (Mountain West)",Jr.,K,14,23,27,0.852
29,"Andres Borregales, Miami (FL) (ACC)",So.,K,12,17,20,0.85
29,"Noah Ruggles, Ohio St. (Big Ten)",Sr.,K,13,17,20,0.85
31,"Will Reichard, Alabama (SEC)",Sr.,K,13,22,26,0.846
31,"Cole Becker, Colorado (Pac-12)",So.,K,12,11,13,0.846
33,"Zeke Rankin, Middle Tenn. (C-USA)",So.,K,13,16,19,0.842
34,"Trey Wolff, Texas Tech (Big 12)",Sr.,K,13,21,25,0.84
35,"Ben Sauls, Pittsburgh (ACC)",So.,K,13,20,24,0.833
35,"Matthew Trickett, Minnesota (Big Ten)",Sr.,K,13,15,18,0.833
37,"Jake Moody, Michigan (Big Ten)",Sr.,K,14,29,35,0.829
38,"Ryan Coe, Cincinnati (AAC)",Sr.,K,12,19,23,0.826
38,"Chad Ryland, Maryland (Big Ten)",Sr.,K,13,19,23,0.826
40,"Jesus Gomez, Eastern Mich. (MAC)",So.,K,13,14,17,0.824
41,"Jared Sackett, UTSA (C-USA)",Sr.,K,14,22,27,0.815
41,"Nathanial Vakos, Ohio (MAC)",Fr.,K,14,22,27,0.815
43,"Cam Little, Arkansas (SEC)",So.,K,13,13,16,0.812
44,"Zack Long, Tulsa (AAC)",Sr.,K,12,17,21,0.81
44,"Ben VonGunten, Ball St. (MAC)",Sr.,K,12,17,21,0.81
46,"Bert Auburn, Texas (Big 12)",So.,K,13,21,26,0.808
47,"Jack Browning, San Diego St. (Mountain West)",Jr.,K,13,20,25,0.8
47,"Chase McGrath, Tennessee (SEC)",Sr.,K,13,16,20,0.8
47,"Collin Rogers, SMU (AAC)",Fr.,K,13,16,20,0.8
47,"Matthew Shipley, Hawaii (Mountain West)",Jr.,K,13,16,20,0.8
47,"William Ross, Virginia Tech (ACC)",Jr.,K,9,8,10,0.8
52,"Harrison Mevis, Missouri (SEC)",Jr.,K,13,22,28,0.786
52,"Carter Brown, Arizona St. (Pac-12)",Fr.,K,12,11,14,0.786
52,"Michael Hayes, Georgia St. (Sun Belt)",Jr.,K,12,11,14,0.786
52,"Dean Janikowski, Washington St. (Pac-12)",So.,K,12,11,14,0.786
52,"Nate Van Zelst, Wisconsin (Big Ten)",Fr.,K,11,11,14,0.786
57,"Graham Nicholson, Miami (OH) (MAC)",So.,K,13,18,23,0.783
57,"John Richardson, NIU (MAC)",Jr.,K,12,18,23,0.783
59,"B.T. Potter, Clemson (ACC)",Sr.,K,14,20,26,0.769
59,"Andre Szmyt, Syracuse (ACC)",Sr.,K,13,20,26,0.769
59,"Michael Boyle, Colorado St. (Mountain West)",Sr.,K,9,10,13,0.769
59,"Ethan Sanchez, Old Dominion (Sun Belt)",Fr.,K,11,10,13,0.769
63,"Randy Bond, Texas A&M (SEC)",So.,K,10,13,17,0.765
63,"Thomas Cluckey, Toledo (MAC)",Jr.,K,14,13,17,0.765
65,"Matthew Dapore, Air Force (Mountain West)",So.,P,13,16,21,0.762
66,"Mitchell Fineran, Purdue (Big Ten)",Sr.,K,14,18,24,0.75
66,"Jake Pinegar, Penn St. (Big Ten)",Sr.,K,13,12,16,0.75
66,"Noe Ruelas, UConn (FBS Independent)",So.,K,13,12,16,0.75
66,"Christian VanSickle, Rice (C-USA)",Sr.,K,13,12,16,0.75
66,"Timmy Bleekrode, Nebraska (Big Ten)",So.,K,12,9,12,0.75
66,"Michael Hughes, App State (Sun Belt)",So.,K,12,9,12,0.75
72,"Caleb Griffin, Illinois (Big Ten)",Jr.,K,11,14,19,0.737
72,"Blake Grupe, Notre Dame (FBS Independent)",Sr.,K,13,14,19,0.737
72,"Matt Quinn, UAB (C-USA)",Jr.,K,13,14,19,0.737
75,"Massimo Biscardi, Mississippi St. (SEC)",Sr.,K,11,8,11,0.727
76,"Jacob Barnes, Louisiana Tech (C-USA)",So.,K,12,13,18,0.722
76,"Cameron Carson, Massachusetts (FBS Independent)",So.,K,12,13,18,0.722
78,"Nicholas Barr-Mira, UCLA (Pac-12)",Jr.,K,12,15,21,0.714
78,"Noah Burnette, North Carolina (ACC)",So.,K,14,15,21,0.714
78,"Brayden Narveson, Western Ky. (C-USA)",Jr.,K,13,15,21,0.714
78,"Damian Ramos, LSU (SEC)",Fr.,K,14,10,14,0.714
82,"Anders Carlson, Auburn (SEC)",Sr.,K,9,12,17,0.706
82,"Connor Coles, Utah St. (Mountain West)",Sr.,K,12,12,17,0.706
84,"Charles Campbell, Indiana (Big Ten)",Sr.,K,12,14,20,0.7
84,"Ethan Albertson, New Mexico St. (FBS Independent)",Jr.,K,10,7,10,0.7
86,"Spencer Shrader, South Fla. (AAC)",Jr.,K,12,9,13,0.692
86,"Morgan Suarez, Fla. Atlantic (C-USA)",So.,K,10,9,13,0.692
88,"Mason Lawler, Bowling Green (MAC)",Sr.,K,13,11,16,0.688
89,"Palmer Domschke, Western Mich. (MAC)",Fr.,K,12,13,19,0.684
90,"Denis Lynch, Southern California (Pac-12)",Fr.,K,14,15,22,0.682
91,"Matt Ruffolo, Kentucky (SEC)",Sr.,K,12,16,24,0.667
91,"Adam Mihalek, Florida (SEC)",So.,K,13,14,21,0.667
91,"Jude McAtamney, Rutgers (Big Ten)",Jr.,K,12,12,18,0.667
91,"Taren Schive, San Jose St. (Mountain West)",So.,K,12,12,18,0.667
91,"Zach Schmit, Oklahoma (Big 12)",So.,K,13,12,18,0.667
96,"Andrew Glass, Kent St. (MAC)",So.,K,12,17,26,0.654
97,"Rece Verhoff, Marshall (Sun Belt)",Fr.,K,13,13,20,0.65
98,"Dario Longhetto, California (Pac-12)",Sr.,K,12,11,17,0.647
99,"Bubba Baxa, Houston (AAC)",Sr.,K,12,9,14,0.643
99,"Jacob Oldroyd, BYU (FBS Independent)",Jr.,K,13,9,14,0.643
101,"Abraham Montano, Fresno St. (Mountain West)",So.,K,12,12,19,0.632
102,"Daniel Davies, Navy (AAC)",Sr.,K,12,10,16,0.625
103,"Ryan Fitzgerald, Florida St. (ACC)",So.,K,13,12,20,0.6
103,"Jace Gilbert, Iowa St. (Big 12)",Fr.,K,12,12,20,0.6
103,"Charlie Ham, Duke (ACC)",Jr.,K,10,9,15,0.6
106,"Joseph Bulovas, Vanderbilt (SEC)",Sr.,K,12,7,12,0.583
106,"Chase Gabriel, FIU (C-USA)",So.,K,11,7,12,0.583
106,"Cory Smigel, Akron (MAC)",Jr.,K,9,7,12,0.583
109,"Nick Brown, Liberty (FBS Independent)",Fr.,K,13,11,19,0.579
110,"Jacob Borcila, Kansas (Big 12)",Jr.,K,11,7,13,0.538
111,"Connor Lytton, Boston College (ACC)",So.,K,11,9,17,0.529
112,"Marshall Meeder, Central Mich. (MAC)",So.,K,10,5,11,0.455
